"Block","Phase","Trial","RunningTime","Cue","Image","CorrResp","Resp","Accuracy","ISI","RT_from_CueOnset","ITI","subID"
1,1,1,0.5,3,4,4,4,1,1,3.45,0.5,2
1,1,2,5.28,1,2,2,2,1,1,2.57,1.5,2
1,1,3,11.07,1,1,1,2,0,1,2.13,1.5,2
1,1,4,16.85,1,1,1,1,1,1,2.42,0.5,2
1,1,5,21.64,1,2,2,2,1,1,2.36,1.5,2
1,1,6,27.42,1,1,1,1,1,1,2.56,0.5,2
1,1,7,32.2,1,2,2,2,1,1,2.23,1.5,2
1,1,8,37.99,4,4,4,4,1,1,2.39,0.5,2
1,1,9,42.77,3,4,4,4,1,1,2.33,3.5,2
1,1,10,50.55,3,3,3,3,1,1,2.41,4.5,2
1,1,11,59.34,3,3,3,3,1,1,2.48,0.5,2
1,1,12,64.12,2,2,2,2,1,1,2.43,1.5,2
1,1,13,69.91,3,4,4,3,0,1,2.13,1.5,2
1,1,14,75.69,2,2,2,2,1,1,2.44,0.5,2
1,1,15,80.47,2,1,1,1,1,1,2.35,3.5,2
1,1,16,88.26,3,4,4,4,1,1,2.51,1.5,2
1,1,17,94.04,3,3,3,3,1,1,2.31,4.5,2
1,1,18,102.82,1,1,1,1,1,1,2.32,0.5,2
1,1,19,107.61,1,1,1,1,1,1,2.27,0.5,2
1,1,20,112.39,1,1,1,1,1,1,2.23,0.5,2
1,1,21,117.18,4,3,3,3,1,1,2.38,0.5,2
1,1,22,121.96,4,4,4,3,0,1,1.56,1.5,2
1,1,23,127.74,2,2,2,2,1,1,2.14,0.5,2
1,1,24,132.53,3,3,3,3,1,1,2.25,1.5,2
1,1,25,138.31,3,3,3,3,1,1,2.38,2.5,2
1,1,26,145.09,4,4,4,4,1,1,2.36,1.5,2
1,1,27,150.88,3,3,3,3,1,1,2.1,1.5,2
1,1,28,156.66,2,2,2,2,1,1,1.65,0.5,2
1,1,29,161.45,4,3,3,3,1,1,2.4,0.5,2
1,1,30,166.23,1,1,1,1,1,1,2.16,2.5,2
1,1,31,173.01,3,3,3,3,1,1,1.69,0.5,2
1,1,32,177.8,3,4,4,3,0,1,0.57,3.5,2
1,1,33,185.56,4,4,4,4,1,1,1.46,0.5,2
1,1,34,190.35,2,1,1,2,0,1,0.97,4.5,2
1,1,35,199.13,3,3,3,3,1,1,2.29,2.5,2
1,1,36,205.91,1,1,1,1,1,1,1.12,1.5,2
1,1,37,211.7,2,1,1,4,0,1,1.27,1.5,2
1,1,38,217.48,3,4,4,4,1,1,2.33,3.5,2
1,1,39,225.27,4,3,3,3,1,1,2.22,0.5,2
1,1,40,230.05,2,1,1,2,0,1,1.36,0.5,2
1,1,41,234.83,4,3,3,3,1,1,2.34,0.5,2
1,1,42,239.62,4,3,3,3,1,1,1.66,2.5,2
1,1,43,246.4,4,3,3,3,1,1,2.12,0.5,2
1,1,44,251.18,2,2,2,2,1,1,2.14,0.5,2
1,1,45,255.97,3,3,3,3,1,1,2.48,3.5,2
1,1,46,263.75,1,1,1,1,1,1,2.17,1.5,2
1,1,47,269.54,3,3,3,3,1,1,1.24,0.5,2
1,1,48,274.32,2,2,2,2,1,1,0.88,5.5,2
1,1,49,284.1,2,2,2,2,1,1,0.92,0.5,2
1,1,50,288.89,2,2,2,2,1,1,0.63,4.5,2
1,1,51,297.67,2,2,2,2,1,1,0.67,3.5,2
1,1,52,305.45,4,3,3,4,0,1,1.27,8,2
1,1,53,317.72,3,4,4,3,0,1,1.32,1.5,2
1,1,54,323.51,4,4,4,4,1,1,0.93,1.5,2
1,1,55,329.29,4,4,4,4,1,1,1.09,0.5,2
1,1,56,334.07,2,2,2,2,1,1,0.79,3.5,2
1,1,57,341.86,4,4,4,4,1,1,0.9,5.5,2
1,1,58,351.64,4,3,3,4,0,1,0.66,0.5,2
1,1,59,356.42,4,3,3,3,1,1,0.78,1.5,2
1,1,60,362.21,2,2,2,2,1,1,0.74,2.5,2
1,1,61,368.99,4,4,4,4,1,1,2.44,1.5,2
1,1,62,374.78,3,3,3,3,1,1,0.99,2.5,2
1,1,63,381.56,2,2,2,2,1,1,0.79,0.5,2
1,1,64,386.34,1,1,1,1,1,1,0.65,0.5,2
1,1,65,391.13,1,1,1,1,1,1,0.56,1.5,2
1,1,66,396.91,2,2,2,2,1,1,2.59,0.5,2
1,1,67,401.69,2,2,2,2,1,1,0.57,0.5,2
1,1,68,406.48,2,1,1,2,0,1,0.53,0.5,2
1,1,69,411.26,3,3,3,3,1,1,0.82,0.5,2
1,1,70,416.05,4,4,4,4,1,1,0.83,0.5,2
1,1,71,420.83,1,1,1,2,0,1,0.84,5.5,2
1,1,72,430.61,4,4,4,3,0,1,1.05,0.5,2
1,1,73,435.4,2,2,2,2,1,1,0.75,5.5,2
1,1,74,445.18,3,4,4,3,0,1,0.82,2.5,2
1,1,75,451.96,2,2,2,2,1,1,1.19,1.5,2
1,1,76,457.75,4,3,3,2,0,1,0.68,0.5,2
1,1,77,462.53,1,2,2,1,0,1,0.81,0.5,2
1,1,78,467.32,1,1,1,2,0,1,0.98,0.5,2
1,1,79,472.1,3,4,4,4,1,1,1.5,4.5,2
1,1,80,480.88,2,2,2,2,1,1,0.73,3.5,2
1,1,81,488.67,1,1,1,1,1,1,0.74,0.5,2
1,1,82,493.45,1,2,2,1,0,1,0.63,0.5,2
1,1,83,498.23,3,4,4,3,0,1,0.83,5.5,2
1,1,84,508.02,3,4,4,4,1,1,0.96,0.5,2
1,1,85,512.8,4,3,3,3,1,1,1.05,5.5,2
1,1,86,522.57,1,1,1,1,1,1,0.81,0.5,2
1,1,87,527.35,1,1,1,1,1,1,0.68,3.5,2
1,1,88,535.14,3,3,3,3,1,1,0.94,0.5,2
1,1,89,539.92,4,3,3,4,0,1,0.83,0.5,2
1,1,90,544.7,1,1,1,1,1,1,0.67,0.5,2
1,1,91,549.49,3,4,4,3,0,1,0.83,0.5,2
1,1,92,554.27,4,4,4,4,1,1,2.56,1.5,2
1,1,93,560.06,2,2,2,2,1,1,0.87,5.5,2
1,1,94,569.84,1,1,1,1,1,1,0.91,8,2
1,1,95,582.11,2,2,2,2,1,1,0.79,2.5,2
1,1,96,588.89,2,2,2,2,1,1,0.57,2.5,2
1,1,97,595.67,1,1,1,1,1,1,0.65,1.5,2
1,1,98,601.46,1,1,1,1,1,1,0.61,0.5,2
1,1,99,606.24,4,4,4,4,1,1,0.67,0.5,2
1,1,100,611.03,4,3,3,3,1,1,0.53,2.5,2
1,2,101,0.51,4,3,3,4,0,4,6.26,5.5,2
1,2,102,14.28,1,1,1,1,1,6,7.53,1.5,2
1,2,103,26.05,2,2,2,2,1,8,0.43,8,2
1,2,104,46.31,3,3,3,3,1,6,1.11,4.5,2
1,2,105,61.08,3,3,3,3,1,8,0.55,1.5,2
1,2,106,74.85,4,4,4,4,1,8,0.68,1.5,2
1,2,107,88.62,4,3,3,4,0,6,0.61,0.5,2
1,2,108,99.38,2,2,2,2,1,4,0.7,8,2
1,2,109,115.65,3,4,4,4,1,4,1.09,0.5,2
1,2,110,124.44,3,3,3,3,1,8,1.07,8,2
1,2,111,144.7,2,2,2,2,1,4,0.65,2.5,2
1,2,112,155.47,4,3,3,3,1,8,1.7,0.5,2
1,2,113,168.24,2,1,1,2,0,8,0.68,7.5,2
1,2,114,188.01,1,1,1,1,1,8,10.18,2.5,2
1,2,115,202.77,4,3,3,4,0,4,6.31,0.5,2
1,2,116,211.56,4,3,3,3,1,8,1.92,1.5,2
1,2,117,225.33,1,2,2,1,0,8,0.89,1.5,2
1,2,118,239.09,1,1,1,1,1,6,7.97,8,2
1,2,119,257.36,1,1,1,1,1,8,1.52,8,2
1,2,120,277.63,3,3,3,4,0,4,6.57,4.5,2
1,2,121,290.4,3,4,4,3,0,8,0.98,8,2
1,2,122,310.67,3,3,3,3,1,8,10.87,0.5,2
1,2,123,323.43,3,3,3,3,1,4,1.73,0.5,2
1,2,124,332.22,2,2,2,2,1,4,0.88,0.5,2
1,2,125,340.98,2,2,2,2,1,6,1.41,6.5,2
1,2,126,357.75,4,3,3,4,0,8,1.1,0.5,2
1,2,127,370.52,2,2,2,2,1,6,1.28,1.5,2
1,2,128,382.29,2,2,2,2,1,8,0.59,1.5,2
1,2,129,396.05,4,4,4,4,1,4,1.55,1.5,2
1,2,130,405.84,4,3,3,4,0,6,1.17,2.5,2
1,2,131,418.61,2,2,2,2,1,6,0.81,1.5,2
1,2,132,430.37,2,1,1,2,0,8,1.07,3.5,2
1,2,133,446.14,1,1,1,1,1,8,0.83,3.5,2
1,2,134,461.91,1,1,1,1,1,4,1.53,6.5,2
1,2,135,476.68,3,4,4,3,0,6,1.7,1.5,2
1,2,136,488.44,2,2,2,2,1,4,1.78,4.5,2
1,2,137,501.21,2,2,2,2,1,4,0.82,1.5,2
1,2,138,511,4,4,4,4,1,6,1.68,5.5,2
1,2,139,526.76,4,4,4,4,1,8,1.11,0.5,2
1,2,140,539.53,3,4,4,3,0,4,0.82,0.5,2
1,2,141,548.31,3,3,3,3,1,6,0.85,3.5,2
1,2,142,562.1,2,2,2,2,1,6,8.23,0.5,2
1,2,143,572.87,3,3,3,3,1,6,0.96,3.5,2
1,2,144,586.63,1,1,1,1,1,6,0.73,2.5,2
1,2,145,599.4,2,2,2,2,1,4,0.75,0.5,2
1,2,146,608.19,4,4,4,4,1,6,0.92,4.5,2
1,2,147,622.95,1,1,1,1,1,4,5.74,8,2
1,2,148,639.22,3,4,4,3,0,4,0.81,3.5,2
1,2,149,650.99,1,1,1,1,1,6,0.95,6.5,2
1,2,150,667.76,1,1,1,1,1,4,1.43,7.5,2
1,2,151,683.52,1,1,1,1,1,4,6.5,3.5,2
1,2,152,695.29,2,2,2,2,1,8,9.71,1.5,2
1,2,153,709.06,3,4,4,3,0,8,0.81,6.5,2
1,2,154,727.83,3,4,4,3,0,6,8.54,6.5,2
1,2,155,744.59,4,4,4,4,1,6,7.87,0.5,2
1,2,156,755.36,3,4,4,3,0,8,9.97,4.5,2
1,2,157,772.13,2,2,2,2,1,8,1.49,0.5,2
1,2,158,784.9,2,1,1,2,0,6,1.39,3.5,2
1,2,159,798.67,4,3,3,4,0,4,2.06,5.5,2
1,2,160,812.43,4,4,4,3,0,8,1,8,2
1,2,161,832.7,3,3,3,3,1,4,6.07,1.5,2
1,2,162,842.48,4,4,4,4,1,4,5.47,1.5,2
1,2,163,852.27,2,2,2,2,1,8,0.81,0.5,2
1,2,164,865.04,1,2,2,1,0,4,0.73,3.5,2
1,2,165,876.8,2,2,2,2,1,6,0.92,0.5,2
1,2,166,887.59,4,3,3,4,0,6,1.69,3.5,2
1,2,167,901.36,3,3,3,3,1,6,1.51,1.5,2
1,2,168,913.12,4,4,4,4,1,8,0.87,0.5,2
1,2,169,925.89,1,2,2,1,0,6,0.62,0.5,2
1,2,170,936.66,1,1,1,2,0,4,1.09,0.5,2
1,2,171,945.44,1,1,1,1,1,8,0.98,3.5,2
1,2,172,961.21,3,4,4,3,0,8,0.78,4.5,2
1,2,173,977.98,2,1,1,2,0,4,0.76,0.5,2
1,2,174,986.76,1,1,1,1,1,6,0.81,3.5,2
1,2,175,1000.53,4,3,3,4,0,4,1.46,1.5,2
1,2,176,1010.3,1,1,1,1,1,4,5.47,1.5,2
1,2,177,1020.08,1,2,2,1,0,6,0.73,2.5,2
1,2,178,1032.85,1,1,1,1,1,8,0.68,0.5,2
1,2,179,1045.62,3,4,4,3,0,6,1,1.5,2
1,2,180,1057.38,4,4,4,3,0,4,0.49,8,2
2,1,1,0.51,2,2,2,1,0,1,2.57,0.5,2
2,1,2,5.29,3,4,4,4,1,1,2.53,0.5,2
2,1,3,10.07,4,3,3,3,1,1,2.37,0.5,2
2,1,4,14.86,3,3,3,3,1,1,2.55,1.5,2
2,1,5,20.64,4,4,4,4,1,1,2.41,0.5,2
2,1,6,25.42,1,2,2,2,1,1,2.46,1.5,2
2,1,7,31.21,4,3,3,4,0,1,2.4,0.5,2
2,1,8,35.99,4,4,4,4,1,1,2.4,5.5,2
2,1,9,45.78,1,2,2,2,1,1,2.4,0.5,2
2,1,10,50.56,3,3,3,3,1,1,2.46,2.5,2
2,1,11,57.34,2,1,1,1,1,1,2.32,0.5,2
2,1,12,62.13,1,1,1,1,1,1,2.5,8,2
2,1,13,74.39,1,1,1,1,1,1,2.52,3.5,2
2,1,14,82.18,3,4,4,4,1,1,2.49,2.5,2
2,1,15,88.95,3,3,3,3,1,1,2.77,2.5,2
2,1,16,95.73,1,1,1,1,1,1,2.39,1.5,2
2,1,17,101.51,2,2,2,2,1,1,2.43,1.5,2
2,1,18,107.3,2,2,2,2,1,1,2.28,0.5,2
2,1,19,112.08,1,2,2,2,1,1,2.38,0.5,2
2,1,20,116.86,3,3,3,3,1,1,2.47,3.5,2
2,1,21,124.65,4,3,3,3,1,1,2.39,0.5,2
2,1,22,129.43,1,2,2,2,1,1,2.51,0.5,2
2,1,23,134.22,1,1,1,1,1,1,2.35,0.5,2
2,1,24,139,4,3,3,3,1,1,2.42,8,2
2,1,25,151.27,1,1,1,1,1,1,2.4,0.5,2
2,1,26,156.05,1,2,2,2,1,1,2.4,1.5,2
2,1,27,161.83,2,2,2,1,0,1,2.29,2.5,2
2,1,28,168.62,1,1,1,1,1,1,2.3,0.5,2
2,1,29,173.4,1,1,1,1,1,1,1.33,0.5,2
2,1,30,178.19,1,2,2,1,0,1,0.86,1.5,2
2,1,31,183.97,2,2,2,1,0,1,1.48,3.5,2
2,1,32,191.75,3,3,3,3,1,1,1.5,0.5,2
2,1,33,196.54,1,1,1,2,0,1,1.19,0.5,2
2,1,34,201.32,3,3,3,4,0,1,1.74,5.5,2
2,1,35,211.09,3,3,3,3,1,1,0.87,1.5,2
2,1,36,216.87,4,4,4,4,1,1,2.58,0.5,2
2,1,37,221.66,1,1,1,1,1,1,2.39,1.5,2
2,1,38,227.44,1,1,1,1,1,1,2.2,0.5,2
2,1,39,232.22,3,3,3,3,1,1,1.05,3.5,2
2,1,40,240.01,2,2,2,2,1,1,0.89,0.5,2
2,1,41,244.79,2,1,1,2,0,1,0.7,5.5,2
2,1,42,254.57,2,1,1,2,0,1,0.54,0.5,2
2,1,43,259.36,4,4,4,4,1,1,0.7,0.5,2
2,1,44,264.14,3,3,3,3,1,1,0.68,2.5,2
2,1,45,270.93,3,3,3,3,1,1,2.49,0.5,2
2,1,46,275.71,4,4,4,4,1,1,0.97,1.5,2
2,1,47,281.49,2,2,2,2,1,1,1.57,2.5,2
2,1,48,288.28,2,2,2,2,1,1,0.69,5.5,2
2,1,49,298.06,3,4,4,3,0,1,0.69,1.5,2
2,1,50,303.84,4,3,3,4,0,1,0.65,1.5,2
2,1,51,309.63,4,4,4,4,1,1,0.67,0.5,2
2,1,52,314.41,4,4,4,4,1,1,0.64,1.5,2
2,1,53,320.2,2,1,1,2,0,1,0.81,0.5,2
2,1,54,324.98,3,3,3,3,1,1,0.75,0.5,2
2,1,55,329.76,2,2,2,2,1,1,0.92,0.5,2
2,1,56,334.55,2,1,1,2,0,1,0.76,3.5,2
2,1,57,342.33,3,3,3,3,1,1,0.79,4.5,2
2,1,58,351.11,3,4,4,3,0,1,0.65,0.5,2
2,1,59,355.9,2,1,1,1,1,1,1.51,1.5,2
2,1,60,361.68,4,4,4,4,1,1,0.84,5.5,2
2,1,61,371.45,3,3,3,3,1,1,0.6,0.5,2
2,1,62,376.23,2,1,1,2,0,1,1.21,2.5,2
2,1,63,383.02,3,4,4,3,0,1,0.6,4.5,2
2,1,64,391.8,3,3,3,3,1,1,0.7,0.5,2
2,1,65,396.58,3,4,4,3,0,1,0.59,3.5,2
2,1,66,404.37,4,4,4,4,1,1,0.68,1.5,2
2,1,67,410.15,3,3,3,3,1,1,0.59,4.5,2
2,1,68,418.94,1,1,1,1,1,1,0.94,0.5,2
2,1,69,423.72,3,4,4,3,0,1,2.56,1.5,2
2,1,70,429.5,2,2,2,2,1,1,2.32,3.5,2
2,1,71,437.29,4,4,4,4,1,1,0.69,0.5,2
2,1,72,442.07,1,1,1,1,1,1,1.41,0.5,2
2,1,73,446.85,2,2,2,2,1,1,0.7,0.5,2
2,1,74,451.64,4,3,3,4,0,1,0.63,0.5,2
2,1,75,456.42,1,1,1,1,1,1,0.88,5.5,2
2,1,76,466.19,1,1,1,1,1,1,0.96,2.5,2
2,1,77,472.97,3,4,4,3,0,1,0.71,1.5,2
2,1,78,478.76,3,4,4,3,0,1,0.62,3.5,2
2,1,79,486.54,4,3,3,4,0,1,0.68,0.5,2
2,1,80,491.32,1,1,1,1,1,1,1.53,1.5,2
2,1,81,497.11,2,2,2,2,1,1,0.95,0.5,2
2,1,82,501.89,1,1,1,1,1,1,0.88,1.5,2
2,1,83,507.67,2,1,1,2,0,1,0.66,4.5,2
2,1,84,516.46,4,4,4,4,1,1,0.68,1.5,2
2,1,85,522.24,2,2,2,2,1,1,2.61,4.5,2
2,1,86,531.03,4,3,3,4,0,1,0.66,2.5,2
2,1,87,537.81,2,2,2,2,1,1,0.75,0.5,2
2,1,88,542.59,4,4,4,4,1,1,0.75,2.5,2
2,1,89,549.38,4,4,4,4,1,1,0.69,0.5,2
2,1,90,554.16,4,3,3,4,0,1,1.94,0.5,2
2,1,91,558.94,4,4,4,4,1,1,2.46,0.5,2
2,1,92,563.73,3,4,4,3,0,1,0.92,0.5,2
2,1,93,568.51,2,2,2,2,1,1,1.37,5.5,2
2,1,94,578.3,4,3,3,4,0,1,0.66,0.5,2
2,1,95,583.08,4,4,4,4,1,1,1.7,1.5,2
2,1,96,588.86,1,1,1,1,1,1,2.13,0.5,2
2,1,97,593.65,2,2,2,2,1,1,0.83,1.5,2
2,1,98,599.43,2,2,2,2,1,1,0.47,3.5,2
2,1,99,607.21,1,1,1,1,1,1,0.8,0.5,2
2,1,100,612,1,2,2,1,0,1,0.5,1.5,2
2,2,101,0.51,4,3,3,4,0,4,5.91,5.5,2
2,2,102,14.28,1,1,1,1,1,4,5.51,1.5,2
2,2,103,24.06,3,3,3,3,1,8,0.92,0.5,2
2,2,104,36.83,1,1,1,1,1,8,0.91,8,2
2,2,105,57.1,4,4,4,4,1,8,1.12,1.5,2
2,2,106,70.86,2,1,1,2,0,4,1,0.5,2
2,2,107,79.65,3,4,4,3,0,4,5.77,0.5,2
2,2,108,88.43,2,2,2,2,1,4,1.8,0.5,2
2,2,109,97.21,4,3,3,4,0,4,1.27,1.5,2
2,2,110,107,4,3,3,4,0,8,0.81,0.5,2
2,2,111,119.77,4,3,3,4,0,6,0.78,3.5,2
2,2,112,133.53,4,4,4,4,1,4,6.11,8,2
2,2,113,149.8,2,2,2,2,1,6,1.11,1.5,2
2,2,114,161.57,2,2,2,2,1,4,5.5,0.5,2
2,2,115,170.35,3,3,3,4,0,8,10.87,4.5,2
2,2,116,187.12,2,1,1,2,0,8,1.29,1.5,2
2,2,117,200.89,2,1,1,2,0,8,10.64,3.5,2
2,2,118,216.66,1,1,1,1,1,6,1.16,6.5,2
2,2,119,233.42,1,1,1,1,1,4,0.81,3.5,2
2,2,120,245.19,2,1,1,2,0,6,1.21,1.5,2
2,2,121,256.96,3,4,4,3,0,8,9.67,6.5,2
2,2,122,275.73,4,3,3,4,0,6,2.88,0.5,2
2,2,123,286.49,1,1,1,1,1,8,0.94,3.5,2
2,2,124,302.26,3,4,4,3,0,8,0.72,8,2
2,2,125,322.53,3,3,3,3,1,4,0.75,1.5,2
2,2,126,332.3,4,4,4,4,1,4,0.71,1.5,2
2,2,127,342.08,2,2,2,2,1,8,1.09,0.5,2
2,2,128,354.85,4,4,4,4,1,6,0.63,5.5,2
2,2,129,370.62,3,3,3,3,1,6,0.71,1.5,2
2,2,130,382.38,1,1,1,1,1,6,1.04,1.5,2
2,2,131,394.15,4,4,4,4,1,6,0.73,0.5,2
2,2,132,404.92,4,4,4,4,1,6,1.61,4.5,2
2,2,133,419.69,1,1,1,2,0,6,7.9,2.5,2
2,2,134,432.45,3,3,3,3,1,6,0.81,3.5,2
2,2,135,446.22,1,1,1,1,1,6,7.67,3.5,2
2,2,136,459.99,3,3,3,3,1,6,0.65,3.5,2
2,2,137,473.76,4,3,3,4,0,4,0.65,5.5,2
2,2,138,487.52,4,4,4,4,1,4,0.79,1.5,2
2,2,139,497.29,3,3,3,3,1,8,0.6,1.5,2
2,2,140,511.06,1,1,1,1,1,6,0.72,8,2
2,2,141,529.33,1,1,1,1,1,4,0.68,6.5,2
2,2,142,544.1,1,1,1,2,0,4,5.67,8,2
2,2,143,560.36,1,2,2,1,0,8,1.72,3.5,2
2,2,144,576.13,1,2,2,1,0,6,2.34,0.5,2
2,2,145,586.9,2,1,1,2,0,4,0.75,8,2
2,2,146,603.17,4,4,4,4,1,4,0.74,0.5,2
2,2,147,611.95,1,2,2,1,0,4,0.86,7.5,2
2,2,148,627.72,4,4,4,4,1,8,0.97,0.5,2
2,2,149,640.49,2,2,2,2,1,4,1.31,2.5,2
2,2,150,651.27,2,1,1,2,0,8,1.01,7.5,2
2,2,151,671.04,3,3,3,3,1,8,0.71,8,2
2,2,152,691.31,4,4,4,4,1,8,0.66,0.5,2
2,2,153,704.07,3,4,4,3,0,4,0.68,3.5,2
2,2,154,715.84,3,3,3,4,0,4,0.63,0.5,2
2,2,155,724.61,2,2,2,2,1,8,0.94,1.5,2
2,2,156,738.38,4,3,3,4,0,6,0.61,2.5,2
2,2,157,751.14,3,3,3,3,1,4,0.58,0.5,2
2,2,158,759.93,2,1,1,2,0,6,0.74,3.5,2
2,2,159,773.69,2,2,2,2,1,6,0.58,6.5,2
2,2,160,790.46,3,4,4,3,0,6,0.59,6.5,2
2,2,161,807.23,2,2,2,2,1,6,0.73,0.5,2
2,2,162,818,3,4,4,3,0,8,0.96,4.5,2
2,2,163,834.76,1,2,2,1,0,6,0.9,2.5,2
2,2,164,847.53,2,2,2,2,1,4,0.6,4.5,2
2,2,165,860.3,2,2,2,2,1,8,0.58,8,2
2,2,166,880.57,1,1,1,1,1,8,0.63,0.5,2
2,2,167,893.34,2,2,2,2,1,8,0.68,0.5,2
2,2,168,906.1,1,2,2,1,0,8,0.58,1.5,2
2,2,169,919.87,1,2,2,1,0,4,0.49,3.5,2
2,2,170,931.64,1,1,1,1,1,8,0.53,2.5,2
2,2,171,946.41,3,4,4,3,0,6,0.65,1.5,2
2,2,172,958.17,1,1,1,1,1,4,0.58,0.5,2
2,2,173,966.96,3,3,3,3,1,6,0.64,4.5,2
2,2,174,981.72,3,4,4,3,0,6,0.61,1.5,2
2,2,175,993.49,4,3,3,4,0,8,9.97,1.5,2
2,2,176,1007.26,3,3,3,3,1,4,0.73,4.5,2
2,2,177,1020.03,4,4,4,4,1,8,0.87,0.5,2
2,2,178,1032.79,2,2,2,1,0,4,0.74,1.5,2
2,2,179,1042.58,2,2,2,2,1,6,0.5,0.5,2
2,2,180,1053.35,4,4,4,4,1,8,0.81,8,2
1,1,1,0.51,3,3,3,NA,NA,1,NA,0.5,3
1,1,2,5.3,2,2,2,NA,NA,1,NA,1.5,3
1,1,3,11.08,1,2,2,NA,NA,1,NA,0.5,3
1,1,4,15.86,4,4,4,NA,NA,1,NA,0.5,3
1,1,5,20.65,3,3,3,NA,NA,1,NA,0.5,3
1,1,6,25.43,1,2,2,NA,NA,1,NA,0.5,3
1,1,7,30.22,1,1,1,NA,NA,1,NA,0.5,3
1,1,8,35,4,4,4,NA,NA,1,NA,0.5,3
1,1,9,39.78,2,2,2,1,0,1,3.55,1.5,3
1,1,10,45.57,1,1,1,2,0,1,0.75,3.5,3
1,1,11,53.35,2,2,2,2,1,1,0.57,5.5,3
1,1,12,63.13,2,1,1,1,1,1,0.48,2.5,3
1,1,13,69.92,4,3,3,4,0,1,0.95,0.5,3
1,1,14,74.7,4,3,3,3,1,1,0.71,0.5,3
1,1,15,79.49,3,4,4,2,0,1,0.81,2.5,3
1,1,16,86.27,1,2,2,2,1,1,2.14,0.5,3
1,1,17,91.05,2,2,2,1,0,1,2.05,0.5,3
1,1,18,95.84,3,4,4,4,1,1,2.34,1.5,3
1,1,19,101.62,2,2,2,3,0,1,2.51,0.5,3
1,1,20,106.4,2,2,2,2,1,1,2.7,1.5,3
1,1,21,112.19,4,4,4,4,1,1,2.24,4.5,3
1,1,22,120.97,4,4,4,4,1,1,1.08,1.5,3
1,1,23,126.76,3,3,3,3,1,1,1.25,3.5,3
1,1,24,134.54,1,1,1,2,0,1,0.54,2.5,3
1,1,25,141.32,1,1,1,2,0,1,1.28,8,3
1,1,26,153.59,3,3,3,4,0,1,2.78,5.5,3
1,1,27,163.37,2,2,2,3,0,1,2.19,0.5,3
1,1,28,168.16,4,4,4,4,1,1,2.39,8,3
1,1,29,180.43,2,1,1,2,0,1,2.49,0.5,3
1,1,30,185.21,3,3,3,3,1,1,2.49,4.5,3
1,1,31,193.99,2,2,2,2,1,1,2.36,5.5,3
1,1,32,203.76,4,4,4,4,1,1,1.04,0.5,3
1,1,33,208.54,3,4,4,3,0,1,1.21,1.5,3
1,1,34,214.33,4,4,4,4,1,1,2.17,1.5,3
1,1,35,220.11,2,1,1,2,0,1,1.62,0.5,3
1,1,36,224.9,1,1,1,2,0,1,1.81,3.5,3
1,1,37,232.66,3,3,3,3,1,1,2.4,2.5,3
1,1,38,239.45,4,4,4,4,1,1,2.16,1.5,3
1,1,39,245.23,4,4,4,4,1,1,1.74,0.5,3
1,1,40,250.01,2,2,2,1,0,1,2.04,2.5,3
1,1,41,256.8,4,4,4,4,1,1,1.33,3.5,3
1,1,42,264.58,1,1,1,1,1,1,2.09,1.5,3
1,1,43,270.37,4,4,4,4,1,1,2.38,0.5,3
1,1,44,275.15,4,4,4,4,1,1,1.23,2.5,3
1,1,45,281.93,1,1,1,1,1,1,2.29,0.5,3
1,1,46,286.72,1,1,1,1,1,1,2.28,0.5,3
1,1,47,291.5,1,1,1,1,1,1,1.14,1.5,3
1,1,48,297.28,1,1,1,1,1,1,1.44,0.5,3
1,1,49,302.07,4,4,4,4,1,1,1.07,1.5,3
1,1,50,307.85,4,3,3,3,1,1,3.27,0.5,3
1,1,51,312.63,4,3,3,4,0,1,1.57,0.5,3
1,1,52,317.42,1,1,1,1,1,1,1.27,4.5,3
1,1,53,326.2,3,3,3,2,0,1,1.15,1.5,3
1,1,54,331.99,1,1,1,2,0,1,2.1,1.5,3
1,1,55,337.77,2,2,2,2,1,1,1.85,0.5,3
1,1,56,342.55,4,3,3,4,0,1,1.39,0.5,3
1,1,57,347.34,3,3,3,3,1,1,2.35,1.5,3
1,1,58,353.12,2,1,1,2,0,1,1.37,3.5,3
1,1,59,360.9,4,4,4,4,1,1,2.32,1.5,3
1,1,60,366.69,3,4,4,3,0,1,2.32,1.5,3
1,1,61,372.47,4,4,4,4,1,1,2.42,1.5,3
1,1,62,378.26,4,4,4,4,1,1,2.12,1.5,3
1,1,63,384.04,1,1,1,1,1,1,1.41,0.5,3
1,1,64,388.82,4,4,4,4,1,1,2.46,5.5,3
1,1,65,398.61,3,3,3,3,1,1,1.3,4.5,3
1,1,66,407.39,1,1,1,1,1,1,1.33,0.5,3
1,1,67,412.17,3,3,3,3,1,1,2.48,0.5,3
1,1,68,416.96,2,2,2,2,1,1,1.24,4.5,3
1,1,69,425.74,2,2,2,2,1,1,1.02,3.5,3
1,1,70,433.53,2,2,2,2,1,1,1.13,5.5,3
1,1,71,443.31,1,2,2,1,0,1,1.04,0.5,3
1,1,72,448.09,1,1,1,1,1,1,1.7,2.5,3
1,1,73,454.88,2,2,2,2,1,1,1.25,5.5,3
1,1,74,464.66,2,2,2,2,1,1,0.88,0.5,3
1,1,75,469.45,2,2,2,2,1,1,1.28,0.5,3
1,1,76,474.23,2,2,2,2,1,1,1.09,0.5,3
1,1,77,479.01,3,3,3,3,1,1,1.05,0.5,3
1,1,78,483.8,4,3,3,4,0,1,0.75,5.5,3
1,1,79,493.58,3,4,4,3,0,1,0.94,0.5,3
1,1,80,498.36,2,1,1,2,0,1,1.09,1.5,3
1,1,81,504.15,4,3,3,3,1,1,2.32,0.5,3
1,1,82,508.93,3,3,3,3,1,1,2.43,0.5,3
1,1,83,513.71,3,3,3,3,1,1,2.35,3.5,3
1,1,84,521.5,1,1,1,1,1,1,1.37,0.5,3
1,1,85,526.28,3,3,3,3,1,1,1.4,0.5,3
1,1,86,531.07,4,3,3,3,1,1,2.4,0.5,3
1,1,87,535.85,2,2,2,2,1,1,1.86,1.5,3
1,1,88,541.63,3,3,3,3,1,1,1.31,2.5,3
1,1,89,548.42,1,1,1,2,0,1,1.84,3.5,3
1,1,90,556.2,2,2,2,2,1,1,1.26,3.5,3
1,1,91,563.98,3,3,3,3,1,1,1.57,0.5,3
1,1,92,568.75,1,1,1,1,1,1,1.01,0.5,3
1,1,93,573.54,3,3,3,3,1,1,1.28,1.5,3
1,1,94,579.32,1,1,1,1,1,1,1.07,2.5,3
1,1,95,586.1,2,2,2,2,1,1,0.83,0.5,3
1,1,96,590.89,3,4,4,3,0,1,1.21,2.5,3
1,1,97,597.67,1,1,1,1,1,1,1,0.5,3
1,1,98,602.45,3,3,3,3,1,1,1.16,0.5,3
1,1,99,607.24,3,4,4,3,0,1,1.06,0.5,3
1,1,100,612.02,1,2,2,1,0,1,1.22,1.5,3
1,2,101,0.5,2,2,2,2,1,6,0.87,5.5,3
1,2,102,16.27,4,3,3,3,1,4,1.06,2.5,3
1,2,103,27.06,3,4,4,3,0,6,1.82,2.5,3
1,2,104,39.82,3,3,3,4,0,6,1.6,3.5,3
1,2,105,53.59,3,3,3,3,1,6,8.83,3.5,3
1,2,106,67.36,1,1,1,1,1,4,0.98,3.5,3
1,2,107,79.13,1,1,1,1,1,6,0.94,0.5,3
1,2,108,89.89,4,4,4,4,1,4,6.1,0.5,3
1,2,109,98.68,2,2,2,2,1,4,1.12,1.5,3
1,2,110,108.46,4,4,4,4,1,8,9.53,8,3
1,2,111,128.73,3,3,3,3,1,8,1.53,0.5,3
1,2,112,141.5,4,4,4,4,1,8,2.29,0.5,3
1,2,113,154.26,2,1,1,2,0,6,0.83,6.5,3
1,2,114,171.03,3,4,4,4,1,4,5.8,3.5,3
1,2,115,182.8,2,2,2,2,1,4,0.52,8,3
1,2,116,199.07,3,4,4,4,1,8,1.38,3.5,3
1,2,117,214.83,4,4,4,4,1,6,7.47,4.5,3
1,2,118,229.6,2,2,2,2,1,4,0.46,0.5,3
1,2,119,238.39,4,4,4,4,1,6,1.45,2.5,3
1,2,120,251.15,1,1,1,1,1,8,1.07,1.5,3
1,2,121,264.92,3,4,4,4,1,4,5.27,1.5,3
1,2,122,274.71,4,4,4,4,1,4,1.88,1.5,3
1,2,123,284.49,1,1,1,1,1,4,1.02,3.5,3
1,2,124,296.26,1,1,1,1,1,4,0.69,1.5,3
1,2,125,306.02,1,1,1,1,1,4,0.72,3.5,3
1,2,126,317.79,1,1,1,1,1,8,9.85,6.5,3
1,2,127,336.56,4,3,3,4,0,6,1.21,0.5,3
1,2,128,347.33,3,3,3,4,0,4,1.21,3.5,3
1,2,129,359.09,3,3,3,3,1,8,10.18,2.5,3
1,2,130,373.86,4,4,4,4,1,6,1.25,4.5,3
1,2,131,388.63,3,3,3,3,1,8,1.58,1.5,3
1,2,132,402.4,4,3,3,4,0,4,1.44,1.5,3
1,2,133,412.16,4,4,4,4,1,8,10.27,1.5,3
1,2,134,425.93,1,1,1,1,1,8,0.94,0.5,3
1,2,135,438.7,1,1,1,1,1,8,0.83,5.5,3
1,2,136,456.47,3,3,3,3,1,6,1.74,4.5,3
1,2,137,471.24,4,3,3,4,0,8,10.7,0.5,3
1,2,138,484,2,2,2,2,1,6,0.8,6.5,3
1,2,139,500.77,1,2,2,1,0,6,0.82,5.5,3
1,2,140,516.54,2,1,1,2,0,8,1.32,0.5,3
1,2,141,529.31,2,2,2,1,0,8,1.75,0.5,3
1,2,142,542.07,4,3,3,4,0,8,10.23,1.5,3
1,2,143,555.84,4,4,4,3,0,8,1.93,0.5,3
1,2,144,568.61,1,2,2,1,0,4,0.96,0.5,3
1,2,145,577.39,1,2,2,2,1,6,8.12,1.5,3
1,2,146,589.16,1,1,1,1,1,6,4.43,8,3
1,2,147,607.43,1,2,2,1,0,8,0.93,0.5,3
1,2,148,620.2,1,1,1,2,0,6,7.97,0.5,3
1,2,149,630.98,4,3,3,3,1,6,7.4,7.5,3
1,2,150,648.75,3,3,3,3,1,6,1.75,0.5,3
1,2,151,659.51,1,1,1,2,0,4,6.93,0.5,3
1,2,152,668.3,4,4,4,3,0,8,2.69,0.5,3
1,2,153,681.07,3,4,4,4,1,6,7.7,1.5,3
1,2,154,692.83,2,2,2,2,1,6,8.67,4.5,3
1,2,155,707.6,2,2,2,2,1,8,1.15,8,3
1,2,156,727.87,2,2,2,2,1,4,1,4.5,3
1,2,157,740.64,1,1,1,1,1,6,1.11,3.5,3
1,2,158,754.4,2,1,1,2,0,4,1.23,8,3
1,2,159,770.67,2,2,2,2,1,4,1.11,6.5,3
1,2,160,785.44,2,2,2,2,1,8,1.18,2.5,3
1,2,161,800.21,1,1,1,2,0,6,9.13,0.5,3
1,2,162,810.97,2,2,2,2,1,8,0.98,6.5,3
1,2,163,829.74,1,1,1,1,1,8,1.28,8,3
1,2,164,850.01,3,3,3,3,1,8,9.97,0.5,3
1,2,165,862.78,4,4,4,4,1,6,3.03,4.5,3
1,2,166,877.55,3,3,3,3,1,4,1.3,1.5,3
1,2,167,887.33,3,4,4,3,0,8,3.61,1.5,3
1,2,168,901.1,3,3,3,3,1,4,6.93,8,3
1,2,169,917.37,4,4,4,4,1,4,5.2,8,3
1,2,170,933.63,3,3,3,4,0,8,9.87,1.5,3
1,2,171,947.4,3,3,3,NA,0,6,NA,8,3
1,2,172,965.67,1,1,1,1,1,4,5.3,3.5,3
1,2,173,977.44,2,1,1,2,0,8,0.57,7.5,3
1,2,174,997.2,2,2,2,2,1,8,9.37,0.5,3
1,2,175,1009.97,2,2,2,2,1,6,0.75,1.5,3
1,2,176,1021.74,3,3,3,3,1,4,6.77,0.5,3
1,2,177,1030.52,2,2,2,2,1,4,0.83,1.5,3
1,2,178,1040.31,2,2,2,3,0,6,1.42,1.5,3
1,2,179,1052.07,4,3,3,4,0,4,1.31,3.5,3
1,2,180,1063.84,4,4,4,4,1,6,7.4,1.5,3
2,1,1,0.51,3,4,4,4,1,1,3.12,0.5,3
2,1,2,5.3,4,3,3,3,1,1,2.49,0.5,3
2,1,3,10.08,3,3,3,3,1,1,2.62,1.5,3
2,1,4,15.86,2,2,2,2,1,1,2.47,5.5,3
2,1,5,25.65,4,3,3,3,1,1,2.62,1.5,3
2,1,6,31.43,2,2,2,2,1,1,2.64,4.5,3
2,1,7,40.22,4,3,3,3,1,1,3.13,5.5,3
2,1,8,50,3,4,4,3,0,1,2.29,0.5,3
2,1,9,54.78,3,3,3,4,0,1,2,0.5,3
2,1,10,59.57,1,1,1,1,1,1,2.75,0.5,3
2,1,11,64.35,4,3,3,3,1,1,2.49,0.5,3
2,1,12,69.14,1,1,1,1,1,1,1.36,0.5,3
2,1,13,73.92,1,1,1,3,0,1,1.54,0.5,3
2,1,14,78.7,3,3,3,3,1,1,2.59,1.5,3
2,1,15,84.49,1,2,2,NA,NA,1,NA,0.5,3
2,1,16,89.27,3,3,3,3,1,1,2.44,0.5,3
2,1,17,94.05,1,1,1,1,1,1,1.58,2.5,3
2,1,18,100.82,4,3,3,3,1,1,1.33,0.5,3
2,1,19,105.6,2,1,1,1,1,1,2.49,3.5,3
2,1,20,113.39,4,3,3,2,0,1,1.11,0.5,3
2,1,21,118.17,4,4,4,NA,NA,1,NA,1.5,3
2,1,22,123.96,3,3,3,3,1,1,2.82,0.5,3
2,1,23,128.74,1,2,2,1,0,1,1.64,0.5,3
2,1,24,133.52,1,1,1,2,0,1,1.38,2.5,3
2,1,25,140.31,1,2,2,2,1,1,2.34,0.5,3
2,1,26,145.09,3,3,3,3,1,1,2.39,4.5,3
2,1,27,153.87,2,2,2,2,1,1,2.33,1.5,3
2,1,28,159.66,4,3,3,1,0,1,3.36,0.5,3
2,1,29,164.44,3,3,3,3,1,1,2.54,0.5,3
2,1,30,169.23,3,4,4,3,0,1,1.45,2.5,3
2,1,31,176.01,2,2,2,2,1,1,2.22,0.5,3
2,1,32,180.79,4,4,4,NA,NA,1,NA,0.5,3
2,1,33,185.58,3,3,3,3,1,1,2.12,0.5,3
2,1,34,190.36,1,1,1,1,1,1,2.21,0.5,3
2,1,35,195.14,1,2,2,1,0,1,1.15,2.5,3
2,1,36,201.93,2,1,1,1,1,1,3.74,1.5,3
2,1,37,207.71,1,1,1,1,1,1,2.51,1.5,3
2,1,38,213.5,4,4,4,4,1,1,3.24,2.5,3
2,1,39,220.28,3,4,4,4,1,1,2.43,1.5,3
2,1,40,226.06,1,2,2,NA,NA,1,NA,0.5,3
2,1,41,230.85,3,4,4,4,1,1,2.55,4.5,3
2,1,42,239.63,4,4,4,2,0,1,1.86,0.5,3
2,1,43,244.41,2,2,2,2,1,1,2.42,0.5,3
2,1,44,249.2,2,1,1,1,1,1,2.33,0.5,3
2,1,45,253.98,1,2,2,2,1,1,2.38,1.5,3
2,1,46,259.76,2,1,1,1,1,1,2.45,1.5,3
2,1,47,265.55,2,1,1,1,1,1,2.36,0.5,3
2,1,48,270.33,4,4,4,3,0,1,1.61,8,3
2,1,49,282.6,2,2,2,2,1,1,2.39,3.5,3
2,1,50,290.38,4,4,4,3,0,1,2.13,0.5,3
2,1,51,295.17,2,2,2,2,1,1,2.42,0.5,3
2,1,52,299.95,1,1,1,1,1,1,2.58,0.5,3
2,1,53,304.73,1,2,2,2,1,1,2.47,3.5,3
2,1,54,312.52,2,1,1,2,0,1,3.42,0.5,3
2,1,55,317.3,3,4,4,4,1,1,2.77,1.5,3
2,1,56,323.09,1,1,1,1,1,1,2.5,3.5,3
2,1,57,330.87,1,1,1,1,1,1,2.09,1.5,3
2,1,58,336.65,3,3,3,3,1,1,2.48,1.5,3
2,1,59,342.44,1,2,2,1,0,1,2.32,0.5,3
2,1,60,347.22,4,4,4,4,1,1,2.78,3.5,3
2,1,61,355,4,4,4,3,0,1,2.16,1.5,3
2,1,62,360.79,4,3,3,3,1,1,3.61,4.5,3
2,1,63,369.56,3,4,4,NA,NA,1,NA,0.5,3
2,1,64,374.34,2,2,2,2,1,1,2.21,5.5,3
2,1,65,384.12,1,1,1,NA,NA,1,NA,0.5,3
2,1,66,388.91,1,2,2,NA,NA,1,NA,0.5,3
2,1,67,393.69,3,4,4,4,1,1,2.53,0.5,3
2,1,68,398.47,1,2,2,2,1,1,2.43,3.5,3
2,1,69,406.26,4,4,4,3,0,1,1.38,1.5,3
2,1,70,412.03,2,2,2,2,1,1,2.55,5.5,3
2,1,71,421.81,3,4,4,4,1,1,2.62,2.5,3
2,1,72,428.59,4,3,3,3,1,1,2.53,0.5,3
2,1,73,433.38,2,1,1,1,1,1,2.75,2.5,3
2,1,74,440.16,4,4,4,3,0,1,3.47,1.5,3
2,1,75,445.94,2,2,2,2,1,1,2.84,1.5,3
2,1,76,451.73,2,1,1,NA,NA,1,NA,0.5,3
2,1,77,456.51,3,4,4,4,1,1,2.59,1.5,3
2,1,78,462.3,4,4,4,4,1,1,3.21,0.5,3
2,1,79,467.08,2,2,2,NA,NA,1,NA,3.5,3
2,1,80,474.86,2,2,2,2,1,1,2.44,0.5,3
2,1,81,479.65,1,1,1,1,1,1,2.41,8,3
2,1,82,491.91,2,1,1,1,1,1,2.48,2.5,3
2,1,83,498.7,3,4,4,NA,NA,1,NA,5.5,3
2,1,84,508.48,1,1,1,1,1,1,2.37,0.5,3
2,1,85,513.27,2,1,1,1,1,1,2.22,1.5,3
2,1,86,519.05,3,3,3,3,1,1,2.17,3.5,3
2,1,87,526.83,1,1,1,1,1,1,2.14,4.5,3
2,1,88,535.62,4,3,3,3,1,1,1.34,0.5,3
2,1,89,540.4,4,4,4,1,0,1,0.5,1.5,3
2,1,90,546.18,3,4,4,4,1,1,2.64,3.5,3
2,1,91,553.97,2,2,2,2,1,1,1.34,0.5,3
2,1,92,558.75,2,2,2,2,1,1,2.39,5.5,3
2,1,93,568.52,1,1,1,1,1,1,2.33,1.5,3
2,1,94,574.3,3,3,3,3,1,1,2.66,2.5,3
2,1,95,581.09,3,3,3,3,1,1,2.56,0.5,3
2,1,96,585.87,4,3,3,3,1,1,1.71,0.5,3
2,1,97,590.65,4,3,3,3,1,1,3.36,1.5,3
2,1,98,596.44,4,3,3,3,1,1,2.13,5.5,3
2,1,99,606.22,3,3,3,3,1,1,2.34,2.5,3
2,1,100,613.01,2,2,2,2,1,1,1.05,0.5,3
2,2,101,0.5,4,4,4,3,0,8,1.05,0.5,3
2,2,102,13.27,1,2,2,1,0,6,7.61,5.5,3
2,2,103,29.04,1,2,2,2,1,4,5.98,0.5,3
2,2,104,37.82,3,4,4,4,1,6,8.27,1.5,3
2,2,105,49.59,3,4,4,4,1,4,6.08,1.5,3
2,2,106,59.37,4,3,3,3,1,4,1.18,1.5,3
2,2,107,69.16,1,1,1,1,1,4,6,3.5,3
2,2,108,80.92,3,3,3,3,1,6,8.27,8,3
2,2,109,99.19,2,2,2,2,1,6,7.9,4.5,3
2,2,110,113.96,4,4,4,3,0,4,1.9,4.5,3
2,2,111,126.73,2,1,1,1,1,8,10.3,0.5,3
2,2,112,139.49,2,1,1,1,1,4,5.77,6.5,3
2,2,113,154.26,2,1,1,1,1,4,5.97,1.5,3
2,2,114,164.05,4,4,4,4,1,6,8.4,1.5,3
2,2,115,175.81,3,4,4,4,1,8,10.77,1.5,3
2,2,116,189.58,1,1,1,1,1,4,6.01,3.5,3
2,2,117,201.35,2,1,1,1,1,6,7.73,6.5,3
2,2,118,218.12,1,2,2,2,1,4,5.87,1.5,3
2,2,119,227.9,1,1,1,1,1,8,10.14,1.5,3
2,2,120,241.67,3,3,3,3,1,6,8.2,4.5,3
2,2,121,256.44,4,3,3,3,1,4,6.65,0.5,3
2,2,122,265.22,3,4,4,4,1,8,10.15,1.5,3
2,2,123,278.99,2,2,2,2,1,8,10.15,6.5,3
2,2,124,297.76,1,2,2,2,1,4,6.1,0.5,3
2,2,125,306.54,4,3,3,3,1,4,6.1,3.5,3
2,2,126,318.31,4,3,3,3,1,6,7.8,7.5,3
2,2,127,336.07,1,1,1,1,1,8,10.65,0.5,3
2,2,128,348.84,1,2,2,NA,0,6,NA,1.5,3
2,2,129,360.61,2,1,1,1,1,8,10.07,0.5,3
2,2,130,373.38,2,2,2,1,0,4,6.27,0.5,3
2,2,131,382.16,2,1,1,NA,0,6,NA,1.5,3
2,2,132,393.93,1,1,1,1,1,6,7.7,8,3
2,2,133,412.2,4,3,3,3,1,6,8.05,2.5,3
2,2,134,424.96,2,2,2,1,0,4,6.67,4.5,3
2,2,135,437.73,3,4,4,3,0,4,6.07,3.5,3
2,2,136,449.5,2,2,2,NA,0,8,NA,2.5,3
2,2,137,464.27,3,3,3,3,1,8,9.57,0.5,3
2,2,138,477.03,3,3,3,3,1,8,9.38,2.5,3
2,2,139,491.8,3,3,3,3,1,6,8.11,0.5,3
2,2,140,502.57,4,4,4,3,0,4,7.05,8,3
2,2,141,518.84,1,1,1,2,0,6,9.73,0.5,3
2,2,142,529.6,2,2,2,1,0,4,5.54,1.5,3
2,2,143,539.39,1,2,2,2,1,8,10.57,5.5,3
2,2,144,557.16,1,1,1,2,0,6,7.88,3.5,3
2,2,145,570.92,3,4,4,NA,0,8,NA,1.5,3
2,2,146,584.69,1,1,1,2,0,8,8.77,8,3
2,2,147,604.96,2,2,2,2,1,4,4.77,8,3
2,2,148,621.23,4,3,3,3,1,6,0.99,0.5,3
2,2,149,631.99,2,1,1,2,0,4,6.38,8,3
2,2,150,648.26,3,4,4,4,1,6,8,3.5,3
2,2,151,662.03,1,2,2,1,0,6,7.6,0.5,3
2,2,152,672.8,4,4,4,3,0,6,8.23,4.5,3
2,2,153,687.56,1,1,1,1,1,4,6.65,3.5,3
2,2,154,699.33,4,4,4,3,0,4,6.45,1.5,3
2,2,155,709.12,1,1,1,1,1,8,9.94,6.5,3
2,2,156,727.88,2,1,1,2,0,8,9.13,7.5,3
2,2,157,747.65,4,4,4,4,1,8,10.12,8,3
2,2,158,767.92,3,3,3,3,1,4,5.5,1.5,3
2,2,159,777.7,4,4,4,3,0,6,8.43,4.5,3
2,2,160,792.47,3,3,3,3,1,4,6,0.5,3
2,2,161,801.26,3,4,4,3,0,8,10.57,3.5,3
2,2,162,817.02,3,4,4,3,0,6,7.97,2.5,3
2,2,163,829.79,1,2,2,1,0,8,10.5,0.5,3
2,2,164,842.56,2,2,2,1,0,8,9.93,8,3
2,2,165,862.83,3,4,4,4,1,4,6.33,3.5,3
2,2,166,874.59,2,2,2,1,0,8,10.13,0.5,3
2,2,167,887.36,4,3,3,4,0,8,10.53,1.5,3
2,2,168,901.13,4,3,3,3,1,8,9.44,1.5,3
2,2,169,914.9,3,3,3,3,1,4,5.27,8,3
2,2,170,931.16,4,4,4,4,1,4,5.77,0.5,3
2,2,171,939.95,2,2,2,1,0,6,7.93,1.5,3
2,2,172,951.72,2,2,2,NA,0,6,NA,5.5,3
2,2,173,967.48,3,3,3,3,1,6,7.87,3.5,3
2,2,174,981.25,2,2,2,NA,0,6,NA,6.5,3
2,2,175,998.02,1,1,1,1,1,4,5.43,3.5,3
2,2,176,1009.79,3,3,3,4,0,8,10.03,0.5,3
2,2,177,1022.55,4,3,3,3,1,8,10.41,0.5,3
2,2,178,1035.32,1,1,1,1,1,6,7.67,0.5,3
2,2,179,1046.09,4,3,3,3,1,4,5.73,2.5,3
2,2,180,1056.86,4,4,4,4,1,8,9.61,0.5,3
1,1,1,0.52,3,3,3,3,1,1,2.59,0.5,4
1,1,2,5.3,4,4,4,4,1,1,2.47,0.5,4
1,1,3,10.08,3,3,3,3,1,1,2.09,0.5,4
1,1,4,14.87,4,4,4,4,1,1,1.11,1.5,4
1,1,5,20.65,3,3,3,3,1,1,0.62,0.5,4
1,1,6,25.44,2,2,2,2,1,1,2.39,1.5,4
1,1,7,31.22,1,1,1,1,1,1,2.35,0.5,4
1,1,8,36,4,4,4,2,0,1,2.28,0.5,4
1,1,9,40.79,1,2,2,1,0,1,1.24,0.5,4
1,1,10,45.57,4,3,3,3,1,1,2.58,0.5,4
1,1,11,50.35,2,1,1,1,1,1,1.99,0.5,4
1,1,12,55.14,1,1,1,2,0,1,2.13,0.5,4
1,1,13,59.92,3,4,4,3,0,1,2.11,0.5,4
1,1,14,64.7,3,3,3,3,1,1,2.48,4.5,4
1,1,15,73.49,1,1,1,1,1,1,2.42,1.5,4
1,1,16,79.27,4,4,4,4,1,1,2.2,0.5,4
1,1,17,84.06,3,3,3,3,1,1,2.29,1.5,4
1,1,18,89.82,3,3,3,3,1,1,2.24,0.5,4
1,1,19,94.61,3,4,4,3,0,1,1.15,0.5,4
1,1,20,99.39,1,1,1,1,1,1,2.42,0.5,4
1,1,21,104.17,3,4,4,3,0,1,2.1,1.5,4
1,1,22,109.96,4,4,4,4,1,1,2.25,5.5,4
1,1,23,119.74,4,3,3,3,1,1,2.4,0.5,4
1,1,24,124.53,3,4,4,4,1,1,2.45,2.5,4
1,1,25,131.31,1,1,1,1,1,1,2.4,3.5,4
1,1,26,139.09,2,1,1,1,1,1,2.33,0.5,4
1,1,27,143.88,1,1,1,1,1,1,2.19,4.5,4
1,1,28,152.66,1,1,1,1,1,1,2.27,0.5,4
1,1,29,157.44,1,1,1,1,1,1,2.16,1.5,4
1,1,30,163.23,2,2,2,2,1,1,2.15,0.5,4
1,1,31,168.01,2,2,2,2,1,1,1.04,0.5,4
1,1,32,172.8,2,2,2,2,1,1,2.09,1.5,4
1,1,33,178.58,2,1,1,1,1,1,2.29,2.5,4
1,1,34,185.36,3,4,4,4,1,1,2.41,5.5,4
1,1,35,195.15,4,4,4,4,1,1,2.34,0.5,4
1,1,36,199.93,1,1,1,1,1,1,2.2,0.5,4
1,1,37,204.71,3,3,3,3,1,1,2.14,8,4
1,1,38,216.98,4,3,3,3,1,1,2.35,0.5,4
1,1,39,221.77,1,1,1,1,1,1,2.18,0.5,4
1,1,40,226.55,2,1,1,2,0,1,2.14,2.5,4
1,1,41,233.33,4,3,3,3,1,1,2.34,3.5,4
1,1,42,241.12,4,4,4,4,1,1,2.3,2.5,4
1,1,43,247.9,4,4,4,4,1,1,2.14,0.5,4
1,1,44,252.68,4,3,3,3,1,1,2.3,3.5,4
1,1,45,260.45,2,2,2,2,1,1,2.33,5.5,4
1,1,46,270.22,4,4,4,4,1,1,2.41,0.5,4
1,1,47,275,4,4,4,4,1,1,2.14,1.5,4
1,1,48,280.79,2,2,2,2,1,1,2.1,1.5,4
1,1,49,286.57,1,1,1,1,1,1,2.14,0.5,4
1,1,50,291.35,2,2,2,2,1,1,2.11,1.5,4
1,1,51,297.14,3,4,4,3,0,1,2.22,1.5,4
1,1,52,302.92,3,3,3,3,1,1,2.24,0.5,4
1,1,53,307.7,2,2,2,2,1,1,2.24,2.5,4
1,1,54,314.49,2,2,2,2,1,1,2.2,0.5,4
1,1,55,319.27,2,2,2,2,1,1,2.28,5.5,4
1,1,56,329.06,1,2,2,2,1,1,2.39,3.5,4
1,1,57,336.82,1,2,2,2,1,1,2.26,2.5,4
1,1,58,343.61,3,3,3,3,1,1,2.38,0.5,4
1,1,59,348.39,2,1,1,1,1,1,2.32,2.5,4
1,1,60,355.16,4,3,3,3,1,1,2.32,5.5,4
1,1,61,364.94,4,3,3,3,1,1,2.27,1.5,4
1,1,62,370.73,2,2,2,2,1,1,2.27,0.5,4
1,1,63,375.51,2,2,2,2,1,1,2.2,3.5,4
1,1,64,383.29,3,3,3,3,1,1,2.26,0.5,4
1,1,65,388.08,2,2,2,2,1,1,2.2,1.5,4
1,1,66,393.86,1,2,2,2,1,1,2.28,0.5,4
1,1,67,398.64,4,3,3,3,1,1,2.43,0.5,4
1,1,68,403.43,1,1,1,1,1,1,2.22,4.5,4
1,1,69,412.21,1,1,1,1,1,1,2.21,0.5,4
1,1,70,417,4,4,4,4,1,1,2.27,1.5,4
1,1,71,422.78,3,3,3,3,1,1,2.3,3.5,4
1,1,72,430.56,1,2,2,2,1,1,2.39,8,4
1,1,73,442.83,4,3,3,3,1,1,2.32,1.5,4
1,1,74,448.61,2,2,2,2,1,1,2.28,4.5,4
1,1,75,457.4,1,1,1,1,1,1,2.4,0.5,4
1,1,76,462.18,3,3,3,3,1,1,2.34,1.5,4
1,1,77,467.97,3,4,4,4,1,1,2.32,0.5,4
1,1,78,472.75,2,2,2,2,1,1,2.24,5.5,4
1,1,79,482.52,3,3,3,3,1,1,2.34,1.5,4
1,1,80,488.3,1,1,1,1,1,1,2.17,5.5,4
1,1,81,498.08,1,1,1,1,1,1,2.34,0.5,4
1,1,82,502.87,3,4,4,4,1,1,2.64,4.5,4
1,1,83,511.65,2,2,2,2,1,1,2.4,1.5,4
1,1,84,517.44,1,1,1,1,1,1,2.21,0.5,4
1,1,85,522.22,3,4,4,4,1,1,2.49,3.5,4
1,1,86,530,4,4,4,4,1,1,2.12,1.5,4
1,1,87,535.79,2,2,2,2,1,1,2.15,1.5,4
1,1,88,541.57,1,1,1,1,1,1,2.26,0.5,4
1,1,89,546.35,1,1,1,1,1,1,2.17,1.5,4
1,1,90,552.14,4,4,4,4,1,1,2.16,0.5,4
1,1,91,556.92,4,4,4,3,0,1,1.55,3.5,4
1,1,92,564.71,1,1,1,1,1,1,2.22,0.5,4
1,1,93,569.49,2,2,2,2,1,1,2.26,0.5,4
1,1,94,574.27,4,3,3,3,1,1,2.34,2.5,4
1,1,95,581.06,3,3,3,3,1,1,2.25,0.5,4
1,1,96,585.84,2,2,2,2,1,1,2.21,3.5,4
1,1,97,593.62,3,4,4,4,1,1,2.4,0.5,4
1,1,98,598.41,3,3,3,3,1,1,2.36,2.5,4
1,1,99,605.19,2,2,2,2,1,1,2.15,1.5,4
1,1,100,610.97,4,4,4,4,1,1,2.46,2.5,4
1,2,101,0.5,2,2,2,2,1,8,5.01,3.5,4
1,2,102,16.27,3,4,4,3,0,4,1.03,0.5,4
1,2,103,25.06,1,1,1,1,1,8,9.28,0.5,4
1,2,104,37.82,1,1,1,1,1,8,9.31,3.5,4
1,2,105,53.59,4,4,4,4,1,8,9.27,8,4
1,2,106,73.86,1,1,1,1,1,8,9.27,4.5,4
1,2,107,90.63,3,3,3,3,1,8,9.63,0.5,4
1,2,108,103.39,2,1,1,2,0,4,5.34,1.5,4
1,2,109,113.16,4,4,4,4,1,6,1.42,3.5,4
1,2,110,126.93,2,2,2,2,1,6,0.62,0.5,4
1,2,111,137.7,3,4,4,3,0,8,0.99,2.5,4
1,2,112,152.46,2,2,2,2,1,6,7.3,1.5,4
1,2,113,164.23,4,3,3,4,0,8,9.43,2.5,4
1,2,114,179,3,3,3,3,1,6,1.94,0.5,4
1,2,115,189.77,1,1,1,1,1,6,0.74,1.5,4
1,2,116,201.53,1,1,1,1,1,6,0.61,1.5,4
1,2,117,213.3,1,1,1,1,1,6,0.5,1.5,4
1,2,118,225.07,2,2,2,2,1,8,0.59,6.5,4
1,2,119,243.84,3,4,4,3,0,6,0.48,0.5,4
1,2,120,254.62,1,1,1,3,0,6,0.57,1.5,4
1,2,121,266.39,2,2,2,2,1,6,0.64,1.5,4
1,2,122,278.16,1,1,1,1,1,4,5.7,0.5,4
1,2,123,286.94,2,2,2,2,1,6,7.67,3.5,4
1,2,124,300.71,2,2,2,3,0,4,0.81,3.5,4
1,2,125,312.47,2,2,2,2,1,4,5.55,6.5,4
1,2,126,327.24,4,3,3,4,0,6,7.9,8,4
1,2,127,345.51,1,1,1,1,1,4,5.47,0.5,4
1,2,128,354.29,2,2,2,2,1,4,0.55,0.5,4
1,2,129,363.08,4,4,4,4,1,8,1.48,4.5,4
1,2,130,379.85,4,3,3,4,0,6,0.73,3.5,4
1,2,131,393.61,3,3,3,3,1,8,0.68,4.5,4
1,2,132,410.38,2,2,2,2,1,6,0.58,3.5,4
1,2,133,424.15,3,3,3,3,1,4,5.57,8,4
1,2,134,440.42,2,1,1,1,1,8,9.83,6.5,4
1,2,135,459.18,3,3,3,3,1,6,0.54,2.5,4
1,2,136,471.95,1,1,1,1,1,4,0.9,8,4
1,2,137,488.22,3,3,3,3,1,4,0.52,1.5,4
1,2,138,498,3,4,4,4,1,6,7.73,8,4
1,2,139,516.27,2,2,2,2,1,4,0.64,1.5,4
1,2,140,526.06,3,3,3,3,1,6,0.59,0.5,4
1,2,141,536.82,3,4,4,3,0,4,0.65,0.5,4
1,2,142,545.61,2,1,1,2,0,6,0.67,7.5,4
1,2,143,563.38,3,3,3,3,1,6,0.59,5.5,4
1,2,144,579.14,1,1,1,1,1,4,5.54,6.5,4
1,2,145,593.91,1,2,2,1,0,8,0.56,1.5,4
1,2,146,607.68,3,3,3,3,1,8,0.61,1.5,4
1,2,147,621.45,1,1,1,1,1,8,0.73,1.5,4
1,2,148,635.21,3,3,3,3,1,4,0.7,8,4
1,2,149,651.48,4,4,4,4,1,8,9.74,8,4
1,2,150,671.75,4,3,3,4,0,4,5.48,2.5,4
1,2,151,682.52,1,2,2,1,0,6,0.73,7.5,4
1,2,152,700.28,2,2,2,2,1,4,0.5,4.5,4
1,2,153,713.05,3,4,4,3,0,6,0.59,5.5,4
1,2,154,728.82,4,4,4,4,1,4,0.71,3.5,4
1,2,155,740.59,1,1,1,1,1,4,0.75,8,4
1,2,156,756.85,1,2,2,1,0,6,0.59,1.5,4
1,2,157,768.62,4,3,3,4,0,4,0.86,0.5,4
1,2,158,777.41,2,2,2,2,1,8,0.58,5.5,4
1,2,159,795.17,4,4,4,4,1,6,0.6,3.5,4
1,2,160,808.94,4,3,3,3,1,8,9.68,6.5,4
1,2,161,827.71,3,3,3,3,1,8,0.65,0.5,4
1,2,162,840.48,3,3,3,3,1,4,0.58,3.5,4
1,2,163,852.24,4,4,4,4,1,6,7.78,4.5,4
1,2,164,867.01,2,2,2,2,1,8,9.53,0.5,4
1,2,165,879.78,1,2,2,2,1,4,5.47,1.5,4
1,2,166,889.56,4,4,4,4,1,6,0.65,0.5,4
1,2,167,900.33,4,3,3,4,0,4,0.6,3.5,4
1,2,168,912.1,3,4,4,3,0,8,0.66,0.5,4
1,2,169,924.87,1,1,1,1,1,8,0.7,0.5,4
1,2,170,937.63,4,4,4,4,1,4,0.59,0.5,4
1,2,171,946.42,4,4,4,4,1,8,9.48,1.5,4
1,2,172,960.19,2,2,2,2,1,8,9.5,0.5,4
1,2,173,972.95,4,3,3,4,0,6,7.95,0.5,4
1,2,174,983.74,1,1,1,1,1,4,0.94,4.5,4
1,2,175,996.5,3,4,4,3,0,8,1.12,1.5,4
1,2,176,1010.27,4,4,4,4,1,8,0.62,1.5,4
1,2,177,1024.04,4,4,4,4,1,4,0.57,0.5,4
1,2,178,1032.82,2,2,2,2,1,4,5.37,2.5,4
1,2,179,1043.61,2,1,1,2,0,8,0.72,1.5,4
1,2,180,1057.38,1,1,1,1,1,6,0.61,8,4
2,1,1,0.51,1,2,2,2,1,1,3.08,0.5,4
2,1,2,5.3,3,3,3,3,1,1,2.78,1.5,4
2,1,3,11.08,1,2,2,2,1,1,2.11,8,4
2,1,4,23.35,4,3,3,3,1,1,2.43,0.5,4
2,1,5,28.13,4,4,4,4,1,1,2.36,3.5,4
2,1,6,35.92,1,2,2,2,1,1,2.17,0.5,4
2,1,7,40.7,4,4,4,4,1,1,2.17,0.5,4
2,1,8,45.48,1,2,2,2,1,1,2.15,0.5,4
2,1,9,50.27,2,1,1,1,1,1,1.28,2.5,4
2,1,10,57.05,3,3,3,3,1,1,1.02,4.5,4
2,1,11,65.84,4,3,3,4,0,1,0.72,2.5,4
2,1,12,72.62,3,3,3,3,1,1,0.88,2.5,4
2,1,13,79.4,4,4,4,4,1,1,0.54,1.5,4
2,1,14,85.19,1,1,1,1,1,1,2.43,3.5,4
2,1,15,92.97,2,1,1,1,1,1,0.63,0.5,4
2,1,16,97.75,1,1,1,2,0,1,0.72,0.5,4
2,1,17,102.54,1,2,2,2,1,1,0.49,5.5,4
2,1,18,112.32,3,3,3,3,1,1,0.56,8,4
2,1,19,124.59,2,2,2,2,1,1,2.33,1.5,4
2,1,20,130.37,4,4,4,4,1,1,0.75,0.5,4
2,1,21,135.14,2,1,1,1,1,1,0.6,2.5,4
2,1,22,141.92,1,2,2,2,1,1,2.26,0.5,4
2,1,23,146.71,2,2,2,2,1,1,2.41,1.5,4
2,1,24,152.49,3,3,3,3,1,1,0.64,1.5,4
2,1,25,158.28,1,2,2,2,1,1,0.64,3.5,4
2,1,26,166.06,1,1,1,1,1,1,2.29,0.5,4
2,1,27,170.84,2,2,2,1,0,1,0.5,1.5,4
2,1,28,176.63,4,3,3,4,0,1,0.65,1.5,4
2,1,29,182.41,3,4,4,3,0,1,0.69,0.5,4
2,1,30,187.19,3,3,3,3,1,1,0.61,0.5,4
2,1,31,191.98,3,3,3,3,1,1,0.63,0.5,4
2,1,32,196.76,3,4,4,3,0,1,0.58,1.5,4
2,1,33,202.54,4,4,4,4,1,1,0.8,0.5,4
2,1,34,207.33,4,3,3,4,0,1,0.71,0.5,4
2,1,35,212.11,1,1,1,2,0,1,0.53,4.5,4
2,1,36,220.9,1,2,2,2,1,1,0.56,0.5,4
2,1,37,225.68,3,3,3,3,1,1,0.6,0.5,4
2,1,38,230.46,2,2,2,2,1,1,2.37,3.5,4
2,1,39,238.25,3,3,3,3,1,1,0.59,0.5,4
2,1,40,243.03,2,1,1,1,1,1,0.63,1.5,4
2,1,41,248.81,3,4,4,4,1,1,2.21,5.5,4
2,1,42,258.6,1,1,1,2,0,1,0.6,1.5,4
2,1,43,264.38,2,1,1,1,1,1,0.57,1.5,4
2,1,44,270.17,4,4,4,4,1,1,0.71,3.5,4
2,1,45,277.95,2,1,1,1,1,1,2.31,1.5,4
2,1,46,283.73,3,4,4,4,1,1,2.3,4.5,4
2,1,47,292.52,3,4,4,3,0,1,0.65,0.5,4
2,1,48,297.3,2,2,2,1,0,1,0.61,5.5,4
2,1,49,307.07,2,1,1,1,1,1,0.64,5.5,4
2,1,50,316.84,2,1,1,1,1,1,0.54,2.5,4
2,1,51,323.62,1,1,1,1,1,1,2.33,0.5,4
2,1,52,328.4,1,2,2,2,1,1,0.54,0.5,4
2,1,53,333.19,1,2,2,2,1,1,0.57,2.5,4
2,1,54,339.97,3,3,3,3,1,1,2.34,3.5,4
2,1,55,347.75,2,2,2,2,1,1,2.21,1.5,4
2,1,56,353.54,2,2,2,1,0,1,0.63,0.5,4
2,1,57,358.32,4,3,3,4,0,1,0.62,0.5,4
2,1,58,363.11,2,2,2,1,0,1,0.57,0.5,4
2,1,59,367.89,4,4,4,4,1,1,0.57,1.5,4
2,1,60,373.67,3,4,4,3,0,1,0.65,0.5,4
2,1,61,378.46,4,4,4,4,1,1,0.55,2.5,4
2,1,62,385.24,4,4,4,4,1,1,0.65,2.5,4
2,1,63,392.02,3,4,4,3,0,1,0.67,0.5,4
2,1,64,396.81,1,2,2,2,1,1,0.55,0.5,4
2,1,65,401.59,3,3,3,3,1,1,0.65,0.5,4
2,1,66,406.38,2,1,1,1,1,1,0.45,0.5,4
2,1,67,411.16,2,2,2,2,1,1,2.18,0.5,4
2,1,68,415.93,1,2,2,2,1,1,0.59,0.5,4
2,1,69,420.71,1,1,1,2,0,1,0.64,1.5,4
2,1,70,426.49,1,1,1,2,0,1,0.56,0.5,4
2,1,71,431.28,2,2,2,1,0,1,0.58,0.5,4
2,1,72,436.06,4,3,3,4,0,1,0.67,1.5,4
2,1,73,441.84,4,4,4,4,1,1,0.58,0.5,4
2,1,74,446.63,1,1,1,2,0,1,0.7,4.5,4
2,1,75,455.41,4,4,4,4,1,1,0.54,5.5,4
2,1,76,465.2,2,1,1,1,1,1,0.59,2.5,4
2,1,77,471.98,4,4,4,4,1,1,0.65,0.5,4
2,1,78,476.76,1,1,1,1,1,1,2.51,0.5,4
2,1,79,481.55,3,3,3,3,1,1,0.7,0.5,4
2,1,80,486.33,4,4,4,4,1,1,2.39,1.5,4
2,1,81,492.11,3,3,3,3,1,1,2.25,0.5,4
2,1,82,496.9,4,4,4,4,1,1,2.41,0.5,4
2,1,83,501.68,2,1,1,1,1,1,2.31,3.5,4
2,1,84,509.47,1,1,1,1,1,1,2.27,1.5,4
2,1,85,515.25,3,3,3,3,1,1,2.34,1.5,4
2,1,86,521.03,4,4,4,4,1,1,2.44,1.5,4
2,1,87,526.82,2,1,1,1,1,1,2.28,4.5,4
2,1,88,535.6,4,4,4,4,1,1,2.43,0.5,4
2,1,89,540.38,1,1,1,1,1,1,2.18,0.5,4
2,1,90,545.17,4,3,3,4,0,1,0.6,5.5,4
2,1,91,554.95,3,3,3,3,1,1,0.68,2.5,4
2,1,92,561.74,2,2,2,1,0,1,0.68,5.5,4
2,1,93,571.52,3,3,3,3,1,1,0.57,3.5,4
2,1,94,579.3,2,2,2,1,0,1,0.55,1.5,4
2,1,95,585.09,4,4,4,4,1,1,0.64,0.5,4
2,1,96,589.87,3,3,3,3,1,1,0.56,1.5,4
2,1,97,595.65,2,1,1,1,1,1,2.17,0.5,4
2,1,98,600.44,4,3,3,3,1,1,2.34,3.5,4
2,1,99,608.22,1,1,1,2,0,1,0.57,0.5,4
2,1,100,613.01,3,3,3,3,1,1,0.63,0.5,4
2,2,101,0.51,2,2,2,1,0,6,3.07,1.5,4
2,2,102,12.28,3,4,4,3,0,8,0.67,1.5,4
2,2,103,26.04,3,3,3,3,1,4,0.58,8,4
2,2,104,42.31,2,2,2,1,0,4,0.55,0.5,4
2,2,105,51.1,1,1,1,2,0,6,0.56,1.5,4
2,2,106,62.86,3,3,3,3,1,6,0.78,2.5,4
2,2,107,75.63,1,2,2,2,1,6,0.8,1.5,4
2,2,108,87.4,2,2,2,1,0,4,5.6,6.5,4
2,2,109,102.17,4,4,4,4,1,6,7.43,8,4
2,2,110,120.43,4,3,3,4,0,8,0.83,6.5,4
2,2,111,139.2,4,4,4,4,1,8,0.59,8,4
2,2,112,159.47,4,4,4,4,1,6,0.88,0.5,4
2,2,113,170.24,4,4,4,4,1,6,7.77,4.5,4
2,2,114,185,1,1,1,1,1,8,9.7,4.5,4
2,2,115,201.77,3,3,3,3,1,6,0.96,5.5,4
2,2,116,217.54,4,4,4,4,1,8,0.68,1.5,4
2,2,117,231.31,3,3,3,3,1,6,7.9,0.5,4
2,2,118,242.08,3,3,3,3,1,8,5.03,1.5,4
2,2,119,255.84,1,1,1,1,1,6,7.57,1.5,4
2,2,120,267.61,3,3,3,3,1,8,2.73,2.5,4
2,2,121,282.38,4,3,3,4,0,6,0.83,0.5,4
2,2,122,293.15,4,4,4,4,1,6,0.64,3.5,4
2,2,123,306.91,2,1,1,1,1,4,0.58,1.5,4
2,2,124,316.7,2,1,1,2,0,8,9.77,0.5,4
2,2,125,329.46,3,3,3,3,1,6,0.98,0.5,4
2,2,126,340.23,2,2,2,1,0,8,1.61,5.5,4
2,2,127,358,4,4,4,4,1,8,0.69,1.5,4
2,2,128,371.77,1,1,1,2,0,4,0.56,0.5,4
2,2,129,380.55,2,2,2,1,0,4,0.61,3.5,4
2,2,130,392.32,2,2,2,1,0,8,0.58,6.5,4
2,2,131,411.09,1,1,1,2,0,4,0.67,6.5,4
2,2,132,425.85,3,3,3,3,1,8,0.71,0.5,4
2,2,133,438.62,3,3,3,3,1,8,0.64,4.5,4
2,2,134,455.39,1,2,2,2,1,6,0.64,1.5,4
2,2,135,467.16,1,2,2,2,1,8,9.44,0.5,4
2,2,136,479.92,3,3,3,3,1,4,5.7,1.5,4
2,2,137,489.71,2,2,2,1,0,6,7.57,1.5,4
2,2,138,501.48,4,3,3,4,0,8,0.63,2.5,4
2,2,139,516.24,3,4,4,3,0,4,0.73,0.5,4
2,2,140,525.03,1,1,1,2,0,8,0.74,1.5,4
2,2,141,538.8,2,2,2,1,0,6,0.7,3.5,4
2,2,142,552.56,4,4,4,4,1,4,0.54,3.5,4
2,2,143,564.33,1,2,2,2,1,8,0.55,1.5,4
2,2,144,578.1,3,3,3,3,1,8,0.6,0.5,4
2,2,145,590.87,2,1,1,1,1,6,7.78,7.5,4
2,2,146,608.63,2,1,1,1,1,4,6,4.5,4
2,2,147,621.4,4,3,3,3,1,4,5.57,2.5,4
2,2,148,632.17,1,1,1,2,0,8,0.54,3.5,4
2,2,149,647.94,3,3,3,3,1,4,0.81,8,4
2,2,150,664.2,3,3,3,3,1,6,0.81,0.5,4
2,2,151,674.99,2,1,1,1,1,6,7.74,0.5,4
2,2,152,685.76,4,3,3,3,1,6,7.54,8,4
2,2,153,704.02,4,3,3,4,0,4,0.66,0.5,4
2,2,154,712.81,2,1,1,1,1,6,0.56,3.5,4
2,2,155,726.57,4,4,4,4,1,6,0.74,3.5,4
2,2,156,740.34,2,1,1,1,1,4,5.63,1.5,4
2,2,157,750.13,3,4,4,4,1,6,7.67,5.5,4
2,2,158,765.89,2,1,1,1,1,8,0.6,6.5,4
2,2,159,784.66,1,1,1,2,0,4,0.56,4.5,4
2,2,160,797.43,2,1,1,1,1,8,1.01,1.5,4
2,2,161,811.2,1,1,1,2,0,6,0.87,1.5,4
2,2,162,822.96,1,2,2,2,1,6,0.55,7.5,4
2,2,163,840.73,3,4,4,3,0,8,0.7,0.5,4
2,2,164,853.5,2,2,2,1,0,8,0.7,3.5,4
2,2,165,869.27,1,2,2,2,1,4,0.53,1.5,4
2,2,166,879.05,1,2,2,2,1,8,0.62,0.5,4
2,2,167,891.82,1,1,1,1,1,4,5.58,0.5,4
2,2,168,900.6,4,3,3,4,0,4,0.65,3.5,4
2,2,169,912.37,1,2,2,2,1,4,0.71,8,4
2,2,170,928.64,3,3,3,3,1,4,0.65,3.5,4
2,2,171,940.41,4,4,4,4,1,4,0.55,0.5,4
2,2,172,949.19,3,4,4,4,1,4,5.8,0.5,4
2,2,173,957.97,3,4,4,3,0,6,0.63,8,4
2,2,174,976.24,2,2,2,1,0,4,0.7,2.5,4
2,2,175,987.01,4,4,4,4,1,4,0.87,0.5,4
2,2,176,995.79,1,2,2,2,1,6,0.68,8,4
2,2,177,1014.06,1,2,2,2,1,4,6,8,4
2,2,178,1030.33,4,4,4,4,1,8,9.73,4.5,4
2,2,179,1047.1,2,1,1,1,1,8,10.03,0.5,4
2,2,180,1059.86,4,4,4,4,1,6,7.65,3.5,4
1,1,1,0.51,4,3,3,4,0,1,3.22,2.5,6
1,1,2,7.29,2,2,2,2,1,1,2.97,0.5,6
1,1,3,12.07,3,3,3,3,1,1,2.86,2.5,6
1,1,4,18.86,4,3,3,2,0,1,0.79,0.5,6
1,1,5,23.64,1,1,1,1,1,1,2.53,3.5,6
1,1,6,31.43,2,2,2,2,1,1,2.75,1.5,6
1,1,7,37.21,3,4,4,4,1,1,2.7,4.5,6
1,1,8,45.99,2,2,2,2,1,1,2.51,3.5,6
1,1,9,53.78,4,3,3,3,1,1,2.9,0.5,6
1,1,10,58.56,2,2,2,2,1,1,2.17,2.5,6
1,1,11,65.34,4,4,4,4,1,1,2.5,1.5,6
1,1,12,71.13,4,3,3,3,1,1,2.6,0.5,6
1,1,13,75.91,1,1,1,1,1,1,2.27,0.5,6
1,1,14,80.7,4,4,4,4,1,1,2.58,3.5,6
1,1,15,88.48,4,3,3,3,1,1,2.43,4.5,6
1,1,16,97.26,3,4,4,4,1,1,2.57,0.5,6
1,1,17,102.05,3,4,4,4,1,1,2.44,4.5,6
1,1,18,110.83,4,3,3,3,1,1,2.19,1.5,6
1,1,19,116.61,3,3,3,3,1,1,2.37,3.5,6
1,1,20,124.4,1,1,1,1,1,1,2.92,3.5,6
1,1,21,132.18,3,4,4,4,1,1,2.56,0.5,6
1,1,22,136.97,2,1,1,1,1,1,2.73,0.5,6
1,1,23,141.75,3,4,4,4,1,1,2.49,4.5,6
1,1,24,150.53,1,1,1,1,1,1,2.65,1.5,6
1,1,25,156.32,3,4,4,4,1,1,2.57,0.5,6
1,1,26,161.1,1,1,1,1,1,1,2.33,0.5,6
1,1,27,165.88,4,4,4,3,0,1,1.24,1.5,6
1,1,28,171.67,4,3,3,3,1,1,2.73,0.5,6
1,1,29,176.45,3,3,3,3,1,1,2.62,0.5,6
1,1,30,181.24,2,1,1,1,1,1,2.55,1.5,6
1,1,31,187.02,4,4,4,4,1,1,2.68,1.5,6
1,1,32,192.8,1,2,2,2,1,1,2.53,1.5,6
1,1,33,198.59,1,1,1,1,1,1,2.53,0.5,6
1,1,34,203.37,2,2,2,4,0,1,1.27,5.5,6
1,1,35,213.15,4,4,4,4,1,1,2.98,0.5,6
1,1,36,217.94,4,3,3,3,1,1,2.5,0.5,6
1,1,37,222.72,2,2,2,2,1,1,2.56,0.5,6
1,1,38,227.51,3,4,4,4,1,1,2.48,0.5,6
1,1,39,232.29,3,3,3,3,1,1,2.42,0.5,6
1,1,40,237.07,1,2,2,2,1,1,2.48,0.5,6
1,1,41,241.86,2,1,1,1,1,1,1.17,0.5,6
1,1,42,246.64,1,1,1,2,0,1,2.32,0.5,6
1,1,43,251.42,4,4,4,4,1,1,2.6,5.5,6
1,1,44,261.21,4,3,3,3,1,1,2.54,0.5,6
1,1,45,265.99,1,2,2,2,1,1,2.42,0.5,6
1,1,46,270.78,1,1,1,1,1,1,3.05,1.5,6
1,1,47,276.56,4,4,4,4,1,1,2.51,8,6
1,1,48,288.83,1,1,1,1,1,1,2.65,0.5,6
1,1,49,293.61,3,3,3,3,1,1,2.56,5.5,6
1,1,50,303.39,3,4,4,4,1,1,2.75,0.5,6
1,1,51,308.18,1,1,1,2,0,1,1.49,2.5,6
1,1,52,314.96,4,4,4,4,1,1,2.81,0.5,6
1,1,53,319.75,4,3,3,3,1,1,2.69,0.5,6
1,1,54,324.53,3,4,4,4,1,1,2.76,2.5,6
1,1,55,331.31,2,2,2,2,1,1,2.52,0.5,6
1,1,56,336.1,3,3,3,3,1,1,2.52,0.5,6
1,1,57,340.88,2,1,1,1,1,1,2.6,1.5,6
1,1,58,346.66,2,1,1,1,1,1,1.27,3.5,6
1,1,59,354.45,1,1,1,1,1,1,2.67,1.5,6
1,1,60,360.23,2,2,2,2,1,1,2.41,1.5,6
1,1,61,366.02,1,1,1,1,1,1,2.58,8,6
1,1,62,378.28,4,3,3,3,1,1,2.67,0.5,6
1,1,63,383.07,4,4,4,3,0,1,2.26,1.5,6
1,1,64,388.85,3,3,3,3,1,1,2.57,0.5,6
1,1,65,393.63,1,2,2,2,1,1,3.13,5.5,6
1,1,66,403.42,1,2,2,2,1,1,2.53,1.5,6
1,1,67,409.2,2,2,2,2,1,1,2.48,2.5,6
1,1,68,415.99,1,2,2,2,1,1,2.56,1.5,6
1,1,69,421.77,1,2,2,2,1,1,2.56,2.5,6
1,1,70,428.55,3,3,3,3,1,1,2.65,0.5,6
1,1,71,433.34,1,2,2,2,1,1,2.55,2.5,6
1,1,72,440.12,3,4,4,4,1,1,2.5,0.5,6
1,1,73,444.9,4,4,4,4,1,1,2.46,0.5,6
1,1,74,449.69,1,1,1,1,1,1,2.62,5.5,6
1,1,75,459.47,1,1,1,1,1,1,2.31,1.5,6
1,1,76,465.26,3,3,3,3,1,1,2.53,4.5,6
1,1,77,474.04,1,2,2,3,0,1,0.58,0.5,6
1,1,78,478.82,3,3,3,3,1,1,2.44,3.5,6
1,1,79,486.61,2,1,1,1,1,1,2.37,2.5,6
1,1,80,493.39,4,4,4,4,1,1,2.54,1.5,6
1,1,81,499.17,2,2,2,2,1,1,2.42,0.5,6
1,1,82,503.96,2,2,2,2,1,1,2.52,1.5,6
1,1,83,509.74,2,2,2,2,1,1,2.34,1.5,6
1,1,84,515.53,2,1,1,1,1,1,2.41,0.5,6
1,1,85,520.31,2,2,2,1,0,1,1.57,1.5,6
1,1,86,526.09,4,4,4,4,1,1,2.53,0.5,6
1,1,87,530.88,2,2,2,2,1,1,2.38,0.5,6
1,1,88,535.66,2,2,2,2,1,1,2.28,0.5,6
1,1,89,540.44,2,1,1,2,0,1,0.94,0.5,6
1,1,90,545.23,4,3,3,3,1,1,2.57,3.5,6
1,1,91,553.01,4,3,3,3,1,1,1.01,0.5,6
1,1,92,557.79,1,1,1,1,1,1,2.66,1.5,6
1,1,93,563.56,3,4,4,1,0,1,1.45,2.5,6
1,1,94,570.35,3,4,4,4,1,1,2.3,0.5,6
1,1,95,575.13,3,3,3,3,1,1,2.32,5.5,6
1,1,96,584.91,3,3,3,3,1,1,2.46,3.5,6
1,1,97,592.7,1,2,2,2,1,1,2.6,5.5,6
1,1,98,602.48,2,1,1,1,1,1,2.55,0.5,6
1,1,99,607.26,2,1,1,1,1,1,0.82,1.5,6
1,1,100,613.05,3,3,3,3,1,1,2.47,0.5,6
1,2,101,0.51,2,2,2,2,1,4,7.41,1.5,6
1,2,102,10.28,1,2,2,1,0,4,6.7,4.5,6
1,2,103,23.05,4,3,3,3,1,8,10.43,6.5,6
1,2,104,41.82,4,4,4,4,1,4,5.85,2.5,6
1,2,105,52.58,2,2,2,2,1,8,9.23,1.5,6
1,2,106,66.35,2,2,2,2,1,8,1.06,6.5,6
1,2,107,85.12,4,3,3,3,1,6,7.7,4.5,6
1,2,108,99.89,3,4,4,4,1,6,8.34,8,6
1,2,109,118.15,2,1,1,2,0,8,0.53,0.5,6
1,2,110,130.92,1,2,2,2,1,8,10.7,1.5,6
1,2,111,144.69,3,3,3,3,1,8,9.73,1.5,6
1,2,112,158.46,1,2,2,2,1,6,8.93,1.5,6
1,2,113,170.22,4,4,4,4,1,4,5.77,0.5,6
1,2,114,178.99,1,2,2,2,1,4,6.45,0.5,6
1,2,115,187.78,1,1,1,1,1,8,9.73,0.5,6
1,2,116,200.54,4,4,4,2,0,8,1.95,0.5,6
1,2,117,213.31,1,1,1,1,1,4,7.33,0.5,6
1,2,118,222.09,1,1,1,1,1,6,9.3,1.5,6
1,2,119,233.86,4,3,3,3,1,4,4.13,0.5,6
1,2,120,242.65,4,3,3,3,1,8,9.83,8,6
1,2,121,262.91,4,3,3,3,1,6,1.04,8,6
1,2,122,281.18,4,3,3,3,1,4,0.89,0.5,6
1,2,123,289.95,3,3,3,4,0,6,8.62,3.5,6
1,2,124,303.72,1,1,1,2,0,6,8.53,1.5,6
1,2,125,315.48,4,4,4,3,0,6,2.49,1.5,6
1,2,126,327.25,4,4,4,4,1,4,5.57,8,6
1,2,127,343.52,3,4,4,4,1,8,9.7,1.5,6
1,2,128,357.29,3,3,3,3,1,6,7.6,0.5,6
1,2,129,368.05,2,1,1,1,1,4,5.97,0.5,6
1,2,130,376.84,2,1,1,2,0,8,11.1,6.5,6
1,2,131,395.61,1,1,1,1,1,4,7.33,0.5,6
1,2,132,404.39,4,4,4,4,1,6,8.13,3.5,6
1,2,133,418.16,4,4,4,4,1,6,7.84,0.5,6
1,2,134,428.94,2,1,1,1,1,4,7.2,3.5,6
1,2,135,440.71,3,4,4,4,1,8,9.63,4.5,6
1,2,136,457.48,1,2,2,2,1,4,6.7,5.5,6
1,2,137,471.24,2,2,2,2,1,6,8.63,5.5,6
1,2,138,487.01,1,1,1,1,1,4,7.03,3.5,6
1,2,139,498.78,3,3,3,3,1,4,6.74,1.5,6
1,2,140,508.56,3,4,4,4,1,8,10.24,0.5,6
1,2,141,521.33,2,2,2,2,1,4,6.8,1.5,6
1,2,142,531.12,2,1,1,1,1,6,9.13,3.5,6
1,2,143,544.88,2,2,2,2,1,4,5.87,0.5,6
1,2,144,553.67,1,2,2,2,1,6,8.7,4.5,6
1,2,145,568.43,3,3,3,3,1,8,9.87,1.5,6
1,2,146,582.2,2,2,2,2,1,8,10.13,0.5,6
1,2,147,594.97,2,1,1,1,1,6,8.83,2.5,6
1,2,148,607.74,1,2,2,2,1,8,10.43,1.5,6
1,2,149,621.51,2,2,2,2,1,4,5.84,4.5,6
1,2,150,634.27,3,3,3,3,1,6,7.75,2.5,6
1,2,151,647.04,2,1,1,1,1,4,7,2.5,6
1,2,152,657.81,2,2,2,2,1,6,8.67,4.5,6
1,2,153,672.58,1,1,1,1,1,8,9.98,0.5,6
1,2,154,685.34,3,4,4,1,0,6,2.64,5.5,6
1,2,155,701.11,1,1,1,2,0,8,10.48,7.5,6
1,2,156,720.88,3,4,4,4,1,8,9.9,8,6
1,2,157,741.15,4,3,3,3,1,4,6.28,7.5,6
1,2,158,756.91,1,1,1,1,1,6,7.9,8,6
1,2,159,775.18,4,4,4,4,1,6,7.87,1.5,6
1,2,160,786.95,3,4,4,4,1,4,5.73,1.5,6
1,2,161,796.73,2,2,2,2,1,8,10.47,3.5,6
1,2,162,812.5,3,4,4,4,1,4,6.1,3.5,6
1,2,163,824.27,4,3,3,NA,0,4,NA,6.5,6
1,2,164,839.04,3,3,3,3,1,6,8.23,8,6
1,2,165,857.3,4,4,4,4,1,8,10.1,3.5,6
1,2,166,873.07,4,4,4,4,1,8,9.67,2.5,6
1,2,167,887.84,1,1,1,1,1,4,6.47,8,6
1,2,168,904.11,3,3,3,3,1,4,5.84,3.5,6
1,2,169,915.88,2,2,2,2,1,6,8.1,0.5,6
1,2,170,926.64,2,2,2,2,1,6,8.83,1.5,6
1,2,171,938.41,4,3,3,3,1,8,10.25,0.5,6
1,2,172,951.18,4,3,3,3,1,6,7.58,0.5,6
1,2,173,961.94,1,2,2,2,1,6,8.01,0.5,6
1,2,174,972.71,3,3,3,3,1,4,6.25,1.5,6
1,2,175,982.5,3,4,4,4,1,4,5.53,3.5,6
1,2,176,994.26,1,1,1,1,1,6,7.92,3.5,6
1,2,177,1008.03,1,1,1,1,1,8,11.17,8,6
1,2,178,1028.3,3,4,4,4,1,6,7.87,1.5,6
1,2,179,1040.07,3,3,3,3,1,8,10.1,6.5,6
1,2,180,1058.83,2,1,1,2,0,8,10.4,0.5,6
2,1,1,0.51,4,4,4,4,1,1,2.82,0.5,6
2,1,2,5.3,2,2,2,2,1,1,2.6,0.5,6
2,1,3,10.08,3,4,4,4,1,1,2.78,0.5,6
2,1,4,14.86,3,3,3,3,1,1,2.4,0.5,6
2,1,5,19.65,3,3,3,3,1,1,1.09,3.5,6
2,1,6,27.43,4,3,3,3,1,1,2.45,0.5,6
2,1,7,32.22,4,4,4,4,1,1,1.26,1.5,6
2,1,8,38,2,2,2,2,1,1,1,1.5,6
2,1,9,43.78,4,4,4,4,1,1,1.12,0.5,6
2,1,10,48.57,1,1,1,1,1,1,2.33,1.5,6
2,1,11,54.35,1,2,2,1,0,1,0.92,0.5,6
2,1,12,59.13,1,2,2,2,1,1,1.35,1.5,6
2,1,13,64.92,1,1,1,2,0,1,0.8,0.5,6
2,1,14,69.7,1,1,1,1,1,1,1.23,3.5,6
2,1,15,77.49,1,1,1,1,1,1,2.51,0.5,6
2,1,16,82.27,3,3,3,3,1,1,3.03,3.5,6
2,1,17,90.05,1,1,1,1,1,1,1.28,1.5,6
2,1,18,95.84,1,2,2,1,0,1,0.74,0.5,6
2,1,19,100.62,3,3,3,3,1,1,2.21,2.5,6
2,1,20,107.4,4,4,4,4,1,1,0.99,5.5,6
2,1,21,117.19,3,3,3,3,1,1,2.16,2.5,6
2,1,22,123.97,2,2,2,2,1,1,0.86,1.5,6
2,1,23,129.76,3,3,3,4,0,1,1.24,0.5,6
2,1,24,134.54,2,1,1,2,0,1,0.48,0.5,6
2,1,25,139.32,2,1,1,1,1,1,0.54,0.5,6
2,1,26,144.11,1,1,1,1,1,1,2.66,1.5,6
2,1,27,149.87,3,4,4,3,0,1,1.08,0.5,6
2,1,28,154.66,2,2,2,2,1,1,2.42,1.5,6
2,1,29,160.44,4,4,4,4,1,1,2.67,0.5,6
2,1,30,165.22,1,1,1,1,1,1,2.64,0.5,6
2,1,31,170.01,1,1,1,1,1,1,2.22,5.5,6
2,1,32,179.79,1,1,1,1,1,1,2.29,1.5,6
2,1,33,185.58,4,4,4,4,1,1,3.49,1.5,6
2,1,34,191.36,2,2,2,2,1,1,1.09,2.5,6
2,1,35,198.14,1,1,1,1,1,1,2.34,0.5,6
2,1,36,202.93,3,4,4,4,1,1,2.66,0.5,6
2,1,37,207.71,4,3,3,3,1,1,2.32,0.5,6
2,1,38,212.48,1,1,1,1,1,1,0.89,1.5,6
2,1,39,218.26,3,3,3,3,1,1,2.37,4.5,6
2,1,40,227.05,2,1,1,2,0,1,1.12,3.5,6
2,1,41,234.83,2,2,2,1,0,1,0.44,1.5,6
2,1,42,240.61,3,3,3,3,1,1,2.37,5.5,6
2,1,43,250.4,1,2,2,2,1,1,2.48,0.5,6
2,1,44,255.18,4,4,4,1,0,1,1.35,2.5,6
2,1,45,261.96,4,4,4,4,1,1,1.07,0.5,6
2,1,46,266.75,4,3,3,4,0,1,1.2,0.5,6
2,1,47,271.53,3,4,4,4,1,1,2.41,0.5,6
2,1,48,276.32,4,3,3,3,1,1,2.26,4.5,6
2,1,49,285.1,1,1,1,1,1,1,2.56,2.5,6
2,1,50,291.88,4,4,4,4,1,1,2.48,1.5,6
2,1,51,297.67,3,3,3,3,1,1,2.12,4.5,6
2,1,52,306.45,3,3,3,3,1,1,1.62,3.5,6
2,1,53,314.23,3,3,3,3,1,1,0.81,0.5,6
2,1,54,319.02,4,4,4,4,1,1,2.29,8,6
2,1,55,331.29,2,2,2,2,1,1,0.63,0.5,6
2,1,56,336.07,2,2,2,2,1,1,1.16,5.5,6
2,1,57,345.85,2,1,1,2,0,1,0.95,1.5,6
2,1,58,351.64,4,4,4,4,1,1,2.23,3.5,6
2,1,59,359.42,4,4,4,4,1,1,0.54,0.5,6
2,1,60,364.2,2,2,2,2,1,1,0.87,0.5,6
2,1,61,368.99,3,3,3,3,1,1,1.1,4.5,6
2,1,62,377.77,4,4,4,4,1,1,0.93,0.5,6
2,1,63,382.56,3,3,3,3,1,1,0.84,0.5,6
2,1,64,387.34,4,4,4,4,1,1,0.7,0.5,6
2,1,65,392.11,1,2,2,1,0,1,0.94,2.5,6
2,1,66,398.89,3,3,3,3,1,1,0.69,2.5,6
2,1,67,405.67,2,1,1,2,0,1,0.7,0.5,6
2,1,68,410.46,4,4,4,4,1,1,0.96,1.5,6
2,1,69,416.24,1,1,1,1,1,1,1.25,0.5,6
2,1,70,421.01,2,1,1,2,0,1,0.71,1.5,6
2,1,71,426.79,4,3,3,4,0,1,0.74,3.5,6
2,1,72,434.58,4,4,4,3,0,1,0.79,0.5,6
2,1,73,439.36,1,2,2,2,1,1,2.37,2.5,6
2,1,74,446.14,2,2,2,1,0,1,1.03,2.5,6
2,1,75,452.93,2,2,2,2,1,1,2.34,0.5,6
2,1,76,457.71,3,3,3,3,1,1,0.95,0.5,6
2,1,77,462.49,2,1,1,2,0,1,0.82,0.5,6
2,1,78,467.28,3,3,3,3,1,1,0.81,0.5,6
2,1,79,472.05,2,2,2,2,1,1,0.5,2.5,6
2,1,80,478.83,4,4,4,4,1,1,0.9,0.5,6
2,1,81,483.61,2,2,2,1,0,1,1,1.5,6
2,1,82,489.4,3,3,3,3,1,1,0.74,5.5,6
2,1,83,499.18,2,2,2,2,1,1,1.01,0.5,6
2,1,84,503.96,2,2,2,2,1,1,0.8,1.5,6
2,1,85,509.75,3,3,3,3,1,1,2.36,0.5,6
2,1,86,514.53,4,4,4,4,1,1,0.92,1.5,6
2,1,87,520.32,4,4,4,4,1,1,0.71,0.5,6
2,1,88,525.08,1,1,1,1,1,1,1.01,1.5,6
2,1,89,530.87,1,1,1,1,1,1,0.79,8,6
2,1,90,543.13,4,4,4,4,1,1,0.84,1.5,6
2,1,91,548.92,3,3,3,3,1,1,1.21,0.5,6
2,1,92,553.7,1,1,1,4,0,1,0.74,3.5,6
2,1,93,561.48,2,2,2,2,1,1,0.67,0.5,6
2,1,94,566.27,2,2,2,2,1,1,0.75,3.5,6
2,1,95,574.05,2,1,1,2,0,1,0.5,0.5,6
2,1,96,578.84,3,3,3,3,1,1,0.78,4.5,6
2,1,97,587.62,1,2,2,1,0,1,1.28,5.5,6
2,1,98,597.4,3,4,4,3,0,1,0.65,0.5,6
2,1,99,602.19,1,1,1,2,0,1,1.5,5.5,6
2,1,100,611.97,1,1,1,1,1,1,1.07,1.5,6
2,2,101,0.5,1,1,1,1,1,4,6.67,0.5,6
2,2,102,9.28,1,2,2,1,0,6,0.99,0.5,6
2,2,103,20.05,2,1,1,1,1,8,9.67,6.5,6
2,2,104,38.82,3,3,3,3,1,8,0.91,8,6
2,2,105,59.09,3,3,3,3,1,8,0.73,0.5,6
2,2,106,71.86,3,3,3,3,1,4,0.86,1.5,6
2,2,107,81.64,2,2,2,2,1,4,5.77,4.5,6
2,2,108,94.41,1,2,2,1,0,4,1.55,5.5,6
2,2,109,108.17,4,4,4,4,1,8,0.85,8,6
2,2,110,128.44,4,4,4,4,1,6,0.73,1.5,6
2,2,111,140.21,4,4,4,4,1,6,0.64,0.5,6
2,2,112,150.99,3,4,4,3,0,4,1.37,3.5,6
2,2,113,162.76,4,3,3,3,1,8,10.8,6.5,6
2,2,114,181.53,3,3,3,3,1,4,2.16,3.5,6
2,2,115,193.3,2,1,1,2,0,4,7.17,3.5,6
2,2,116,205.06,2,2,2,2,1,6,7.85,4.5,6
2,2,117,219.83,3,3,3,3,1,4,0.96,1.5,6
2,2,118,229.62,3,3,3,3,1,8,10.1,1.5,6
2,2,119,243.38,2,2,2,2,1,4,7.34,2.5,6
2,2,120,254.15,4,4,4,4,1,6,0.97,8,6
2,2,121,272.42,4,4,4,4,1,8,0.97,0.5,6
2,2,122,285.19,2,2,2,2,1,6,1.35,0.5,6
2,2,123,295.95,1,1,1,1,1,4,0.79,0.5,6
2,2,124,304.74,1,2,2,1,0,8,9.5,1.5,6
2,2,125,318.52,4,3,3,4,0,4,0.83,6.5,6
2,2,126,333.29,3,4,4,4,1,6,9.33,8,6
2,2,127,351.56,2,2,2,2,1,6,1.22,5.5,6
2,2,128,367.33,3,3,3,4,0,6,8.54,5.5,6
2,2,129,383.09,4,4,4,4,1,8,10.85,0.5,6
2,2,130,395.86,1,2,2,1,0,8,1.29,1.5,6
2,2,131,409.63,3,3,3,4,0,6,9.4,3.5,6
2,2,132,423.4,1,2,2,2,1,4,7.57,4.5,6
2,2,133,436.16,1,1,1,2,0,8,10.54,0.5,6
2,2,134,448.93,4,4,4,4,1,8,10.23,2.5,6
2,2,135,463.7,4,4,4,4,1,6,0.75,0.5,6
2,2,136,474.47,1,1,1,1,1,8,10.81,8,6
2,2,137,494.73,2,1,1,2,0,8,0.79,0.5,6
2,2,138,507.5,2,2,2,1,0,4,7.01,0.5,6
2,2,139,516.29,4,4,4,4,1,6,1,3.5,6
2,2,140,530.05,1,1,1,2,0,8,11.08,0.5,6
2,2,141,542.82,1,1,1,2,0,6,8,1.5,6
2,2,142,554.59,3,3,3,3,1,6,1.41,8,6
2,2,143,572.86,4,3,3,4,0,4,1.91,0.5,6
2,2,144,581.62,4,4,4,4,1,4,7.23,0.5,6
2,2,145,590.41,3,4,4,3,0,8,2.29,1.5,6
2,2,146,604.17,2,2,2,2,1,8,11.05,6.5,6
2,2,147,622.94,4,4,4,3,0,4,7.77,7.5,6
2,2,148,638.71,1,1,1,1,1,4,5.87,0.5,6
2,2,149,647.49,2,1,1,2,0,6,0.97,2.5,6
2,2,150,660.26,4,4,4,3,0,8,10.45,3.5,6
2,2,151,676.03,4,4,4,4,1,8,0.91,8,6
2,2,152,696.3,3,4,4,3,0,8,10.01,4.5,6
2,2,153,713.07,1,1,1,1,1,4,6.87,8,6
2,2,154,729.33,4,4,4,4,1,4,3.18,0.5,6
2,2,155,738.12,2,2,2,2,1,8,9.88,1.5,6
2,2,156,751.88,2,2,2,2,1,4,1.11,1.5,6
2,2,157,761.65,1,1,1,1,1,4,6.3,3.5,6
2,2,158,773.42,2,2,2,2,1,6,0.73,1.5,6
2,2,159,785.19,3,3,3,4,0,6,7.9,0.5,6
2,2,160,795.95,1,1,1,1,1,6,8.34,8,6
2,2,161,814.22,1,2,2,1,0,6,1,4.5,6
2,2,162,828.99,3,3,3,3,1,6,1.05,2.5,6
2,2,163,841.76,3,3,3,3,1,8,1.54,6.5,6
2,2,164,860.53,1,1,1,1,1,8,1.04,7.5,6
2,2,165,880.29,4,3,3,4,0,6,0.81,4.5,6
2,2,166,895.06,2,1,1,2,0,4,1,0.5,6
2,2,167,903.84,2,2,2,2,1,4,6.47,1.5,6
2,2,168,913.63,4,4,4,4,1,4,1.97,2.5,6
2,2,169,924.41,2,1,1,2,0,8,2.51,0.5,6
2,2,170,937.18,1,1,1,1,1,6,7.91,1.5,6
2,2,171,948.95,1,1,1,1,1,6,9.3,3.5,6
2,2,172,962.72,3,3,3,3,1,4,1.83,3.5,6
2,2,173,974.48,2,1,1,2,0,6,0.96,3.5,6
2,2,174,988.25,3,3,3,3,1,4,6.17,1.5,6
2,2,175,998.03,1,1,1,1,1,6,8.37,1.5,6
2,2,176,1009.8,3,3,3,3,1,6,1.29,1.5,6
2,2,177,1021.57,4,4,4,4,1,6,0.85,1.5,6
2,2,178,1033.34,3,3,3,3,1,8,1.38,1.5,6
2,2,179,1047.1,2,2,2,2,1,8,0.84,3.5,6
2,2,180,1062.87,2,2,2,2,1,8,0.82,0.5,6
1,1,1,0.52,4,4,4,4,1,1,2.98,4.5,7
1,1,2,9.3,2,1,1,1,1,1,3.05,0.5,7
1,1,3,14.08,4,4,4,4,1,1,2.19,0.5,7
1,1,4,18.87,3,4,4,3,0,1,2.22,0.5,7
1,1,5,23.65,4,3,3,3,1,1,2.42,5.5,7
1,1,6,33.43,1,2,2,2,1,1,2.35,1.5,7
1,1,7,39.22,4,3,3,3,1,1,2.2,1.5,7
1,1,8,45,2,1,1,1,1,1,2.14,0.5,7
1,1,9,49.79,3,3,3,3,1,1,2.15,2.5,7
1,1,10,56.57,1,2,2,2,1,1,0.97,4.5,7
1,1,11,65.35,3,3,3,3,1,1,1.08,0.5,7
1,1,12,70.14,3,4,4,3,0,1,0.5,1.5,7
1,1,13,75.92,3,3,3,3,1,1,2.13,0.5,7
1,1,14,80.7,2,2,2,1,0,1,0.83,1.5,7
1,1,15,86.47,3,3,3,3,1,1,2.12,1.5,7
1,1,16,92.26,2,1,1,1,1,1,1.03,1.5,7
1,1,17,98.04,3,4,4,3,0,1,0.85,8,7
1,1,18,110.31,3,3,3,3,1,1,2.08,5.5,7
1,1,19,120.09,3,3,3,3,1,1,1.52,2.5,7
1,1,20,126.87,1,2,2,2,1,1,0.71,0.5,7
1,1,21,131.66,1,2,2,2,1,1,0.78,1.5,7
1,1,22,137.44,4,4,4,4,1,1,2.09,0.5,7
1,1,23,142.23,2,2,2,1,0,1,0.75,0.5,7
1,1,24,147.01,1,1,1,2,0,1,1.32,0.5,7
1,1,25,151.79,1,2,2,2,1,1,2.17,0.5,7
1,1,26,156.58,4,4,4,4,1,1,1.47,1.5,7
1,1,27,162.36,3,3,3,3,1,1,1.95,0.5,7
1,1,28,167.14,4,4,4,4,1,1,2.28,4.5,7
1,1,29,175.93,4,4,4,4,1,1,1.55,3.5,7
1,1,30,183.71,4,3,3,4,0,1,1.01,2.5,7
1,1,31,190.5,2,2,2,2,1,1,2.42,5.5,7
1,1,32,200.28,3,4,4,3,0,1,2.2,0.5,7
1,1,33,205.05,3,3,3,3,1,1,2.22,2.5,7
1,1,34,211.83,1,2,2,2,1,1,2.12,0.5,7
1,1,35,216.6,3,3,3,3,1,1,1.85,0.5,7
1,1,36,221.38,3,3,3,3,1,1,2.13,3.5,7
1,1,37,229.16,3,3,3,3,1,1,1.27,1.5,7
1,1,38,234.95,1,2,2,2,1,1,2.09,0.5,7
1,1,39,239.73,2,2,2,2,1,1,2.33,2.5,7
1,1,40,246.52,2,1,1,1,1,1,2.27,0.5,7
1,1,41,251.3,1,2,2,2,1,1,2.24,1.5,7
1,1,42,257.08,4,4,4,3,0,1,2.23,0.5,7
1,1,43,261.87,1,1,1,2,0,1,1.36,3.5,7
1,1,44,269.65,3,3,3,3,1,1,1.96,4.5,7
1,1,45,278.43,1,1,1,2,0,1,2.1,0.5,7
1,1,46,283.22,2,2,2,2,1,1,2.28,0.5,7
1,1,47,288,4,4,4,4,1,1,2.11,3.5,7
1,1,48,295.79,2,2,2,1,0,1,1.05,0.5,7
1,1,49,300.57,2,1,1,2,0,1,0.94,1.5,7
1,1,50,306.35,2,1,1,2,0,1,2.31,0.5,7
1,1,51,311.14,3,4,4,4,1,1,2.44,1.5,7
1,1,52,316.92,4,3,3,3,1,1,2.36,1.5,7
1,1,53,322.7,2,1,1,1,1,1,2.13,5.5,7
1,1,54,332.49,4,4,4,4,1,1,2.23,1.5,7
1,1,55,338.27,2,2,2,1,0,1,2.08,5.5,7
1,1,56,348.06,1,1,1,1,1,1,2.27,0.5,7
1,1,57,352.84,1,2,2,1,0,1,2.05,5.5,7
1,1,58,362.62,1,1,1,1,1,1,2.3,0.5,7
1,1,59,367.41,2,2,2,2,1,1,2.23,3.5,7
1,1,60,375.19,4,4,4,1,0,1,0.9,2.5,7
1,1,61,381.97,3,4,4,3,0,1,0.88,0.5,7
1,1,62,386.76,2,1,1,1,1,1,2.29,4.5,7
1,1,63,395.54,4,4,4,4,1,1,2.42,0.5,7
1,1,64,400.33,4,4,4,4,1,1,2.22,2.5,7
1,1,65,407.11,4,4,4,4,1,1,2.38,0.5,7
1,1,66,411.89,1,1,1,1,1,1,2.4,1.5,7
1,1,67,417.68,1,2,2,2,1,1,2.31,3.5,7
1,1,68,425.46,4,3,3,4,0,1,2.16,0.5,7
1,1,69,430.24,2,2,2,2,1,1,2.11,0.5,7
1,1,70,435.03,1,1,1,1,1,1,2.12,0.5,7
1,1,71,439.8,3,4,4,4,1,1,2.43,3.5,7
1,1,72,447.58,2,1,1,2,0,1,1.48,2.5,7
1,1,73,454.36,2,2,2,2,1,1,2.21,1.5,7
1,1,74,460.15,4,3,3,3,1,1,2.33,0.5,7
1,1,75,464.93,3,3,3,4,0,1,1.31,0.5,7
1,1,76,469.71,1,1,1,1,1,1,1.15,1.5,7
1,1,77,475.5,4,4,4,4,1,1,1.12,0.5,7
1,1,78,480.28,1,1,1,1,1,1,1.61,1.5,7
1,1,79,486.07,1,1,1,2,0,1,1.11,1.5,7
1,1,80,491.83,3,3,3,3,1,1,2.51,0.5,7
1,1,81,496.62,2,2,2,2,1,1,2.19,0.5,7
1,1,82,501.4,3,3,3,3,1,1,2.15,1.5,7
1,1,83,507.18,1,1,1,1,1,1,2.23,0.5,7
1,1,84,511.97,1,2,2,1,0,1,2.08,0.5,7
1,1,85,516.75,3,3,3,3,1,1,2.62,0.5,7
1,1,86,521.53,2,1,1,1,1,1,2.33,0.5,7
1,1,87,526.32,2,1,1,1,1,1,2.24,3.5,7
1,1,88,534.1,1,2,2,2,1,1,2.1,0.5,7
1,1,89,538.89,4,3,3,3,1,1,2.29,0.5,7
1,1,90,543.67,2,1,1,1,1,1,2.22,1.5,7
1,1,91,549.45,2,2,2,1,0,1,1.42,1.5,7
1,1,92,555.24,3,3,3,3,1,1,2.32,2.5,7
1,1,93,562.02,3,3,3,3,1,1,2.21,2.5,7
1,1,94,568.8,1,1,1,1,1,1,2.32,0.5,7
1,1,95,573.59,4,4,4,4,1,1,2.44,3.5,7
1,1,96,581.37,4,3,3,3,1,1,2.15,8,7
1,1,97,593.64,4,4,4,4,1,1,1.4,0.5,7
1,1,98,598.42,4,4,4,3,0,1,0.49,0.5,7
1,1,99,603.21,2,1,1,1,1,1,2.36,5.5,7
1,1,100,612.99,1,1,1,1,1,1,2.36,0.5,7
1,2,101,0.51,2,2,2,2,1,4,5.97,0.5,7
1,2,102,9.3,3,3,3,3,1,4,5.87,0.5,7
1,2,103,18.08,1,1,1,1,1,6,1.25,8,7
1,2,104,36.35,1,1,1,1,1,4,2.02,0.5,7
1,2,105,45.13,1,2,2,1,0,4,2.03,0.5,7
1,2,106,53.92,2,1,1,2,0,6,2.71,4.5,7
1,2,107,68.69,4,4,4,4,1,4,1.9,3.5,7
1,2,108,80.45,1,2,2,2,1,8,9.78,1.5,7
1,2,109,94.22,3,3,3,3,1,6,3.6,3.5,7
1,2,110,107.99,3,3,3,3,1,6,2.69,5.5,7
1,2,111,123.76,1,1,1,1,1,6,2.88,1.5,7
1,2,112,135.52,3,4,4,3,0,4,1.1,2.5,7
1,2,113,146.29,2,1,1,2,0,8,2.4,1.5,7
1,2,114,160.06,2,1,1,1,1,8,10.58,5.5,7
1,2,115,177.83,4,4,4,4,1,8,10.33,8,7
1,2,116,198.09,2,2,2,2,1,4,2.64,1.5,7
1,2,117,207.86,1,2,2,2,1,4,6.05,0.5,7
1,2,118,216.65,2,2,2,1,0,6,1.57,8,7
1,2,119,234.91,2,1,1,2,0,4,1.74,0.5,7
1,2,120,243.7,2,1,1,1,1,6,3.05,0.5,7
1,2,121,254.46,2,2,2,1,0,8,0.92,1.5,7
1,2,122,268.23,1,1,1,1,1,8,11.34,3.5,7
1,2,123,284,4,3,3,3,1,8,9.63,0.5,7
1,2,124,296.77,3,3,3,3,1,8,1.79,0.5,7
1,2,125,309.54,2,1,1,1,1,4,1.74,6.5,7
1,2,126,324.3,3,3,3,4,0,4,1.46,5.5,7
1,2,127,338.07,3,4,4,3,0,8,1.82,1.5,7
1,2,128,351.84,1,2,2,2,1,8,9.57,0.5,7
1,2,129,364.61,2,2,2,1,0,4,2.44,1.5,7
1,2,130,374.39,2,1,1,2,0,8,2.02,2.5,7
1,2,131,389.16,4,4,4,4,1,6,2.38,2.5,7
1,2,132,401.92,1,1,1,2,0,4,2.78,6.5,7
1,2,133,416.69,4,3,3,4,0,4,1.67,3.5,7
1,2,134,428.46,3,4,4,3,0,6,8.03,1.5,7
1,2,135,440.23,4,4,4,4,1,4,5.43,0.5,7
1,2,136,449.01,3,4,4,3,0,6,7.8,1.5,7
1,2,137,460.78,4,3,3,3,1,6,7.71,4.5,7
1,2,138,475.55,1,2,2,2,1,4,5.63,6.5,7
1,2,139,490.31,3,3,3,3,1,8,9.87,1.5,7
1,2,140,504.08,3,3,3,4,0,6,3.75,0.5,7
1,2,141,514.85,2,2,2,1,0,6,7.33,0.5,7
1,2,142,525.62,4,4,4,4,1,8,9.65,1.5,7
1,2,143,539.38,1,2,2,1,0,6,2.39,1.5,7
1,2,144,551.15,4,4,4,4,1,6,7.77,1.5,7
1,2,145,562.94,2,2,2,2,1,8,9.51,1.5,7
1,2,146,576.7,4,4,4,4,1,6,7.97,0.5,7
1,2,147,587.47,1,1,1,1,1,8,9.72,0.5,7
1,2,148,600.24,1,1,1,1,1,8,7.75,3.5,7
1,2,149,616.01,3,3,3,3,1,6,6.48,8,7
1,2,150,634.27,3,3,3,3,1,8,3.35,3.5,7
1,2,151,650.04,4,4,4,4,1,8,3.16,2.5,7
1,2,152,664.81,3,3,3,3,1,4,4.35,0.5,7
1,2,153,673.59,1,2,2,1,0,8,2.88,7.5,7
1,2,154,693.36,2,2,2,1,0,8,2.43,1.5,7
1,2,155,707.13,1,2,2,1,0,6,3.85,1.5,7
1,2,156,718.9,2,2,2,1,0,4,1,4.5,7
1,2,157,731.66,4,4,4,4,1,4,1.86,3.5,7
1,2,158,743.43,3,3,3,3,1,8,0.88,4.5,7
1,2,159,760.2,2,2,2,1,0,6,1.06,4.5,7
1,2,160,774.97,2,1,1,1,1,8,0.69,8,7
1,2,161,795.23,4,4,4,4,1,8,1.11,6.5,7
1,2,162,814,4,4,4,4,1,8,0.78,8,7
1,2,163,834.27,1,2,2,2,1,6,0.63,0.5,7
1,2,164,845.04,4,3,3,4,0,4,0.69,1.5,7
1,2,165,854.82,4,3,3,4,0,4,1.57,0.5,7
1,2,166,863.61,1,1,1,1,1,4,1.27,7.5,7
1,2,167,879.37,3,3,3,4,0,8,1.21,0.5,7
1,2,168,892.14,1,1,1,2,0,4,2.05,3.5,7
1,2,169,903.91,4,3,3,3,1,6,2.07,0.5,7
1,2,170,914.68,3,3,3,4,0,6,1.32,3.5,7
1,2,171,928.44,4,4,4,3,0,4,2.68,6.5,7
1,2,172,943.21,3,3,3,3,1,4,1.81,8,7
1,2,173,959.48,2,1,1,2,0,6,0.53,0.5,7
1,2,174,970.25,2,1,1,1,1,4,2.49,2.5,7
1,2,175,981.01,3,4,4,3,0,8,1.88,8,7
1,2,176,1001.28,4,3,3,3,1,8,1.64,8,7
1,2,177,1021.55,3,4,4,4,1,4,1.71,3.5,7
1,2,178,1033.32,4,4,4,3,0,6,0.96,1.5,7
1,2,179,1045.09,1,2,2,1,0,6,1.35,3.5,7
1,2,180,1058.85,1,1,1,2,0,6,0.56,4.5,7
2,1,1,0.51,3,4,4,4,1,1,2.67,8,7
2,1,2,12.77,2,1,1,1,1,1,2.35,0.5,7
2,1,3,17.56,1,1,1,1,1,1,2.46,0.5,7
2,1,4,22.34,1,2,2,2,1,1,2.35,5.5,7
2,1,5,32.13,2,2,2,2,1,1,2.27,0.5,7
2,1,6,36.91,1,2,2,2,1,1,2.34,1.5,7
2,1,7,42.69,1,1,1,1,1,1,2.27,1.5,7
2,1,8,48.48,2,2,2,2,1,1,2.39,1.5,7
2,1,9,54.26,4,3,3,3,1,1,2.44,5.5,7
2,1,10,64.04,1,1,1,2,0,1,1.59,0.5,7
2,1,11,68.81,3,4,4,4,1,1,2.51,0.5,7
2,1,12,73.6,1,2,2,2,1,1,2.34,1.5,7
2,1,13,79.38,4,4,4,4,1,1,2.37,0.5,7
2,1,14,84.16,3,3,3,3,1,1,2.33,1.5,7
2,1,15,89.95,2,2,2,2,1,1,2.35,1.5,7
2,1,16,95.73,3,3,3,3,1,1,2.32,2.5,7
2,1,17,102.51,4,4,4,4,1,1,1.1,1.5,7
2,1,18,108.3,3,3,3,3,1,1,0.83,0.5,7
2,1,19,113.08,3,3,3,3,1,1,0.47,0.5,7
2,1,20,117.86,1,1,1,1,1,1,1.12,0.5,7
2,1,21,122.65,2,1,1,1,1,1,1.86,3.5,7
2,1,22,130.43,3,3,3,3,1,1,1.11,1.5,7
2,1,23,136.22,2,1,1,2,0,1,1.42,0.5,7
2,1,24,141,4,4,4,4,1,1,0.94,0.5,7
2,1,25,145.78,1,1,1,1,1,1,2.23,0.5,7
2,1,26,150.57,4,4,4,4,1,1,0.99,0.5,7
2,1,27,155.35,2,2,2,2,1,1,2.17,2.5,7
2,1,28,162.13,4,3,3,4,0,1,1.04,8,7
2,1,29,174.4,2,1,1,1,1,1,1.34,1.5,7
2,1,30,180.19,3,3,3,4,0,1,1.2,2.5,7
2,1,31,186.97,3,3,3,4,0,1,1.21,0.5,7
2,1,32,191.75,4,4,4,3,0,1,1.27,0.5,7
2,1,33,196.54,1,1,1,2,0,1,1.26,0.5,7
2,1,34,201.32,3,3,3,3,1,1,1.48,0.5,7
2,1,35,206.1,3,4,4,3,0,1,0.62,1.5,7
2,1,36,211.89,4,4,4,3,0,1,0.97,1.5,7
2,1,37,217.67,2,2,2,2,1,1,2.24,2.5,7
2,1,38,224.46,1,2,2,1,0,1,1.27,0.5,7
2,1,39,229.24,4,4,4,3,0,1,2.12,3.5,7
2,1,40,237.02,2,1,1,1,1,1,1.34,4.5,7
2,1,41,245.81,2,1,1,1,1,1,0.58,0.5,7
2,1,42,250.59,4,4,4,3,0,1,1.56,4.5,7
2,1,43,259.37,2,2,2,2,1,1,0.67,0.5,7
2,1,44,264.16,4,4,4,4,1,1,2.4,0.5,7
2,1,45,268.94,1,1,1,1,1,1,2.09,0.5,7
2,1,46,273.73,3,3,3,3,1,1,2.23,2.5,7
2,1,47,280.51,4,4,4,3,0,1,1.53,0.5,7
2,1,48,285.29,2,1,1,1,1,1,0.94,5.5,7
2,1,49,295.08,2,2,2,2,1,1,1.12,0.5,7
2,1,50,299.86,4,4,4,4,1,1,2.31,3.5,7
2,1,51,307.64,3,3,3,3,1,1,2.26,0.5,7
2,1,52,312.43,3,3,3,3,1,1,2.23,1.5,7
2,1,53,318.21,4,3,3,3,1,1,2.31,2.5,7
2,1,54,325,1,2,2,2,1,1,1.23,3.5,7
2,1,55,332.78,3,3,3,3,1,1,2.2,4.5,7
2,1,56,341.56,1,2,2,1,0,1,0.51,0.5,7
2,1,57,346.35,1,1,1,2,0,1,0.68,1.5,7
2,1,58,352.13,1,2,2,1,0,1,0.45,0.5,7
2,1,59,356.91,4,4,4,NA,NA,1,NA,0.5,7
2,1,60,361.7,2,2,2,1,0,1,1.4,5.5,7
2,1,61,371.48,1,1,1,1,1,1,0.63,0.5,7
2,1,62,376.27,4,4,4,4,1,1,2.33,0.5,7
2,1,63,381.05,3,3,3,3,1,1,2.19,5.5,7
2,1,64,390.83,3,3,3,4,0,1,1.62,0.5,7
2,1,65,395.62,4,4,4,4,1,1,2.14,4.5,7
2,1,66,404.4,2,1,1,2,0,1,0.55,1.5,7
2,1,67,410.18,2,1,1,2,0,1,1.14,1.5,7
2,1,68,415.97,3,3,3,3,1,1,1.7,2.5,7
2,1,69,422.75,1,1,1,2,0,1,1.71,1.5,7
2,1,70,428.54,2,2,2,1,0,1,1.16,3.5,7
2,1,71,436.32,4,4,4,4,1,1,2.36,0.5,7
2,1,72,441.1,4,4,4,3,0,1,2.14,0.5,7
2,1,73,445.89,2,2,2,2,1,1,2.16,5.5,7
2,1,74,455.65,3,3,3,3,1,1,1.24,1.5,7
2,1,75,461.44,4,3,3,3,1,1,0.62,1.5,7
2,1,76,467.22,1,1,1,1,1,1,1.09,3.5,7
2,1,77,475.01,2,1,1,1,1,1,0.69,0.5,7
2,1,78,479.79,4,4,4,4,1,1,0.64,3.5,7
2,1,79,487.57,1,2,2,2,1,1,0.46,0.5,7
2,1,80,492.36,1,1,1,2,0,1,0.49,0.5,7
2,1,81,497.14,1,1,1,1,1,1,1.27,1.5,7
2,1,82,502.92,3,3,3,3,1,1,1.16,0.5,7
2,1,83,507.71,4,3,3,3,1,1,1.04,1.5,7
2,1,84,513.49,3,4,4,4,1,1,0.51,0.5,7
2,1,85,518.28,2,2,2,2,1,1,0.52,5.5,7
2,1,86,528.06,2,2,2,2,1,1,0.84,0.5,7
2,1,87,532.84,1,1,1,1,1,1,0.6,0.5,7
2,1,88,537.63,2,2,2,1,0,1,0.59,1.5,7
2,1,89,543.41,2,2,2,2,1,1,0.46,0.5,7
2,1,90,548.19,4,4,4,3,0,1,0.86,0.5,7
2,1,91,552.98,3,3,3,3,1,1,0.56,0.5,7
2,1,92,557.76,4,4,4,4,1,1,0.79,2.5,7
2,1,93,564.55,3,4,4,4,1,1,0.72,3.5,7
2,1,94,572.33,3,3,3,3,1,1,0.46,2.5,7
2,1,95,579.11,3,3,3,3,1,1,0.55,3.5,7
2,1,96,586.9,2,2,2,1,0,1,0.47,0.5,7
2,1,97,591.68,1,2,2,1,0,1,0.49,4.5,7
2,1,98,600.46,1,2,2,1,0,1,0.52,1.5,7
2,1,99,606.25,4,4,4,4,1,1,1.62,2.5,7
2,1,100,613.03,1,1,1,1,1,1,0.52,0.5,7
2,2,101,0.51,2,2,2,1,0,6,7.6,8,7
2,2,102,18.78,1,2,2,2,1,6,0.59,1.5,7
2,2,103,30.55,3,4,4,3,0,6,1.86,1.5,7
2,2,104,42.31,1,1,1,1,1,8,0.65,3.5,7
2,2,105,58.08,4,4,4,4,1,6,0.69,2.5,7
2,2,106,70.85,4,3,3,1,0,4,0.49,1.5,7
2,2,107,80.63,3,4,4,3,0,4,0.74,3.5,7
2,2,108,92.4,2,1,1,1,1,8,0.81,8,7
2,2,109,112.67,1,2,2,2,1,8,0.78,7.5,7
2,2,110,132.44,2,2,2,2,1,6,0.9,0.5,7
2,2,111,143.2,3,3,3,4,0,8,0.68,3.5,7
2,2,112,158.97,1,2,2,1,0,4,0.68,6.5,7
2,2,113,173.74,2,2,2,1,0,4,0.59,0.5,7
2,2,114,182.52,3,3,3,4,0,4,1.64,0.5,7
2,2,115,191.31,1,1,1,1,1,6,1.46,4.5,7
2,2,116,206.07,3,3,3,3,1,8,0.55,4.5,7
2,2,117,222.84,3,3,3,3,1,6,1.48,1.5,7
2,2,118,234.61,3,3,3,4,0,4,1.01,5.5,7
2,2,119,248.38,2,1,1,1,1,6,0.95,4.5,7
2,2,120,263.14,4,3,3,4,0,4,1.54,3.5,7
2,2,121,274.91,4,4,4,3,0,8,0.66,1.5,7
2,2,122,288.68,2,2,2,1,0,6,0.93,4.5,7
2,2,123,303.45,1,1,1,2,0,4,0.57,0.5,7
2,2,124,312.23,1,1,1,1,1,4,0.51,7.5,7
2,2,125,328,2,2,2,1,0,8,0.68,1.5,7
2,2,126,341.77,1,1,1,1,1,6,8.08,1.5,7
2,2,127,353.53,4,4,4,3,0,8,9.6,2.5,7
2,2,128,368.3,2,1,1,1,1,4,5.37,6.5,7
2,2,129,383.07,1,2,2,2,1,6,1.1,0.5,7
2,2,130,393.84,2,1,1,2,0,8,0.62,2.5,7
2,2,131,408.6,3,3,3,3,1,6,2.15,0.5,7
2,2,132,419.37,4,4,4,3,0,8,1.68,6.5,7
2,2,133,438.14,3,3,3,3,1,4,2.25,0.5,7
2,2,134,446.92,2,1,1,1,1,4,1.26,2.5,7
2,2,135,457.69,3,3,3,4,0,6,0.67,8,7
2,2,136,475.96,3,3,3,3,1,8,2.18,1.5,7
2,2,137,489.73,3,3,3,3,1,4,1.38,8,7
2,2,138,505.99,3,3,3,3,1,4,0.81,2.5,7
2,2,139,516.76,4,4,4,4,1,6,0.62,0.5,7
2,2,140,527.53,3,3,3,3,1,8,1.4,0.5,7
2,2,141,540.3,4,4,4,4,1,6,0.92,1.5,7
2,2,142,552.06,2,2,2,2,1,8,1.01,1.5,7
2,2,143,565.83,1,2,2,1,0,4,0.55,0.5,7
2,2,144,574.62,3,3,3,3,1,6,1.27,3.5,7
2,2,145,588.38,4,4,4,4,1,4,0.96,0.5,7
2,2,146,597.17,4,4,4,4,1,8,0.71,8,7
2,2,147,617.44,1,1,1,1,1,6,0.79,1.5,7
2,2,148,629.2,1,1,1,1,1,4,0.48,6.5,7
2,2,149,643.97,1,2,2,2,1,6,0.48,3.5,7
2,2,150,657.74,4,4,4,4,1,8,0.9,8,7
2,2,151,678.01,1,2,2,2,1,4,0.95,0.5,7
2,2,152,686.79,1,1,1,1,1,8,0.55,3.5,7
2,2,153,702.56,4,4,4,4,1,4,0.9,6.5,7
2,2,154,717.33,2,2,2,1,0,8,1.02,1.5,7
2,2,155,731.09,4,4,4,4,1,4,0.64,3.5,7
2,2,156,742.86,1,1,1,2,0,8,0.66,1.5,7
2,2,157,756.63,2,1,1,2,0,4,0.69,0.5,7
2,2,158,765.41,1,1,1,2,0,4,0.55,3.5,7
2,2,159,777.18,3,4,4,3,0,8,0.92,8,7
2,2,160,797.45,1,1,1,1,1,8,0.63,0.5,7
2,2,161,810.21,2,1,1,2,0,8,0.86,5.5,7
2,2,162,827.98,3,3,3,3,1,6,1.67,5.5,7
2,2,163,843.75,2,1,1,2,0,6,0.4,0.5,7
2,2,164,854.53,3,3,3,3,1,8,0.82,0.5,7
2,2,165,867.3,4,4,4,4,1,6,0.62,1.5,7
2,2,166,879.07,2,2,2,1,0,6,0.92,0.5,7
2,2,167,889.84,4,4,4,4,1,6,1.2,0.5,7
2,2,168,900.6,4,3,3,4,0,6,0.81,4.5,7
2,2,169,915.37,1,1,1,2,0,6,0.45,8,7
2,2,170,933.64,4,3,3,4,0,8,0.87,0.5,7
2,2,171,946.41,3,4,4,4,1,8,10.17,1.5,7
2,2,172,960.17,4,4,4,4,1,8,1.11,8,7
2,2,173,980.44,1,2,2,2,1,8,0.62,0.5,7
2,2,174,993.21,2,2,2,1,0,4,1.51,4.5,7
2,2,175,1005.98,4,4,4,3,0,4,1.44,3.5,7
2,2,176,1017.75,2,2,2,1,0,4,0.69,1.5,7
2,2,177,1027.53,3,3,3,3,1,6,1.49,3.5,7
2,2,178,1041.3,2,2,2,2,1,4,1.68,1.5,7
2,2,179,1051.08,4,4,4,4,1,4,1,0.5,7
2,2,180,1059.86,2,2,2,2,1,8,0.57,1.5,7
1,1,1,0.51,4,4,4,4,1,1,2.5,0.5,8
1,1,2,5.29,1,2,2,2,1,1,2.42,0.5,8
1,1,3,10.08,1,1,1,1,1,1,2.43,0.5,8
1,1,4,14.86,3,3,3,3,1,1,2.37,1.5,8
1,1,5,20.64,4,3,3,3,1,1,2.39,0.5,8
1,1,6,25.43,2,1,1,2,0,1,2.28,0.5,8
1,1,7,30.21,1,1,1,1,1,1,2.58,3.5,8
1,1,8,38,2,2,2,2,1,1,2.41,1.5,8
1,1,9,43.78,4,4,4,4,1,1,2.44,4.5,8
1,1,10,52.56,2,2,2,2,1,1,2.58,1.5,8
1,1,11,58.35,1,1,1,1,1,1,2.37,0.5,8
1,1,12,63.13,2,2,2,2,1,1,2.17,3.5,8
1,1,13,70.91,4,3,3,3,1,1,2.4,3.5,8
1,1,14,78.7,4,4,4,3,0,1,2.11,0.5,8
1,1,15,83.48,3,3,3,3,1,1,2.46,0.5,8
1,1,16,88.27,1,1,1,1,1,1,2.25,0.5,8
1,1,17,93.05,4,4,4,3,0,1,2.11,3.5,8
1,1,18,100.83,3,3,3,3,1,1,2.37,0.5,8
1,1,19,105.62,4,4,4,4,1,1,2.29,1.5,8
1,1,20,111.4,2,2,2,2,1,1,2.12,1.5,8
1,1,21,117.18,3,4,4,4,1,1,2.54,8,8
1,1,22,129.45,3,3,3,3,1,1,2.5,0.5,8
1,1,23,134.24,2,2,2,2,1,1,2.17,2.5,8
1,1,24,141.02,3,3,3,3,1,1,2.41,0.5,8
1,1,25,145.8,4,3,3,3,1,1,2.41,5.5,8
1,1,26,155.59,3,4,4,4,1,1,2.42,0.5,8
1,1,27,160.37,3,3,3,3,1,1,2.17,0.5,8
1,1,28,165.15,3,3,3,3,1,1,2.37,2.5,8
1,1,29,171.94,4,3,3,3,1,1,2.3,0.5,8
1,1,30,176.72,2,2,2,2,1,1,2.15,2.5,8
1,1,31,183.51,2,2,2,2,1,1,1.97,1.5,8
1,1,32,189.29,1,2,2,1,0,1,2,0.5,8
1,1,33,194.07,4,4,4,4,1,1,2.5,1.5,8
1,1,34,199.86,3,4,4,4,1,1,2.26,1.5,8
1,1,35,205.64,1,1,1,1,1,1,2.06,0.5,8
1,1,36,210.42,2,1,1,2,0,1,2.11,1.5,8
1,1,37,216.21,1,1,1,1,1,1,2.61,0.5,8
1,1,38,220.99,1,1,1,1,1,1,2.24,0.5,8
1,1,39,225.78,2,2,2,2,1,1,2.19,2.5,8
1,1,40,232.56,1,1,1,1,1,1,2.28,0.5,8
1,1,41,237.34,3,4,4,4,1,1,2.49,0.5,8
1,1,42,242.13,1,1,1,1,1,1,2.09,2.5,8
1,1,43,248.89,3,4,4,4,1,1,2.46,3.5,8
1,1,44,256.68,3,4,4,4,1,1,2.33,2.5,8
1,1,45,263.46,4,4,4,4,1,1,2.21,2.5,8
1,1,46,270.25,3,4,4,4,1,1,2.09,2.5,8
1,1,47,277.03,2,2,2,2,1,1,1.99,1.5,8
1,1,48,282.81,4,4,4,4,1,1,2.08,4.5,8
1,1,49,291.6,4,3,3,3,1,1,2.37,5.5,8
1,1,50,301.38,1,2,2,1,0,1,1.99,0.5,8
1,1,51,306.16,4,4,4,4,1,1,2.31,0.5,8
1,1,52,310.95,1,1,1,1,1,1,2.29,1.5,8
1,1,53,316.73,2,2,2,2,1,1,2.07,8,8
1,1,54,329,4,3,3,3,1,1,2.26,1.5,8
1,1,55,334.78,2,2,2,2,1,1,2.04,0.5,8
1,1,56,339.57,3,4,4,4,1,1,2.22,1.5,8
1,1,57,345.35,3,4,4,4,1,1,2.14,0.5,8
1,1,58,350.13,3,3,3,4,0,1,2.27,0.5,8
1,1,59,354.92,1,1,1,1,1,1,2.13,0.5,8
1,1,60,359.7,4,3,3,4,0,1,1.81,0.5,8
1,1,61,364.48,2,2,2,2,1,1,1.5,0.5,8
1,1,62,369.27,2,2,2,2,1,1,1.55,0.5,8
1,1,63,374.05,2,1,1,2,0,1,1.53,5.5,8
1,1,64,383.82,4,3,3,3,1,1,1.97,0.5,8
1,1,65,388.6,4,4,4,3,0,1,2.1,3.5,8
1,1,66,396.39,1,1,1,1,1,1,2.08,0.5,8
1,1,67,401.17,4,3,3,3,1,1,2.11,4.5,8
1,1,68,409.95,2,2,2,2,1,1,2.01,1.5,8
1,1,69,415.74,2,2,2,2,1,1,1.1,0.5,8
1,1,70,420.52,3,3,3,4,0,1,1.53,5.5,8
1,1,71,430.29,3,4,4,4,1,1,2.28,0.5,8
1,1,72,435.07,1,2,2,1,0,1,2.07,0.5,8
1,1,73,439.86,1,1,1,1,1,1,2.19,1.5,8
1,1,74,445.64,2,2,2,2,1,1,2.06,1.5,8
1,1,75,451.42,4,3,3,3,1,1,2.12,1.5,8
1,1,76,457.21,1,1,1,1,1,1,2.11,0.5,8
1,1,77,461.99,1,1,1,1,1,1,2.25,3.5,8
1,1,78,469.78,2,1,1,2,0,1,1.93,0.5,8
1,1,79,474.56,4,3,3,3,1,1,2.77,1.5,8
1,1,80,480.34,1,1,1,1,1,1,1.35,0.5,8
1,1,81,485.13,3,4,4,4,1,1,1.3,1.5,8
1,1,82,490.91,4,3,3,3,1,1,1.63,5.5,8
1,1,83,500.69,4,4,4,3,0,1,1.04,1.5,8
1,1,84,506.48,3,3,3,3,1,1,2.24,4.5,8
1,1,85,515.25,1,1,1,1,1,1,0.7,3.5,8
1,1,86,523.03,1,1,1,1,1,1,0.49,0.5,8
1,1,87,527.8,2,2,2,2,1,1,0.98,0.5,8
1,1,88,532.58,4,3,3,3,1,1,1.23,2.5,8
1,1,89,539.36,2,2,2,3,0,1,1.4,0.5,8
1,1,90,544.15,1,2,2,1,0,1,1.41,1.5,8
1,1,91,549.93,2,1,1,2,0,1,1.98,1.5,8
1,1,92,555.71,3,3,3,3,1,1,2.26,0.5,8
1,1,93,560.5,1,1,1,1,1,1,2.12,0.5,8
1,1,94,565.28,2,2,2,2,1,1,2.02,5.5,8
1,1,95,575.07,3,3,3,3,1,1,2.37,2.5,8
1,1,96,581.85,2,2,2,2,1,1,2.23,3.5,8
1,1,97,589.62,3,3,3,3,1,1,2.33,5.5,8
1,1,98,599.4,1,1,1,1,1,1,2.06,0.5,8
1,1,99,604.18,4,4,4,4,1,1,2.46,0.5,8
1,1,100,608.97,3,4,4,4,1,1,2.39,4.5,8
1,2,101,0.52,4,3,3,3,1,6,7.76,8,8
1,2,102,18.78,3,3,3,4,0,6,8.2,8,8
1,2,103,37.05,1,2,2,1,0,8,9.67,6.5,8
1,2,104,55.82,1,1,1,1,1,4,5.93,0.5,8
1,2,105,64.6,1,1,1,1,1,8,9.73,2.5,8
1,2,106,79.37,3,4,4,4,1,8,10.63,3.5,8
1,2,107,95.14,3,4,4,3,0,6,9.48,0.5,8
1,2,108,105.91,3,4,4,3,0,4,6.77,2.5,8
1,2,109,116.69,3,3,3,4,0,8,10.45,0.5,8
1,2,110,129.46,4,4,4,3,0,6,8.91,6.5,8
1,2,111,146.23,1,2,2,2,1,6,8.43,0.5,8
1,2,112,156.99,1,1,1,1,1,6,8,3.5,8
1,2,113,170.76,3,3,3,3,1,8,10.94,5.5,8
1,2,114,188.53,4,4,4,3,0,8,10.93,1.5,8
1,2,115,202.3,2,1,1,1,1,8,9.83,1.5,8
1,2,116,216.06,2,2,2,2,1,6,7.6,1.5,8
1,2,117,227.83,2,2,2,2,1,8,9.74,4.5,8
1,2,118,244.6,1,1,1,1,1,6,7.41,1.5,8
1,2,119,256.37,3,4,4,4,1,8,11.14,4.5,8
1,2,120,273.13,1,2,2,2,1,6,8.38,1.5,8
1,2,121,284.9,2,2,2,2,1,8,10.4,1.5,8
1,2,122,298.67,1,1,1,1,1,6,8.6,8,8
1,2,123,316.94,4,4,4,4,1,8,11.04,1.5,8
1,2,124,330.71,4,4,4,3,0,6,8.64,1.5,8
1,2,125,342.47,2,2,2,2,1,4,5.71,0.5,8
1,2,126,351.26,2,2,2,2,1,4,5.6,3.5,8
1,2,127,363.02,4,3,3,3,1,6,8.5,0.5,8
1,2,128,373.79,3,3,3,3,1,4,5.67,0.5,8
1,2,129,382.58,1,2,2,2,1,4,6,1.5,8
1,2,130,392.36,2,2,2,2,1,8,11.17,0.5,8
1,2,131,405.13,2,2,2,2,1,6,7.77,8,8
1,2,132,423.39,4,3,3,4,0,6,8.91,2.5,8
1,2,133,436.16,2,2,2,2,1,4,5.6,1.5,8
1,2,134,445.93,4,3,3,3,1,4,5.87,8,8
1,2,135,462.2,4,3,3,3,1,8,9.73,1.5,8
1,2,136,475.96,4,4,4,4,1,4,6.31,6.5,8
1,2,137,490.73,2,2,2,2,1,4,6.93,0.5,8
1,2,138,499.52,2,2,2,2,1,6,8.11,8,8
1,2,139,517.78,3,3,3,4,0,4,5.47,4.5,8
1,2,140,530.55,1,1,1,1,1,4,1.41,7.5,8
1,2,141,546.32,4,3,3,3,1,8,1.17,3.5,8
1,2,142,562.09,3,4,4,4,1,6,1.64,3.5,8
1,2,143,575.86,4,4,4,3,0,4,0.98,8,8
1,2,144,592.12,1,1,1,1,1,6,0.96,1.5,8
1,2,145,603.89,1,1,1,1,1,8,0.67,0.5,8
1,2,146,616.66,2,2,2,2,1,8,0.98,7.5,8
1,2,147,636.43,2,2,2,2,1,8,1.24,3.5,8
1,2,148,652.19,4,3,3,3,1,8,1.28,3.5,8
1,2,149,667.96,3,3,3,4,0,6,1.15,4.5,8
1,2,150,682.73,3,3,3,4,0,6,8.64,4.5,8
1,2,151,697.5,3,4,4,4,1,6,8.41,3.5,8
1,2,152,711.26,3,4,4,4,1,4,1.07,0.5,8
1,2,153,720.05,4,3,3,3,1,4,0.84,3.5,8
1,2,154,731.82,1,1,1,1,1,8,0.75,2.5,8
1,2,155,746.58,2,1,1,2,0,4,1.73,0.5,8
1,2,156,755.37,4,4,4,2,0,8,1.29,8,8
1,2,157,775.64,4,3,3,3,1,4,1.02,0.5,8
1,2,158,784.42,4,3,3,3,1,4,0.79,0.5,8
1,2,159,793.2,3,4,4,4,1,8,1.17,0.5,8
1,2,160,805.97,2,1,1,2,0,6,1.16,0.5,8
1,2,161,816.74,3,4,4,4,1,4,2.7,4.5,8
1,2,162,829.51,2,1,1,2,0,8,0.86,8,8
1,2,163,849.77,2,2,2,2,1,6,7.48,0.5,8
1,2,164,860.54,4,4,4,4,1,6,8.5,6.5,8
1,2,165,877.31,4,4,4,3,0,8,9.8,3.5,8
1,2,166,893.08,1,1,1,1,1,4,1.23,1.5,8
1,2,167,902.86,2,2,2,2,1,6,1.36,6.5,8
1,2,168,919.63,3,3,3,4,0,6,2.55,5.5,8
1,2,169,935.4,3,3,3,4,0,4,6.3,0.5,8
1,2,170,944.18,1,1,1,1,1,6,7.74,1.5,8
1,2,171,955.95,1,1,1,1,1,8,1.27,1.5,8
1,2,172,969.71,1,1,1,1,1,4,1.57,0.5,8
1,2,173,978.5,1,1,1,1,1,4,2.02,1.5,8
1,2,174,988.28,3,4,4,3,0,8,11.57,1.5,8
1,2,175,1002.05,4,4,4,3,0,4,6.27,0.5,8
1,2,176,1010.83,1,1,1,1,1,8,0.75,3.5,8
1,2,177,1026.6,2,2,2,2,1,4,0.84,5.5,8
1,2,178,1040.37,1,1,1,1,1,4,0.8,1.5,8
1,2,179,1050.15,2,2,2,2,1,4,6.13,0.5,8
1,2,180,1058.94,3,3,3,3,1,8,10.03,2.5,8
2,1,1,0.51,3,3,3,3,1,1,2.64,5.5,8
2,1,2,10.27,2,2,2,2,1,1,2.37,0.5,8
2,1,3,15.06,4,3,3,3,1,1,2.43,1.5,8
2,1,4,20.84,1,1,1,1,1,1,2.48,0.5,8
2,1,5,25.61,4,4,4,4,1,1,2.51,4.5,8
2,1,6,34.39,1,2,2,2,1,1,2.4,2.5,8
2,1,7,41.17,3,4,4,4,1,1,2.53,2.5,8
2,1,8,47.96,4,4,4,4,1,1,2.51,5.5,8
2,1,9,57.73,2,2,2,2,1,1,2.29,1.5,8
2,1,10,63.51,3,3,3,3,1,1,2.34,4.5,8
2,1,11,72.28,4,4,4,4,1,1,2.39,2.5,8
2,1,12,79.06,1,2,2,2,1,1,2.35,3.5,8
2,1,13,86.84,2,2,2,2,1,1,2.28,1.5,8
2,1,14,92.63,3,3,3,3,1,1,2.33,2.5,8
2,1,15,99.4,1,1,1,1,1,1,2.46,0.5,8
2,1,16,104.16,1,1,1,1,1,1,2.06,1.5,8
2,1,17,109.95,4,4,4,3,0,1,2.33,2.5,8
2,1,18,116.73,3,3,3,3,1,1,2.38,8,8
2,1,19,129,1,2,2,2,1,1,2.37,0.5,8
2,1,20,133.78,1,1,1,1,1,1,2.42,0.5,8
2,1,21,138.56,3,4,4,4,1,1,2.63,0.5,8
2,1,22,143.35,3,3,3,3,1,1,2.25,0.5,8
2,1,23,148.13,4,3,3,3,1,1,2.32,0.5,8
2,1,24,152.92,1,1,1,1,1,1,2.33,0.5,8
2,1,25,157.7,4,4,4,4,1,1,2.32,0.5,8
2,1,26,162.48,2,2,2,2,1,1,2.21,0.5,8
2,1,27,167.27,2,2,2,2,1,1,2.34,2.5,8
2,1,28,174.05,1,1,1,1,1,1,2.26,1.5,8
2,1,29,179.83,3,3,3,3,1,1,2.2,0.5,8
2,1,30,184.6,3,4,4,4,1,1,2.29,1.5,8
2,1,31,190.38,3,3,3,3,1,1,2.25,2.5,8
2,1,32,197.17,2,2,2,2,1,1,2.11,1.5,8
2,1,33,202.95,2,1,1,1,1,1,2.31,1.5,8
2,1,34,208.74,2,2,2,2,1,1,2.3,0.5,8
2,1,35,213.52,2,2,2,2,1,1,2.17,2.5,8
2,1,36,220.3,3,4,4,4,1,1,2.44,1.5,8
2,1,37,226.09,1,1,1,1,1,1,2.1,0.5,8
2,1,38,230.87,1,2,2,2,1,1,2.27,0.5,8
2,1,39,235.65,3,3,3,3,1,1,2.13,0.5,8
2,1,40,240.44,4,3,3,4,0,1,1.55,3.5,8
2,1,41,248.22,3,4,4,4,1,1,2.33,0.5,8
2,1,42,253.01,1,1,1,1,1,1,2.08,0.5,8
2,1,43,257.79,4,4,4,4,1,1,2.24,1.5,8
2,1,44,263.57,2,2,2,2,1,1,2.17,0.5,8
2,1,45,268.36,4,4,4,4,1,1,2.1,3.5,8
2,1,46,276.14,2,1,1,2,0,1,2.22,0.5,8
2,1,47,280.92,1,1,1,1,1,1,2.01,3.5,8
2,1,48,288.71,1,1,1,1,1,1,1.27,0.5,8
2,1,49,293.49,1,1,1,1,1,1,0.95,0.5,8
2,1,50,298.28,2,1,1,2,0,1,1.07,3.5,8
2,1,51,306.06,3,4,4,3,0,1,2.18,2.5,8
2,1,52,312.84,4,4,4,4,1,1,2.19,0.5,8
2,1,53,317.63,3,3,3,3,1,1,2.18,5.5,8
2,1,54,327.41,3,3,3,3,1,1,2.22,0.5,8
2,1,55,332.19,4,4,4,4,1,1,2.28,1.5,8
2,1,56,337.98,2,2,2,2,1,1,2.12,5.5,8
2,1,57,347.76,2,2,2,2,1,1,2.04,1.5,8
2,1,58,353.55,1,1,1,1,1,1,2.27,0.5,8
2,1,59,358.33,4,3,3,3,1,1,2.41,1.5,8
2,1,60,364.11,2,1,1,2,0,1,2.11,1.5,8
2,1,61,369.9,4,3,3,3,1,1,2.4,4.5,8
2,1,62,378.68,1,2,2,2,1,1,2.27,0.5,8
2,1,63,383.46,1,1,1,1,1,1,2.13,0.5,8
2,1,64,388.25,4,3,3,3,1,1,2.22,1.5,8
2,1,65,394.03,3,4,4,4,1,1,2.46,4.5,8
2,1,66,402.82,4,3,3,3,1,1,2.38,0.5,8
2,1,67,407.6,2,2,2,2,1,1,2.22,0.5,8
2,1,68,412.38,4,4,4,4,1,1,2.43,4.5,8
2,1,69,421.17,4,4,4,4,1,1,2.64,1.5,8
2,1,70,426.95,2,1,1,1,1,1,2.37,1.5,8
2,1,71,432.73,2,2,2,2,1,1,2.3,8,8
2,1,72,445,1,2,2,1,0,1,2.12,0.5,8
2,1,73,449.79,2,1,1,1,1,1,2.31,5.5,8
2,1,74,459.57,4,3,3,3,1,1,2.33,0.5,8
2,1,75,464.35,4,4,4,4,1,1,2.31,0.5,8
2,1,76,469.14,3,3,3,3,1,1,2.05,0.5,8
2,1,77,473.92,3,3,3,3,1,1,2.01,0.5,8
2,1,78,478.7,2,1,1,2,0,1,1.45,0.5,8
2,1,79,483.49,3,4,4,3,0,1,1.7,0.5,8
2,1,80,488.27,4,4,4,4,1,1,2.11,0.5,8
2,1,81,493.06,3,3,3,3,1,1,2.14,0.5,8
2,1,82,497.84,2,1,1,2,0,1,2.09,0.5,8
2,1,83,502.62,1,1,1,1,1,1,2.02,3.5,8
2,1,84,510.41,3,4,4,4,1,1,2.5,3.5,8
2,1,85,518.19,2,2,2,2,1,1,2.06,1.5,8
2,1,86,523.97,2,2,2,2,1,1,2,2.5,8
2,1,87,530.76,3,4,4,4,1,1,2.42,1.5,8
2,1,88,536.54,3,3,3,3,1,1,2.24,0.5,8
2,1,89,541.33,1,1,1,1,1,1,2.34,0.5,8
2,1,90,546.11,4,4,4,3,0,1,2.81,0.5,8
2,1,91,550.89,2,2,2,2,1,1,1.59,1.5,8
2,1,92,556.68,1,2,2,1,0,1,2.22,1.5,8
2,1,93,562.46,4,3,3,3,1,1,2.38,5.5,8
2,1,94,572.23,1,1,1,1,1,1,2.33,0.5,8
2,1,95,577.01,4,3,3,1,0,1,0.54,5.5,8
2,1,96,586.8,1,1,1,1,1,1,1.85,0.5,8
2,1,97,591.58,1,1,1,1,1,1,2.28,0.5,8
2,1,98,596.36,2,2,2,2,1,1,2.08,3.5,8
2,1,99,604.15,4,4,4,4,1,1,2.39,3.5,8
2,1,100,611.93,3,3,3,3,1,1,2.33,1.5,8
2,2,101,0.52,1,2,2,1,0,4,0.92,1.5,8
2,2,102,10.28,3,3,3,3,1,8,1.57,5.5,8
2,2,103,28.05,3,3,3,3,1,8,1.6,0.5,8
2,2,104,40.82,4,3,3,4,0,8,1.43,3.5,8
2,2,105,56.59,3,3,3,3,1,4,5.18,2.5,8
2,2,106,67.35,3,3,3,3,1,8,10.03,1.5,8
2,2,107,81.12,4,3,3,4,0,6,7.47,0.5,8
2,2,108,91.89,1,2,2,1,0,4,0.95,1.5,8
2,2,109,101.67,1,1,1,1,1,4,5.67,7.5,8
2,2,110,117.44,2,2,2,2,1,6,1.3,8,8
2,2,111,135.71,2,2,2,2,1,8,3.74,7.5,8
2,2,112,155.48,2,2,2,2,1,6,7.33,6.5,8
2,2,113,172.24,4,3,3,3,1,4,5.9,8,8
2,2,114,188.51,3,3,3,3,1,4,5.81,4.5,8
2,2,115,201.28,4,3,3,3,1,8,9.8,1.5,8
2,2,116,215.05,2,2,2,2,1,4,5.6,0.5,8
2,2,117,223.81,1,2,2,1,0,6,7.54,0.5,8
2,2,118,234.58,2,1,1,1,1,8,10.72,4.5,8
2,2,119,251.35,2,1,1,1,1,4,6.97,0.5,8
2,2,120,260.13,4,4,4,4,1,8,9.67,3.5,8
2,2,121,275.9,4,4,4,4,1,8,9.81,3.5,8
2,2,122,291.67,2,2,2,2,1,6,7.73,0.5,8
2,2,123,302.44,2,2,2,2,1,8,10.17,1.5,8
2,2,124,316.2,4,4,4,4,1,6,8.1,6.5,8
2,2,125,332.97,2,2,2,2,1,8,10.47,0.5,8
2,2,126,345.74,1,1,1,1,1,4,0.74,1.5,8
2,2,127,355.52,3,3,3,3,1,6,1.28,4.5,8
2,2,128,370.29,1,2,2,1,0,6,0.74,1.5,8
2,2,129,382.06,3,4,4,3,0,8,0.9,3.5,8
2,2,130,397.83,1,1,1,1,1,6,0.87,3.5,8
2,2,131,411.59,1,1,1,1,1,6,0.93,1.5,8
2,2,132,423.36,2,1,1,2,0,6,2.63,8,8
2,2,133,441.63,3,3,3,3,1,6,1.23,4.5,8
2,2,134,456.4,1,1,1,1,1,8,1.06,0.5,8
2,2,135,469.16,3,4,4,4,1,6,7.95,3.5,8
2,2,136,482.93,1,1,1,1,1,6,0.7,8,8
2,2,137,501.2,4,4,4,4,1,4,5.48,8,8
2,2,138,517.47,2,1,1,2,0,8,9.87,8,8
2,2,139,537.74,1,1,1,1,1,4,0.56,0.5,8
2,2,140,546.52,3,3,3,3,1,6,4.11,8,8
2,2,141,564.79,1,2,2,1,0,8,2.17,2.5,8
2,2,142,579.55,1,1,1,1,1,4,5.7,1.5,8
2,2,143,589.34,1,1,1,1,1,6,8.3,1.5,8
2,2,144,601.11,3,4,4,4,1,4,5.73,0.5,8
2,2,145,609.89,2,1,1,2,0,4,5.53,0.5,8
2,2,146,618.67,4,4,4,4,1,4,5.6,6.5,8
2,2,147,633.44,2,2,2,2,1,4,5.61,5.5,8
2,2,148,647.21,4,4,4,4,1,4,5.74,1.5,8
2,2,149,656.99,4,4,4,4,1,4,5.48,0.5,8
2,2,150,665.78,1,1,1,1,1,6,7.48,1.5,8
2,2,151,677.54,2,1,1,2,0,8,9.63,1.5,8
2,2,152,691.31,4,4,4,4,1,8,9.57,1.5,8
2,2,153,705.08,1,1,1,2,0,8,10.5,1.5,8
2,2,154,718.85,3,4,4,4,1,6,7.57,0.5,8
2,2,155,729.63,4,4,4,4,1,4,5.53,3.5,8
2,2,156,741.4,2,2,2,2,1,6,1.42,1.5,8
2,2,157,753.17,2,2,2,2,1,4,6.78,0.5,8
2,2,158,761.95,3,4,4,4,1,4,6.18,4.5,8
2,2,159,774.72,3,4,4,4,1,8,9.6,0.5,8
2,2,160,787.49,4,4,4,4,1,8,9.52,8,8
2,2,161,807.75,1,1,1,1,1,8,0.74,2.5,8
2,2,162,822.52,2,2,2,1,0,4,6.4,3.5,8
2,2,163,834.29,3,3,3,3,1,6,7.2,5.5,8
2,2,164,850.06,3,3,3,3,1,8,1.33,2.5,8
2,2,165,864.82,4,3,3,4,0,6,7.87,8,8
2,2,166,883.09,4,3,3,3,1,4,5.77,0.5,8
2,2,167,891.88,3,3,3,3,1,4,5.84,0.5,8
2,2,168,900.66,2,2,2,2,1,4,5.1,1.5,8
2,2,169,910.44,4,4,4,4,1,6,7.75,6.5,8
2,2,170,927.21,2,1,1,1,1,6,9.05,0.5,8
2,2,171,937.98,3,4,4,3,0,8,9.41,4.5,8
2,2,172,954.75,4,4,4,4,1,6,7.83,1.5,8
2,2,173,966.53,1,1,1,1,1,8,9.67,3.5,8
2,2,174,982.3,2,2,2,2,1,8,9.35,3.5,8
2,2,175,998.07,4,3,3,3,1,6,8.13,2.5,8
2,2,176,1010.83,1,2,2,1,0,8,1.25,6.5,8
2,2,177,1029.6,3,3,3,3,1,4,6.43,0.5,8
2,2,178,1038.39,4,3,3,3,1,4,6.13,0.5,8
2,2,179,1047.17,3,4,4,4,1,6,8.01,3.5,8
2,2,180,1060.94,1,1,1,1,1,4,0.65,0.5,8
1,1,1,0.52,4,4,4,3,0,1,2.52,0.5,9
1,1,2,5.3,3,3,3,3,1,1,2.42,2.5,9
1,1,3,12.08,2,2,2,2,1,1,2.37,0.5,9
1,1,4,16.87,1,2,2,2,1,1,2.33,1.5,9
1,1,5,22.65,4,4,4,4,1,1,2.45,3.5,9
1,1,6,30.44,1,1,1,1,1,1,2.36,1.5,9
1,1,7,36.22,2,1,1,1,1,1,2.31,0.5,9
1,1,8,41,3,4,4,4,1,1,2.52,4.5,9
1,1,9,49.79,4,3,3,3,1,1,2.56,5.5,9
1,1,10,59.55,4,4,4,3,0,1,2.26,0.5,9
1,1,11,64.34,1,1,1,1,1,1,2.34,3.5,9
1,1,12,72.12,2,1,1,1,1,1,2.39,5.5,9
1,1,13,81.89,1,1,1,1,1,1,2.34,0.5,9
1,1,14,86.66,2,2,2,2,1,1,2.27,0.5,9
1,1,15,91.44,2,2,2,2,1,1,2.16,1.5,9
1,1,16,97.22,3,4,4,4,1,1,2.89,5.5,9
1,1,17,107.01,4,3,3,3,1,1,2.42,3.5,9
1,1,18,114.79,4,3,3,3,1,1,2.3,0.5,9
1,1,19,119.57,3,3,3,3,1,1,2.33,0.5,9
1,1,20,124.36,3,3,3,3,1,1,2.41,2.5,9
1,1,21,131.14,4,4,4,4,1,1,2.47,0.5,9
1,1,22,135.93,4,4,4,4,1,1,2.31,0.5,9
1,1,23,140.71,2,2,2,2,1,1,1.27,1.5,9
1,1,24,146.49,1,1,1,1,1,1,2.25,0.5,9
1,1,25,151.28,4,4,4,3,0,1,0.97,2.5,9
1,1,26,158.06,1,2,2,3,0,1,1.24,2.5,9
1,1,27,164.84,1,2,2,1,0,1,0.79,1.5,9
1,1,28,170.63,3,3,3,3,1,1,2.71,4.5,9
1,1,29,179.4,2,2,2,2,1,1,0.59,2.5,9
1,1,30,186.18,4,3,3,3,1,1,0.89,0.5,9
1,1,31,190.96,1,1,1,1,1,1,2.17,0.5,9
1,1,32,195.75,3,4,4,1,0,1,0.68,0.5,9
1,1,33,200.53,4,4,4,2,0,1,1.29,0.5,9
1,1,34,205.31,3,3,3,1,0,1,0.87,1.5,9
1,1,35,211.1,2,2,2,2,1,1,0.49,0.5,9
1,1,36,215.88,2,2,2,2,1,1,0.53,5.5,9
1,1,37,225.67,4,3,3,3,1,1,2.41,0.5,9
1,1,38,230.45,3,3,3,3,1,1,2.23,5.5,9
1,1,39,240.23,3,4,4,3,0,1,2.29,1.5,9
1,1,40,246.02,2,2,2,2,1,1,0.66,0.5,9
1,1,41,250.8,3,4,4,3,0,1,1.36,0.5,9
1,1,42,255.58,1,1,1,1,1,1,2.29,0.5,9
1,1,43,260.37,4,4,4,4,1,1,1.57,1.5,9
1,1,44,266.15,4,3,3,4,0,1,0.69,0.5,9
1,1,45,270.93,1,2,2,2,1,1,2.31,0.5,9
1,1,46,275.72,2,1,1,2,0,1,0.68,1.5,9
1,1,47,281.5,4,3,3,4,0,1,0.98,1.5,9
1,1,48,287.29,3,4,4,4,1,1,2.42,1.5,9
1,1,49,293.07,2,2,2,2,1,1,0.62,0.5,9
1,1,50,297.85,3,3,3,3,1,1,2.33,0.5,9
1,1,51,302.64,1,1,1,1,1,1,2.14,2.5,9
1,1,52,309.42,4,3,3,3,1,1,2.39,0.5,9
1,1,53,314.19,1,1,1,1,1,1,0.61,0.5,9
1,1,54,318.97,2,1,1,2,0,1,0.39,2.5,9
1,1,55,325.76,2,1,1,2,0,1,0.42,4.5,9
1,1,56,334.54,2,1,1,2,0,1,0.51,3.5,9
1,1,57,342.32,2,2,2,1,0,1,0.35,0.5,9
1,1,58,347.11,1,1,1,1,1,1,0.51,0.5,9
1,1,59,351.89,2,2,2,1,0,1,0.46,0.5,9
1,1,60,356.67,2,2,2,2,1,1,0.43,1.5,9
1,1,61,362.46,1,1,1,1,1,1,0.6,3.5,9
1,1,62,370.24,4,4,4,4,1,1,1.14,0.5,9
1,1,63,375.03,3,4,4,1,0,1,0.7,1.5,9
1,1,64,380.81,1,2,2,1,0,1,0.56,1.5,9
1,1,65,386.59,2,1,1,2,0,1,0.57,2.5,9
1,1,66,393.38,1,1,1,1,1,1,0.66,0.5,9
1,1,67,398.16,3,4,4,1,0,1,0.6,3.5,9
1,1,68,405.94,3,4,4,4,1,1,2.41,0.5,9
1,1,69,410.73,3,4,4,4,1,1,1.15,1.5,9
1,1,70,416.51,3,3,3,4,0,1,0.54,3.5,9
1,1,71,424.3,4,3,3,3,1,1,0.83,0.5,9
1,1,72,429.08,2,2,2,2,1,1,0.6,0.5,9
1,1,73,433.86,1,1,1,1,1,1,0.55,5.5,9
1,1,74,443.65,4,4,4,3,0,1,0.83,3.5,9
1,1,75,451.43,1,1,1,1,1,1,1.05,0.5,9
1,1,76,456.21,3,3,3,4,0,1,0.94,1.5,9
1,1,77,462,3,4,4,4,1,1,0.79,5.5,9
1,1,78,471.78,2,2,2,2,1,1,0.6,0.5,9
1,1,79,476.57,3,4,4,1,0,1,1.07,3.5,9
1,1,80,484.33,1,2,2,1,0,1,0.49,0.5,9
1,1,81,489.12,1,2,2,1,0,1,0.71,8,9
1,1,82,501.38,3,3,3,1,0,1,0.96,0.5,9
1,1,83,506.17,2,2,2,2,1,1,0.7,0.5,9
1,1,84,510.95,4,4,4,3,0,1,0.91,1.5,9
1,1,85,516.73,1,1,1,1,1,1,0.79,1.5,9
1,1,86,522.52,4,3,3,3,1,1,2.16,0.5,9
1,1,87,527.3,3,3,3,1,0,1,0.71,4.5,9
1,1,88,536.09,1,1,1,2,0,1,1.12,8,9
1,1,89,548.35,1,1,1,1,1,1,0.64,0.5,9
1,1,90,553.14,1,1,1,1,1,1,0.49,1.5,9
1,1,91,558.92,4,3,3,3,1,1,0.89,2.5,9
1,1,92,565.7,4,4,4,3,0,1,0.41,1.5,9
1,1,93,571.49,4,3,3,1,0,1,0.99,2.5,9
1,1,94,578.27,3,3,3,1,0,1,0.66,1.5,9
1,1,95,584.06,2,2,2,2,1,1,0.54,4.5,9
1,1,96,592.84,2,1,1,2,0,1,0.56,1.5,9
1,1,97,598.62,1,1,1,1,1,1,0.92,0.5,9
1,1,98,603.41,4,3,3,3,1,1,0.91,0.5,9
1,1,99,608.19,3,3,3,4,0,1,0.71,0.5,9
1,1,100,612.97,2,2,2,2,1,1,0.66,0.5,9
1,2,101,0.51,1,2,2,1,0,4,5.65,6.5,9
1,2,102,15.28,4,3,3,3,1,6,7.37,3.5,9
1,2,103,29.04,2,2,2,2,1,8,0.92,1.5,9
1,2,104,42.81,2,2,2,2,1,6,1.22,3.5,9
1,2,105,56.58,4,4,4,3,0,6,0.63,4.5,9
1,2,106,71.35,3,4,4,4,1,6,7.6,2.5,9
1,2,107,84.11,1,2,2,1,0,6,1.03,1.5,9
1,2,108,95.88,1,1,1,1,1,6,0.65,8,9
1,2,109,114.15,3,3,3,4,0,6,1.35,1.5,9
1,2,110,125.92,2,1,1,2,0,8,0.62,0.5,9
1,2,111,138.68,4,3,3,3,1,6,0.89,8,9
1,2,112,156.95,4,3,3,3,1,6,0.86,3.5,9
1,2,113,170.72,4,4,4,3,0,8,0.61,5.5,9
1,2,114,188.49,3,4,4,4,1,4,5.6,3.5,9
1,2,115,200.25,2,2,2,2,1,4,0.59,8,9
1,2,116,216.52,4,4,4,3,0,4,0.79,0.5,9
1,2,117,225.29,3,3,3,4,0,6,0.91,1.5,9
1,2,118,237.06,4,3,3,3,1,4,0.7,1.5,9
1,2,119,246.84,1,1,1,1,1,4,1.04,4.5,9
1,2,120,259.61,2,2,2,2,1,6,0.47,6.5,9
1,2,121,276.38,2,2,2,2,1,8,0.51,0.5,9
1,2,122,289.14,3,3,3,1,0,4,0.62,1.5,9
1,2,123,298.91,2,1,1,1,1,6,8,4.5,9
1,2,124,313.68,4,3,3,3,1,8,1.54,4.5,9
1,2,125,330.45,3,3,3,4,0,4,5.53,5.5,9
1,2,126,344.21,2,1,1,2,0,4,0.65,0.5,9
1,2,127,353,4,3,3,3,1,8,0.85,0.5,9
1,2,128,365.78,3,4,4,4,1,8,9.47,8,9
1,2,129,386.05,3,4,4,4,1,8,0.81,0.5,9
1,2,130,398.82,1,2,2,1,0,6,1.49,3.5,9
1,2,131,412.59,1,1,1,1,1,6,0.55,1.5,9
1,2,132,424.35,3,4,4,4,1,6,0.9,0.5,9
1,2,133,435.12,1,1,1,1,1,8,1.26,0.5,9
1,2,134,447.89,4,4,4,3,0,6,0.78,5.5,9
1,2,135,463.66,1,1,1,1,1,8,0.7,0.5,9
1,2,136,476.42,3,4,4,4,1,4,2.05,0.5,9
1,2,137,485.21,1,1,1,1,1,4,1.17,0.5,9
1,2,138,493.99,3,4,4,4,1,8,1.34,8,9
1,2,139,514.26,1,1,1,1,1,4,0.7,3.5,9
1,2,140,526.03,3,3,3,4,0,8,0.87,1.5,9
1,2,141,539.79,1,1,1,1,1,6,0.59,6.5,9
1,2,142,556.56,4,4,4,3,0,8,0.62,0.5,9
1,2,143,569.33,2,1,1,2,0,8,0.62,7.5,9
1,2,144,589.1,3,3,3,4,0,6,1.27,6.5,9
1,2,145,605.87,1,1,1,1,1,6,0.61,1.5,9
1,2,146,617.63,2,2,2,2,1,6,0.53,1.5,9
1,2,147,629.4,4,4,4,3,0,4,0.72,2.5,9
1,2,148,640.17,2,2,2,2,1,8,0.64,1.5,9
1,2,149,653.94,1,1,1,1,1,8,0.63,8,9
1,2,150,674.2,2,2,2,2,1,4,0.75,0.5,9
1,2,151,682.99,2,2,2,1,0,8,9.9,4.5,9
1,2,152,699.76,2,1,1,2,0,8,0.55,0.5,9
1,2,153,712.52,3,3,3,4,0,8,1.15,0.5,9
1,2,154,725.29,2,2,2,2,1,4,0.57,0.5,9
1,2,155,734.07,3,3,3,3,1,8,9.93,1.5,9
1,2,156,747.84,4,3,3,3,1,4,0.73,0.5,9
1,2,157,756.61,1,1,1,1,1,6,1.07,0.5,9
1,2,158,767.38,1,2,2,1,0,8,0.55,4.5,9
1,2,159,784.14,4,4,4,3,0,8,0.61,3.5,9
1,2,160,799.91,1,1,1,1,1,8,0.67,2.5,9
1,2,161,814.68,4,3,3,3,1,4,1.48,6.5,9
1,2,162,829.45,4,4,4,3,0,8,0.62,1.5,9
1,2,163,843.21,1,2,2,1,0,4,1.53,0.5,9
1,2,164,852,3,4,4,4,1,8,0.91,0.5,9
1,2,165,864.77,3,3,3,4,0,4,0.69,1.5,9
1,2,166,874.55,2,1,1,2,0,4,0.63,2.5,9
1,2,167,885.32,4,4,4,3,0,6,0.71,3.5,9
1,2,168,899.09,4,3,3,3,1,4,1.19,7.5,9
1,2,169,914.85,2,2,2,2,1,4,0.53,1.5,9
1,2,170,924.64,2,2,2,2,1,4,0.45,0.5,9
1,2,171,933.42,2,1,1,2,0,6,1.06,2.5,9
1,2,172,946.19,3,4,4,1,0,6,1.8,8,9
1,2,173,964.46,1,1,1,1,1,4,0.65,1.5,9
1,2,174,974.24,4,4,4,3,0,8,0.83,1.5,9
1,2,175,988.01,2,2,2,2,1,6,7.73,1.5,9
1,2,176,999.78,3,3,3,4,0,6,1.09,3.5,9
1,2,177,1013.54,1,2,2,1,0,8,0.79,8,9
1,2,178,1033.81,1,1,1,1,1,4,0.69,3.5,9
1,2,179,1045.58,3,4,4,4,1,4,1.08,3.5,9
1,2,180,1057.35,4,3,3,3,1,8,0.6,8,9
2,1,1,0.51,3,3,3,3,1,1,2.89,1.5,9
2,1,2,6.3,1,1,1,1,1,1,2.33,3.5,9
2,1,3,14.08,3,3,3,3,1,1,0.89,4.5,9
2,1,4,22.86,1,1,1,1,1,1,0.49,1.5,9
2,1,5,28.65,2,2,2,2,1,1,2.28,0.5,9
2,1,6,33.43,2,2,2,2,1,1,0.64,0.5,9
2,1,7,38.21,4,3,3,3,1,1,2.47,1.5,9
2,1,8,44,1,1,1,1,1,1,0.72,0.5,9
2,1,9,48.78,1,2,2,1,0,1,0.5,0.5,9
2,1,10,53.56,3,4,4,3,0,1,1.05,0.5,9
2,1,11,58.35,3,4,4,4,1,1,2.26,3.5,9
2,1,12,66.13,2,2,2,2,1,1,0.93,4.5,9
2,1,13,74.92,1,1,1,1,1,1,0.69,3.5,9
2,1,14,82.7,4,3,3,3,1,1,2.37,0.5,9
2,1,15,87.48,4,4,4,3,0,1,2.18,1.5,9
2,1,16,93.27,1,1,1,1,1,1,0.64,1.5,9
2,1,17,99.05,2,2,2,2,1,1,0.87,0.5,9
2,1,18,103.84,3,4,4,4,1,1,2.28,0.5,9
2,1,19,108.62,4,3,3,3,1,1,2.33,5.5,9
2,1,20,118.39,4,3,3,3,1,1,0.45,3.5,9
2,1,21,126.17,2,2,2,2,1,1,0.64,0.5,9
2,1,22,130.95,4,4,4,3,0,1,0.61,0.5,9
2,1,23,135.74,1,2,2,1,0,1,0.88,8,9
2,1,24,148,2,2,2,2,1,1,0.68,0.5,9
2,1,25,152.79,1,1,1,2,0,1,0.52,0.5,9
2,1,26,157.57,3,3,3,3,1,1,2.45,3.5,9
2,1,27,165.36,3,4,4,4,1,1,2.38,5.5,9
2,1,28,175.12,4,4,4,3,0,1,0.66,1.5,9
2,1,29,180.91,1,1,1,1,1,1,2.58,2.5,9
2,1,30,187.69,1,1,1,1,1,1,0.71,0.5,9
2,1,31,192.47,2,1,1,2,0,1,0.72,1.5,9
2,1,32,198.26,2,2,2,2,1,1,0.59,1.5,9
2,1,33,204.04,3,3,3,3,1,1,2.37,0.5,9
2,1,34,208.83,3,3,3,3,1,1,2.44,4.5,9
2,1,35,217.61,1,1,1,1,1,1,0.61,5.5,9
2,1,36,227.39,3,4,4,4,1,1,2.52,1.5,9
2,1,37,233.18,1,2,2,1,0,1,0.65,1.5,9
2,1,38,238.96,2,2,2,2,1,1,0.71,1.5,9
2,1,39,244.74,3,4,4,4,1,1,2.74,5.5,9
2,1,40,254.53,1,1,1,1,1,1,0.59,8,9
2,1,41,266.8,1,1,1,1,1,1,0.56,0.5,9
2,1,42,271.58,3,4,4,4,1,1,1.23,1.5,9
2,1,43,277.36,4,4,4,3,0,1,0.68,0.5,9
2,1,44,282.15,4,4,4,4,1,1,2.4,0.5,9
2,1,45,286.93,2,2,2,2,1,1,0.68,1.5,9
2,1,46,292.71,1,1,1,1,1,1,0.78,0.5,9
2,1,47,297.5,4,4,4,3,0,1,0.72,0.5,9
2,1,48,302.28,1,1,1,1,1,1,0.59,0.5,9
2,1,49,307.07,3,3,3,4,0,1,1.09,5.5,9
2,1,50,316.85,3,4,4,4,1,1,2.49,1.5,9
2,1,51,322.63,3,3,3,4,0,1,1,2.5,9
2,1,52,329.42,2,2,2,2,1,1,0.62,2.5,9
2,1,53,336.2,4,4,4,3,0,1,2.48,0.5,9
2,1,54,340.98,4,3,3,3,1,1,2.39,0.5,9
2,1,55,345.77,4,3,3,3,1,1,2.3,0.5,9
2,1,56,350.55,2,2,2,2,1,1,0.64,4.5,9
2,1,57,359.34,3,4,4,4,1,1,2.45,4.5,9
2,1,58,368.12,2,1,1,2,0,1,1.31,2.5,9
2,1,59,374.9,1,1,1,2,0,1,2.59,1.5,9
2,1,60,380.69,3,3,3,4,0,1,1.01,3.5,9
2,1,61,388.47,4,3,3,3,1,1,2.22,2.5,9
2,1,62,395.25,3,3,3,4,0,1,1.92,1.5,9
2,1,63,401.04,4,4,4,3,0,1,2.32,3.5,9
2,1,64,408.82,3,3,3,3,1,1,2.4,0.5,9
2,1,65,413.61,4,4,4,4,1,1,2.47,2.5,9
2,1,66,420.39,2,1,1,1,1,1,3.36,2.5,9
2,1,67,427.17,1,1,1,1,1,1,0.5,0.5,9
2,1,68,431.96,1,2,2,1,0,1,0.59,1.5,9
2,1,69,437.74,4,3,3,3,1,1,2.19,0.5,9
2,1,70,442.52,1,1,1,1,1,1,0.99,0.5,9
2,1,71,447.31,3,4,4,3,0,1,2.33,0.5,9
2,1,72,452.09,2,2,2,2,1,1,0.6,5.5,9
2,1,73,461.88,1,1,1,1,1,1,0.61,0.5,9
2,1,74,466.66,4,4,4,4,1,1,2.3,0.5,9
2,1,75,471.44,1,2,2,1,0,1,0.61,2.5,9
2,1,76,478.23,4,4,4,4,1,1,2.33,2.5,9
2,1,77,485.01,3,3,3,3,1,1,2.34,0.5,9
2,1,78,489.79,3,3,3,3,1,1,2.15,0.5,9
2,1,79,494.58,2,2,2,2,1,1,0.62,0.5,9
2,1,80,499.36,1,1,1,1,1,1,0.57,1.5,9
2,1,81,505.15,2,2,2,1,0,1,2.35,0.5,9
2,1,82,509.93,4,3,3,3,1,1,2.35,0.5,9
2,1,83,514.71,2,2,2,2,1,1,0.54,0.5,9
2,1,84,519.5,2,2,2,2,1,1,0.67,5.5,9
2,1,85,529.28,2,2,2,2,1,1,0.59,0.5,9
2,1,86,534.06,2,2,2,2,1,1,0.82,0.5,9
2,1,87,538.85,4,3,3,3,1,1,2.31,0.5,9
2,1,88,543.63,3,3,3,3,1,1,2.29,2.5,9
2,1,89,550.42,4,4,4,4,1,1,2.39,3.5,9
2,1,90,558.2,2,1,1,2,0,1,2.27,3.5,9
2,1,91,565.98,3,3,3,3,1,1,3.31,1.5,9
2,1,92,571.77,4,4,4,4,1,1,2.73,0.5,9
2,1,93,576.55,2,2,2,2,1,1,0.65,0.5,9
2,1,94,581.33,3,3,3,3,1,1,2.52,1.5,9
2,1,95,587.12,4,4,4,3,0,1,2.32,1.5,9
2,1,96,592.9,1,1,1,1,1,1,0.62,0.5,9
2,1,97,597.69,1,1,1,1,1,1,2.26,0.5,9
2,1,98,602.47,4,4,4,4,1,1,2.51,0.5,9
2,1,99,607.25,2,1,1,2,0,1,0.62,1.5,9
2,1,100,613.02,2,2,2,2,1,1,0.92,0.5,9
2,2,101,0.5,1,1,1,1,1,4,0.78,0.5,9
2,2,102,9.29,4,4,4,3,0,6,0.66,3.5,9
2,2,103,23.05,4,3,3,4,0,4,5.93,1.5,9
2,2,104,32.84,2,2,2,2,1,4,0.62,2.5,9
2,2,105,43.61,1,1,1,1,1,4,0.61,1.5,9
2,2,106,53.39,2,2,2,2,1,8,0.59,1.5,9
2,2,107,67.16,1,1,1,1,1,6,0.62,0.5,9
2,2,108,77.92,3,4,4,4,1,8,9.98,0.5,9
2,2,109,90.69,4,4,4,4,1,8,9.48,0.5,9
2,2,110,103.46,4,4,4,4,1,8,9.53,5.5,9
2,2,111,121.23,2,2,2,2,1,8,0.66,1.5,9
2,2,112,134.99,3,3,3,3,1,8,10.05,0.5,9
2,2,113,147.76,1,1,1,1,1,6,0.65,6.5,9
2,2,114,164.53,4,4,4,4,1,4,6.67,1.5,9
2,2,115,174.31,2,1,1,2,0,8,0.63,7.5,9
2,2,116,194.08,3,4,4,4,1,6,7.63,8,9
2,2,117,212.35,4,4,4,4,1,6,0.75,4.5,9
2,2,118,227.12,4,3,3,4,0,6,1.6,3.5,9
2,2,119,240.89,2,2,2,2,1,4,0.61,0.5,9
2,2,120,249.67,2,2,2,2,1,8,0.63,0.5,9
2,2,121,262.44,3,4,4,4,1,6,7.83,0.5,9
2,2,122,273.2,3,3,3,4,0,4,0.5,3.5,9
2,2,123,284.97,2,2,2,2,1,6,0.59,2.5,9
2,2,124,297.74,1,1,1,1,1,6,0.65,8,9
2,2,125,316.01,2,2,2,1,0,4,5.87,1.5,9
2,2,126,325.79,3,4,4,4,1,8,0.92,0.5,9
2,2,127,338.56,4,4,4,4,1,8,0.91,0.5,9
2,2,128,351.33,3,3,3,4,0,6,0.72,1.5,9
2,2,129,363.09,2,2,2,2,1,4,0.59,8,9
2,2,130,379.36,4,3,3,4,0,4,0.96,6.5,9
2,2,131,394.13,2,2,2,2,1,6,0.64,3.5,9
2,2,132,407.9,4,3,3,4,0,6,7.8,3.5,9
2,2,133,421.66,4,3,3,3,1,6,7.7,8,9
2,2,134,439.93,2,2,2,2,1,6,0.63,6.5,9
2,2,135,456.7,1,1,1,1,1,6,0.61,1.5,9
2,2,136,468.47,3,3,3,4,0,6,1.44,6.5,9
2,2,137,485.24,1,2,2,1,0,6,0.66,1.5,9
2,2,138,497,2,2,2,2,1,4,5.73,0.5,9
2,2,139,505.79,1,2,2,1,0,6,0.63,3.5,9
2,2,140,519.55,2,1,1,2,0,4,0.66,0.5,9
2,2,141,528.34,2,2,2,2,1,6,0.58,1.5,9
2,2,142,540.11,2,2,2,2,1,8,9.78,0.5,9
2,2,143,552.87,3,4,4,4,1,4,5.73,0.5,9
2,2,144,561.66,1,1,1,1,1,8,0.61,0.5,9
2,2,145,574.42,4,4,4,4,1,4,5.47,0.5,9
2,2,146,583.21,4,4,4,4,1,6,7.54,5.5,9
2,2,147,598.98,3,3,3,3,1,8,9.9,1.5,9
2,2,148,612.74,1,2,2,2,1,4,5.95,6.5,9
2,2,149,627.51,2,2,2,2,1,4,0.61,0.5,9
2,2,150,636.3,2,1,1,1,1,8,9.44,0.5,9
2,2,151,649.06,3,3,3,3,1,8,9.64,1.5,9
2,2,152,662.83,2,2,2,2,1,8,0.62,4.5,9
2,2,153,679.6,3,3,3,3,1,4,5.83,1.5,9
2,2,154,689.38,3,3,3,3,1,6,7.6,1.5,9
2,2,155,701.15,1,1,1,1,1,4,0.7,3.5,9
2,2,156,712.92,3,4,4,4,1,6,7.87,2.5,9
2,2,157,725.7,3,3,3,4,0,8,2.01,8,9
2,2,158,745.97,4,3,3,3,1,8,9.71,4.5,9
2,2,159,762.74,1,1,1,1,1,4,0.68,0.5,9
2,2,160,771.52,4,3,3,4,0,4,7.15,7.5,9
2,2,161,787.29,1,1,1,1,1,8,0.6,0.5,9
2,2,162,800.06,2,2,2,2,1,6,0.59,1.5,9
2,2,163,811.82,4,4,4,4,1,8,10.18,1.5,9
2,2,164,825.59,4,4,4,3,0,4,2.21,0.5,9
2,2,165,834.38,4,4,4,4,1,4,0.43,2.5,9
2,2,166,845.14,1,1,1,1,1,8,0.67,8,9
2,2,167,865.41,2,1,1,2,0,6,0.99,4.5,9
2,2,168,880.18,3,3,3,3,1,6,7.73,3.5,9
2,2,169,893.95,4,4,4,4,1,6,1.33,3.5,9
2,2,170,907.71,1,1,1,1,1,4,0.66,3.5,9
2,2,171,919.48,1,1,1,1,1,8,0.59,2.5,9
2,2,172,934.25,1,2,2,1,0,8,0.79,4.5,9
2,2,173,951.02,1,1,1,1,1,8,0.65,8,9
2,2,174,971.28,3,3,3,3,1,4,5.9,1.5,9
2,2,175,981.07,3,4,4,3,0,4,0.51,3.5,9
2,2,176,992.84,1,1,1,1,1,4,0.87,4.5,9
2,2,177,1005.6,1,1,1,1,1,6,0.54,1.5,9
2,2,178,1017.37,4,3,3,4,0,8,0.98,8,9
2,2,179,1037.64,3,4,4,4,1,8,9.65,8,9
2,2,180,1057.91,3,3,3,4,0,4,5.85,5.5,9
1,1,1,0.51,2,2,2,NA,NA,1,NA,1.5,16
1,1,2,6.3,2,1,1,NA,NA,1,NA,0.5,16
1,1,3,11.08,3,3,3,NA,NA,1,NA,0.5,16
1,1,4,15.86,2,2,2,NA,NA,1,NA,0.5,16
1,1,5,20.65,3,3,3,NA,NA,1,NA,0.5,16
1,1,6,25.43,3,3,3,NA,NA,1,NA,0.5,16
1,1,7,30.21,1,2,2,NA,NA,1,NA,0.5,16
1,1,8,35,2,1,1,NA,NA,1,NA,2.5,16
1,1,9,41.78,4,3,3,NA,NA,1,NA,4.5,16
1,1,10,50.57,1,2,2,NA,NA,1,NA,5.5,16
1,1,11,60.35,1,1,1,NA,NA,1,NA,4.5,16
1,1,12,69.13,4,3,3,NA,NA,1,NA,3.5,16
1,1,13,76.92,3,3,3,NA,NA,1,NA,0.5,16
1,1,14,81.7,4,3,3,NA,NA,1,NA,2.5,16
1,1,15,88.48,3,4,4,NA,NA,1,NA,0.5,16
1,1,16,93.27,2,1,1,NA,NA,1,NA,0.5,16
1,1,17,98.05,3,4,4,NA,NA,1,NA,0.5,16
1,1,18,102.84,1,2,2,NA,NA,1,NA,5.5,16
1,1,19,112.62,2,1,1,NA,NA,1,NA,0.5,16
1,1,20,117.4,3,3,3,NA,NA,1,NA,4.5,16
1,1,21,126.19,1,2,2,NA,NA,1,NA,0.5,16
1,1,22,130.97,3,3,3,NA,NA,1,NA,3.5,16
1,1,23,138.75,1,2,2,NA,NA,1,NA,1.5,16
1,1,24,144.54,1,2,2,NA,NA,1,NA,5.5,16
1,1,25,154.31,4,3,3,NA,NA,1,NA,2.5,16
1,1,26,161.09,4,4,4,NA,NA,1,NA,1.5,16
1,1,27,166.87,2,2,2,NA,NA,1,NA,0.5,16
1,1,28,171.66,2,1,1,NA,NA,1,NA,0.5,16
1,1,29,176.44,4,4,4,NA,NA,1,NA,2.5,16
1,1,30,183.22,4,4,4,NA,NA,1,NA,0.5,16
1,1,31,188.01,3,3,3,NA,NA,1,NA,1.5,16
1,1,32,193.79,2,1,1,NA,NA,1,NA,1.5,16
1,1,33,199.58,1,1,1,NA,NA,1,NA,3.5,16
1,1,34,207.36,1,2,2,NA,NA,1,NA,2.5,16
1,1,35,214.14,2,2,2,NA,NA,1,NA,1.5,16
1,1,36,219.93,3,3,3,NA,NA,1,NA,0.5,16
1,1,37,224.71,2,1,1,NA,NA,1,NA,4.5,16
1,1,38,233.49,1,1,1,NA,NA,1,NA,0.5,16
1,1,39,238.28,1,1,1,NA,NA,1,NA,5.5,16
1,1,40,248.06,2,2,2,NA,NA,1,NA,4.5,16
1,1,41,256.85,4,3,3,NA,NA,1,NA,3.5,16
1,1,42,264.63,3,3,3,NA,NA,1,NA,0.5,16
1,1,43,269.41,2,2,2,NA,NA,1,NA,0.5,16
1,1,44,274.2,3,4,4,NA,NA,1,NA,0.5,16
1,1,45,278.98,2,2,2,NA,NA,1,NA,0.5,16
1,1,46,283.76,4,3,3,NA,NA,1,NA,0.5,16
1,1,47,288.55,3,4,4,NA,NA,1,NA,1.5,16
1,1,48,294.33,4,3,3,NA,NA,1,NA,2.5,16
1,1,49,301.12,4,3,3,NA,NA,1,NA,0.5,16
1,1,50,305.9,1,2,2,NA,NA,1,NA,3.5,16
1,1,51,313.68,3,3,3,NA,NA,1,NA,1.5,16
1,1,52,319.47,3,4,4,NA,NA,1,NA,0.5,16
1,1,53,324.25,1,1,1,NA,NA,1,NA,1.5,16
1,1,54,330.03,3,4,4,NA,NA,1,NA,2.5,16
1,1,55,336.82,2,1,1,NA,NA,1,NA,8,16
1,1,56,349.09,3,3,3,NA,NA,1,NA,0.5,16
1,1,57,353.87,3,4,4,NA,NA,1,NA,1.5,16
1,1,58,359.65,4,4,4,NA,NA,1,NA,0.5,16
1,1,59,364.44,2,1,1,NA,NA,1,NA,0.5,16
1,1,60,369.22,1,1,1,NA,NA,1,NA,3.5,16
1,1,61,377,4,4,4,NA,NA,1,NA,1.5,16
1,1,62,382.79,1,1,1,NA,NA,1,NA,0.5,16
1,1,63,387.57,3,3,3,NA,NA,1,NA,1.5,16
1,1,64,393.36,3,3,3,NA,NA,1,NA,3.5,16
1,1,65,401.14,4,4,4,NA,NA,1,NA,0.5,16
1,1,66,405.92,3,4,4,NA,NA,1,NA,0.5,16
1,1,67,410.71,2,2,2,NA,NA,1,NA,0.5,16
1,1,68,415.49,4,4,4,NA,NA,1,NA,3.5,16
1,1,69,423.26,2,1,1,NA,NA,1,NA,2.5,16
1,1,70,430.04,1,2,2,NA,NA,1,NA,1.5,16
1,1,71,435.82,1,1,1,NA,NA,1,NA,0.5,16
1,1,72,440.61,3,3,3,NA,NA,1,NA,5.5,16
1,1,73,450.39,4,4,4,NA,NA,1,NA,1.5,16
1,1,74,456.18,1,1,1,NA,NA,1,NA,0.5,16
1,1,75,460.96,1,2,2,NA,NA,1,NA,8,16
1,1,76,473.23,4,4,4,NA,NA,1,NA,0.5,16
1,1,77,478.01,1,1,1,NA,NA,1,NA,0.5,16
1,1,78,482.79,4,4,4,NA,NA,1,NA,1.5,16
1,1,79,488.58,3,4,4,NA,NA,1,NA,1.5,16
1,1,80,494.36,4,4,4,NA,NA,1,NA,1.5,16
1,1,81,500.15,2,2,2,NA,NA,1,NA,1.5,16
1,1,82,505.93,4,3,3,NA,NA,1,NA,0.5,16
1,1,83,510.71,4,4,4,NA,NA,1,NA,3.5,16
1,1,84,518.5,2,1,1,NA,NA,1,NA,2.5,16
1,1,85,525.28,3,3,3,NA,NA,1,NA,5.5,16
1,1,86,535.06,4,4,4,NA,NA,1,NA,0.5,16
1,1,87,539.85,3,4,4,NA,NA,1,NA,0.5,16
1,1,88,544.63,4,3,3,NA,NA,1,NA,0.5,16
1,1,89,549.42,1,2,2,NA,NA,1,NA,1.5,16
1,1,90,555.2,4,4,4,NA,NA,1,NA,0.5,16
1,1,91,559.98,4,4,4,NA,NA,1,NA,0.5,16
1,1,92,564.77,2,2,2,NA,NA,1,NA,0.5,16
1,1,93,569.55,1,2,2,NA,NA,1,NA,0.5,16
1,1,94,574.33,2,1,1,NA,NA,1,NA,0.5,16
1,1,95,579.12,1,1,1,NA,NA,1,NA,2.5,16
1,1,96,585.9,2,1,1,NA,NA,1,NA,1.5,16
1,1,97,591.68,1,1,1,NA,NA,1,NA,0.5,16
1,1,98,596.47,1,1,1,NA,NA,1,NA,1.5,16
1,1,99,602.25,2,2,2,NA,NA,1,NA,5.5,16
1,1,100,612.04,2,2,2,NA,NA,1,NA,1.5,16
1,2,101,0.51,4,3,3,3,1,6,8.26,1.5,16
1,2,102,12.28,1,2,2,1,0,8,10.57,1.5,16
1,2,103,26.04,4,3,3,3,1,4,6.14,1.5,16
1,2,104,35.81,3,3,3,4,0,4,7.05,4.5,16
1,2,105,48.58,3,3,3,3,1,8,10.27,0.5,16
1,2,106,61.35,4,4,4,4,1,8,9.87,3.5,16
1,2,107,77.11,4,4,4,4,1,4,5.57,8,16
1,2,108,93.38,4,4,4,4,1,4,5.54,3.5,16
1,2,109,105.15,3,3,3,3,1,8,9.31,5.5,16
1,2,110,122.92,1,2,2,2,1,4,1.37,1.5,16
1,2,111,132.7,3,4,4,3,0,6,2.45,1.5,16
1,2,112,144.49,1,1,1,2,0,6,1.3,3.5,16
1,2,113,158.25,1,2,2,2,1,8,10.57,6.5,16
1,2,114,177.02,1,2,2,2,1,6,8.97,7.5,16
1,2,115,194.79,2,1,1,2,0,8,10.63,1.5,16
1,2,116,208.56,1,2,2,2,1,6,2.26,1.5,16
1,2,117,220.32,2,1,1,1,1,6,0.43,1.5,16
1,2,118,232.09,1,1,1,2,0,6,1.11,4.5,16
1,2,119,246.86,4,4,4,4,1,8,9.65,8,16
1,2,120,267.13,2,2,2,1,0,6,8.3,1.5,16
1,2,121,278.89,3,4,4,3,0,8,9.43,3.5,16
1,2,122,294.66,2,1,1,2,0,4,5.91,4.5,16
1,2,123,307.43,4,3,3,4,0,6,2.63,0.5,16
1,2,124,318.21,1,1,1,1,1,4,6.93,1.5,16
1,2,125,328,3,3,3,3,1,4,5.6,0.5,16
1,2,126,336.78,2,1,1,2,0,8,10.71,2.5,16
1,2,127,351.55,1,2,2,2,1,4,1.26,8,16
1,2,128,367.82,3,3,3,3,1,4,2.12,8,16
1,2,129,384.08,4,4,4,4,1,6,7.73,5.5,16
1,2,130,399.85,2,1,1,1,1,4,4.29,0.5,16
1,2,131,408.64,2,1,1,1,1,8,10.62,0.5,16
1,2,132,421.4,4,4,4,4,1,8,2.39,8,16
1,2,133,441.67,1,1,1,2,0,8,1.11,0.5,16
1,2,134,454.44,2,1,1,4,0,8,4.52,0.5,16
1,2,135,467.21,4,3,3,4,0,6,2.42,0.5,16
1,2,136,477.99,1,1,1,2,0,4,7.3,3.5,16
1,2,137,489.76,1,1,1,1,1,4,6.8,3.5,16
1,2,138,501.53,3,3,3,3,1,8,9.6,0.5,16
1,2,139,514.29,2,2,2,2,1,8,11.47,2.5,16
1,2,140,529.06,4,4,4,4,1,4,5.67,0.5,16
1,2,141,537.85,1,2,2,2,1,6,8.57,2.5,16
1,2,142,550.61,3,3,3,3,1,6,1.11,1.5,16
1,2,143,562.38,3,3,3,3,1,6,8.01,8,16
1,2,144,580.65,1,2,2,2,1,6,1.17,3.5,16
1,2,145,594.42,4,3,3,4,0,8,0.99,1.5,16
1,2,146,608.18,4,4,4,4,1,6,3.41,3.5,16
1,2,147,621.95,4,4,4,4,1,8,10.27,4.5,16
1,2,148,638.72,2,1,1,1,1,6,1.42,8,16
1,2,149,656.99,3,3,3,3,1,6,1.1,0.5,16
1,2,150,667.77,2,2,2,1,0,8,10,0.5,16
1,2,151,680.54,4,4,4,4,1,4,2.03,0.5,16
1,2,152,689.31,4,3,3,4,0,8,3.54,6.5,16
1,2,153,708.07,3,3,3,3,1,6,1.02,4.5,16
1,2,154,722.84,3,4,4,3,0,8,0.75,1.5,16
1,2,155,736.61,1,1,1,2,0,4,3,8,16
1,2,156,752.88,1,1,1,1,1,8,10.3,1.5,16
1,2,157,766.64,1,2,2,2,1,8,10.37,0.5,16
1,2,158,779.41,2,2,2,2,1,4,6.91,5.5,16
1,2,159,793.18,4,3,3,4,0,4,2.91,2.5,16
1,2,160,803.96,3,4,4,3,0,8,0.85,0.5,16
1,2,161,816.73,4,4,4,4,1,6,7.7,0.5,16
1,2,162,827.51,2,2,2,1,0,6,2.61,1.5,16
1,2,163,839.28,3,4,4,4,1,4,5.83,3.5,16
1,2,164,851.05,4,4,4,4,1,8,9.3,0.5,16
1,2,165,863.82,1,1,1,2,0,8,2.54,7.5,16
1,2,166,883.58,2,2,2,2,1,4,6.45,0.5,16
1,2,167,892.37,3,3,3,3,1,8,9.58,1.5,16
1,2,168,906.14,4,3,3,4,0,4,2,3.5,16
1,2,169,917.9,2,2,2,2,1,6,8.38,0.5,16
1,2,170,928.67,2,1,1,1,1,6,8.7,8,16
1,2,171,946.94,2,2,2,2,1,8,10.21,4.5,16
1,2,172,963.71,2,1,1,2,0,4,6.1,0.5,16
1,2,173,972.47,2,2,2,1,0,4,6.78,2.5,16
1,2,174,983.26,1,2,2,2,1,4,6.71,1.5,16
1,2,175,993.04,2,2,2,1,0,4,7.58,0.5,16
1,2,176,1001.83,3,4,4,3,0,6,0.98,1.5,16
1,2,177,1013.59,3,4,4,4,1,6,7.84,6.5,16
1,2,178,1030.36,3,4,4,4,1,4,5.55,6.5,16
1,2,179,1045.13,1,1,1,2,0,6,8.94,6.5,16
1,2,180,1061.9,3,3,3,3,1,4,6.58,3.5,16
1,1,1,0.5,4,4,4,4,1,1,2.67,2.5,17
1,1,2,7.29,1,2,2,2,1,1,2.54,0.5,17
1,1,3,12.07,4,4,4,4,1,1,2.29,0.5,17
1,1,4,16.85,1,1,1,2,0,1,0.61,1.5,17
1,1,5,22.64,4,4,4,4,1,1,2.43,0.5,17
1,1,6,27.42,2,1,1,1,1,1,2.64,0.5,17
1,1,7,32.2,2,2,2,2,1,1,2.55,0.5,17
1,1,8,36.99,3,4,4,4,1,1,2.44,0.5,17
1,1,9,41.77,4,3,3,3,1,1,2.22,1.5,17
1,1,10,47.55,1,2,2,2,1,1,2.33,1.5,17
1,1,11,53.34,3,4,4,4,1,1,2.45,0.5,17
1,1,12,58.12,1,1,1,1,1,1,2.38,0.5,17
1,1,13,62.91,1,1,1,1,1,1,2.36,2.5,17
1,1,14,69.69,3,4,4,4,1,1,2.44,0.5,17
1,1,15,74.47,2,2,2,2,1,1,2.41,5.5,17
1,1,16,84.26,1,1,1,1,1,1,1.56,1.5,17
1,1,17,90.04,2,2,2,2,1,1,2.21,0.5,17
1,1,18,94.83,2,2,2,2,1,1,1.26,2.5,17
1,1,19,101.61,2,1,1,2,0,1,1.01,0.5,17
1,1,20,106.39,4,3,3,3,1,1,2.21,0.5,17
1,1,21,111.18,3,4,4,4,1,1,1.13,2.5,17
1,1,22,117.96,2,1,1,1,1,1,2.43,0.5,17
1,1,23,122.74,4,3,3,3,1,1,1.66,0.5,17
1,1,24,127.53,4,4,4,4,1,1,2.49,3.5,17
1,1,25,135.31,1,1,1,1,1,1,1.68,1.5,17
1,1,26,141.09,3,3,3,4,0,1,1.05,0.5,17
1,1,27,145.88,2,1,1,1,1,1,2.66,4.5,17
1,1,28,154.66,3,4,4,4,1,1,2.48,0.5,17
1,1,29,159.45,1,1,1,1,1,1,2.35,0.5,17
1,1,30,164.23,2,2,2,2,1,1,2.13,0.5,17
1,1,31,169.01,4,4,4,4,1,1,2.53,1.5,17
1,1,32,174.8,3,3,3,3,1,1,2.17,0.5,17
1,1,33,179.58,2,2,2,1,0,1,1.78,0.5,17
1,1,34,184.36,3,3,3,3,1,1,2.23,1.5,17
1,1,35,190.15,2,2,2,2,1,1,2.19,4.5,17
1,1,36,198.93,2,2,2,2,1,1,2.2,0.5,17
1,1,37,203.72,2,2,2,2,1,1,2.19,3.5,17
1,1,38,211.5,4,3,3,3,1,1,2.37,4.5,17
1,1,39,220.28,4,3,3,3,1,1,2.38,0.5,17
1,1,40,225.07,3,4,4,4,1,1,2.46,0.5,17
1,1,41,229.85,1,1,1,1,1,1,2.67,1.5,17
1,1,42,235.63,3,3,3,3,1,1,2.44,3.5,17
1,1,43,243.42,4,4,4,3,0,1,1.53,0.5,17
1,1,44,248.2,3,3,3,4,0,1,1.61,2.5,17
1,1,45,254.99,2,1,1,1,1,1,2.35,1.5,17
1,1,46,260.77,1,2,2,2,1,1,2.21,2.5,17
1,1,47,267.55,4,3,3,3,1,1,2.4,0.5,17
1,1,48,272.34,2,2,2,2,1,1,2.51,1.5,17
1,1,49,278.12,1,2,2,2,1,1,2.3,1.5,17
1,1,50,283.9,4,4,4,4,1,1,2.42,5.5,17
1,1,51,293.69,4,4,4,4,1,1,2.35,0.5,17
1,1,52,298.47,2,1,1,1,1,1,2.54,2.5,17
1,1,53,305.26,4,4,4,4,1,1,2.42,2.5,17
1,1,54,312.04,3,3,3,3,1,1,2.56,0.5,17
1,1,55,316.82,1,2,2,2,1,1,2.14,5.5,17
1,1,56,326.61,2,2,2,2,1,1,2.17,0.5,17
1,1,57,331.39,1,1,1,1,1,1,2.19,3.5,17
1,1,58,339.18,4,3,3,3,1,1,1.27,0.5,17
1,1,59,343.96,2,1,1,1,1,1,2.52,1.5,17
1,1,60,349.74,3,3,3,4,0,1,1.44,0.5,17
1,1,61,354.53,1,1,1,1,1,1,2.37,3.5,17
1,1,62,362.31,4,4,4,4,1,1,1.63,4.5,17
1,1,63,371.09,4,3,3,3,1,1,1.72,0.5,17
1,1,64,375.88,1,2,2,1,0,1,1.54,0.5,17
1,1,65,380.66,4,3,3,3,1,1,1.81,1.5,17
1,1,66,386.44,1,1,1,2,0,1,1.59,1.5,17
1,1,67,392.23,1,1,1,1,1,1,2.3,1.5,17
1,1,68,398.01,1,2,2,2,1,1,2.41,1.5,17
1,1,69,403.8,2,2,2,2,1,1,2.44,1.5,17
1,1,70,409.58,4,4,4,4,1,1,2.43,3.5,17
1,1,71,417.36,2,2,2,2,1,1,2.33,1.5,17
1,1,72,423.15,2,2,2,2,1,1,2.66,5.5,17
1,1,73,432.93,2,1,1,1,1,1,2.37,0.5,17
1,1,74,437.71,2,1,1,1,1,1,2.39,0.5,17
1,1,75,442.5,1,2,2,2,1,1,2.18,3.5,17
1,1,76,450.28,4,3,3,3,1,1,2.58,5.5,17
1,1,77,460.07,1,1,1,1,1,1,2.45,1.5,17
1,1,78,465.85,1,2,2,2,1,1,2.83,8,17
1,1,79,478.13,2,2,2,2,1,1,2.4,0.5,17
1,1,80,482.92,3,3,3,3,1,1,2.6,0.5,17
1,1,81,487.7,4,3,3,3,1,1,2.29,1.5,17
1,1,82,493.49,3,4,4,4,1,1,1.93,3.5,17
1,1,83,501.27,3,4,4,3,0,1,1.42,0.5,17
1,1,84,506.05,3,4,4,4,1,1,2.46,8,17
1,1,85,518.34,2,1,1,1,1,1,2.47,2.5,17
1,1,86,525.12,4,4,4,4,1,1,2.38,0.5,17
1,1,87,529.9,3,3,3,3,1,1,3.57,1.5,17
1,1,88,535.69,1,1,1,1,1,1,2.32,0.5,17
1,1,89,540.47,1,1,1,1,1,1,2.23,0.5,17
1,1,90,545.26,3,3,3,3,1,1,2.73,0.5,17
1,1,91,550.04,3,3,3,3,1,1,3.28,1.5,17
1,1,92,555.82,4,3,3,3,1,1,2.89,0.5,17
1,1,93,560.61,3,4,4,4,1,1,2.53,3.5,17
1,1,94,568.39,1,2,2,2,1,1,2.48,0.5,17
1,1,95,573.17,1,1,1,1,1,1,2.46,0.5,17
1,1,96,577.96,4,3,3,3,1,1,2.59,2.5,17
1,1,97,584.74,3,3,3,3,1,1,2.72,0.5,17
1,1,98,589.53,3,4,4,4,1,1,2.53,5.5,17
1,1,99,599.31,3,4,4,4,1,1,2.48,4.5,17
1,1,100,608.09,3,3,3,3,1,1,2.79,5.5,17
1,2,101,0.5,3,4,4,4,1,6,2.73,0.5,17
1,2,102,11.27,3,3,3,3,1,8,1.2,1.5,17
1,2,103,25.06,1,2,2,1,0,8,2.49,0.5,17
1,2,104,37.84,1,2,2,NA,0,6,NA,1.5,17
1,2,105,49.63,3,3,3,4,0,6,8.07,0.5,17
1,2,106,60.41,3,4,4,4,1,4,5.65,1.5,17
1,2,107,70.2,1,1,1,2,0,4,5.31,3.5,17
1,2,108,81.98,3,3,3,3,1,8,9.97,3.5,17
1,2,109,97.76,4,3,3,3,1,8,9.44,3.5,17
1,2,110,113.55,1,2,2,2,1,6,7.83,7.5,17
1,2,111,131.33,3,4,4,4,1,8,9.83,0.5,17
1,2,112,144.12,3,4,4,3,0,8,11.17,1.5,17
1,2,113,157.9,1,1,1,2,0,8,9.31,2.5,17
1,2,114,172.68,4,3,3,3,1,8,10.95,8,17
1,2,115,192.97,2,1,1,2,0,8,9.83,0.5,17
1,2,116,205.75,2,1,1,2,0,8,10.65,3.5,17
1,2,117,221.54,4,4,4,4,1,8,10.38,5.5,17
1,2,118,239.32,3,4,4,4,1,6,7.75,6.5,17
1,2,119,256.11,1,1,1,2,0,6,7.85,1.5,17
1,2,120,267.89,4,3,3,3,1,6,8.38,3.5,17
1,2,121,281.68,2,1,1,2,0,6,7.85,8,17
1,2,122,299.96,4,4,4,3,0,8,9.37,4.5,17
1,2,123,316.74,3,3,3,3,1,8,9.72,0.5,17
1,2,124,329.53,1,1,1,1,1,6,8.07,8,17
1,2,125,347.81,1,2,2,2,1,8,10.6,4.5,17
1,2,126,364.6,3,4,4,3,0,4,6.96,1.5,17
1,2,127,374.38,1,1,1,1,1,8,10.64,0.5,17
1,2,128,387.17,2,2,2,2,1,6,8.77,3.5,17
1,2,129,400.95,2,2,2,2,1,8,4,3.5,17
1,2,130,416.74,3,3,3,3,1,4,2.92,4.5,17
1,2,131,429.52,4,4,4,3,0,4,3.33,0.5,17
1,2,132,438.3,4,4,4,4,1,6,8.4,5.5,17
1,2,133,454.09,3,3,3,3,1,6,8.7,8,17
1,2,134,472.37,2,1,1,1,1,4,5.51,3.5,17
1,2,135,484.16,1,1,1,1,1,6,8.92,1.5,17
1,2,136,495.94,1,1,1,2,0,4,6.21,0.5,17
1,2,137,504.72,3,3,3,3,1,4,6.17,0.5,17
1,2,138,513.51,1,1,1,1,1,4,6.28,7.5,17
1,2,139,529.29,4,4,4,3,0,8,10.27,1.5,17
1,2,140,543.08,4,3,3,3,1,4,6.82,4.5,17
1,2,141,555.86,1,2,2,2,1,4,5.77,6.5,17
1,2,142,570.65,3,3,3,3,1,6,7.64,0.5,17
1,2,143,581.43,2,1,1,1,1,4,3.8,3.5,17
1,2,144,593.21,1,1,1,2,0,4,1.67,2.5,17
1,2,145,604,4,3,3,3,1,4,6.1,1.5,17
1,2,146,613.78,3,4,4,4,1,8,10.13,6.5,17
1,2,147,632.57,4,3,3,3,1,4,7,0.5,17
1,2,148,641.35,2,2,2,2,1,4,2.87,2.5,17
1,2,149,652.13,1,1,1,1,1,8,9.43,0.5,17
1,2,150,664.92,1,2,2,1,0,4,5.72,6.5,17
1,2,151,679.7,2,2,2,2,1,4,5.7,2.5,17
1,2,152,690.49,2,2,2,2,1,6,7.2,1.5,17
1,2,153,702.27,4,3,3,3,1,6,7.73,0.5,17
1,2,154,713.05,2,2,2,1,0,6,3.83,0.5,17
1,2,155,723.84,2,2,2,2,1,4,5.55,1.5,17
1,2,156,733.62,2,1,1,1,1,8,9.83,8,17
1,2,157,753.91,3,4,4,4,1,8,10.7,2.5,17
1,2,158,768.69,2,2,2,2,1,8,9.35,1.5,17
1,2,159,782.48,4,4,4,4,1,6,7.68,1.5,17
1,2,160,794.26,3,3,3,3,1,6,7.42,5.5,17
1,2,161,810.04,4,4,4,3,0,6,8.42,0.5,17
1,2,162,820.83,1,1,1,1,1,6,8.13,0.5,17
1,2,163,831.61,3,4,4,4,1,4,6.77,0.5,17
1,2,164,840.4,3,3,3,3,1,4,5.82,1.5,17
1,2,165,850.18,4,3,3,3,1,6,9.32,8,17
1,2,166,868.46,4,3,3,3,1,4,5.6,8,17
1,2,167,884.75,2,1,1,2,0,4,7.07,6.5,17
1,2,168,899.53,1,1,1,NA,0,8,NA,0.5,17
1,2,169,912.32,1,2,2,1,0,4,5.47,8,17
1,2,170,928.6,2,2,2,1,0,4,5.23,1.5,17
1,2,171,938.39,2,2,2,2,1,6,1.59,0.5,17
1,2,172,949.17,1,2,2,2,1,6,7.81,1.5,17
1,2,173,960.95,2,2,2,1,0,8,10.27,8,17
1,2,174,981.24,4,4,4,4,1,8,10.07,0.5,17
1,2,175,994.02,2,1,1,1,1,6,7.65,1.5,17
1,2,176,1005.81,3,4,4,3,0,6,7.35,4.5,17
1,2,177,1020.59,4,4,4,4,1,4,6.28,3.5,17
1,2,178,1032.38,2,2,2,2,1,8,9.92,1.5,17
1,2,179,1046.16,4,3,3,3,1,8,9.98,4.5,17
1,2,180,1062.94,4,4,4,4,1,8,9.97,3.5,17
2,1,1,0.51,3,3,3,3,1,1,2.68,0.5,17
2,1,2,5.28,1,1,1,1,1,1,2.41,0.5,17
2,1,3,10.06,4,4,4,4,1,1,2.32,0.5,17
2,1,4,14.84,3,3,3,3,1,1,2.22,8,17
2,1,5,27.13,2,2,2,2,1,1,2.32,3.5,17
2,1,6,34.91,2,2,2,2,1,1,1.46,0.5,17
2,1,7,39.7,2,2,2,2,1,1,1.02,1.5,17
2,1,8,45.48,4,3,3,4,0,1,1.62,5.5,17
2,1,9,55.26,1,2,2,1,0,1,1.81,3.5,17
2,1,10,63.05,2,1,1,1,1,1,2.2,4.5,17
2,1,11,71.83,1,1,1,1,1,1,2.5,0.5,17
2,1,12,76.61,4,4,4,4,1,1,2.61,0.5,17
2,1,13,81.4,1,1,1,1,1,1,2.25,3.5,17
2,1,14,89.18,4,4,4,4,1,1,2.62,0.5,17
2,1,15,93.97,1,2,2,2,1,1,2.45,0.5,17
2,1,16,98.75,1,2,2,2,1,1,2.45,1.5,17
2,1,17,104.53,1,1,1,1,1,1,2.38,0.5,17
2,1,18,109.32,2,2,2,2,1,1,2.47,1.5,17
2,1,19,115.1,4,4,4,4,1,1,2.42,0.5,17
2,1,20,119.88,3,3,3,3,1,1,2.78,0.5,17
2,1,21,124.67,3,4,4,4,1,1,2.69,0.5,17
2,1,22,129.45,1,1,1,1,1,1,2.37,0.5,17
2,1,23,134.23,2,2,2,2,1,1,2.52,0.5,17
2,1,24,139.02,2,2,2,2,1,1,2.45,0.5,17
2,1,25,143.8,4,4,4,4,1,1,2.54,4.5,17
2,1,26,152.59,2,1,1,1,1,1,2.33,0.5,17
2,1,27,157.37,2,1,1,1,1,1,2.25,2.5,17
2,1,28,164.15,4,4,4,4,1,1,2.38,0.5,17
2,1,29,168.94,2,1,1,1,1,1,2.41,1.5,17
2,1,30,174.72,3,3,3,3,1,1,2.72,0.5,17
2,1,31,179.5,3,3,3,3,1,1,2.58,3.5,17
2,1,32,187.29,3,3,3,3,1,1,2.48,4.5,17
2,1,33,196.07,3,4,4,4,1,1,2.3,0.5,17
2,1,34,200.86,4,4,4,4,1,1,2.23,0.5,17
2,1,35,205.64,2,2,2,2,1,1,2.29,2.5,17
2,1,36,212.42,3,3,3,NA,NA,1,NA,0.5,17
2,1,37,217.21,4,3,3,3,1,1,2.3,1.5,17
2,1,38,222.99,4,3,3,3,1,1,2.32,0.5,17
2,1,39,227.77,2,2,2,2,1,1,2.31,0.5,17
2,1,40,232.56,4,4,4,4,1,1,2.33,4.5,17
2,1,41,241.34,1,2,2,2,1,1,2.45,8,17
2,1,42,253.63,3,4,4,4,1,1,2.5,2.5,17
2,1,43,260.41,3,3,3,3,1,1,2.65,0.5,17
2,1,44,265.19,2,2,2,2,1,1,2.25,0.5,17
2,1,45,269.98,3,3,3,3,1,1,2.42,3.5,17
2,1,46,277.76,1,1,1,1,1,1,2.29,0.5,17
2,1,47,282.54,3,3,3,3,1,1,2.42,0.5,17
2,1,48,287.33,2,2,2,2,1,1,2.49,0.5,17
2,1,49,292.11,4,4,4,4,1,1,2.63,3.5,17
2,1,50,299.9,4,4,4,4,1,1,2.4,1.5,17
2,1,51,305.68,2,2,2,2,1,1,2.59,5.5,17
2,1,52,315.46,4,4,4,4,1,1,2.41,2.5,17
2,1,53,322.25,4,4,4,4,1,1,2.38,0.5,17
2,1,54,327.03,4,4,4,4,1,1,2.31,1.5,17
2,1,55,332.82,4,4,4,4,1,1,2.31,0.5,17
2,1,56,337.6,2,2,2,2,1,1,2.52,0.5,17
2,1,57,342.38,3,3,3,3,1,1,2.54,5.5,17
2,1,58,352.17,2,2,2,2,1,1,2.48,0.5,17
2,1,59,356.95,4,4,4,4,1,1,2.55,5.5,17
2,1,60,366.73,1,1,1,1,1,1,2.41,3.5,17
2,1,61,374.52,1,1,1,1,1,1,2.59,2.5,17
2,1,62,381.3,1,1,1,1,1,1,2.19,1.5,17
2,1,63,387.09,1,1,1,1,1,1,2.36,0.5,17
2,1,64,391.87,3,3,3,3,1,1,1.2,0.5,17
2,1,65,396.65,2,2,2,2,1,1,1.21,0.5,17
2,1,66,401.44,4,4,4,4,1,1,1.04,2.5,17
2,1,67,408.22,3,3,3,3,1,1,1.23,1.5,17
2,1,68,414,2,1,1,2,0,1,0.98,1.5,17
2,1,69,419.79,3,4,4,4,1,1,2.29,0.5,17
2,1,70,424.57,1,1,1,1,1,1,2.25,1.5,17
2,1,71,430.36,4,4,4,4,1,1,2.42,2.5,17
2,1,72,437.14,1,1,1,1,1,1,2.49,1.5,17
2,1,73,442.92,1,1,1,1,1,1,2.49,1.5,17
2,1,74,448.71,1,1,1,1,1,1,2.29,1.5,17
2,1,75,454.49,2,1,1,1,1,1,2.33,2.5,17
2,1,76,461.27,4,4,4,4,1,1,2.47,1.5,17
2,1,77,467.06,3,3,3,3,1,1,2.78,1.5,17
2,1,78,472.84,3,3,3,3,1,1,2.62,0.5,17
2,1,79,477.63,1,2,2,2,1,1,2.5,2.5,17
2,1,80,484.41,2,2,2,2,1,1,2.57,1.5,17
2,1,81,490.19,2,2,2,2,1,1,2.3,5.5,17
2,1,82,499.98,2,1,1,1,1,1,2.31,0.5,17
2,1,83,504.76,4,3,3,3,1,1,2.51,0.5,17
2,1,84,509.54,2,1,1,1,1,1,2.34,0.5,17
2,1,85,514.33,4,3,3,3,1,1,2.4,0.5,17
2,1,86,519.11,2,2,2,2,1,1,2.43,4.5,17
2,1,87,527.89,3,3,3,3,1,1,2.61,1.5,17
2,1,88,533.68,4,4,4,4,1,1,2.21,0.5,17
2,1,89,538.46,3,3,3,3,1,1,2.19,0.5,17
2,1,90,543.25,4,4,4,4,1,1,2.29,3.5,17
2,1,91,551.03,1,1,1,1,1,1,2.3,1.5,17
2,1,92,556.81,1,1,1,1,1,1,2.23,1.5,17
2,1,93,562.6,3,3,3,3,1,1,2.59,0.5,17
2,1,94,567.38,1,1,1,1,1,1,2.47,0.5,17
2,1,95,572.16,1,1,1,1,1,1,2.3,1.5,17
2,1,96,577.95,3,3,3,3,1,1,2.32,2.5,17
2,1,97,584.73,3,3,3,3,1,1,2.42,5.5,17
2,1,98,594.52,1,2,2,2,1,1,2.32,1.5,17
2,1,99,600.3,3,4,4,4,1,1,2.43,3.5,17
2,1,100,608.08,1,2,2,2,1,1,2.2,5.5,17
2,2,101,0.5,2,2,2,2,1,8,9.41,8,17
2,2,102,20.77,1,1,1,1,1,8,1.74,2.5,17
2,2,103,35.56,3,3,3,3,1,8,1.48,1.5,17
2,2,104,49.34,4,3,3,4,0,4,0.98,8,17
2,2,105,65.62,2,1,1,1,1,6,8.17,1.5,17
2,2,106,77.41,4,4,4,3,0,8,10.04,3.5,17
2,2,107,93.19,1,1,1,1,1,6,7.68,1.5,17
2,2,108,104.98,4,4,4,4,1,6,7.9,3.5,17
2,2,109,118.76,4,4,4,4,1,4,5.57,4.5,17
2,2,110,131.55,1,1,1,1,1,6,7.43,8,17
2,2,111,149.83,2,2,2,2,1,4,5.58,1.5,17
2,2,112,159.61,1,2,2,2,1,6,7.47,1.5,17
2,2,113,171.4,4,4,4,4,1,6,7.82,8,17
2,2,114,189.68,2,2,2,2,1,4,5.56,1.5,17
2,2,115,199.47,1,2,2,1,0,8,9.48,4.5,17
2,2,116,216.25,1,1,1,1,1,8,9.52,0.5,17
2,2,117,229.04,1,2,2,2,1,8,9.69,0.5,17
2,2,118,241.82,3,3,3,3,1,4,6.13,0.5,17
2,2,119,250.6,2,2,2,2,1,4,5.47,6.5,17
2,2,120,265.39,2,1,1,1,1,8,9.4,8,17
2,2,121,285.67,3,3,3,4,0,6,7.93,0.5,17
2,2,122,296.46,4,4,4,4,1,8,9.88,8,17
2,2,123,316.74,1,1,1,1,1,4,5.31,7.5,17
2,2,124,332.53,2,2,2,1,0,4,5.7,2.5,17
2,2,125,343.31,3,3,3,3,1,8,9.88,1.5,17
2,2,126,357.09,3,3,3,3,1,6,7.68,5.5,17
2,2,127,372.88,1,1,1,1,1,4,6.22,6.5,17
2,2,128,387.66,4,4,4,3,0,6,1.76,0.5,17
2,2,129,398.45,4,4,4,4,1,8,4.69,4.5,17
2,2,130,415.23,4,4,4,3,0,4,5.53,0.5,17
2,2,131,424.02,3,3,3,3,1,6,7.52,8,17
2,2,132,442.3,2,2,2,2,1,8,10.03,1.5,17
2,2,133,456.08,2,2,2,2,1,4,5.84,2.5,17
2,2,134,466.87,3,3,3,3,1,6,7.75,0.5,17
2,2,135,477.65,2,1,1,1,1,8,9.6,0.5,17
2,2,136,490.44,1,1,1,1,1,8,9.87,0.5,17
2,2,137,503.22,4,4,4,4,1,8,9.92,0.5,17
2,2,138,516.01,4,4,4,4,1,6,8.17,5.5,17
2,2,139,531.79,3,3,3,4,0,8,10.06,3.5,17
2,2,140,547.57,2,1,1,1,1,6,7.64,8,17
2,2,141,565.86,1,1,1,1,1,6,8.1,7.5,17
2,2,142,583.64,1,1,1,1,1,4,5.37,2.5,17
2,2,143,594.43,1,2,2,2,1,6,7.45,1.5,17
2,2,144,606.21,4,4,4,4,1,8,9.61,1.5,17
2,2,145,620,1,1,1,1,1,4,5.52,3.5,17
2,2,146,631.78,2,2,2,2,1,6,7.47,0.5,17
2,2,147,642.56,3,3,3,3,1,4,5.84,1.5,17
2,2,148,652.35,1,1,1,1,1,6,3.02,1.5,17
2,2,149,664.13,2,1,1,1,1,4,5.78,3.5,17
2,2,150,675.92,3,3,3,3,1,4,5.32,0.5,17
2,2,151,684.7,4,4,4,4,1,4,5.69,3.5,17
2,2,152,696.48,4,4,4,4,1,6,7.3,5.5,17
2,2,153,712.27,4,4,4,3,0,6,7.62,1.5,17
2,2,154,724.05,1,2,2,1,0,4,5.45,8,17
2,2,155,740.34,3,3,3,3,1,4,5.57,1.5,17
2,2,156,750.12,4,3,3,3,1,4,6.51,1.5,17
2,2,157,759.9,1,1,1,1,1,6,7.53,0.5,17
2,2,158,770.69,2,2,2,2,1,8,9.68,1.5,17
2,2,159,784.47,3,3,3,3,1,8,9.64,0.5,17
2,2,160,797.26,2,2,2,2,1,6,7.62,3.5,17
2,2,161,811.04,4,3,3,4,0,6,7.4,0.5,17
2,2,162,821.83,3,4,4,3,0,8,4.16,0.5,17
2,2,163,834.61,1,1,1,1,1,8,9.45,0.5,17
2,2,164,847.39,3,3,3,3,1,6,8.04,0.5,17
2,2,165,858.18,1,1,1,1,1,4,5.42,0.5,17
2,2,166,866.96,3,3,3,3,1,4,5.92,4.5,17
2,2,167,879.75,2,1,1,1,1,4,5.37,3.5,17
2,2,168,891.53,2,2,2,2,1,8,9.54,3.5,17
2,2,169,907.32,2,1,1,1,1,8,9.35,3.5,17
2,2,170,923.1,3,4,4,3,0,8,9.73,6.5,17
2,2,171,941.87,4,4,4,4,1,4,5.91,0.5,17
2,2,172,950.65,4,3,3,3,1,8,9.48,3.5,17
2,2,173,966.44,2,2,2,2,1,6,7.52,1.5,17
2,2,174,978.22,1,2,2,1,0,4,1.02,6.5,17
2,2,175,993,4,4,4,3,0,4,5.38,4.5,17
2,2,176,1005.79,3,4,4,4,1,4,6.34,1.5,17
2,2,177,1015.57,3,4,4,4,1,6,7.81,4.5,17
2,2,178,1030.36,2,2,2,2,1,6,7.38,0.5,17
2,2,179,1041.14,3,3,3,3,1,6,7.55,6.5,17
2,2,180,1057.93,3,3,3,4,0,8,9.98,2.5,17
1,1,1,0.5,1,1,1,1,1,1,2.49,3.5,18
1,1,2,8.29,4,3,3,3,1,1,2.81,0.5,18
1,1,3,13.05,2,2,2,2,1,1,2.29,2.5,18
1,1,4,19.82,1,1,1,1,1,1,0.65,1.5,18
1,1,5,25.59,2,2,2,2,1,1,1.09,1.5,18
1,1,6,31.35,2,1,1,3,0,1,0.59,1.5,18
1,1,7,37.12,2,2,2,2,1,1,0.78,2.5,18
1,1,8,43.89,2,2,2,1,0,1,1.13,0.5,18
1,1,9,48.66,3,4,4,4,1,1,2.49,0.5,18
1,1,10,53.42,4,4,4,3,0,1,0.68,5.5,18
1,1,11,63.19,3,3,3,3,1,1,2.53,0.5,18
1,1,12,67.96,4,4,4,4,1,1,2.18,4.5,18
1,1,13,76.72,3,3,3,3,1,1,2.25,0.5,18
1,1,14,81.49,2,2,2,2,1,1,2.3,0.5,18
1,1,15,86.26,3,4,4,3,0,1,1.15,0.5,18
1,1,16,91.02,1,1,1,1,1,1,1,1.5,18
1,1,17,96.79,4,3,3,3,1,1,2.36,0.5,18
1,1,18,101.56,2,2,2,2,1,1,1,3.5,18
1,1,19,109.33,1,1,1,1,1,1,0.79,0.5,18
1,1,20,114.09,4,3,3,3,1,1,0.73,3.5,18
1,1,21,121.86,2,2,2,2,1,1,0.84,1.5,18
1,1,22,127.63,4,3,3,3,1,1,2.49,5.5,18
1,1,23,137.39,4,3,3,3,1,1,0.62,2.5,18
1,1,24,144.16,3,3,3,1,0,1,0.69,1.5,18
1,1,25,149.93,4,4,4,3,0,1,0.81,1.5,18
1,1,26,155.69,1,2,2,1,0,1,1.09,1.5,18
1,1,27,161.46,2,2,2,2,1,1,2.42,0.5,18
1,1,28,166.23,3,3,3,1,0,1,0.62,4.5,18
1,1,29,175,3,3,3,3,1,1,2.32,1.5,18
1,1,30,180.76,3,4,4,3,0,1,0.75,0.5,18
1,1,31,185.53,3,3,3,3,1,1,2.34,4.5,18
1,1,32,194.3,2,2,2,2,1,1,2.26,8,18
1,1,33,206.57,1,1,1,1,1,1,2.17,0.5,18
1,1,34,211.33,1,1,1,1,1,1,0.87,2.5,18
1,1,35,218.1,1,1,1,1,1,1,2.62,0.5,18
1,1,36,222.87,1,1,1,1,1,1,2.13,5.5,18
1,1,37,232.63,2,1,1,2,0,1,2.15,1.5,18
1,1,38,238.4,3,3,3,3,1,1,2.49,0.5,18
1,1,39,243.17,2,2,2,1,0,1,2.18,0.5,18
1,1,40,247.93,4,3,3,3,1,1,2.34,8,18
1,1,41,260.2,1,1,1,1,1,1,2.17,1.5,18
1,1,42,265.97,2,2,2,2,1,1,0.96,0.5,18
1,1,43,270.74,4,4,4,3,0,1,0.8,0.5,18
1,1,44,275.5,4,3,3,4,0,1,0.95,0.5,18
1,1,45,280.27,2,2,2,4,0,1,1.08,0.5,18
1,1,46,285.04,3,3,3,3,1,1,2.39,0.5,18
1,1,47,289.8,2,1,1,1,1,1,2.41,2.5,18
1,1,48,296.57,4,4,4,4,1,1,2.22,0.5,18
1,1,49,301.34,4,3,3,3,1,1,2.37,0.5,18
1,1,50,306.11,1,1,1,1,1,1,1.77,0.5,18
1,1,51,310.87,1,2,2,2,1,1,2.21,4.5,18
1,1,52,319.64,4,4,4,4,1,1,1.28,3.5,18
1,1,53,327.41,3,4,4,3,0,1,0.67,0.5,18
1,1,54,332.17,1,1,1,1,1,1,0.71,0.5,18
1,1,55,336.94,2,2,2,2,1,1,0.71,2.5,18
1,1,56,343.71,4,4,4,3,0,1,0.73,0.5,18
1,1,57,348.48,2,2,2,2,1,1,2.18,0.5,18
1,1,58,353.24,1,1,1,NA,NA,1,NA,3.5,18
1,1,59,361.01,1,2,2,NA,NA,1,NA,5.5,18
1,1,60,370.78,1,1,1,1,1,1,2.33,1.5,18
1,1,61,376.54,3,4,4,3,0,1,2.54,0.5,18
1,1,62,381.31,1,1,1,1,1,1,2.26,0.5,18
1,1,63,386.08,4,3,3,3,1,1,2.5,1.5,18
1,1,64,391.84,3,4,4,3,0,1,2.39,1.5,18
1,1,65,397.61,3,3,3,3,1,1,2.37,1.5,18
1,1,66,403.38,1,2,2,2,1,1,2.35,1.5,18
1,1,67,409.15,3,3,3,3,1,1,2.59,0.5,18
1,1,68,413.91,2,2,2,2,1,1,2.35,2.5,18
1,1,69,420.68,4,3,3,3,1,1,2.48,3.5,18
1,1,70,428.45,4,4,4,4,1,1,2.45,2.5,18
1,1,71,435.21,4,3,3,3,1,1,2.46,0.5,18
1,1,72,439.98,1,1,1,1,1,1,2.22,0.5,18
1,1,73,444.75,2,2,2,2,1,1,2.34,5.5,18
1,1,74,454.52,4,4,4,3,0,1,2.25,1.5,18
1,1,75,460.28,3,4,4,4,1,1,2.4,0.5,18
1,1,76,465.05,3,3,3,3,1,1,2.28,0.5,18
1,1,77,469.82,3,3,3,4,0,1,2.28,1.5,18
1,1,78,475.58,4,3,3,3,1,1,2.41,5.5,18
1,1,79,485.35,3,4,4,4,1,1,2.44,0.5,18
1,1,80,490.12,2,2,2,2,1,1,2.28,3.5,18
1,1,81,497.89,1,1,1,1,1,1,2.33,0.5,18
1,1,82,502.65,2,2,2,3,0,1,1.11,3.5,18
1,1,83,510.42,2,2,2,2,1,1,2.19,0.5,18
1,1,84,515.19,2,1,1,2,0,1,0.96,2.5,18
1,1,85,521.95,3,3,3,3,1,1,2.61,3.5,18
1,1,86,529.72,2,1,1,1,1,1,2.38,1.5,18
1,1,87,535.49,4,3,3,3,1,1,2.48,0.5,18
1,1,88,540.25,3,4,4,4,1,1,2.61,1.5,18
1,1,89,546.02,4,4,4,4,1,1,2.61,0.5,18
1,1,90,550.79,3,4,4,4,1,1,2.32,2.5,18
1,1,91,557.56,3,4,4,4,1,1,2.36,0.5,18
1,1,92,562.32,1,1,1,1,1,1,2.16,0.5,18
1,1,93,567.09,1,1,1,1,1,1,0.72,0.5,18
1,1,94,571.86,4,4,4,4,1,1,2.36,0.5,18
1,1,95,576.62,1,1,1,1,1,1,0.98,1.5,18
1,1,96,582.39,2,2,2,2,1,1,2.54,1.5,18
1,1,97,588.16,3,4,4,4,1,1,1.1,0.5,18
1,1,98,592.93,1,2,2,1,0,1,0.67,4.5,18
1,1,99,601.69,4,4,4,4,1,1,2.4,5.5,18
1,1,100,611.46,1,1,1,1,1,1,2.24,0.5,18
1,2,101,0.5,3,3,3,4,0,4,6.53,1.5,18
1,2,102,10.27,3,4,4,4,1,6,8.05,5.5,18
1,2,103,26.04,1,1,1,1,1,8,9.53,3.5,18
1,2,104,41.8,4,3,3,3,1,4,5.67,8,18
1,2,105,58.07,2,2,2,2,1,8,9.73,2.5,18
1,2,106,72.84,2,2,2,2,1,8,9.52,1.5,18
1,2,107,86.61,4,3,3,3,1,4,5.77,0.5,18
1,2,108,95.37,4,4,4,4,1,6,7.75,5.5,18
1,2,109,111.14,4,4,4,4,1,4,5.98,4.5,18
1,2,110,123.91,1,1,1,1,1,8,1.19,1.5,18
1,2,111,137.68,4,4,4,4,1,6,7.79,4.5,18
1,2,112,152.45,1,1,1,1,1,6,0.94,6.5,18
1,2,113,169.21,4,3,3,4,0,6,7.85,0.5,18
1,2,114,179.98,1,1,1,1,1,4,1.31,0.5,18
1,2,115,188.75,2,1,1,2,0,4,5.96,0.5,18
1,2,116,197.51,3,3,3,4,0,8,9.99,3.5,18
1,2,117,213.28,1,1,1,1,1,6,1.14,4.5,18
1,2,118,228.05,3,3,3,4,0,4,6.22,0.5,18
1,2,119,236.82,1,1,1,1,1,4,1.27,1.5,18
1,2,120,246.58,3,3,3,3,1,6,8.02,6.5,18
1,2,121,263.35,4,4,4,4,1,6,7.89,1.5,18
1,2,122,275.12,3,4,4,4,1,8,10.03,8,18
1,2,123,295.39,4,3,3,3,1,4,5.75,0.5,18
1,2,124,304.16,3,4,4,4,1,4,5.77,2.5,18
1,2,125,314.92,1,1,1,1,1,6,1.45,0.5,18
1,2,126,325.69,1,2,2,1,0,6,1.09,8,18
1,2,127,343.96,2,2,2,2,1,4,5.58,0.5,18
1,2,128,352.73,1,1,1,1,1,8,1.22,6.5,18
1,2,129,371.49,1,1,1,1,1,4,1.12,1.5,18
1,2,130,381.26,2,2,2,2,1,6,2.36,4.5,18
1,2,131,396.03,1,1,1,1,1,6,0.97,1.5,18
1,2,132,407.8,1,1,1,1,1,8,1.29,0.5,18
1,2,133,420.56,2,2,2,2,1,8,9.77,7.5,18
1,2,134,440.33,3,3,3,3,1,8,10.12,2.5,18
1,2,135,455.1,1,2,2,1,0,6,0.84,0.5,18
1,2,136,465.87,3,4,4,3,0,4,2.79,4.5,18
1,2,137,478.63,1,1,1,1,1,4,1.64,6.5,18
1,2,138,493.4,2,1,1,2,0,8,2.9,3.5,18
1,2,139,509.17,2,2,2,2,1,4,2.02,1.5,18
1,2,140,518.94,4,4,4,4,1,8,9.77,8,18
1,2,141,539.2,1,1,1,1,1,8,1.01,1.5,18
1,2,142,552.97,3,3,3,3,1,8,10.08,8,18
1,2,143,573.24,1,1,1,1,1,4,0.6,2.5,18
1,2,144,584.01,4,4,4,4,1,6,2.04,1.5,18
1,2,145,595.77,4,3,3,3,1,8,1.86,8,18
1,2,146,616.04,2,2,2,2,1,4,1.35,0.5,18
1,2,147,624.81,2,2,2,2,1,8,1.69,0.5,18
1,2,148,637.58,3,4,4,3,0,6,3.15,2.5,18
1,2,149,650.35,3,4,4,3,0,8,1.54,5.5,18
1,2,150,668.11,3,4,4,4,1,6,1.43,0.5,18
1,2,151,678.88,3,3,3,3,1,6,7.82,7.5,18
1,2,152,696.65,3,3,3,3,1,6,3.39,0.5,18
1,2,153,707.42,3,4,4,3,0,4,1.31,4.5,18
1,2,154,720.18,4,3,3,3,1,6,1.51,3.5,18
1,2,155,733.95,4,4,4,3,0,4,1.26,6.5,18
1,2,156,748.72,2,2,2,2,1,4,5.64,0.5,18
1,2,157,757.49,1,1,1,1,1,4,0.85,0.5,18
1,2,158,766.25,1,1,1,1,1,6,1.13,1.5,18
1,2,159,778.02,2,2,2,2,1,8,1,0.5,18
1,2,160,790.79,2,1,1,2,0,6,1,3.5,18
1,2,161,804.56,1,2,2,1,0,4,1.08,8,18
1,2,162,820.82,2,2,2,2,1,6,4.28,1.5,18
1,2,163,832.59,2,1,1,2,0,8,9.49,8,18
1,2,164,852.86,4,3,3,3,1,6,1.22,0.5,18
1,2,165,863.63,4,4,4,3,0,8,1.99,1.5,18
1,2,166,877.39,2,2,2,2,1,6,7.42,1.5,18
1,2,167,889.16,3,3,3,4,0,4,1.85,1.5,18
1,2,168,898.93,4,4,4,3,0,6,1.05,0.5,18
1,2,169,909.7,3,3,3,3,1,6,8.22,0.5,18
1,2,170,920.46,3,4,4,3,0,8,3.71,1.5,18
1,2,171,934.23,4,3,3,4,0,4,3.73,3.5,18
1,2,172,946,2,2,2,2,1,4,0.83,3.5,18
1,2,173,957.77,2,2,2,2,1,6,0.85,0.5,18
1,2,174,968.53,4,4,4,3,0,8,1.12,8,18
1,2,175,988.8,2,2,2,2,1,4,2.09,3.5,18
1,2,176,1000.57,2,2,2,2,1,6,1.14,3.5,18
1,2,177,1014.34,4,3,3,3,1,8,1.3,1.5,18
1,2,178,1028.1,4,3,3,3,1,8,1.08,3.5,18
1,2,179,1043.87,1,2,2,1,0,8,1.66,1.5,18
1,2,180,1057.64,3,4,4,4,1,8,1.64,3.5,18
2,1,1,0.51,3,3,3,3,1,1,2.52,0.5,18
2,1,2,5.27,2,1,1,1,1,1,2.38,3.5,18
2,1,3,13.04,4,4,4,4,1,1,2.38,0.5,18
2,1,4,17.81,2,2,2,1,0,1,1.19,0.5,18
2,1,5,22.58,1,2,2,2,1,1,2.36,5.5,18
2,1,6,32.34,3,3,3,3,1,1,2.34,4.5,18
2,1,7,41.11,4,4,4,4,1,1,1.31,1.5,18
2,1,8,46.88,3,4,4,3,0,1,1.01,0.5,18
2,1,9,51.64,1,2,2,2,1,1,1.36,1.5,18
2,1,10,57.41,4,3,3,4,0,1,0.96,3.5,18
2,1,11,65.18,1,2,2,2,1,1,1,1.5,18
2,1,12,70.95,4,4,4,4,1,1,0.99,0.5,18
2,1,13,75.71,4,4,4,4,1,1,0.95,0.5,18
2,1,14,80.48,1,2,2,2,1,1,0.78,1.5,18
2,1,15,86.25,2,2,2,2,1,1,2.43,0.5,18
2,1,16,91.01,2,2,2,1,0,1,1.27,8,18
2,1,17,103.28,3,3,3,1,0,1,1.06,0.5,18
2,1,18,108.05,3,4,4,3,0,1,0.88,1.5,18
2,1,19,113.82,4,4,4,4,1,1,0.79,0.5,18
2,1,20,118.58,4,4,4,4,1,1,0.88,0.5,18
2,1,21,123.35,2,1,1,1,1,1,1.21,3.5,18
2,1,22,131.12,1,2,2,2,1,1,0.71,3.5,18
2,1,23,138.88,1,1,1,2,0,1,0.94,1.5,18
2,1,24,144.65,1,1,1,2,0,1,1.44,1.5,18
2,1,25,150.42,1,1,1,2,0,1,0.61,0.5,18
2,1,26,155.18,2,1,1,1,1,1,1.25,0.5,18
2,1,27,159.95,4,4,4,4,1,1,2.45,2.5,18
2,1,28,166.72,1,1,1,2,0,1,0.98,0.5,18
2,1,29,171.49,1,1,1,1,1,1,0.52,2.5,18
2,1,30,178.25,3,3,3,3,1,1,0.81,1.5,18
2,1,31,184.02,3,3,3,3,1,1,1.06,1.5,18
2,1,32,189.79,4,3,3,4,0,1,0.69,5.5,18
2,1,33,199.55,1,1,1,2,0,1,1.38,0.5,18
2,1,34,204.32,2,2,2,2,1,1,1.08,2.5,18
2,1,35,211.09,4,4,4,4,1,1,0.71,1.5,18
2,1,36,216.86,3,4,4,3,0,1,0.91,0.5,18
2,1,37,221.62,1,1,1,1,1,1,0.85,0.5,18
2,1,38,226.39,4,3,3,4,0,1,0.83,0.5,18
2,1,39,231.16,2,1,1,2,0,1,1.37,2.5,18
2,1,40,237.92,1,1,1,1,1,1,0.67,0.5,18
2,1,41,242.69,2,2,2,2,1,1,1.52,1.5,18
2,1,42,248.46,1,1,1,1,1,1,1.01,1.5,18
2,1,43,254.22,4,4,4,4,1,1,0.8,0.5,18
2,1,44,258.99,3,3,3,3,1,1,0.64,1.5,18
2,1,45,264.76,3,3,3,3,1,1,1.12,0.5,18
2,1,46,269.53,3,4,4,3,0,1,1.19,0.5,18
2,1,47,274.29,3,4,4,3,0,1,1.04,0.5,18
2,1,48,279.06,4,3,3,4,0,1,1.16,0.5,18
2,1,49,283.83,1,1,1,1,1,1,0.82,1.5,18
2,1,50,289.59,4,4,4,3,0,1,0.88,4.5,18
2,1,51,298.36,2,2,2,2,1,1,1.06,2.5,18
2,1,52,305.13,2,2,2,2,1,1,0.94,1.5,18
2,1,53,310.89,2,1,1,2,0,1,0.88,0.5,18
2,1,54,315.66,4,3,3,4,0,1,1.04,1.5,18
2,1,55,321.43,1,2,2,1,0,1,0.99,5.5,18
2,1,56,331.2,1,2,2,2,1,1,1.25,3.5,18
2,1,57,338.96,2,2,2,1,0,1,1.08,0.5,18
2,1,58,343.73,4,4,4,4,1,1,0.94,0.5,18
2,1,59,348.5,3,3,3,3,1,1,1.02,0.5,18
2,1,60,353.26,4,4,4,4,1,1,0.79,5.5,18
2,1,61,363.03,2,2,2,1,0,1,1.41,0.5,18
2,1,62,367.8,3,4,4,3,0,1,1.26,2.5,18
2,1,63,374.57,2,2,2,1,0,1,1.22,2.5,18
2,1,64,381.33,3,3,3,3,1,1,0.87,0.5,18
2,1,65,386.1,3,3,3,3,1,1,0.72,0.5,18
2,1,66,390.87,1,1,1,1,1,1,1.01,0.5,18
2,1,67,395.63,1,2,2,1,0,1,0.95,0.5,18
2,1,68,400.4,2,2,2,2,1,1,1.12,3.5,18
2,1,69,408.17,2,1,1,2,0,1,1.03,5.5,18
2,1,70,417.94,2,1,1,1,1,1,1.02,2.5,18
2,1,71,424.7,1,1,1,2,0,1,1,0.5,18
2,1,72,429.47,4,4,4,4,1,1,1.02,5.5,18
2,1,73,439.24,4,3,3,4,0,1,1.02,5.5,18
2,1,74,449,3,3,3,3,1,1,0.68,1.5,18
2,1,75,454.77,3,3,3,3,1,1,0.93,0.5,18
2,1,76,459.54,1,2,2,2,1,1,1.11,4.5,18
2,1,77,468.31,4,3,3,4,0,1,1.18,3.5,18
2,1,78,476.07,1,1,1,2,0,1,0.9,0.5,18
2,1,79,480.84,2,1,1,1,1,1,0.71,1.5,18
2,1,80,486.61,2,1,1,1,1,1,0.79,1.5,18
2,1,81,492.37,2,1,1,1,1,1,0.66,1.5,18
2,1,82,498.14,3,3,3,3,1,1,0.91,3.5,18
2,1,83,505.91,3,3,3,3,1,1,0.74,4.5,18
2,1,84,514.68,4,4,4,4,1,1,0.66,2.5,18
2,1,85,521.44,4,4,4,4,1,1,1.18,3.5,18
2,1,86,529.21,3,4,4,3,0,1,0.74,0.5,18
2,1,87,533.98,1,1,1,1,1,1,2.36,0.5,18
2,1,88,538.74,3,3,3,3,1,1,0.8,1.5,18
2,1,89,544.51,2,2,2,1,0,1,0.94,1.5,18
2,1,90,550.28,2,2,2,1,0,1,0.97,0.5,18
2,1,91,555.04,3,3,3,3,1,1,0.74,0.5,18
2,1,92,559.81,4,4,4,4,1,1,0.72,0.5,18
2,1,93,564.58,1,2,2,2,1,1,2.59,4.5,18
2,1,94,573.35,3,3,3,3,1,1,0.84,0.5,18
2,1,95,578.11,1,1,1,2,0,1,0.9,0.5,18
2,1,96,582.88,4,4,4,4,1,1,0.68,0.5,18
2,1,97,587.65,2,2,2,2,1,1,0.62,2.5,18
2,1,98,594.41,4,3,3,4,0,1,0.65,8,18
2,1,99,606.68,2,2,2,2,1,1,0.9,0.5,18
2,1,100,611.45,3,3,3,3,1,1,0.73,0.5,18
2,2,101,0.51,1,1,1,1,1,8,9.75,1.5,18
2,2,102,14.27,4,4,4,4,1,6,1.16,1.5,18
2,2,103,26.04,1,1,1,1,1,6,1.29,1.5,18
2,2,104,37.81,2,1,1,2,0,8,1.39,1.5,18
2,2,105,51.58,1,2,2,1,0,6,0.97,0.5,18
2,2,106,62.34,3,4,4,3,0,8,0.97,8,18
2,2,107,82.61,1,1,1,1,1,8,0.69,1.5,18
2,2,108,96.38,4,4,4,4,1,4,0.69,5.5,18
2,2,109,110.15,3,3,3,3,1,6,0.77,0.5,18
2,2,110,120.91,2,2,2,1,0,6,1.74,1.5,18
2,2,111,132.68,3,3,3,3,1,6,0.82,6.5,18
2,2,112,149.45,2,2,2,2,1,8,1.34,2.5,18
2,2,113,164.22,3,4,4,3,0,6,0.72,2.5,18
2,2,114,176.98,2,1,1,2,0,8,2.39,8,18
2,2,115,197.25,3,3,3,3,1,4,0.82,0.5,18
2,2,116,206.02,4,4,4,4,1,4,1.84,0.5,18
2,2,117,214.79,1,2,2,1,0,4,1.09,8,18
2,2,118,231.05,4,3,3,4,0,4,0.7,8,18
2,2,119,247.32,4,4,4,4,1,8,0.72,1.5,18
2,2,120,261.09,3,4,4,3,0,4,0.81,2.5,18
2,2,121,271.86,3,3,3,3,1,6,1,5.5,18
2,2,122,287.62,1,1,1,1,1,4,1.1,6.5,18
2,2,123,302.39,2,2,2,2,1,4,0.81,3.5,18
2,2,124,314.16,1,1,1,1,1,4,1.42,1.5,18
2,2,125,323.93,2,1,1,2,0,4,1.13,0.5,18
2,2,126,332.7,4,3,3,4,0,8,0.74,3.5,18
2,2,127,348.46,4,3,3,4,0,8,0.61,1.5,18
2,2,128,362.23,1,2,2,1,0,8,0.79,0.5,18
2,2,129,375,3,3,3,3,1,4,1.15,4.5,18
2,2,130,387.77,2,2,2,2,1,6,0.86,0.5,18
2,2,131,398.53,2,2,2,2,1,4,0.89,0.5,18
2,2,132,407.3,3,4,4,3,0,8,2.05,1.5,18
2,2,133,421.07,3,4,4,4,1,6,0.86,0.5,18
2,2,134,431.84,4,3,3,3,1,4,0.73,0.5,18
2,2,135,440.6,3,3,3,3,1,4,1.04,1.5,18
2,2,136,450.37,4,4,4,3,0,8,1.19,8,18
2,2,137,470.64,4,4,4,4,1,6,7.79,4.5,18
2,2,138,485.41,1,1,1,1,1,6,1.15,4.5,18
2,2,139,500.17,2,2,2,2,1,6,1.09,1.5,18
2,2,140,511.94,3,3,3,3,1,6,1.05,7.5,18
2,2,141,529.71,2,1,1,2,0,6,1.02,3.5,18
2,2,142,543.48,4,4,4,4,1,8,0.95,8,18
2,2,143,563.74,2,2,2,2,1,8,0.88,0.5,18
2,2,144,576.51,1,1,1,1,1,6,0.86,6.5,18
2,2,145,593.28,4,3,3,4,0,4,1.03,3.5,18
2,2,146,605.05,1,1,1,1,1,6,0.7,1.5,18
2,2,147,616.81,2,2,2,2,1,8,1,0.5,18
2,2,148,629.58,1,2,2,1,0,6,0.68,8,18
2,2,149,647.85,3,3,3,3,1,8,0.64,8,18
2,2,150,668.12,3,3,3,3,1,4,0.72,1.5,18
2,2,151,677.88,2,1,1,2,0,6,1.03,3.5,18
2,2,152,691.65,2,1,1,2,0,4,0.83,3.5,18
2,2,153,703.42,3,3,3,3,1,6,0.99,0.5,18
2,2,154,714.19,3,3,3,3,1,8,1.03,3.5,18
2,2,155,729.95,2,1,1,2,0,8,1.03,3.5,18
2,2,156,745.72,1,2,2,1,0,4,0.72,0.5,18
2,2,157,754.49,4,4,4,4,1,6,1,3.5,18
2,2,158,768.26,2,2,2,2,1,4,1.37,1.5,18
2,2,159,778.02,3,4,4,3,0,4,0.97,4.5,18
2,2,160,790.79,3,3,3,3,1,8,0.72,5.5,18
2,2,161,808.56,1,1,1,1,1,8,0.6,6.5,18
2,2,162,827.33,1,1,1,1,1,4,0.73,1.5,18
2,2,163,837.1,2,1,1,2,0,4,1.58,0.5,18
2,2,164,845.86,2,2,2,2,1,6,1.19,4.5,18
2,2,165,860.63,2,2,2,2,1,4,0.75,0.5,18
2,2,166,869.4,4,3,3,4,0,6,1.67,0.5,18
2,2,167,880.17,4,4,4,4,1,4,1.1,6.5,18
2,2,168,894.93,4,4,4,4,1,4,0.63,4.5,18
2,2,169,907.7,4,4,4,4,1,6,0.6,0.5,18
2,2,170,918.47,3,3,3,3,1,8,0.84,2.5,18
2,2,171,933.23,1,2,2,1,0,4,5.79,2.5,18
2,2,172,944,1,1,1,1,1,4,0.87,0.5,18
2,2,173,952.77,4,3,3,4,0,6,0.73,0.5,18
2,2,174,963.54,1,2,2,1,0,8,1.01,1.5,18
2,2,175,977.31,1,2,2,1,0,6,1.21,0.5,18
2,2,176,988.07,1,1,1,1,1,8,0.94,3.5,18
2,2,177,1003.84,4,4,4,4,1,6,0.92,1.5,18
2,2,178,1015.61,3,3,3,3,1,8,0.67,3.5,18
2,2,179,1031.38,4,4,4,4,1,8,0.71,8,18
2,2,180,1051.64,2,2,2,2,1,8,0.89,7.5,18
1,1,1,0.5,2,2,2,NA,NA,1,NA,3.5,20
1,1,2,8.28,2,2,2,2,1,1,2.48,1.5,20
1,1,3,14.05,1,1,1,1,1,1,2.42,0.5,20
1,1,4,18.82,4,3,3,3,1,1,2.54,3.5,20
1,1,5,26.59,4,3,3,3,1,1,2.72,1.5,20
1,1,6,32.35,1,1,1,1,1,1,2.53,0.5,20
1,1,7,37.12,1,1,1,1,1,1,2.18,0.5,20
1,1,8,41.89,2,2,2,2,1,1,0.64,0.5,20
1,1,9,46.65,4,4,4,3,0,1,2.21,0.5,20
1,1,10,51.42,1,1,1,1,1,1,1.66,3.5,20
1,1,11,59.19,3,3,3,3,1,1,2.58,0.5,20
1,1,12,63.95,1,2,2,1,0,1,1.42,0.5,20
1,1,13,68.72,3,3,3,3,1,1,2.79,1.5,20
1,1,14,74.49,2,2,2,2,1,1,2.25,5.5,20
1,1,15,84.26,1,1,1,1,1,1,2.16,1.5,20
1,1,16,90.02,4,3,3,3,1,1,2.3,3.5,20
1,1,17,97.79,1,1,1,1,1,1,2.15,0.5,20
1,1,18,102.56,1,1,1,1,1,1,1.58,0.5,20
1,1,19,107.32,1,1,1,1,1,1,0.64,2.5,20
1,1,20,114.09,2,2,2,2,1,1,0.93,1.5,20
1,1,21,119.86,1,1,1,1,1,1,0.63,1.5,20
1,1,22,125.62,1,1,1,1,1,1,0.84,0.5,20
1,1,23,130.39,1,1,1,1,1,1,0.64,3.5,20
1,1,24,138.16,2,2,2,2,1,1,1.16,0.5,20
1,1,25,142.93,3,3,3,3,1,1,2.44,0.5,20
1,1,26,147.69,4,4,4,4,1,1,1.4,1.5,20
1,1,27,153.46,3,4,4,3,0,1,0.65,0.5,20
1,1,28,158.23,2,2,2,2,1,1,1.43,2.5,20
1,1,29,164.99,1,1,1,1,1,1,0.6,1.5,20
1,1,30,170.76,4,3,3,3,1,1,2.19,4.5,20
1,1,31,179.53,3,3,3,4,0,1,1.59,0.5,20
1,1,32,184.3,1,1,1,1,1,1,0.77,2.5,20
1,1,33,191.06,4,4,4,4,1,1,2.37,0.5,20
1,1,34,195.83,4,3,3,4,0,1,1.14,2.5,20
1,1,35,202.6,1,1,1,1,1,1,0.83,0.5,20
1,1,36,207.36,3,3,3,3,1,1,2.24,2.5,20
1,1,37,214.13,2,2,2,2,1,1,1.21,0.5,20
1,1,38,218.9,4,4,4,4,1,1,2.47,0.5,20
1,1,39,223.66,1,1,1,1,1,1,0.84,2.5,20
1,1,40,230.43,3,3,3,3,1,1,2.4,4.5,20
1,1,41,239.2,2,2,2,2,1,1,0.82,0.5,20
1,1,42,243.97,2,2,2,2,1,1,0.92,0.5,20
1,1,43,248.73,4,3,3,3,1,1,2.16,1.5,20
1,1,44,254.5,3,4,4,4,1,1,2.38,0.5,20
1,1,45,259.27,4,4,4,3,0,1,1.45,0.5,20
1,1,46,264.03,4,4,4,4,1,1,2.58,2.5,20
1,1,47,270.8,4,4,4,4,1,1,2.14,5.5,20
1,1,48,280.57,3,4,4,3,0,1,2,1.5,20
1,1,49,286.34,1,1,1,1,1,1,2.53,0.5,20
1,1,50,291.1,4,4,4,4,1,1,2.37,0.5,20
1,1,51,295.87,3,4,4,4,1,1,2.42,5.5,20
1,1,52,305.64,4,4,4,4,1,1,2.31,1.5,20
1,1,53,311.4,2,1,1,2,0,1,0.94,0.5,20
1,1,54,316.17,2,2,2,2,1,1,2.53,2.5,20
1,1,55,322.94,4,4,4,4,1,1,2.42,0.5,20
1,1,56,327.71,4,3,3,4,0,1,1.88,1.5,20
1,1,57,333.47,4,4,4,4,1,1,2.41,1.5,20
1,1,58,339.24,3,3,3,3,1,1,2.25,0.5,20
1,1,59,344.01,2,2,2,1,0,1,1.94,0.5,20
1,1,60,348.77,3,4,4,4,1,1,2.57,3.5,20
1,1,61,356.54,4,4,4,4,1,1,2.5,0.5,20
1,1,62,361.31,1,2,2,2,1,1,2.34,1.5,20
1,1,63,367.07,4,4,4,4,1,1,2.26,0.5,20
1,1,64,371.84,3,3,3,3,1,1,2.33,0.5,20
1,1,65,376.61,3,3,3,3,1,1,1.22,5.5,20
1,1,66,386.38,3,3,3,3,1,1,0.96,0.5,20
1,1,67,391.14,4,4,4,3,0,1,1.03,0.5,20
1,1,68,395.91,1,2,2,2,1,1,1.86,0.5,20
1,1,69,400.68,1,1,1,2,0,1,1.29,1.5,20
1,1,70,406.44,4,4,4,4,1,1,2.41,3.5,20
1,1,71,414.21,1,1,1,1,1,1,2.33,0.5,20
1,1,72,418.98,2,2,2,2,1,1,2.3,5.5,20
1,1,73,428.75,2,2,2,2,1,1,2.34,0.5,20
1,1,74,433.51,1,1,1,1,1,1,2.25,2.5,20
1,1,75,440.28,4,4,4,4,1,1,2.5,1.5,20
1,1,76,446.05,2,2,2,2,1,1,1.35,3.5,20
1,1,77,453.81,4,3,3,4,0,1,2.04,0.5,20
1,1,78,458.58,3,3,3,3,1,1,2.55,1.5,20
1,1,79,464.35,2,2,2,2,1,1,1.4,4.5,20
1,1,80,473.12,3,4,4,4,1,1,2.51,5.5,20
1,1,81,482.88,3,3,3,3,1,1,2.32,2.5,20
1,1,82,489.65,2,2,2,2,1,1,1.06,0.5,20
1,1,83,494.42,3,3,3,3,1,1,2.37,4.5,20
1,1,84,503.18,3,3,3,3,1,1,2.19,8,20
1,1,85,515.45,2,1,1,2,0,1,1.08,1.5,20
1,1,86,521.22,2,1,1,1,1,1,1.49,1.5,20
1,1,87,526.99,1,2,2,2,1,1,2.39,1.5,20
1,1,88,532.75,2,2,2,1,0,1,1.4,0.5,20
1,1,89,537.52,2,2,2,2,1,1,2.16,8,20
1,1,90,549.79,3,4,4,4,1,1,2.6,0.5,20
1,1,91,554.55,4,4,4,4,1,1,2.26,0.5,20
1,1,92,559.32,2,2,2,2,1,1,2.29,0.5,20
1,1,93,564.09,2,1,1,2,0,1,1.12,0.5,20
1,1,94,568.86,3,3,3,3,1,1,2.51,3.5,20
1,1,95,576.62,1,1,1,1,1,1,2.3,4.5,20
1,1,96,585.39,3,3,3,3,1,1,2.51,5.5,20
1,1,97,595.16,1,2,2,2,1,1,2.33,0.5,20
1,1,98,599.92,3,3,3,3,1,1,2.18,1.5,20
1,1,99,605.69,2,1,1,2,0,1,1.65,1.5,20
1,1,100,611.46,3,3,3,3,1,1,2.26,0.5,20
1,2,101,0.5,4,3,3,3,1,4,6.38,4.5,20
1,2,102,13.28,4,4,4,3,0,6,2.75,1.5,20
1,2,103,25.05,4,4,4,4,1,6,7.95,1.5,20
1,2,104,36.82,4,3,3,4,0,6,8.01,0.5,20
1,2,105,47.59,1,2,2,2,1,6,8.8,3.5,20
1,2,106,61.35,1,1,1,1,1,8,11.12,6.5,20
1,2,107,80.12,1,2,2,2,1,6,8.48,0.5,20
1,2,108,90.89,3,4,4,4,1,8,10.04,5.5,20
1,2,109,108.66,1,1,1,2,0,8,10.68,4.5,20
1,2,110,125.42,2,2,2,NA,0,6,NA,6.5,20
1,2,111,142.19,1,1,1,1,1,6,7.93,4.5,20
1,2,112,156.96,4,4,4,4,1,6,7.87,0.5,20
1,2,113,167.73,4,4,4,4,1,8,9.65,4.5,20
1,2,114,184.5,2,2,2,2,1,4,6.18,8,20
1,2,115,200.76,1,1,1,1,1,4,5.46,1.5,20
1,2,116,210.53,4,4,4,4,1,4,5.92,3.5,20
1,2,117,222.3,1,2,2,2,1,4,6.02,8,20
1,2,118,238.57,3,3,3,3,1,8,9.72,2.5,20
1,2,119,253.33,3,4,4,4,1,8,9.72,3.5,20
1,2,120,269.1,1,1,1,2,0,6,8.17,0.5,20
1,2,121,279.87,1,1,1,1,1,6,7.88,0.5,20
1,2,122,290.64,4,3,3,3,1,8,9.71,3.5,20
1,2,123,306.4,2,2,2,2,1,4,6.17,5.5,20
1,2,124,320.17,4,3,3,3,1,6,8.02,0.5,20
1,2,125,330.94,1,1,1,1,1,4,2.71,8,20
1,2,126,347.21,3,4,4,4,1,4,6.03,1.5,20
1,2,127,356.97,3,3,3,3,1,8,2.61,0.5,20
1,2,128,369.74,2,2,2,2,1,8,10.83,0.5,20
1,2,129,382.51,1,1,1,1,1,6,8.04,6.5,20
1,2,130,399.28,3,3,3,3,1,6,8.31,0.5,20
1,2,131,410.04,2,2,2,2,1,6,8.58,3.5,20
1,2,132,423.81,4,4,4,4,1,8,9.96,3.5,20
1,2,133,439.58,3,3,3,4,0,6,8.29,6.5,20
1,2,134,456.35,1,1,1,1,1,6,8.19,8,20
1,2,135,474.61,2,2,2,2,1,8,9.88,2.5,20
1,2,136,489.38,2,2,2,2,1,4,6.03,1.5,20
1,2,137,499.15,2,2,2,2,1,8,10.1,8,20
1,2,138,519.42,4,3,3,3,1,4,6.04,0.5,20
1,2,139,528.18,4,4,4,4,1,6,7.75,3.5,20
1,2,140,541.95,4,4,4,4,1,8,10.85,1.5,20
1,2,141,555.72,3,3,3,3,1,8,9.7,2.5,20
1,2,142,570.49,3,4,4,4,1,6,8.02,1.5,20
1,2,143,582.26,1,2,2,2,1,8,11.38,0.5,20
1,2,144,595.02,4,4,4,4,1,6,8.05,1.5,20
1,2,145,606.79,1,1,1,1,1,4,6.29,1.5,20
1,2,146,616.56,1,1,1,1,1,8,10.07,3.5,20
1,2,147,632.33,4,4,4,4,1,8,10.53,0.5,20
1,2,148,645.09,3,3,3,3,1,4,5.73,4.5,20
1,2,149,657.86,4,4,4,4,1,8,10.67,1.5,20
1,2,150,671.63,3,4,4,4,1,4,5.48,0.5,20
1,2,151,680.39,3,3,3,4,0,4,0.94,0.5,20
1,2,152,689.16,2,2,2,2,1,8,9.62,2.5,20
1,2,153,703.93,4,3,3,3,1,8,10.61,7.5,20
1,2,154,723.7,3,3,3,3,1,6,7.94,0.5,20
1,2,155,734.46,2,2,2,2,1,8,2.18,2.5,20
1,2,156,749.23,2,1,1,1,1,8,5.47,5.5,20
1,2,157,767,3,3,3,3,1,8,9.91,0.5,20
1,2,158,779.77,1,1,1,1,1,4,6.13,3.5,20
1,2,159,791.54,1,1,1,2,0,8,2.95,7.5,20
1,2,160,811.3,3,3,3,3,1,6,7.88,1.5,20
1,2,161,823.07,4,4,4,4,1,4,5.43,3.5,20
1,2,162,834.84,3,3,3,3,1,4,5.9,0.5,20
1,2,163,843.61,3,3,3,3,1,4,5.47,4.5,20
1,2,164,856.37,1,1,1,1,1,8,2.47,1.5,20
1,2,165,870.14,4,3,3,3,1,4,6.04,8,20
1,2,166,886.41,2,1,1,2,0,8,2.48,1.5,20
1,2,167,900.18,2,2,2,2,1,4,6.38,3.5,20
1,2,168,911.94,2,1,1,2,0,4,6.01,6.5,20
1,2,169,926.71,2,2,2,1,0,4,6.42,1.5,20
1,2,170,936.48,1,1,1,1,1,4,1.85,0.5,20
1,2,171,945.25,2,1,1,1,1,6,8.75,1.5,20
1,2,172,957.01,3,4,4,4,1,6,7.8,1.5,20
1,2,173,968.78,2,2,2,1,0,6,8.45,1.5,20
1,2,174,980.55,2,2,2,1,0,6,8.4,0.5,20
1,2,175,991.32,4,4,4,4,1,4,5.92,8,20
1,2,176,1007.58,3,3,3,3,1,8,9.83,1.5,20
1,2,177,1021.35,3,3,3,3,1,6,7.7,8,20
1,2,178,1039.62,2,2,2,2,1,6,8.55,0.5,20
1,2,179,1050.39,2,2,2,1,0,4,5.86,0.5,20
1,2,180,1059.15,1,1,1,1,1,4,1.32,8,20
2,1,1,0.51,1,1,1,1,1,1,3.1,0.5,20
2,1,2,5.28,2,2,2,2,1,1,2.46,1.5,20
2,1,3,11.05,4,4,4,4,1,1,2.72,0.5,20
2,1,4,15.81,2,1,1,2,0,1,1.92,1.5,20
2,1,5,21.58,1,2,2,1,0,1,1.14,0.5,20
2,1,6,26.35,3,4,4,3,0,1,1.54,1.5,20
2,1,7,32.11,3,3,3,3,1,1,2.34,0.5,20
2,1,8,36.88,1,1,1,1,1,1,2.37,0.5,20
2,1,9,41.65,3,3,3,3,1,1,2.53,0.5,20
2,1,10,46.42,2,1,1,1,1,1,2.25,0.5,20
2,1,11,51.18,3,3,3,3,1,1,2.56,2.5,20
2,1,12,57.95,4,3,3,3,1,1,2.38,0.5,20
2,1,13,62.72,2,1,1,1,1,1,2.41,8,20
2,1,14,74.98,1,1,1,1,1,1,2.37,0.5,20
2,1,15,79.75,3,3,3,3,1,1,2.47,0.5,20
2,1,16,84.52,3,4,4,4,1,1,2.44,1.5,20
2,1,17,90.28,3,3,3,3,1,1,3.16,4.5,20
2,1,18,99.05,3,4,4,3,0,1,2.22,2.5,20
2,1,19,105.82,2,1,1,1,1,1,2.44,1.5,20
2,1,20,111.59,1,1,1,1,1,1,2.39,2.5,20
2,1,21,118.35,3,4,4,4,1,1,2.56,0.5,20
2,1,22,123.12,4,3,3,3,1,1,3.3,1.5,20
2,1,23,128.89,1,2,2,2,1,1,2.41,1.5,20
2,1,24,134.65,2,2,2,2,1,1,2.2,3.5,20
2,1,25,142.42,1,2,2,2,1,1,2.33,1.5,20
2,1,26,148.19,4,3,3,3,1,1,2.52,0.5,20
2,1,27,152.96,2,2,2,2,1,1,2.09,5.5,20
2,1,28,162.72,1,1,1,1,1,1,2.34,2.5,20
2,1,29,169.49,3,3,3,3,1,1,2.66,3.5,20
2,1,30,177.26,4,4,4,4,1,1,2.96,1.5,20
2,1,31,183.02,3,4,4,4,1,1,2.85,0.5,20
2,1,32,187.79,2,2,2,2,1,1,2.63,0.5,20
2,1,33,192.56,4,3,3,NA,NA,1,NA,3.5,20
2,1,34,200.33,1,1,1,1,1,1,2.41,0.5,20
2,1,35,205.09,2,2,2,2,1,1,2.41,2.5,20
2,1,36,211.86,3,3,3,3,1,1,2.4,0.5,20
2,1,37,216.63,4,3,3,3,1,1,2.36,1.5,20
2,1,38,222.39,1,2,2,2,1,1,2.43,0.5,20
2,1,39,227.16,4,3,3,3,1,1,2.39,3.5,20
2,1,40,234.93,2,2,2,2,1,1,2.53,3.5,20
2,1,41,242.7,4,4,4,4,1,1,2.79,0.5,20
2,1,42,247.46,4,4,4,4,1,1,2.5,0.5,20
2,1,43,252.23,4,4,4,4,1,1,2.8,2.5,20
2,1,44,259,2,2,2,1,0,1,2.71,0.5,20
2,1,45,263.76,1,2,2,2,1,1,2.9,0.5,20
2,1,46,268.53,1,2,2,2,1,1,2.25,3.5,20
2,1,47,276.3,1,1,1,1,1,1,2.33,0.5,20
2,1,48,281.07,2,2,2,2,1,1,2.46,0.5,20
2,1,49,285.83,3,3,3,3,1,1,2.29,1.5,20
2,1,50,291.6,1,2,2,2,1,1,2.44,1.5,20
2,1,51,297.37,4,3,3,3,1,1,2.37,1.5,20
2,1,52,303.13,1,1,1,1,1,1,2.23,0.5,20
2,1,53,307.9,1,1,1,1,1,1,2.33,2.5,20
2,1,54,314.67,2,1,1,1,1,1,2.46,0.5,20
2,1,55,319.43,2,1,1,NA,NA,1,NA,0.5,20
2,1,56,324.2,1,1,1,1,1,1,2.41,3.5,20
2,1,57,331.97,4,4,4,4,1,1,2.51,0.5,20
2,1,58,336.74,1,1,1,1,1,1,2.34,1.5,20
2,1,59,342.5,4,4,4,4,1,1,2.39,0.5,20
2,1,60,347.27,4,3,3,3,1,1,2.34,2.5,20
2,1,61,354.04,2,2,2,2,1,1,2.44,0.5,20
2,1,62,358.8,1,2,2,2,1,1,2.51,0.5,20
2,1,63,363.57,2,1,1,1,1,1,2.38,1.5,20
2,1,64,369.34,4,4,4,4,1,1,2.42,0.5,20
2,1,65,374.1,2,2,2,2,1,1,2.77,0.5,20
2,1,66,378.87,3,3,3,3,1,1,2.42,5.5,20
2,1,67,388.64,3,4,4,4,1,1,2.47,0.5,20
2,1,68,393.41,3,4,4,3,0,1,2.15,0.5,20
2,1,69,398.17,4,3,3,3,1,1,2.41,4.5,20
2,1,70,406.94,1,2,2,2,1,1,2.43,0.5,20
2,1,71,411.71,4,3,3,3,1,1,2.52,1.5,20
2,1,72,417.47,4,4,4,4,1,1,2.45,1.5,20
2,1,73,423.24,4,3,3,3,1,1,2.52,3.5,20
2,1,74,431.01,4,4,4,4,1,1,2.69,1.5,20
2,1,75,436.78,2,1,1,1,1,1,2.29,5.5,20
2,1,76,446.54,1,1,1,1,1,1,2.59,4.5,20
2,1,77,455.31,1,1,1,1,1,1,2.19,1.5,20
2,1,78,461.08,3,3,3,3,1,1,2.32,1.5,20
2,1,79,466.84,1,2,2,2,1,1,2.66,1.5,20
2,1,80,472.61,3,3,3,3,1,1,2.5,0.5,20
2,1,81,477.38,2,2,2,2,1,1,3.02,0.5,20
2,1,82,482.15,4,4,4,4,1,1,2.41,5.5,20
2,1,83,491.91,2,2,2,2,1,1,2.15,0.5,20
2,1,84,496.68,4,4,4,4,1,1,2.45,0.5,20
2,1,85,501.45,1,1,1,1,1,1,2.51,0.5,20
2,1,86,506.21,3,3,3,3,1,1,2.19,4.5,20
2,1,87,514.98,3,3,3,3,1,1,2.21,0.5,20
2,1,88,519.75,4,3,3,3,1,1,2.51,0.5,20
2,1,89,524.51,2,1,1,1,1,1,3.19,1.5,20
2,1,90,530.28,4,3,3,3,1,1,2.45,0.5,20
2,1,91,535.05,2,1,1,1,1,1,2.33,0.5,20
2,1,92,539.82,2,2,2,2,1,1,2.46,0.5,20
2,1,93,544.58,3,4,4,4,1,1,2.72,5.5,20
2,1,94,554.35,3,4,4,4,1,1,2.54,3.5,20
2,1,95,562.12,1,1,1,1,1,1,2.9,2.5,20
2,1,96,568.88,3,4,4,4,1,1,2.44,8,20
2,1,97,581.15,3,4,4,4,1,1,3.39,5.5,20
2,1,98,590.92,2,2,2,2,1,1,2.49,2.5,20
2,1,99,597.69,3,4,4,4,1,1,2.38,5.5,20
2,1,100,607.45,2,2,2,2,1,1,2.39,4.5,20
2,2,101,0.52,3,4,4,4,1,8,10.33,3.5,20
2,2,102,16.28,1,2,2,2,1,6,8.14,6.5,20
2,2,103,33.05,3,3,3,4,0,6,8.09,0.5,20
2,2,104,43.82,2,2,2,2,1,6,8.88,0.5,20
2,2,105,54.58,3,3,3,3,1,8,10.06,0.5,20
2,2,106,67.35,1,1,1,1,1,6,8.12,0.5,20
2,2,107,78.12,3,4,4,4,1,4,6.08,0.5,20
2,2,108,86.89,1,2,2,2,1,8,9.86,6.5,20
2,2,109,105.65,2,1,1,1,1,4,5.88,6.5,20
2,2,110,120.42,3,3,3,4,0,8,10.43,0.5,20
2,2,111,133.19,4,3,3,3,1,4,5.85,3.5,20
2,2,112,144.96,2,1,1,1,1,8,9.77,8,20
2,2,113,165.23,4,4,4,4,1,6,8.05,0.5,20
2,2,114,175.99,4,3,3,3,1,8,9.82,7.5,20
2,2,115,195.76,3,4,4,4,1,4,5.87,1.5,20
2,2,116,205.53,1,2,2,2,1,6,7.96,0.5,20
2,2,117,216.3,3,3,3,3,1,8,10.34,1.5,20
2,2,118,230.06,2,1,1,1,1,4,6.27,1.5,20
2,2,119,239.83,2,2,2,1,0,8,10.48,0.5,20
2,2,120,252.6,1,1,1,2,0,8,10.12,7.5,20
2,2,121,272.37,4,4,4,4,1,4,5.74,8,20
2,2,122,288.63,2,2,2,2,1,4,6.03,5.5,20
2,2,123,302.4,1,1,1,1,1,4,6.24,1.5,20
2,2,124,312.17,1,2,2,2,1,4,6.23,8,20
2,2,125,328.44,4,3,3,3,1,4,5.89,4.5,20
2,2,126,341.2,3,4,4,3,0,6,9.13,8,20
2,2,127,359.47,1,1,1,1,1,4,6.3,8,20
2,2,128,375.74,3,3,3,4,0,6,8.27,0.5,20
2,2,129,386.51,4,4,4,4,1,6,7.75,1.5,20
2,2,130,398.28,2,2,2,2,1,6,7.78,0.5,20
2,2,131,409.04,2,2,2,2,1,4,6.44,8,20
2,2,132,425.31,3,3,3,3,1,4,6.23,4.5,20
2,2,133,438.08,2,2,2,2,1,8,10.72,2.5,20
2,2,134,452.85,3,4,4,3,0,8,10.36,2.5,20
2,2,135,467.61,2,2,2,1,0,8,10.45,2.5,20
2,2,136,482.38,1,1,1,1,1,8,10.08,1.5,20
2,2,137,496.15,3,3,3,3,1,6,7.82,1.5,20
2,2,138,507.92,1,1,1,2,0,8,10.07,4.5,20
2,2,139,524.68,2,2,2,2,1,4,6.43,0.5,20
2,2,140,533.45,1,1,1,1,1,6,8.08,0.5,20
2,2,141,544.22,2,1,1,1,1,8,10.08,1.5,20
2,2,142,557.99,1,1,1,1,1,4,6.91,1.5,20
2,2,143,567.75,4,3,3,3,1,6,8.68,0.5,20
2,2,144,578.52,4,3,3,3,1,4,7.18,8,20
2,2,145,594.79,4,3,3,3,1,8,10.72,1.5,20
2,2,146,608.56,2,2,2,2,1,6,8.67,6.5,20
2,2,147,625.32,2,1,1,1,1,6,8.15,1.5,20
2,2,148,637.09,4,4,4,3,0,8,10.63,4.5,20
2,2,149,653.86,4,4,4,4,1,6,8.83,1.5,20
2,2,150,665.63,4,4,4,4,1,6,7.98,1.5,20
2,2,151,677.39,4,4,4,4,1,6,8.8,3.5,20
2,2,152,691.16,4,4,4,4,1,8,9.8,3.5,20
2,2,153,706.93,4,4,4,4,1,4,5.72,3.5,20
2,2,154,718.7,4,4,4,4,1,8,2.11,1.5,20
2,2,155,732.46,4,3,3,3,1,4,1.82,0.5,20
2,2,156,741.23,3,4,4,3,0,4,5.89,0.5,20
2,2,157,750,4,3,3,4,0,8,9.89,3.5,20
2,2,158,765.77,2,2,2,2,1,8,10.84,2.5,20
2,2,159,780.53,2,2,2,1,0,4,6.49,1.5,20
2,2,160,790.3,1,1,1,1,1,8,10.5,3.5,20
2,2,161,806.07,1,1,1,1,1,6,8.07,4.5,20
2,2,162,820.84,4,3,3,3,1,6,8.45,0.5,20
2,2,163,831.6,3,4,4,4,1,6,8.36,1.5,20
2,2,164,843.37,2,1,1,2,0,8,10.13,5.5,20
2,2,165,861.14,1,2,2,2,1,8,9.8,0.5,20
2,2,166,873.91,3,3,3,3,1,4,5.68,0.5,20
2,2,167,882.67,2,1,1,1,1,4,5.97,3.5,20
2,2,168,894.44,1,1,1,1,1,4,5.72,3.5,20
2,2,169,906.21,1,2,2,1,0,4,6.69,8,20
2,2,170,922.48,1,2,2,2,1,4,6.05,0.5,20
2,2,171,931.24,3,4,4,4,1,8,10.14,5.5,20
2,2,172,949.01,3,3,3,3,1,6,8.69,6.5,20
2,2,173,965.78,3,4,4,3,0,6,8.3,1.5,20
2,2,174,977.55,1,2,2,2,1,6,7.96,3.5,20
2,2,175,991.31,4,3,3,4,0,6,8.97,0.5,20
2,2,176,1002.08,2,1,1,1,1,6,8.93,1.5,20
2,2,177,1013.85,1,1,1,1,1,6,8.93,8,20
2,2,178,1032.12,2,2,2,2,1,6,7.93,3.5,20
2,2,179,1045.89,3,4,4,3,0,8,11.08,2.5,20
2,2,180,1060.65,3,3,3,3,1,4,7.1,4.5,20
1,1,1,0.51,3,4,4,2,0,1,1.17,3.5,21
1,1,2,8.28,2,2,2,1,0,1,0.97,8,21
1,1,3,20.56,1,1,1,1,1,1,0.98,0.5,21
1,1,4,25.35,3,3,3,2,0,1,0.68,0.5,21
1,1,5,30.13,4,4,4,2,0,1,0.86,4.5,21
1,1,6,38.91,4,3,3,2,0,1,0.96,0.5,21
1,1,7,43.7,2,2,2,3,0,1,0.79,0.5,21
1,1,8,48.48,2,2,2,1,0,1,0.9,4.5,21
1,1,9,57.27,2,2,2,2,1,1,0.83,8,21
1,1,10,69.55,4,3,3,4,0,1,0.66,0.5,21
1,1,11,74.33,4,4,4,3,0,1,0.66,0.5,21
1,1,12,79.12,1,2,2,3,0,1,0.79,0.5,21
1,1,13,83.9,3,3,3,1,0,1,0.72,0.5,21
1,1,14,88.69,1,1,1,3,0,1,0.75,3.5,21
1,1,15,96.47,1,1,1,1,1,1,1.17,0.5,21
1,1,16,101.25,2,2,2,2,1,1,3.72,1.5,21
1,1,17,107.04,1,1,1,2,0,1,1,0.5,21
1,1,18,111.82,3,4,4,3,0,1,0.87,0.5,21
1,1,19,116.6,3,4,4,1,0,1,0.97,1.5,21
1,1,20,122.39,3,4,4,2,0,1,0.79,1.5,21
1,1,21,128.17,4,3,3,3,1,1,0.85,2.5,21
1,1,22,134.95,1,1,1,NA,NA,1,NA,1.5,21
1,1,23,140.74,1,1,1,1,1,1,0.67,0.5,21
1,1,24,145.52,1,2,2,1,0,1,0.73,1.5,21
1,1,25,151.31,4,4,4,3,0,1,3.23,0.5,21
1,1,26,156.09,4,4,4,3,0,1,1.06,0.5,21
1,1,27,160.87,4,3,3,3,1,1,0.75,0.5,21
1,1,28,165.66,1,1,1,1,1,1,0.72,0.5,21
1,1,29,170.44,1,1,1,2,0,1,0.81,0.5,21
1,1,30,175.22,1,1,1,1,1,1,1.01,0.5,21
1,1,31,180.01,3,3,3,NA,NA,1,NA,0.5,21
1,1,32,184.79,4,3,3,2,0,1,0.64,0.5,21
1,1,33,189.57,1,1,1,1,1,1,0.69,0.5,21
1,1,34,194.36,1,1,1,1,1,1,0.63,4.5,21
1,1,35,203.14,1,2,2,1,0,1,0.56,1.5,21
1,1,36,208.93,3,4,4,3,0,1,0.93,1.5,21
1,1,37,214.71,2,1,1,NA,NA,1,NA,1.5,21
1,1,38,220.49,2,1,1,2,0,1,0.65,2.5,21
1,1,39,227.28,2,1,1,1,1,1,1.04,1.5,21
1,1,40,233.06,1,2,2,1,0,1,0.71,4.5,21
1,1,41,241.85,1,1,1,NA,NA,1,NA,0.5,21
1,1,42,246.63,2,2,2,1,0,1,0.75,0.5,21
1,1,43,251.41,3,4,4,3,0,1,0.84,0.5,21
1,1,44,256.2,3,4,4,NA,NA,1,NA,0.5,21
1,1,45,260.98,4,3,3,2,0,1,0.15,0.5,21
1,1,46,265.76,3,4,4,1,0,1,1.01,0.5,21
1,1,47,270.55,4,3,3,3,1,1,1.24,0.5,21
1,1,48,275.33,1,1,1,NA,NA,1,NA,0.5,21
1,1,49,280.11,3,3,3,2,0,1,0.71,1.5,21
1,1,50,285.9,1,1,1,1,1,1,0.85,1.5,21
1,1,51,291.68,4,3,3,NA,NA,1,NA,5.5,21
1,1,52,301.47,3,3,3,1,0,1,0.98,1.5,21
1,1,53,307.25,2,2,2,NA,NA,1,NA,3.5,21
1,1,54,315.03,3,4,4,2,0,1,0.84,1.5,21
1,1,55,320.82,4,3,3,4,0,1,0.91,0.5,21
1,1,56,325.6,1,2,2,NA,NA,1,NA,0.5,21
1,1,57,330.39,2,1,1,NA,NA,1,NA,2.5,21
1,1,58,337.17,4,4,4,3,0,1,0.75,1.5,21
1,1,59,342.95,2,2,2,NA,NA,1,NA,2.5,21
1,1,60,349.74,1,2,2,2,1,1,0.81,5.5,21
1,1,61,359.52,3,4,4,2,0,1,1.25,0.5,21
1,1,62,364.3,3,3,3,NA,NA,1,NA,1.5,21
1,1,63,370.09,3,4,4,2,0,1,3.56,1.5,21
1,1,64,375.87,2,2,2,2,1,1,0.79,3.5,21
1,1,65,383.65,3,3,3,NA,NA,1,NA,5.5,21
1,1,66,393.44,4,4,4,2,0,1,0.87,3.5,21
1,1,67,401.22,4,3,3,3,1,1,2.65,2.5,21
1,1,68,408.01,1,1,1,NA,NA,1,NA,0.5,21
1,1,69,412.79,3,4,4,NA,NA,1,NA,0.5,21
1,1,70,417.57,3,3,3,3,1,1,2.72,5.5,21
1,1,71,427.36,3,3,3,3,1,1,3.41,0.5,21
1,1,72,432.14,2,2,2,2,1,1,2.77,2.5,21
1,1,73,438.93,2,2,2,NA,NA,1,NA,2.5,21
1,1,74,445.71,1,1,1,2,0,1,2.69,4.5,21
1,1,75,454.49,4,3,3,3,1,1,2.75,0.5,21
1,1,76,459.28,1,2,2,2,1,1,1.27,5.5,21
1,1,77,469.06,2,1,1,NA,NA,1,NA,0.5,21
1,1,78,473.84,4,4,4,NA,NA,1,NA,0.5,21
1,1,79,478.63,1,1,1,2,0,1,1.48,1.5,21
1,1,80,484.41,4,4,4,2,0,1,0.89,5.5,21
1,1,81,494.2,3,3,3,2,0,1,0.85,1.5,21
1,1,82,499.98,2,2,2,NA,NA,1,NA,0.5,21
1,1,83,504.76,4,3,3,NA,NA,1,NA,1.5,21
1,1,84,510.55,4,3,3,NA,NA,1,NA,0.5,21
1,1,85,515.33,2,2,2,2,1,1,0.97,3.5,21
1,1,86,523.11,1,1,1,NA,NA,1,NA,1.5,21
1,1,87,528.9,4,4,4,2,0,1,1.29,3.5,21
1,1,88,536.68,2,2,2,NA,NA,1,NA,1.5,21
1,1,89,542.47,3,3,3,NA,NA,1,NA,0.5,21
1,1,90,547.25,2,1,1,2,0,1,0.71,3.5,21
1,1,91,555.03,2,1,1,2,0,1,0.64,0.5,21
1,1,92,559.82,4,4,4,NA,NA,1,NA,5.5,21
1,1,93,569.6,2,2,2,2,1,1,0.63,2.5,21
1,1,94,576.38,3,3,3,NA,NA,1,NA,0.5,21
1,1,95,581.17,4,4,4,NA,NA,1,NA,0.5,21
1,1,96,585.95,2,2,2,NA,NA,1,NA,2.5,21
1,1,97,592.74,2,2,2,NA,NA,1,NA,1.5,21
1,1,98,598.52,4,4,4,NA,NA,1,NA,2.5,21
1,1,99,605.3,2,1,1,NA,NA,1,NA,3.5,21
1,1,100,613.09,3,3,3,3,1,1,3.69,0.5,21
1,2,101,0.51,3,4,4,2,0,6,0.78,0.5,21
1,2,102,11.27,1,1,1,1,1,8,1,0.5,21
1,2,103,24.06,1,1,1,1,1,8,10.02,3.5,21
1,2,104,39.84,2,2,2,3,0,4,1,1.5,21
1,2,105,49.63,3,4,4,4,1,4,5.96,8,21
1,2,106,65.91,4,4,4,NA,0,4,NA,0.5,21
1,2,107,74.7,1,2,2,2,1,4,6.02,2.5,21
1,2,108,85.48,3,4,4,4,1,8,10.53,4.5,21
1,2,109,102.26,1,2,2,NA,0,4,NA,8,21
1,2,110,118.55,2,2,2,NA,0,8,NA,0.5,21
1,2,111,131.33,3,3,3,NA,0,4,NA,3.5,21
1,2,112,143.12,1,2,2,NA,0,8,NA,8,21
1,2,113,163.39,4,4,4,NA,0,4,NA,8,21
1,2,114,179.67,1,1,1,NA,0,6,NA,1.5,21
1,2,115,191.45,2,1,1,NA,0,4,NA,2.5,21
1,2,116,202.24,4,3,3,4,0,6,8.1,2.5,21
1,2,117,215.02,3,3,3,1,0,6,0.98,4.5,21
1,2,118,229.81,4,4,4,2,0,6,1.03,5.5,21
1,2,119,245.59,3,4,4,NA,0,8,NA,2.5,21
1,2,120,260.38,3,3,3,NA,0,6,NA,1.5,21
1,2,121,272.16,1,1,1,NA,0,6,NA,3.5,21
1,2,122,285.94,2,2,2,NA,0,8,NA,0.5,21
1,2,123,298.73,4,3,3,NA,0,6,NA,3.5,21
1,2,124,312.51,4,4,4,NA,0,6,NA,0.5,21
1,2,125,323.3,3,4,4,NA,0,4,NA,8,21
1,2,126,339.58,2,2,2,NA,0,8,NA,0.5,21
1,2,127,352.36,1,1,1,NA,0,4,NA,0.5,21
1,2,128,361.15,1,1,1,1,1,6,7.98,4.5,21
1,2,129,375.93,1,1,1,2,0,4,1.06,0.5,21
1,2,130,384.72,3,3,3,NA,0,6,NA,1.5,21
1,2,131,396.5,4,3,3,NA,0,4,NA,6.5,21
1,2,132,411.29,1,1,1,NA,0,4,NA,1.5,21
1,2,133,421.07,2,1,1,NA,0,6,NA,4.5,21
1,2,134,435.85,1,2,2,NA,0,6,NA,3.5,21
1,2,135,449.64,3,3,3,NA,0,8,NA,0.5,21
1,2,136,462.42,4,3,3,NA,0,4,NA,0.5,21
1,2,137,471.21,4,4,4,NA,0,8,NA,1.5,21
1,2,138,484.99,2,1,1,NA,0,8,NA,0.5,21
1,2,139,497.77,2,1,1,NA,0,8,NA,3.5,21
1,2,140,513.54,2,2,2,NA,0,4,NA,3.5,21
1,2,141,525.33,3,4,4,2,0,8,1.87,0.5,21
1,2,142,538.11,3,4,4,NA,0,6,NA,7.5,21
1,2,143,555.9,2,2,2,NA,0,6,NA,1.5,21
1,2,144,567.68,3,3,3,NA,0,8,NA,1.5,21
1,2,145,581.46,4,3,3,NA,0,4,NA,0.5,21
1,2,146,590.25,3,3,3,NA,0,6,NA,0.5,21
1,2,147,601.03,4,4,4,NA,0,4,NA,3.5,21
1,2,148,612.82,4,3,3,NA,0,4,NA,8,21
1,2,149,629.1,3,4,4,NA,0,6,NA,3.5,21
1,2,150,642.88,3,3,3,NA,0,8,NA,8,21
1,2,151,663.17,4,4,4,NA,0,6,NA,6.5,21
1,2,152,679.94,2,2,2,NA,0,6,NA,5.5,21
1,2,153,695.72,2,1,1,NA,0,4,NA,0.5,21
1,2,154,704.51,2,2,2,NA,0,6,NA,1.5,21
1,2,155,716.29,1,1,1,NA,0,6,NA,1.5,21
1,2,156,728.07,1,1,1,1,1,8,9.82,1.5,21
1,2,157,741.86,2,2,2,2,1,6,1,7.5,21
1,2,158,759.64,3,4,4,3,0,8,0.9,3.5,21
1,2,159,775.43,4,3,3,2,0,8,1.01,5.5,21
1,2,160,793.21,4,4,4,3,0,8,1.06,1.5,21
1,2,161,807,4,3,3,4,0,8,0.91,0.5,21
1,2,162,819.78,1,1,1,2,0,6,0.99,1.5,21
1,2,163,831.56,3,4,4,1,0,4,0.92,8,21
1,2,164,847.85,3,3,3,2,0,4,1.01,0.5,21
1,2,165,856.63,2,2,2,2,1,8,1.07,0.5,21
1,2,166,869.42,1,2,2,1,0,8,0.97,2.5,21
1,2,167,884.2,4,3,3,1,0,6,2.19,8,21
1,2,168,902.49,2,2,2,2,1,4,1.15,6.5,21
1,2,169,917.27,4,3,3,3,1,8,0.73,0.5,21
1,2,170,930.05,4,4,4,3,0,4,2.13,1.5,21
1,2,171,939.84,2,1,1,2,0,6,0.83,3.5,21
1,2,172,953.62,2,2,2,2,1,4,0.66,6.5,21
1,2,173,968.41,1,1,1,3,0,4,0.96,1.5,21
1,2,174,978.19,1,2,2,1,0,6,8.18,4.5,21
1,2,175,992.96,2,1,1,2,0,8,1.01,0.5,21
1,2,176,1005.74,1,1,1,1,1,4,0.96,6.5,21
1,2,177,1020.53,2,2,2,2,1,4,1.02,4.5,21
1,2,178,1033.31,4,4,4,4,1,8,10.35,1.5,21
1,2,179,1047.1,3,3,3,1,0,4,1.36,1.5,21
1,2,180,1056.88,1,1,1,1,1,8,1.01,1.5,21
2,1,1,0.5,4,4,4,1,0,1,1.26,2.5,21
2,1,2,7.29,4,4,4,4,1,1,1.53,0.5,21
2,1,3,12.07,1,1,1,3,0,1,0.95,0.5,21
2,1,4,16.86,4,4,4,1,0,1,1.45,0.5,21
2,1,5,21.64,4,3,3,4,0,1,0.96,0.5,21
2,1,6,26.42,1,2,2,3,0,1,1,5.5,21
2,1,7,36.21,2,1,1,2,0,1,0.9,2.5,21
2,1,8,42.99,4,4,4,4,1,1,1.49,3.5,21
2,1,9,50.78,4,4,4,4,1,1,1,0.5,21
2,1,10,55.56,4,4,4,4,1,1,0.76,0.5,21
2,1,11,60.34,4,3,3,4,0,1,0.94,5.5,21
2,1,12,70.13,2,2,2,NA,NA,1,NA,8,21
2,1,13,82.41,1,2,2,2,1,1,1.39,1.5,21
2,1,14,88.19,1,1,1,2,0,1,0.67,4.5,21
2,1,15,96.98,2,2,2,1,0,1,1.98,1.5,21
2,1,16,102.76,3,3,3,3,1,1,1,1.5,21
2,1,17,108.55,4,4,4,4,1,1,0.87,1.5,21
2,1,18,114.33,4,4,4,4,1,1,0.67,3.5,21
2,1,19,122.11,4,3,3,4,0,1,0.74,0.5,21
2,1,20,126.9,3,3,3,3,1,1,1,0.5,21
2,1,21,131.68,3,3,3,2,0,1,1.5,0.5,21
2,1,22,136.46,3,3,3,3,1,1,0.67,1.5,21
2,1,23,142.25,2,1,1,2,0,1,0.84,0.5,21
2,1,24,147.03,2,1,1,1,1,1,0.43,2.5,21
2,1,25,153.82,1,1,1,1,1,1,0.49,0.5,21
2,1,26,158.6,2,1,1,2,0,1,0.81,1.5,21
2,1,27,164.38,3,3,3,2,0,1,0.74,0.5,21
2,1,28,169.17,1,2,2,3,0,1,0.61,1.5,21
2,1,29,174.95,1,1,1,2,0,1,0.68,1.5,21
2,1,30,180.73,3,3,3,2,0,1,0.85,0.5,21
2,1,31,185.52,1,1,1,2,0,1,0.67,0.5,21
2,1,32,190.3,1,2,2,1,0,1,0.65,1.5,21
2,1,33,196.09,3,3,3,1,0,1,1.59,5.5,21
2,1,34,205.87,4,4,4,4,1,1,1.21,0.5,21
2,1,35,210.65,1,1,1,2,0,1,0.94,0.5,21
2,1,36,215.44,3,4,4,3,0,1,1.06,0.5,21
2,1,37,220.22,2,2,2,2,1,1,1.04,2.5,21
2,1,38,227,2,2,2,2,1,1,0.79,0.5,21
2,1,39,231.79,4,4,4,4,1,1,0.87,0.5,21
2,1,40,236.57,3,3,3,3,1,1,0.85,1.5,21
2,1,41,242.36,2,2,2,2,1,1,0.9,3.5,21
2,1,42,250.14,2,2,2,2,1,1,0.82,0.5,21
2,1,43,254.92,2,2,2,2,1,1,0.69,1.5,21
2,1,44,260.71,4,3,3,4,0,1,0.95,0.5,21
2,1,45,265.49,2,1,1,2,0,1,0.78,0.5,21
2,1,46,270.27,1,1,1,2,0,1,1.08,1.5,21
2,1,47,276.06,2,2,2,2,1,1,0.69,8,21
2,1,48,288.34,4,4,4,4,1,1,0.92,1.5,21
2,1,49,294.13,4,4,4,4,1,1,0.62,5.5,21
2,1,50,303.91,1,2,2,2,1,1,1.34,5.5,21
2,1,51,313.69,1,1,1,2,0,1,0.83,0.5,21
2,1,52,318.48,4,4,4,4,1,1,0.75,5.5,21
2,1,53,328.26,2,2,2,1,0,1,0.95,2.5,21
2,1,54,335.04,2,1,1,1,1,1,0.65,3.5,21
2,1,55,342.83,3,3,3,3,1,1,0.58,0.5,21
2,1,56,347.61,2,1,1,1,1,1,0.93,3.5,21
2,1,57,355.4,2,2,2,1,0,1,0.78,2.5,21
2,1,58,362.18,3,3,3,3,1,1,0.73,1.5,21
2,1,59,367.96,3,3,3,3,1,1,0.62,0.5,21
2,1,60,372.75,1,2,2,2,1,1,0.89,0.5,21
2,1,61,377.53,3,3,3,3,1,1,0.62,0.5,21
2,1,62,382.31,2,2,2,1,0,1,0.95,2.5,21
2,1,63,389.1,4,4,4,4,1,1,0.73,0.5,21
2,1,64,393.88,1,2,2,2,1,1,1.09,4.5,21
2,1,65,402.67,2,1,1,1,1,1,1.05,1.5,21
2,1,66,408.45,3,3,3,3,1,1,0.78,1.5,21
2,1,67,414.23,1,2,2,2,1,1,0.91,0.5,21
2,1,68,419.02,2,1,1,1,1,1,0.79,2.5,21
2,1,69,425.8,4,4,4,4,1,1,0.52,0.5,21
2,1,70,430.58,1,1,1,2,0,1,1.37,4.5,21
2,1,71,439.37,1,1,1,2,0,1,0.73,0.5,21
2,1,72,444.15,2,2,2,1,0,1,0.69,0.5,21
2,1,73,448.94,1,2,2,2,1,1,1.14,0.5,21
2,1,74,453.72,2,2,2,1,0,1,0.83,3.5,21
2,1,75,461.5,3,3,3,3,1,1,0.63,5.5,21
2,1,76,471.29,3,3,3,3,1,1,0.64,0.5,21
2,1,77,476.07,2,2,2,1,0,1,0.9,1.5,21
2,1,78,481.85,3,4,4,3,0,1,0.75,1.5,21
2,1,79,487.64,1,1,1,2,0,1,0.66,0.5,21
2,1,80,492.42,4,4,4,4,1,1,0.83,0.5,21
2,1,81,497.21,4,4,4,4,1,1,0.68,4.5,21
2,1,82,505.99,4,4,4,4,1,1,0.65,2.5,21
2,1,83,512.77,1,1,1,2,0,1,0.9,1.5,21
2,1,84,518.56,3,3,3,NA,NA,1,NA,1.5,21
2,1,85,524.34,4,4,4,4,1,1,0.81,2.5,21
2,1,86,531.13,3,3,3,3,1,1,0.55,1.5,21
2,1,87,536.91,4,3,3,4,0,1,0.75,0.5,21
2,1,88,541.69,3,4,4,3,0,1,0.63,0.5,21
2,1,89,546.48,4,4,4,4,1,1,0.66,0.5,21
2,1,90,551.26,2,1,1,1,1,1,0.82,3.5,21
2,1,91,559.04,1,1,1,2,0,1,0.74,0.5,21
2,1,92,563.83,3,4,4,3,0,1,0.78,3.5,21
2,1,93,571.61,1,1,1,2,0,1,0.93,3.5,21
2,1,94,579.39,2,2,2,1,0,1,0.72,4.5,21
2,1,95,588.18,3,3,3,3,1,1,0.48,1.5,21
2,1,96,593.96,3,3,3,3,1,1,1.11,0.5,21
2,1,97,598.75,1,1,1,2,0,1,0.93,0.5,21
2,1,98,603.53,3,4,4,3,0,1,0.61,0.5,21
2,1,99,608.31,3,3,3,3,1,1,0.82,0.5,21
2,1,100,613.1,1,2,2,2,1,1,0.67,0.5,21
2,2,101,0.52,2,2,2,1,0,8,1.58,0.5,21
2,2,102,13.29,1,2,2,2,1,6,0.92,1.5,21
2,2,103,25.07,1,2,2,2,1,6,0.83,3.5,21
2,2,104,38.85,2,2,2,1,0,4,0.98,4.5,21
2,2,105,51.64,1,1,1,1,1,4,6.3,6.5,21
2,2,106,66.42,3,3,3,4,0,6,1.56,4.5,21
2,2,107,81.21,3,4,4,3,0,8,0.59,3.5,21
2,2,108,96.99,2,2,2,1,0,8,0.75,0.5,21
2,2,109,109.77,2,1,1,1,1,4,0.68,6.5,21
2,2,110,124.56,4,4,4,4,1,8,1.04,1.5,21
2,2,111,138.34,2,2,2,1,0,8,0.78,0.5,21
2,2,112,151.13,3,3,3,3,1,8,0.86,8,21
2,2,113,171.41,1,1,1,2,0,4,0.84,0.5,21
2,2,114,180.2,1,1,1,2,0,8,0.6,0.5,21
2,2,115,192.98,3,3,3,3,1,6,0.7,0.5,21
2,2,116,203.76,4,4,4,4,1,6,0.74,6.5,21
2,2,117,220.55,3,3,3,3,1,4,0.83,0.5,21
2,2,118,229.33,4,4,4,4,1,6,0.71,8,21
2,2,119,247.6,4,4,4,4,1,8,0.89,1.5,21
2,2,120,261.39,2,1,1,1,1,6,0.89,4.5,21
2,2,121,276.17,3,3,3,3,1,8,0.81,4.5,21
2,2,122,292.95,3,3,3,3,1,4,0.92,1.5,21
2,2,123,302.74,3,4,4,3,0,4,0.63,8,21
2,2,124,319.02,3,3,3,3,1,4,0.45,3.5,21
2,2,125,330.81,2,2,2,1,0,6,0.86,1.5,21
2,2,126,342.59,2,2,2,1,0,4,0.7,3.5,21
2,2,127,354.38,1,2,2,2,1,4,0.74,8,21
2,2,128,370.66,2,1,1,1,1,4,1.17,2.5,21
2,2,129,381.44,2,1,1,1,1,8,0.81,3.5,21
2,2,130,397.23,2,2,2,1,0,4,0.9,6.5,21
2,2,131,412.01,3,3,3,3,1,6,0.69,0.5,21
2,2,132,422.8,1,2,2,2,1,8,0.84,2.5,21
2,2,133,437.58,4,4,4,4,1,4,0.86,3.5,21
2,2,134,449.37,1,1,1,2,0,6,0.7,1.5,21
2,2,135,461.15,1,1,1,2,0,4,0.85,0.5,21
2,2,136,469.93,1,2,2,2,1,6,1.03,4.5,21
2,2,137,484.72,1,1,1,2,0,4,0.8,1.5,21
2,2,138,494.5,3,4,4,3,0,6,0.71,7.5,21
2,2,139,512.29,1,1,1,2,0,6,0.79,1.5,21
2,2,140,524.07,1,1,1,2,0,6,0.7,4.5,21
2,2,141,538.85,2,2,2,2,1,8,0.67,0.5,21
2,2,142,551.64,3,3,3,3,1,6,0.69,3.5,21
2,2,143,565.42,4,4,4,4,1,8,0.67,1.5,21
2,2,144,579.21,3,3,3,3,1,8,10.97,0.5,21
2,2,145,591.99,4,4,4,4,1,8,1,0.5,21
2,2,146,604.78,3,4,4,3,0,8,0.62,0.5,21
2,2,147,617.56,3,3,3,3,1,8,0.61,1.5,21
2,2,148,631.34,2,1,1,1,1,6,1.33,3.5,21
2,2,149,645.13,2,2,2,2,1,6,0.93,7.5,21
2,2,150,662.91,3,3,3,3,1,6,0.72,1.5,21
2,2,151,674.7,4,3,3,4,0,6,0.86,3.5,21
2,2,152,688.48,3,3,3,3,1,4,0.71,8,21
2,2,153,704.77,2,1,1,1,1,4,1.55,0.5,21
2,2,154,713.55,3,3,3,3,1,6,0.81,1.5,21
2,2,155,725.33,4,4,4,4,1,4,0.91,6.5,21
2,2,156,740.12,1,2,2,1,0,8,1.67,8,21
2,2,157,760.4,3,3,3,3,1,4,0.65,8,21
2,2,158,776.69,4,3,3,4,0,4,0.95,8,21
2,2,159,792.97,3,3,3,3,1,8,0.57,2.5,21
2,2,160,807.74,1,2,2,1,0,4,1.75,1.5,21
2,2,161,817.52,4,3,3,4,0,4,0.85,0.5,21
2,2,162,826.31,4,4,4,4,1,8,0.65,0.5,21
2,2,163,839.09,1,1,1,1,1,8,0.95,3.5,21
2,2,164,854.88,1,1,1,1,1,8,0.7,1.5,21
2,2,165,868.66,4,4,4,4,1,6,0.8,0.5,21
2,2,166,879.44,2,1,1,2,0,8,0.83,0.5,21
2,2,167,892.23,4,4,4,4,1,4,0.66,0.5,21
2,2,168,901.01,1,1,1,1,1,6,0.9,3.5,21
2,2,169,914.8,4,4,4,4,1,6,0.71,2.5,21
2,2,170,927.58,4,3,3,4,0,8,0.74,5.5,21
2,2,171,945.36,2,2,2,2,1,6,1.52,5.5,21
2,2,172,961.15,2,2,2,2,1,4,0.62,1.5,21
2,2,173,970.93,2,1,1,2,0,8,0.64,0.5,21
2,2,174,983.72,4,4,4,4,1,6,1.21,5.5,21
2,2,175,999.5,4,4,4,4,1,6,0.92,1.5,21
2,2,176,1011.29,1,2,2,1,0,4,1.29,2.5,21
2,2,177,1022.07,2,2,2,1,0,6,0.83,1.5,21
2,2,178,1033.85,4,4,4,4,1,4,0.67,0.5,21
2,2,179,1042.64,1,1,1,1,1,8,1.22,1.5,21
2,2,180,1056.42,4,4,4,4,1,4,0.66,8,21
1,1,1,0.52,2,2,2,2,1,1,2.93,0.5,22
1,1,2,5.28,2,2,2,2,1,1,2.41,0.5,22
1,1,3,10.05,4,3,3,3,1,1,2.99,4.5,22
1,1,4,18.82,3,4,4,4,1,1,2.41,0.5,22
1,1,5,23.58,1,1,1,1,1,1,1.11,3.5,22
1,1,6,31.35,2,2,2,2,1,1,0.74,3.5,22
1,1,7,39.12,2,1,1,2,0,1,0.86,1.5,22
1,1,8,44.88,4,3,3,3,1,1,2.58,1.5,22
1,1,9,50.65,4,3,3,3,1,1,2.37,0.5,22
1,1,10,55.42,4,3,3,3,1,1,0.85,0.5,22
1,1,11,60.19,4,4,4,4,1,1,2.5,3.5,22
1,1,12,67.95,4,3,3,4,0,1,0.88,3.5,22
1,1,13,75.72,2,2,2,2,1,1,1.27,0.5,22
1,1,14,80.49,3,3,3,3,1,1,2.69,8,22
1,1,15,92.76,1,1,1,1,1,1,2.59,1.5,22
1,1,16,98.52,4,4,4,4,1,1,2.55,3.5,22
1,1,17,106.29,3,3,3,3,1,1,2.52,2.5,22
1,1,18,113.06,4,4,4,4,1,1,2.46,0.5,22
1,1,19,117.82,3,4,4,4,1,1,3.21,0.5,22
1,1,20,122.59,3,3,3,3,1,1,2.33,0.5,22
1,1,21,127.36,2,2,2,2,1,1,1.09,1.5,22
1,1,22,133.12,4,4,4,4,1,1,1.35,0.5,22
1,1,23,137.89,1,2,2,2,1,1,2.72,2.5,22
1,1,24,144.66,3,4,4,4,1,1,2.85,1.5,22
1,1,25,150.42,3,3,3,3,1,1,2.4,1.5,22
1,1,26,156.19,1,2,2,2,1,1,2.58,0.5,22
1,1,27,160.96,2,1,1,2,0,1,0.87,0.5,22
1,1,28,165.73,4,3,3,4,0,1,1.26,0.5,22
1,1,29,170.49,3,3,3,3,1,1,2.18,4.5,22
1,1,30,179.26,2,2,2,2,1,1,2.63,1.5,22
1,1,31,185.03,2,1,1,2,0,1,0.94,5.5,22
1,1,32,194.79,4,4,4,4,1,1,1.01,2.5,22
1,1,33,201.56,2,2,2,2,1,1,2.45,1.5,22
1,1,34,207.33,1,1,1,1,1,1,2.54,2.5,22
1,1,35,214.1,1,1,1,1,1,1,0.96,5.5,22
1,1,36,223.86,1,1,1,1,1,1,0.66,1.5,22
1,1,37,229.63,1,2,2,1,0,1,0.79,1.5,22
1,1,38,235.4,2,2,2,2,1,1,1.39,5.5,22
1,1,39,245.17,2,1,1,2,0,1,1.24,0.5,22
1,1,40,249.93,3,4,4,4,1,1,2.46,1.5,22
1,1,41,255.7,4,3,3,4,0,1,1.04,2.5,22
1,1,42,262.47,4,4,4,4,1,1,1.16,0.5,22
1,1,43,267.23,2,1,1,1,1,1,1.86,4.5,22
1,1,44,276,1,1,1,1,1,1,2.31,0.5,22
1,1,45,280.77,4,4,4,4,1,1,1.48,0.5,22
1,1,46,285.53,3,3,3,3,1,1,2.22,0.5,22
1,1,47,290.3,4,3,3,NA,NA,1,NA,1.5,22
1,1,48,296.07,4,4,4,4,1,1,0.83,0.5,22
1,1,49,300.84,1,2,2,1,0,1,1.63,0.5,22
1,1,50,305.6,4,4,4,4,1,1,0.86,0.5,22
1,1,51,310.37,3,4,4,4,1,1,2.48,1.5,22
1,1,52,316.14,1,1,1,1,1,1,2.62,0.5,22
1,1,53,320.9,3,4,4,4,1,1,2.44,0.5,22
1,1,54,325.67,2,1,1,2,0,1,1.22,1.5,22
1,1,55,331.44,2,2,2,1,0,1,0.88,0.5,22
1,1,56,336.21,1,1,1,1,1,1,2.47,0.5,22
1,1,57,340.97,3,4,4,4,1,1,2.41,0.5,22
1,1,58,345.74,1,1,1,1,1,1,2.23,0.5,22
1,1,59,350.51,2,1,1,1,1,1,2.43,0.5,22
1,1,60,355.27,2,2,2,2,1,1,2.66,0.5,22
1,1,61,360.04,1,2,2,2,1,1,2.31,0.5,22
1,1,62,364.81,1,2,2,2,1,1,2.32,3.5,22
1,1,63,372.57,1,1,1,2,0,1,0.59,1.5,22
1,1,64,378.34,3,4,4,3,0,1,1.44,5.5,22
1,1,65,388.11,1,1,1,1,1,1,2.62,0.5,22
1,1,66,392.88,3,3,3,4,0,1,1.35,1.5,22
1,1,67,398.64,1,2,2,2,1,1,2.3,0.5,22
1,1,68,403.41,4,4,4,4,1,1,0.81,1.5,22
1,1,69,409.18,4,3,3,4,0,1,0.94,0.5,22
1,1,70,413.94,3,4,4,4,1,1,2.15,0.5,22
1,1,71,418.71,3,3,3,4,0,1,1.84,1.5,22
1,1,72,424.48,1,1,1,1,1,1,2.82,0.5,22
1,1,73,429.24,1,1,1,1,1,1,2.4,3.5,22
1,1,74,437.01,3,3,3,3,1,1,2.39,5.5,22
1,1,75,446.78,2,2,2,1,0,1,1.83,0.5,22
1,1,76,451.55,1,1,1,1,1,1,2.35,5.5,22
1,1,77,461.31,1,1,1,1,1,1,2.41,0.5,22
1,1,78,466.08,2,2,2,2,1,1,2.4,2.5,22
1,1,79,472.85,4,3,3,NA,NA,1,NA,0.5,22
1,1,80,477.61,4,4,4,4,1,1,2.44,1.5,22
1,1,81,483.38,2,2,2,1,0,1,1.47,0.5,22
1,1,82,488.15,2,1,1,1,1,1,2.21,1.5,22
1,1,83,493.92,3,4,4,4,1,1,2.46,1.5,22
1,1,84,499.68,1,2,2,2,1,1,2.49,2.5,22
1,1,85,506.45,4,3,3,4,0,1,0.74,4.5,22
1,1,86,515.22,1,2,2,2,1,1,2.37,0.5,22
1,1,87,519.98,2,1,1,1,1,1,2.36,8,22
1,1,88,532.25,4,4,4,4,1,1,0.97,1.5,22
1,1,89,538.02,4,3,3,3,1,1,2.19,2.5,22
1,1,90,544.79,2,1,1,1,1,1,2.38,2.5,22
1,1,91,551.55,2,2,2,2,1,1,0.66,4.5,22
1,1,92,560.32,3,4,4,4,1,1,2.45,3.5,22
1,1,93,568.09,2,2,2,2,1,1,1.31,5.5,22
1,1,94,577.85,3,3,3,4,0,1,1.96,0.5,22
1,1,95,582.62,3,4,4,4,1,1,2.17,0.5,22
1,1,96,587.39,1,2,2,2,1,1,2.32,0.5,22
1,1,97,592.16,3,3,3,3,1,1,1.02,3.5,22
1,1,98,599.92,3,3,3,4,0,1,1.86,0.5,22
1,1,99,604.69,4,3,3,4,0,1,0.9,0.5,22
1,1,100,609.46,3,3,3,3,1,1,2.24,2.5,22
1,2,101,0.5,4,4,4,4,1,4,1.36,1.5,22
1,2,102,10.27,4,3,3,4,0,8,1.27,0.5,22
1,2,103,23.04,4,3,3,3,1,6,8.02,6.5,22
1,2,104,39.81,2,2,2,2,1,4,0.92,3.5,22
1,2,105,51.57,1,1,1,1,1,4,7.27,4.5,22
1,2,106,64.34,2,2,2,2,1,6,1.03,4.5,22
1,2,107,79.11,2,2,2,2,1,6,0.82,3.5,22
1,2,108,92.88,3,3,3,3,1,4,6.23,5.5,22
1,2,109,106.64,3,4,4,4,1,8,1.23,0.5,22
1,2,110,119.41,1,1,1,2,0,8,11.24,6.5,22
1,2,111,138.18,1,2,2,2,1,4,7.3,1.5,22
1,2,112,147.95,2,1,1,2,0,8,0.9,7.5,22
1,2,113,167.71,3,4,4,4,1,6,8.44,2.5,22
1,2,114,180.48,3,3,3,4,0,8,1.79,0.5,22
1,2,115,193.25,2,1,1,2,0,4,1.43,8,22
1,2,116,209.52,2,2,2,1,0,6,2.65,8,22
1,2,117,227.78,4,4,4,4,1,8,0.99,6.5,22
1,2,118,246.55,3,3,3,4,0,6,2.42,1.5,22
1,2,119,258.32,3,4,4,4,1,4,2.42,3.5,22
1,2,120,270.09,4,4,4,3,0,6,1.84,3.5,22
1,2,121,283.85,1,2,2,2,1,8,10.44,2.5,22
1,2,122,298.62,1,1,1,2,0,8,1.22,1.5,22
1,2,123,312.39,1,2,2,2,1,6,1.48,0.5,22
1,2,124,323.16,3,3,3,3,1,4,1.93,1.5,22
1,2,125,332.92,1,1,1,2,0,6,2.32,8,22
1,2,126,351.19,1,1,1,2,0,4,6.38,3.5,22
1,2,127,362.96,4,3,3,4,0,4,1.47,1.5,22
1,2,128,372.73,2,2,2,2,1,6,1.75,1.5,22
1,2,129,384.5,4,3,3,4,0,6,1.62,6.5,22
1,2,130,401.26,2,2,2,2,1,8,1.36,8,22
1,2,131,421.53,2,2,2,2,1,4,1.24,1.5,22
1,2,132,431.3,3,3,3,4,0,4,2.34,3.5,22
1,2,133,443.07,2,2,2,2,1,4,2.09,4.5,22
1,2,134,455.83,4,4,4,4,1,8,9.91,1.5,22
1,2,135,469.6,4,3,3,4,0,6,2.77,6.5,22
1,2,136,486.37,4,3,3,3,1,4,1.5,1.5,22
1,2,137,496.14,2,1,1,2,0,6,0.99,3.5,22
1,2,138,509.9,3,3,3,4,0,6,8.92,4.5,22
1,2,139,524.67,2,1,1,2,0,8,0.86,0.5,22
1,2,140,537.44,1,2,2,2,1,6,2.33,8,22
1,2,141,555.71,2,1,1,2,0,8,2.19,8,22
1,2,142,575.97,2,2,2,2,1,4,1.88,1.5,22
1,2,143,585.74,3,3,3,4,0,8,2.31,0.5,22
1,2,144,598.51,4,4,4,4,1,8,1.49,0.5,22
1,2,145,611.28,4,4,4,4,1,8,1.58,1.5,22
1,2,146,625.04,1,1,1,1,1,6,8.3,0.5,22
1,2,147,635.81,1,2,2,NA,0,4,NA,1.5,22
1,2,148,645.58,4,4,4,4,1,6,0.82,3.5,22
1,2,149,659.35,4,3,3,4,0,4,1.59,1.5,22
1,2,150,669.11,2,1,1,2,0,4,1.7,0.5,22
1,2,151,677.88,4,3,3,4,0,4,1.91,1.5,22
1,2,152,687.65,3,4,4,4,1,8,9.66,0.5,22
1,2,153,700.42,1,1,1,1,1,6,8.19,3.5,22
1,2,154,714.18,1,1,1,2,0,8,10.33,0.5,22
1,2,155,726.95,2,2,2,1,0,8,2.09,3.5,22
1,2,156,742.72,3,4,4,3,0,6,1.62,0.5,22
1,2,157,753.49,1,1,1,1,1,4,7.44,0.5,22
1,2,158,762.25,3,4,4,4,1,4,5.67,2.5,22
1,2,159,773.02,4,3,3,3,1,8,2.52,0.5,22
1,2,160,785.79,2,2,2,2,1,8,2.6,0.5,22
1,2,161,798.56,4,4,4,4,1,6,1.31,7.5,22
1,2,162,816.32,3,3,3,3,1,6,8.44,4.5,22
1,2,163,831.09,2,1,1,2,0,4,1.96,1.5,22
1,2,164,840.86,4,4,4,4,1,8,1.65,0.5,22
1,2,165,853.63,4,3,3,3,1,8,2.28,2.5,22
1,2,166,868.39,3,3,3,3,1,8,10.1,5.5,22
1,2,167,886.16,1,1,1,1,1,6,8.53,0.5,22
1,2,168,896.93,1,1,1,1,1,8,9.72,8,22
1,2,169,917.2,3,4,4,4,1,4,2.52,3.5,22
1,2,170,928.96,2,1,1,2,0,6,2.27,8,22
1,2,171,947.23,3,4,4,4,1,6,7.99,1.5,22
1,2,172,959,1,2,2,2,1,6,8.77,8,22
1,2,173,977.27,1,2,2,2,1,8,1.44,0.5,22
1,2,174,990.04,2,2,2,2,1,8,10.22,1.5,22
1,2,175,1003.8,1,2,2,1,0,4,1.84,0.5,22
1,2,176,1012.57,3,4,4,4,1,8,9.84,0.5,22
1,2,177,1025.34,4,4,4,3,0,4,4.2,5.5,22
1,2,178,1039.11,3,4,4,3,0,8,2,0.5,22
1,2,179,1051.87,1,1,1,2,0,4,6.97,2.5,22
1,2,180,1062.64,3,3,3,3,1,6,8.19,4.5,22
2,1,1,0.51,2,2,2,2,1,1,2.43,1.5,22
2,1,2,6.28,3,3,3,3,1,1,2.64,0.5,22
2,1,3,11.05,4,3,3,3,1,1,2.36,4.5,22
2,1,4,19.82,4,4,4,4,1,1,2.37,3.5,22
2,1,5,27.58,1,2,2,2,1,1,2.52,0.5,22
2,1,6,32.35,2,2,2,2,1,1,2.2,1.5,22
2,1,7,38.12,2,2,2,2,1,1,2.2,0.5,22
2,1,8,42.88,3,3,3,3,1,1,2.45,0.5,22
2,1,9,47.65,3,4,4,4,1,1,2.52,0.5,22
2,1,10,52.42,4,4,4,4,1,1,2.38,1.5,22
2,1,11,58.18,1,1,1,1,1,1,2.53,2.5,22
2,1,12,64.95,3,4,4,4,1,1,2.4,0.5,22
2,1,13,69.72,4,3,3,4,0,1,0.88,0.5,22
2,1,14,74.49,3,3,3,3,1,1,2.38,8,22
2,1,15,86.75,1,2,2,2,1,1,2.41,0.5,22
2,1,16,91.52,1,1,1,1,1,1,2.42,0.5,22
2,1,17,96.29,2,2,2,2,1,1,1.46,0.5,22
2,1,18,101.05,1,1,1,1,1,1,2.35,1.5,22
2,1,19,106.82,3,3,3,3,1,1,2.41,5.5,22
2,1,20,116.59,1,1,1,1,1,1,2.33,0.5,22
2,1,21,121.36,4,4,4,4,1,1,2.31,0.5,22
2,1,22,126.12,1,1,1,2,0,1,2.11,3.5,22
2,1,23,133.89,3,3,3,3,1,1,0.79,3.5,22
2,1,24,141.66,4,3,3,3,1,1,0.92,0.5,22
2,1,25,146.42,4,4,4,3,0,1,1.13,0.5,22
2,1,26,151.19,3,3,3,3,1,1,2.32,2.5,22
2,1,27,157.96,2,2,2,2,1,1,1.33,1.5,22
2,1,28,163.73,3,4,4,4,1,1,2.56,0.5,22
2,1,29,168.49,4,3,3,3,1,1,2.4,0.5,22
2,1,30,173.26,3,3,3,3,1,1,2.66,1.5,22
2,1,31,179.03,3,3,3,3,1,1,2.35,1.5,22
2,1,32,184.79,1,1,1,1,1,1,2.46,5.5,22
2,1,33,194.56,4,4,4,4,1,1,2.75,1.5,22
2,1,34,200.33,1,1,1,1,1,1,2.24,5.5,22
2,1,35,210.1,2,2,2,2,1,1,1.81,5.5,22
2,1,36,219.86,1,1,1,2,0,1,0.81,1.5,22
2,1,37,225.63,4,3,3,3,1,1,2.34,1.5,22
2,1,38,231.4,2,2,2,2,1,1,1.07,0.5,22
2,1,39,236.16,2,1,1,2,0,1,0.6,2.5,22
2,1,40,242.93,3,3,3,3,1,1,2.3,0.5,22
2,1,41,247.7,2,1,1,1,1,1,2.53,8,22
2,1,42,259.96,2,2,2,2,1,1,2.3,0.5,22
2,1,43,264.73,1,1,1,1,1,1,2.81,1.5,22
2,1,44,270.5,4,4,4,4,1,1,2.59,0.5,22
2,1,45,275.27,4,3,3,3,1,1,0.8,0.5,22
2,1,46,280.03,3,3,3,3,1,1,2.24,4.5,22
2,1,47,288.8,3,4,4,3,0,1,0.99,0.5,22
2,1,48,293.57,4,3,3,3,1,1,2.41,4.5,22
2,1,49,302.33,4,4,4,4,1,1,2.56,3.5,22
2,1,50,310.1,1,2,2,2,1,1,2.53,2.5,22
2,1,51,316.87,2,2,2,2,1,1,2.25,1.5,22
2,1,52,322.64,1,1,1,1,1,1,2.43,3.5,22
2,1,53,330.4,2,2,2,2,1,1,1.1,0.5,22
2,1,54,335.17,3,3,3,3,1,1,1.27,2.5,22
2,1,55,341.94,2,1,1,2,0,1,0.91,0.5,22
2,1,56,346.7,2,2,2,2,1,1,2.34,0.5,22
2,1,57,351.47,3,4,4,4,1,1,2.41,1.5,22
2,1,58,357.24,1,1,1,1,1,1,2.24,3.5,22
2,1,59,365.01,4,3,3,3,1,1,2.46,2.5,22
2,1,60,371.77,3,3,3,3,1,1,2.7,3.5,22
2,1,61,379.54,4,4,4,4,1,1,2.4,0.5,22
2,1,62,384.31,3,3,3,3,1,1,2.4,1.5,22
2,1,63,390.07,2,1,1,1,1,1,2.39,0.5,22
2,1,64,394.84,3,3,3,3,1,1,2.4,1.5,22
2,1,65,400.61,1,1,1,2,0,1,1.15,0.5,22
2,1,66,405.38,1,1,1,2,0,1,2.21,0.5,22
2,1,67,410.14,1,1,1,1,1,1,2.31,0.5,22
2,1,68,414.91,2,2,2,NA,NA,1,NA,0.5,22
2,1,69,419.68,1,2,2,2,1,1,2.45,0.5,22
2,1,70,424.44,1,1,1,1,1,1,2.33,1.5,22
2,1,71,430.21,2,2,2,2,1,1,2.39,4.5,22
2,1,72,438.98,1,2,2,1,0,1,0.85,0.5,22
2,1,73,443.74,4,4,4,4,1,1,2.47,1.5,22
2,1,74,449.51,2,1,1,1,1,1,2.41,1.5,22
2,1,75,455.28,1,1,1,1,1,1,2.43,0.5,22
2,1,76,460.04,4,4,4,4,1,1,2.36,0.5,22
2,1,77,464.81,2,2,2,2,1,1,2.31,1.5,22
2,1,78,470.58,3,3,3,3,1,1,2.38,1.5,22
2,1,79,476.35,3,3,3,3,1,1,2.41,0.5,22
2,1,80,481.11,2,2,2,2,1,1,2.3,4.5,22
2,1,81,489.88,3,3,3,3,1,1,2.39,0.5,22
2,1,82,494.65,4,4,4,4,1,1,2.38,1.5,22
2,1,83,500.41,2,2,2,3,0,1,2.75,0.5,22
2,1,84,505.18,4,4,4,4,1,1,2.24,0.5,22
2,1,85,509.95,3,3,3,3,1,1,2.35,1.5,22
2,1,86,515.72,4,4,4,4,1,1,0.92,2.5,22
2,1,87,522.48,4,4,4,4,1,1,0.66,3.5,22
2,1,88,530.25,4,4,4,4,1,1,0.71,0.5,22
2,1,89,535.02,3,4,4,4,1,1,2.52,0.5,22
2,1,90,539.78,1,1,1,1,1,1,2.36,0.5,22
2,1,91,544.55,2,2,2,2,1,1,2.42,5.5,22
2,1,92,554.32,4,4,4,4,1,1,2.42,2.5,22
2,1,93,561.08,3,4,4,4,1,1,2.6,5.5,22
2,1,94,570.85,4,4,4,4,1,1,1.38,0.5,22
2,1,95,575.62,2,2,2,2,1,1,2.43,2.5,22
2,1,96,582.39,2,2,2,2,1,1,2.31,3.5,22
2,1,97,590.15,2,2,2,2,1,1,0.65,5.5,22
2,1,98,599.92,1,1,1,1,1,1,1.32,0.5,22
2,1,99,604.69,1,1,1,1,1,1,1.2,0.5,22
2,1,100,609.46,1,1,1,1,1,1,0.92,2.5,22
2,2,101,0.52,1,1,1,1,1,8,11.01,8,22
2,2,102,20.78,2,2,2,2,1,4,6.8,1.5,22
2,2,103,30.55,1,1,1,1,1,4,6.95,0.5,22
2,2,104,39.32,2,2,2,2,1,4,0.75,3.5,22
2,2,105,51.09,1,1,1,1,1,6,0.88,0.5,22
2,2,106,61.85,2,2,2,2,1,4,0.88,8,22
2,2,107,78.12,4,4,4,4,1,6,1.25,7.5,22
2,2,108,95.89,1,2,2,1,0,8,0.86,2.5,22
2,2,109,110.65,2,2,2,2,1,4,0.83,1.5,22
2,2,110,120.42,4,4,4,4,1,8,1.12,2.5,22
2,2,111,135.19,1,1,1,1,1,4,0.92,2.5,22
2,2,112,145.96,3,4,4,3,0,6,9.01,2.5,22
2,2,113,158.72,1,2,2,1,0,6,0.94,8,22
2,2,114,176.99,3,4,4,4,1,8,10.12,0.5,22
2,2,115,189.76,4,4,4,4,1,8,3.68,6.5,22
2,2,116,208.53,1,1,1,1,1,6,3.54,0.5,22
2,2,117,219.3,3,3,3,4,0,8,1.6,5.5,22
2,2,118,237.06,4,3,3,4,0,8,2.28,0.5,22
2,2,119,249.83,2,2,2,2,1,8,1.94,7.5,22
2,2,120,269.6,4,4,4,4,1,4,2.09,5.5,22
2,2,121,283.37,4,4,4,3,0,4,1.31,0.5,22
2,2,122,292.13,1,2,2,1,0,6,1.29,8,22
2,2,123,310.4,1,1,1,2,0,6,2.42,0.5,22
2,2,124,321.17,2,2,2,2,1,6,7.87,8,22
2,2,125,339.44,1,1,1,1,1,8,9.72,0.5,22
2,2,126,352.21,2,2,2,2,1,8,9.67,1.5,22
2,2,127,365.97,3,3,3,3,1,8,9.75,0.5,22
2,2,128,378.74,3,3,3,3,1,8,8.05,0.5,22
2,2,129,391.51,1,1,1,1,1,8,6.26,1.5,22
2,2,130,405.28,3,3,3,3,1,4,1.33,5.5,22
2,2,131,419.04,1,1,1,1,1,4,1.57,0.5,22
2,2,132,427.81,2,2,2,2,1,4,1.04,4.5,22
2,2,133,440.58,4,4,4,4,1,4,1.28,1.5,22
2,2,134,450.34,4,4,4,4,1,8,0.78,1.5,22
2,2,135,464.11,2,2,2,2,1,6,1.07,8,22
2,2,136,482.38,2,2,2,2,1,8,0.73,0.5,22
2,2,137,495.15,3,3,3,3,1,6,0.7,4.5,22
2,2,138,509.92,3,3,3,3,1,6,0.62,1.5,22
2,2,139,521.68,4,4,4,4,1,8,0.67,0.5,22
2,2,140,534.45,2,2,2,2,1,8,1.25,8,22
2,2,141,554.72,4,4,4,4,1,6,0.71,3.5,22
2,2,142,568.49,3,3,3,3,1,4,0.85,2.5,22
2,2,143,579.25,4,3,3,4,0,6,0.86,6.5,22
2,2,144,596.02,2,2,2,2,1,6,7.82,4.5,22
2,2,145,610.79,2,1,1,1,1,4,5.7,1.5,22
2,2,146,620.56,2,1,1,1,1,8,10.12,8,22
2,2,147,640.82,1,1,1,1,1,8,2.41,6.5,22
2,2,148,659.59,2,2,2,2,1,6,1.99,1.5,22
2,2,149,671.36,1,1,1,1,1,4,1.26,3.5,22
2,2,150,683.13,1,1,1,1,1,4,6.11,1.5,22
2,2,151,692.89,4,4,4,3,0,8,1.81,1.5,22
2,2,152,706.66,4,4,4,4,1,4,6.29,1.5,22
2,2,153,716.43,3,3,3,3,1,4,0.87,3.5,22
2,2,154,728.2,1,1,1,1,1,8,1.43,0.5,22
2,2,155,740.96,4,3,3,4,0,4,1.62,1.5,22
2,2,156,750.73,4,4,4,3,0,6,1.81,6.5,22
2,2,157,767.5,3,3,3,3,1,8,1.16,0.5,22
2,2,158,780.27,4,3,3,4,0,6,8.15,6.5,22
2,2,159,797.03,4,3,3,4,0,4,6.15,1.5,22
2,2,160,806.8,3,4,4,3,0,8,1.28,0.5,22
2,2,161,819.57,3,3,3,3,1,6,8.29,4.5,22
2,2,162,834.34,3,4,4,4,1,6,8.35,0.5,22
2,2,163,845.1,2,1,1,1,1,8,9.97,0.5,22
2,2,164,857.87,4,4,4,4,1,6,1.2,3.5,22
2,2,165,871.64,2,2,2,2,1,8,1.78,3.5,22
2,2,166,887.41,1,1,1,1,1,6,8.27,3.5,22
2,2,167,901.18,2,1,1,2,0,6,1.01,3.5,22
2,2,168,914.94,1,1,1,1,1,6,8.28,8,22
2,2,169,933.21,2,2,2,2,1,6,3.03,3.5,22
2,2,170,946.98,1,2,2,1,0,4,1.24,1.5,22
2,2,171,956.75,3,4,4,4,1,4,7.01,3.5,22
2,2,172,968.51,3,3,3,3,1,6,2.4,4.5,22
2,2,173,983.28,3,3,3,3,1,8,10.64,0.5,22
2,2,174,996.05,3,3,3,4,0,6,1.7,1.5,22
2,2,175,1007.82,3,4,4,4,1,4,6.22,3.5,22
2,2,176,1019.58,2,2,2,2,1,4,5.78,0.5,22
2,2,177,1028.35,4,3,3,4,0,4,1.17,1.5,22
2,2,178,1038.12,3,3,3,3,1,4,7.07,1.5,22
2,2,179,1047.88,1,1,1,1,1,4,6.5,4.5,22
2,2,180,1060.65,4,3,3,3,1,8,10.3,0.5,22
1,1,1,0.51,1,2,2,NA,NA,1,NA,4.5,23
1,1,2,9.28,4,3,3,NA,NA,1,NA,1.5,23
1,1,3,15.05,4,4,4,NA,NA,1,NA,1.5,23
1,1,4,20.82,2,2,2,NA,NA,1,NA,3.5,23
1,1,5,28.58,1,1,1,2,0,1,0.82,5.5,23
1,1,6,38.35,1,2,2,2,1,1,0.72,0.5,23
1,1,7,43.12,3,4,4,4,1,1,2.43,0.5,23
1,1,8,47.88,3,4,4,4,1,1,1.23,5.5,23
1,1,9,57.65,1,2,2,2,1,1,0.86,0.5,23
1,1,10,62.42,4,3,3,3,1,1,0.84,0.5,23
1,1,11,67.19,4,4,4,4,1,1,2.51,5.5,23
1,1,12,76.95,2,2,2,1,0,1,0.89,2.5,23
1,1,13,83.72,1,2,2,2,1,1,0.65,4.5,23
1,1,14,92.49,3,3,3,4,0,1,0.56,0.5,23
1,1,15,97.25,1,1,1,2,0,1,0.85,1.5,23
1,1,16,103.02,3,3,3,3,1,1,2.27,3.5,23
1,1,17,110.79,1,1,1,2,0,1,0.7,0.5,23
1,1,18,115.56,1,1,1,1,1,1,2.3,0.5,23
1,1,19,120.32,4,4,4,4,1,1,2.41,2.5,23
1,1,20,127.09,2,1,1,1,1,1,2.34,0.5,23
1,1,21,131.86,3,3,3,3,1,1,2.29,3.5,23
1,1,22,139.62,4,3,3,3,1,1,2.31,2.5,23
1,1,23,146.39,4,3,3,3,1,1,2.18,0.5,23
1,1,24,151.16,2,1,1,1,1,1,2.24,1.5,23
1,1,25,156.93,2,1,1,1,1,1,0.6,1.5,23
1,1,26,162.69,2,1,1,1,1,1,0.91,2.5,23
1,1,27,169.46,4,3,3,3,1,1,0.85,0.5,23
1,1,28,174.23,1,1,1,2,0,1,0.78,0.5,23
1,1,29,178.99,2,2,2,1,0,1,0.73,0.5,23
1,1,30,183.76,2,2,2,2,1,1,2.3,1.5,23
1,1,31,189.53,3,4,4,4,1,1,2.18,0.5,23
1,1,32,194.29,2,1,1,1,1,1,2.26,5.5,23
1,1,33,204.06,3,4,4,4,1,1,2.36,0.5,23
1,1,34,208.83,4,3,3,3,1,1,0.65,3.5,23
1,1,35,216.6,2,2,2,1,0,1,2.12,1.5,23
1,1,36,222.36,2,1,1,1,1,1,0.7,0.5,23
1,1,37,227.13,3,3,3,4,0,1,1.27,1.5,23
1,1,38,232.9,4,4,4,3,0,1,0.67,1.5,23
1,1,39,238.66,3,3,3,3,1,1,2.52,2.5,23
1,1,40,245.43,1,1,1,1,1,1,2.29,0.5,23
1,1,41,250.2,2,2,2,2,1,1,2.31,0.5,23
1,1,42,254.96,3,3,3,3,1,1,2.47,1.5,23
1,1,43,260.73,3,4,4,3,0,1,1.21,1.5,23
1,1,44,266.5,4,3,3,3,1,1,0.75,3.5,23
1,1,45,274.27,1,2,2,2,1,1,0.81,0.5,23
1,1,46,279.03,4,4,4,3,0,1,0.95,4.5,23
1,1,47,287.8,1,1,1,2,0,1,0.77,2.5,23
1,1,48,294.57,2,1,1,1,1,1,2.27,0.5,23
1,1,49,299.33,3,3,3,3,1,1,2.31,1.5,23
1,1,50,305.1,3,3,3,4,0,1,1.66,0.5,23
1,1,51,309.87,2,2,2,2,1,1,2.22,8,23
1,1,52,322.14,4,4,4,3,0,1,1.19,0.5,23
1,1,53,326.9,1,1,1,1,1,1,2.16,0.5,23
1,1,54,331.67,1,1,1,2,0,1,2.15,0.5,23
1,1,55,336.44,1,2,2,2,1,1,2.31,0.5,23
1,1,56,341.2,1,1,1,1,1,1,2.29,0.5,23
1,1,57,345.97,2,2,2,2,1,1,2.26,0.5,23
1,1,58,350.74,3,3,3,3,1,1,2.24,0.5,23
1,1,59,355.5,2,1,1,1,1,1,2.18,0.5,23
1,1,60,360.27,3,4,4,4,1,1,2.36,1.5,23
1,1,61,366.04,3,4,4,3,0,1,2.15,1.5,23
1,1,62,371.81,1,1,1,1,1,1,2.36,0.5,23
1,1,63,376.57,3,3,3,3,1,1,2.29,3.5,23
1,1,64,384.34,4,4,4,3,0,1,0.98,0.5,23
1,1,65,389.11,3,3,3,3,1,1,2.46,0.5,23
1,1,66,393.87,2,2,2,1,0,1,2.28,1.5,23
1,1,67,399.64,2,2,2,2,1,1,2.4,2.5,23
1,1,68,406.41,3,4,4,4,1,1,2.37,4.5,23
1,1,69,415.18,4,4,4,3,0,1,1.26,0.5,23
1,1,70,419.94,1,1,1,1,1,1,2.22,2.5,23
1,1,71,426.71,3,3,3,3,1,1,2.59,1.5,23
1,1,72,432.48,1,1,1,1,1,1,2.4,0.5,23
1,1,73,437.24,3,4,4,4,1,1,2.52,0.5,23
1,1,74,442.01,1,1,1,1,1,1,2.31,0.5,23
1,1,75,446.78,4,3,3,3,1,1,2.44,8,23
1,1,76,459.05,2,1,1,2,0,1,1.24,1.5,23
1,1,77,464.81,1,2,2,2,1,1,2.22,0.5,23
1,1,78,469.58,4,4,4,3,0,1,2.14,0.5,23
1,1,79,474.35,4,4,4,4,1,1,2.19,0.5,23
1,1,80,479.11,3,4,4,4,1,1,2.25,5.5,23
1,1,81,488.88,1,2,2,2,1,1,2.7,2.5,23
1,1,82,495.65,4,3,3,3,1,1,1.76,3.5,23
1,1,83,503.41,2,2,2,1,0,1,1.24,1.5,23
1,1,84,509.18,4,3,3,3,1,1,2.14,2.5,23
1,1,85,515.95,4,4,4,1,0,1,0.36,0.5,23
1,1,86,520.72,2,2,2,2,1,1,2.24,1.5,23
1,1,87,526.48,2,2,2,2,1,1,2.14,3.5,23
1,1,88,534.25,3,3,3,3,1,1,2.37,0.5,23
1,1,89,539.02,4,4,4,4,1,1,2.45,1.5,23
1,1,90,544.78,3,4,4,4,1,1,2.36,5.5,23
1,1,91,554.55,1,1,1,2,0,1,0.65,0.5,23
1,1,92,559.32,2,1,1,1,1,1,2.3,0.5,23
1,1,93,564.09,4,3,3,3,1,1,3.29,1.5,23
1,1,94,569.85,4,3,3,3,1,1,2.19,4.5,23
1,1,95,578.62,3,4,4,4,1,1,2.43,0.5,23
1,1,96,583.39,4,3,3,4,0,1,2.43,1.5,23
1,1,97,589.15,1,2,2,2,1,1,2.2,0.5,23
1,1,98,593.92,1,2,2,2,1,1,3.17,3.5,23
1,1,99,601.69,2,2,2,1,0,1,0.83,0.5,23
1,1,100,606.45,2,2,2,2,1,1,2.17,5.5,23
1,2,101,0.5,3,3,3,3,1,8,10.63,1.5,23
1,2,102,14.27,3,4,4,3,0,6,6.69,1.5,23
1,2,103,26.04,3,4,4,3,0,8,10.42,7.5,23
1,2,104,45.81,1,1,1,1,1,8,9.71,6.5,23
1,2,105,64.57,1,1,1,1,1,6,7.75,1.5,23
1,2,106,76.34,4,3,3,3,1,8,5.27,8,23
1,2,107,96.61,1,2,2,1,0,8,1.97,0.5,23
1,2,108,109.38,4,3,3,3,1,8,2.78,3.5,23
1,2,109,125.14,3,4,4,4,1,6,7.95,4.5,23
1,2,110,139.91,4,4,4,3,0,4,3.45,1.5,23
1,2,111,149.68,1,2,2,2,1,8,10.15,6.5,23
1,2,112,168.45,3,3,3,4,0,8,7.55,1.5,23
1,2,113,182.21,2,2,2,1,0,8,2.47,1.5,23
1,2,114,195.98,2,1,1,1,1,4,6.13,8,23
1,2,115,212.25,3,3,3,4,0,6,9.33,1.5,23
1,2,116,224.02,2,2,2,2,1,6,8.21,2.5,23
1,2,117,236.78,4,4,4,4,1,8,5.22,3.5,23
1,2,118,252.55,4,4,4,4,1,6,8.24,0.5,23
1,2,119,263.32,2,1,1,1,1,4,5.67,2.5,23
1,2,120,274.09,3,4,4,3,0,8,10.52,0.5,23
1,2,121,286.85,1,2,2,2,1,4,2.6,0.5,23
1,2,122,295.62,4,3,3,3,1,6,8.53,1.5,23
1,2,123,307.39,3,3,3,4,0,6,9.22,0.5,23
1,2,124,318.16,1,1,1,1,1,4,5.57,1.5,23
1,2,125,327.93,2,2,2,2,1,8,10.64,8,23
1,2,126,348.19,2,2,2,1,0,6,8.7,3.5,23
1,2,127,361.96,1,2,2,2,1,6,9.05,5.5,23
1,2,128,377.73,3,4,4,4,1,6,8.52,0.5,23
1,2,129,388.5,4,4,4,4,1,8,10.97,0.5,23
1,2,130,401.26,1,1,1,1,1,8,10.64,6.5,23
1,2,131,420.03,3,3,3,4,0,4,6.68,0.5,23
1,2,132,428.8,4,4,4,4,1,8,10.77,8,23
1,2,133,449.07,2,1,1,1,1,4,6.37,8,23
1,2,134,465.33,4,4,4,4,1,6,9.08,1.5,23
1,2,135,477.1,1,1,1,1,1,6,7.82,4.5,23
1,2,136,491.87,1,1,1,1,1,6,8.47,5.5,23
1,2,137,507.64,2,1,1,1,1,6,7.86,8,23
1,2,138,525.91,3,4,4,4,1,8,11.67,3.5,23
1,2,139,541.67,2,2,2,2,1,4,2.55,2.5,23
1,2,140,552.44,4,4,4,4,1,6,8.38,0.5,23
1,2,141,563.21,3,3,3,3,1,8,10.35,0.5,23
1,2,142,575.98,3,3,3,3,1,6,9.3,1.5,23
1,2,143,587.74,4,3,3,3,1,6,7.99,0.5,23
1,2,144,598.51,4,4,4,3,0,8,1.33,7.5,23
1,2,145,618.28,1,2,2,2,1,6,8.24,2.5,23
1,2,146,631.05,3,3,3,3,1,4,6.63,8,23
1,2,147,647.31,2,2,2,NA,0,4,NA,0.5,23
1,2,148,656.08,2,2,2,2,1,6,7.95,0.5,23
1,2,149,666.85,3,3,3,4,0,6,3.47,1.5,23
1,2,150,678.62,3,4,4,4,1,4,6.32,1.5,23
1,2,151,688.38,1,1,1,1,1,4,6.02,0.5,23
1,2,152,697.15,1,2,2,2,1,4,7.32,1.5,23
1,2,153,706.92,4,3,3,4,0,4,6.95,0.5,23
1,2,154,715.68,2,2,2,2,1,4,6.74,0.5,23
1,2,155,724.45,2,1,1,1,1,8,9.81,0.5,23
1,2,156,737.22,2,2,2,NA,0,4,NA,4.5,23
1,2,157,749.99,1,2,2,4,0,4,4.27,3.5,23
1,2,158,761.75,3,3,3,3,1,4,6.39,3.5,23
1,2,159,773.52,2,2,2,2,1,8,10.14,0.5,23
1,2,160,786.29,4,3,3,3,1,6,8.7,5.5,23
1,2,161,802.06,3,4,4,3,0,4,6.74,1.5,23
1,2,162,811.82,1,1,1,1,1,6,7.86,6.5,23
1,2,163,828.59,2,1,1,1,1,6,7.91,3.5,23
1,2,164,842.36,1,1,1,1,1,8,10.48,1.5,23
1,2,165,856.13,4,3,3,NA,0,4,NA,8,23
1,2,166,872.39,1,2,2,2,1,6,3.57,0.5,23
1,2,167,883.16,4,4,4,3,0,4,1.5,1.5,23
1,2,168,892.93,2,1,1,1,1,8,1.49,0.5,23
1,2,169,905.7,1,1,1,2,0,8,2.2,8,23
1,2,170,925.97,1,1,1,1,1,4,5.89,4.5,23
1,2,171,938.73,2,1,1,1,1,8,9.82,4.5,23
1,2,172,955.5,4,3,3,3,1,8,10.8,2.5,23
1,2,173,970.27,2,2,2,2,1,8,10.28,6.5,23
1,2,174,989.04,3,4,4,3,0,4,6.61,4.5,23
1,2,175,1001.8,3,4,4,NA,0,8,NA,3.5,23
1,2,176,1017.57,1,1,1,2,0,4,1.86,0.5,23
1,2,177,1026.34,2,2,2,1,0,6,1.3,3.5,23
1,2,178,1040.11,4,3,3,3,1,4,1.11,1.5,23
1,2,179,1049.87,4,3,3,3,1,4,6.39,3.5,23
1,2,180,1061.64,4,4,4,4,1,8,6.36,3.5,23
2,1,1,0.51,4,4,4,4,1,1,3.2,8,23
2,1,2,12.78,2,2,2,3,0,1,1.1,8,23
2,1,3,25.05,1,2,2,2,1,1,2.4,0.5,23
2,1,4,29.81,2,1,1,1,1,1,2.25,0.5,23
2,1,5,34.58,3,4,4,3,0,1,0.9,5.5,23
2,1,6,44.35,4,4,4,4,1,1,2.39,4.5,23
2,1,7,53.11,1,1,1,1,1,1,2.69,0.5,23
2,1,8,57.88,3,4,4,4,1,1,2.72,1.5,23
2,1,9,63.65,4,3,3,3,1,1,1.84,1.5,23
2,1,10,69.42,3,3,3,2,0,1,1.63,0.5,23
2,1,11,74.18,1,2,2,2,1,1,2.38,0.5,23
2,1,12,78.95,1,2,2,2,1,1,2.35,0.5,23
2,1,13,83.72,3,3,3,3,1,1,2.49,2.5,23
2,1,14,90.48,1,2,2,2,1,1,2.37,0.5,23
2,1,15,95.25,4,4,4,4,1,1,2.61,1.5,23
2,1,16,101.02,4,4,4,4,1,1,2.37,2.5,23
2,1,17,107.78,4,4,4,4,1,1,2.35,4.5,23
2,1,18,116.55,3,4,4,4,1,1,2.44,0.5,23
2,1,19,121.32,1,2,2,2,1,1,2.33,0.5,23
2,1,20,126.09,1,2,2,2,1,1,2.21,4.5,23
2,1,21,134.85,3,3,3,3,1,1,2.66,3.5,23
2,1,22,142.62,4,4,4,4,1,1,2.36,0.5,23
2,1,23,147.39,4,4,4,4,1,1,2.15,3.5,23
2,1,24,155.15,2,1,1,1,1,1,1.56,0.5,23
2,1,25,159.92,3,3,3,3,1,1,2.35,0.5,23
2,1,26,164.69,2,2,2,2,1,1,1.51,1.5,23
2,1,27,170.46,3,3,3,3,1,1,1.36,1.5,23
2,1,28,176.22,3,3,3,3,1,1,2.23,0.5,23
2,1,29,180.99,1,1,1,2,0,1,2.32,2.5,23
2,1,30,187.76,1,1,1,1,1,1,2.25,3.5,23
2,1,31,195.52,4,4,4,4,1,1,2.22,5.5,23
2,1,32,205.29,4,4,4,4,1,1,1,0.5,23
2,1,33,210.06,2,2,2,2,1,1,0.71,2.5,23
2,1,34,216.83,3,4,4,3,0,1,0.74,5.5,23
2,1,35,226.59,2,1,1,2,0,1,0.94,0.5,23
2,1,36,231.36,3,3,3,3,1,1,1.47,3.5,23
2,1,37,239.13,2,2,2,2,1,1,0.72,5.5,23
2,1,38,248.89,2,1,1,1,1,1,2.14,0.5,23
2,1,39,253.66,2,1,1,1,1,1,2.15,0.5,23
2,1,40,258.43,3,3,3,3,1,1,1.62,1.5,23
2,1,41,264.19,2,2,2,2,1,1,2.21,3.5,23
2,1,42,271.96,4,4,4,4,1,1,0.42,0.5,23
2,1,43,276.73,2,2,2,2,1,1,0.82,1.5,23
2,1,44,282.5,2,2,2,2,1,1,0.62,2.5,23
2,1,45,289.26,4,4,4,4,1,1,2.37,2.5,23
2,1,46,296.03,2,2,2,2,1,1,0.6,0.5,23
2,1,47,300.8,3,3,3,3,1,1,0.79,4.5,23
2,1,48,309.56,2,2,2,2,1,1,0.64,1.5,23
2,1,49,315.33,2,2,2,2,1,1,0.7,0.5,23
2,1,50,320.1,4,4,4,4,1,1,0.94,0.5,23
2,1,51,324.87,3,3,3,3,1,1,0.72,0.5,23
2,1,52,329.63,1,1,1,1,1,1,0.74,0.5,23
2,1,53,334.4,1,1,1,1,1,1,0.47,2.5,23
2,1,54,341.17,4,4,4,4,1,1,0.69,0.5,23
2,1,55,345.93,3,3,3,3,1,1,0.78,0.5,23
2,1,56,350.7,4,4,4,4,1,1,0.73,2.5,23
2,1,57,357.47,3,3,3,3,1,1,0.52,5.5,23
2,1,58,367.23,3,3,3,3,1,1,0.71,0.5,23
2,1,59,372,4,4,4,4,1,1,0.65,0.5,23
2,1,60,376.77,4,4,4,4,1,1,0.7,1.5,23
2,1,61,382.54,1,1,1,1,1,1,0.65,2.5,23
2,1,62,389.3,4,3,3,4,0,1,0.68,3.5,23
2,1,63,397.07,1,1,1,1,1,1,0.72,5.5,23
2,1,64,406.84,2,2,2,2,1,1,0.82,3.5,23
2,1,65,414.6,1,2,2,1,0,1,0.88,0.5,23
2,1,66,419.37,3,4,4,4,1,1,0.94,0.5,23
2,1,67,424.14,3,3,3,4,0,1,0.92,1.5,23
2,1,68,429.91,3,3,3,4,0,1,1.26,0.5,23
2,1,69,434.67,4,3,3,3,1,1,1.25,0.5,23
2,1,70,439.44,2,2,2,1,0,1,1.09,1.5,23
2,1,71,445.21,2,1,1,1,1,1,0.54,1.5,23
2,1,72,450.97,1,1,1,1,1,1,1.44,0.5,23
2,1,73,455.74,1,1,1,2,0,1,0.69,0.5,23
2,1,74,460.51,2,2,2,1,0,1,1.31,1.5,23
2,1,75,466.28,3,3,3,3,1,1,0.8,3.5,23
2,1,76,474.04,4,3,3,3,1,1,0.96,0.5,23
2,1,77,478.81,4,3,3,4,0,1,1.01,1.5,23
2,1,78,484.58,1,1,1,1,1,1,1.38,0.5,23
2,1,79,489.34,2,2,2,2,1,1,1.2,1.5,23
2,1,80,495.11,2,1,1,2,0,1,1.18,1.5,23
2,1,81,500.88,2,2,2,1,0,1,1.5,0.5,23
2,1,82,505.64,1,1,1,1,1,1,2.15,0.5,23
2,1,83,510.41,3,3,3,3,1,1,1.09,1.5,23
2,1,84,516.18,1,1,1,2,0,1,1.43,0.5,23
2,1,85,520.95,1,1,1,1,1,1,1.16,0.5,23
2,1,86,525.71,3,3,3,3,1,1,0.94,0.5,23
2,1,87,530.48,1,1,1,1,1,1,0.71,0.5,23
2,1,88,535.25,3,3,3,3,1,1,0.62,1.5,23
2,1,89,541.01,4,4,4,4,1,1,0.74,1.5,23
2,1,90,546.78,2,1,1,2,0,1,0.62,5.5,23
2,1,91,556.55,2,2,2,2,1,1,1.36,2.5,23
2,1,92,563.32,2,2,2,2,1,1,0.58,0.5,23
2,1,93,568.08,1,1,1,1,1,1,0.58,1.5,23
2,1,94,573.85,1,1,1,1,1,1,0.61,4.5,23
2,1,95,582.62,4,4,4,4,1,1,0.69,1.5,23
2,1,96,588.38,3,3,3,3,1,1,0.63,1.5,23
2,1,97,594.15,1,1,1,1,1,1,0.71,0.5,23
2,1,98,598.92,4,4,4,4,1,1,0.74,0.5,23
2,1,99,603.68,1,1,1,1,1,1,0.73,0.5,23
2,1,100,608.45,4,4,4,4,1,1,0.63,3.5,23
2,2,101,0.51,1,1,1,1,1,4,1.62,1.5,23
2,2,102,10.28,2,1,1,2,0,8,0.63,0.5,23
2,2,103,23.04,3,3,3,3,1,8,0.72,7.5,23
2,2,104,42.81,1,2,2,1,0,8,1.27,6.5,23
2,2,105,61.58,1,1,1,1,1,4,1.77,0.5,23
2,2,106,70.35,3,3,3,3,1,8,1.07,1.5,23
2,2,107,84.11,4,4,4,4,1,4,0.96,0.5,23
2,2,108,92.88,4,3,3,3,1,8,1.23,8,23
2,2,109,113.15,4,4,4,4,1,6,1.43,0.5,23
2,2,110,123.92,4,4,4,4,1,6,8.2,1.5,23
2,2,111,135.68,2,2,2,2,1,4,0.96,4.5,23
2,2,112,148.45,4,4,4,4,1,4,1.01,1.5,23
2,2,113,158.22,4,4,4,3,0,4,1.14,1.5,23
2,2,114,167.99,4,4,4,3,0,8,3.09,3.5,23
2,2,115,183.75,2,2,2,2,1,4,0.78,0.5,23
2,2,116,192.52,3,4,4,3,0,8,0.96,0.5,23
2,2,117,205.29,1,1,1,1,1,4,2.21,1.5,23
2,2,118,215.06,2,1,1,1,1,6,8.02,8,23
2,2,119,233.32,4,4,4,4,1,4,1.46,8,23
2,2,120,249.59,2,2,2,2,1,6,7.79,2.5,23
2,2,121,262.36,1,2,2,2,1,4,6.35,0.5,23
2,2,122,271.13,1,1,1,1,1,6,1.43,4.5,23
2,2,123,285.89,1,1,1,1,1,6,9.57,6.5,23
2,2,124,302.66,2,2,2,2,1,6,0.97,0.5,23
2,2,125,313.43,4,3,3,3,1,4,3.17,1.5,23
2,2,126,323.2,1,1,1,1,1,6,3.96,5.5,23
2,2,127,338.96,2,2,2,1,0,4,0.84,2.5,23
2,2,128,349.73,2,1,1,1,1,8,1.25,0.5,23
2,2,129,362.5,1,2,2,2,1,4,6.43,3.5,23
2,2,130,374.27,2,2,2,2,1,4,5.63,0.5,23
2,2,131,383.03,1,1,1,1,1,8,10.28,1.5,23
2,2,132,396.8,2,2,2,2,1,6,2.54,3.5,23
2,2,133,410.57,3,3,3,3,1,6,8.38,1.5,23
2,2,134,422.34,1,1,1,1,1,6,1.61,5.5,23
2,2,135,438.1,1,1,1,1,1,6,1.36,1.5,23
2,2,136,449.87,4,4,4,4,1,8,1.47,2.5,23
2,2,137,464.64,1,1,1,2,0,8,4.3,6.5,23
2,2,138,483.41,2,1,1,2,0,8,1.5,4.5,23
2,2,139,500.17,1,2,2,2,1,8,11.21,0.5,23
2,2,140,512.94,3,3,3,3,1,8,10.12,0.5,23
2,2,141,525.71,3,3,3,3,1,4,5.96,0.5,23
2,2,142,534.48,1,2,2,NA,0,6,NA,2.5,23
2,2,143,547.24,1,2,2,1,0,6,8.12,0.5,23
2,2,144,558.01,4,4,4,4,1,6,7.95,7.5,23
2,2,145,575.78,3,3,3,3,1,4,5.66,4.5,23
2,2,146,588.55,3,4,4,4,1,8,9.96,3.5,23
2,2,147,604.31,4,4,4,4,1,8,1.7,3.5,23
2,2,148,620.08,2,1,1,2,0,4,1.7,8,23
2,2,149,636.35,1,1,1,1,1,8,10.14,8,23
2,2,150,656.62,4,3,3,3,1,6,8.05,1.5,23
2,2,151,668.39,3,3,3,3,1,8,10.9,1.5,23
2,2,152,682.15,4,3,3,4,0,4,1.21,8,23
2,2,153,698.42,4,4,4,4,1,6,7.6,5.5,23
2,2,154,714.19,4,4,4,4,1,6,8.03,0.5,23
2,2,155,724.96,2,2,2,2,1,8,9.75,0.5,23
2,2,156,737.72,3,3,3,3,1,4,5.84,3.5,23
2,2,157,749.49,3,3,3,3,1,6,1.57,0.5,23
2,2,158,760.26,4,4,4,4,1,4,2.16,3.5,23
2,2,159,772.03,4,4,4,4,1,8,9.54,3.5,23
2,2,160,787.79,3,3,3,3,1,6,0.71,1.5,23
2,2,161,799.56,2,1,1,2,0,6,0.84,3.5,23
2,2,162,813.33,3,3,3,3,1,4,7.02,1.5,23
2,2,163,823.1,3,3,3,3,1,6,8.37,1.5,23
2,2,164,834.86,3,3,3,3,1,8,10.64,3.5,23
2,2,165,850.63,2,2,2,2,1,8,0.58,8,23
2,2,166,870.9,2,1,1,2,0,4,6.09,8,23
2,2,167,887.17,2,2,2,2,1,8,10.36,6.5,23
2,2,168,905.94,2,2,2,NA,0,8,NA,1.5,23
2,2,169,919.7,3,3,3,3,1,6,1.32,4.5,23
2,2,170,934.47,3,3,3,3,1,4,1.26,8,23
2,2,171,950.74,2,2,2,2,1,4,7.02,2.5,23
2,2,172,961.51,4,4,4,4,1,8,1.16,0.5,23
2,2,173,974.27,1,1,1,1,1,4,0.91,0.5,23
2,2,174,983.04,3,3,3,3,1,6,1.19,1.5,23
2,2,175,994.81,1,1,1,1,1,8,0.69,6.5,23
2,2,176,1013.58,1,1,1,1,1,4,1.18,4.5,23
2,2,177,1026.34,2,2,2,2,1,6,0.93,3.5,23
2,2,178,1040.11,3,4,4,3,0,4,0.75,1.5,23
2,2,179,1049.88,4,4,4,3,0,6,1.43,0.5,23
2,2,180,1060.65,3,4,4,4,1,6,8.35,0.5,23
1,1,1,0.51,3,3,3,3,1,1,2.68,3.5,24
1,1,2,8.28,1,2,2,2,1,1,2.57,2.5,24
1,1,3,15.06,2,1,1,1,1,1,2.23,1.5,24
1,1,4,20.85,2,2,2,2,1,1,2.34,0.5,24
1,1,5,25.63,2,2,2,2,1,1,2.21,0.5,24
1,1,6,30.42,4,4,4,4,1,1,2.17,0.5,24
1,1,7,35.2,2,2,2,2,1,1,1.53,1.5,24
1,1,8,40.98,4,4,4,4,1,1,2.19,1.5,24
1,1,9,46.77,3,4,4,3,0,1,2.09,3.5,24
1,1,10,54.55,4,4,4,4,1,1,2.35,2.5,24
1,1,11,61.33,1,1,1,1,1,1,2.32,1.5,24
1,1,12,67.12,2,1,1,2,0,1,1.46,0.5,24
1,1,13,71.9,1,1,1,1,1,1,2.26,0.5,24
1,1,14,76.69,1,1,1,1,1,1,2.28,2.5,24
1,1,15,83.47,2,1,1,1,1,1,2.45,0.5,24
1,1,16,88.25,2,1,1,1,1,1,2.28,4.5,24
1,1,17,97.04,4,3,3,3,1,1,2.5,5.5,24
1,1,18,106.82,3,3,3,3,1,1,2.36,5.5,24
1,1,19,116.6,1,1,1,1,1,1,2.67,1.5,24
1,1,20,122.39,1,2,2,2,1,1,2.37,1.5,24
1,1,21,128.17,4,4,4,4,1,1,1.1,1.5,24
1,1,22,133.96,1,1,1,1,1,1,2.2,0.5,24
1,1,23,138.74,1,2,2,1,0,1,0.61,0.5,24
1,1,24,143.52,4,3,3,3,1,1,2.35,0.5,24
1,1,25,148.31,2,2,2,2,1,1,2.24,1.5,24
1,1,26,154.09,3,4,4,4,1,1,2.41,2.5,24
1,1,27,160.87,1,2,2,1,0,1,1.2,0.5,24
1,1,28,165.66,3,4,4,4,1,1,2.78,0.5,24
1,1,29,170.44,2,2,2,2,1,1,2.33,0.5,24
1,1,30,175.23,2,2,2,2,1,1,2.18,1.5,24
1,1,31,181.01,4,3,3,3,1,1,2.31,0.5,24
1,1,32,185.79,3,3,3,3,1,1,2.28,3.5,24
1,1,33,193.58,1,2,2,1,0,1,0.87,2.5,24
1,1,34,200.36,4,4,4,4,1,1,2.38,5.5,24
1,1,35,210.14,1,1,1,1,1,1,2.33,0.5,24
1,1,36,214.93,4,4,4,4,1,1,2.7,0.5,24
1,1,37,219.71,3,3,3,3,1,1,0.87,0.5,24
1,1,38,224.49,1,1,1,1,1,1,1.1,1.5,24
1,1,39,230.28,2,2,2,2,1,1,2.21,0.5,24
1,1,40,235.06,3,3,3,3,1,1,2.21,2.5,24
1,1,41,241.85,4,4,4,4,1,1,2.48,1.5,24
1,1,42,247.63,3,3,3,3,1,1,0.85,1.5,24
1,1,43,253.41,1,2,2,2,1,1,1.24,0.5,24
1,1,44,258.2,1,2,2,2,1,1,0.99,3.5,24
1,1,45,265.98,1,1,1,1,1,1,1.04,1.5,24
1,1,46,271.77,4,4,4,3,0,1,1.05,0.5,24
1,1,47,276.55,4,4,4,3,0,1,1.4,0.5,24
1,1,48,281.33,4,4,4,3,0,1,2.15,0.5,24
1,1,49,286.12,1,1,1,1,1,1,2.19,4.5,24
1,1,50,294.9,3,3,3,3,1,1,2.19,1.5,24
1,1,51,300.68,3,3,3,3,1,1,0.87,2.5,24
1,1,52,307.47,3,3,3,3,1,1,2.35,5.5,24
1,1,53,317.25,2,2,2,2,1,1,0.92,0.5,24
1,1,54,322.04,4,4,4,2,0,1,0.95,1.5,24
1,1,55,327.82,4,4,4,4,1,1,2.84,1.5,24
1,1,56,333.6,3,3,3,3,1,1,2.34,0.5,24
1,1,57,338.39,3,3,3,3,1,1,2.23,0.5,24
1,1,58,343.17,4,3,3,3,1,1,2.26,8,24
1,1,59,355.45,2,2,2,2,1,1,2.4,0.5,24
1,1,60,360.24,2,1,1,1,1,1,2.23,3.5,24
1,1,61,368.02,4,4,4,4,1,1,2.57,5.5,24
1,1,62,377.81,4,3,3,4,0,1,0.91,0.5,24
1,1,63,382.59,3,3,3,3,1,1,2.25,0.5,24
1,1,64,387.37,4,4,4,3,0,1,1.05,1.5,24
1,1,65,393.16,2,1,1,1,1,1,2.34,0.5,24
1,1,66,397.94,2,1,1,1,1,1,2.3,0.5,24
1,1,67,402.72,1,2,2,1,0,1,1.08,5.5,24
1,1,68,412.51,2,1,1,1,1,1,2.38,5.5,24
1,1,69,422.29,4,4,4,4,1,1,0.92,0.5,24
1,1,70,427.08,3,3,3,3,1,1,1.06,8,24
1,1,71,439.36,2,2,2,2,1,1,2.29,1.5,24
1,1,72,445.14,4,4,4,4,1,1,2.5,0.5,24
1,1,73,449.93,1,2,2,2,1,1,2.33,0.5,24
1,1,74,454.71,3,3,3,3,1,1,2.29,2.5,24
1,1,75,461.49,1,1,1,2,0,1,0.93,0.5,24
1,1,76,466.28,1,2,2,2,1,1,2.27,3.5,24
1,1,77,474.06,3,3,3,1,0,1,0.99,3.5,24
1,1,78,481.85,1,1,1,1,1,1,2.36,1.5,24
1,1,79,487.63,3,3,3,2,0,1,2.4,0.5,24
1,1,80,492.41,2,2,2,2,1,1,2.45,0.5,24
1,1,81,497.2,3,4,4,4,1,1,2.58,0.5,24
1,1,82,501.98,4,4,4,4,1,1,2.55,1.5,24
1,1,83,507.76,3,3,3,3,1,1,2.47,4.5,24
1,1,84,516.55,2,2,2,2,1,1,2.4,4.5,24
1,1,85,525.33,3,3,3,3,1,1,2.37,0.5,24
1,1,86,530.12,4,4,4,4,1,1,2.47,0.5,24
1,1,87,534.9,1,1,1,1,1,1,2.5,0.5,24
1,1,88,539.68,2,2,2,2,1,1,2.51,1.5,24
1,1,89,545.47,1,1,1,1,1,1,2.57,0.5,24
1,1,90,550.25,1,1,1,1,1,1,2.34,3.5,24
1,1,91,558.03,2,2,2,2,1,1,2.4,0.5,24
1,1,92,562.82,3,4,4,3,0,1,1.21,2.5,24
1,1,93,569.6,2,2,2,2,1,1,2.36,4.5,24
1,1,94,578.39,3,3,3,4,0,1,2.99,2.5,24
1,1,95,585.17,4,4,4,4,1,1,2.54,0.5,24
1,1,96,589.95,1,1,1,1,1,1,1.31,0.5,24
1,1,97,594.74,3,3,3,2,0,1,1.14,0.5,24
1,1,98,599.52,4,4,4,3,0,1,0.89,0.5,24
1,1,99,604.3,2,1,1,1,1,1,2.29,1.5,24
1,1,100,610.09,2,1,1,1,1,1,1.07,3.5,24
1,2,101,0.51,1,1,1,1,1,4,6.36,0.5,24
1,2,102,9.28,2,2,2,2,1,6,8.38,1.5,24
1,2,103,21.06,2,2,2,2,1,6,1.28,4.5,24
1,2,104,35.85,1,1,1,1,1,8,10.33,0.5,24
1,2,105,48.63,1,1,1,1,1,4,5.73,0.5,24
1,2,106,57.41,3,3,3,3,1,4,7.07,7.5,24
1,2,107,73.2,4,4,4,4,1,8,0.91,3.5,24
1,2,108,88.98,2,1,1,2,0,6,1.32,3.5,24
1,2,109,102.77,3,3,3,4,0,8,10.9,0.5,24
1,2,110,115.55,2,1,1,1,1,4,6.33,5.5,24
1,2,111,129.33,2,2,2,1,0,8,1.65,6.5,24
1,2,112,148.12,3,3,3,3,1,4,6.5,0.5,24
1,2,113,156.9,1,2,2,2,1,4,6.65,3.5,24
1,2,114,168.69,2,2,2,2,1,8,11.53,6.5,24
1,2,115,187.47,4,3,3,3,1,6,9.48,0.5,24
1,2,116,198.26,4,4,4,3,0,6,1.1,1.5,24
1,2,117,210.04,2,2,2,2,1,4,6.88,8,24
1,2,118,226.32,4,4,4,4,1,8,7.62,0.5,24
1,2,119,239.11,3,3,3,4,0,4,6.84,0.5,24
1,2,120,247.89,2,2,2,2,1,4,6.24,0.5,24
1,2,121,256.68,3,4,4,4,1,8,10.87,7.5,24
1,2,122,276.46,4,4,4,4,1,4,7.01,1.5,24
1,2,123,286.25,4,4,4,4,1,4,1.23,1.5,24
1,2,124,296.03,4,4,4,3,0,6,1.37,8,24
1,2,125,314.31,3,3,3,1,0,6,3.89,3.5,24
1,2,126,328.1,3,3,3,3,1,8,1.07,0.5,24
1,2,127,340.88,4,4,4,3,0,8,6.97,3.5,24
1,2,128,356.67,4,4,4,4,1,4,1.09,6.5,24
1,2,129,371.45,3,3,3,3,1,6,8.26,0.5,24
1,2,130,382.24,2,1,1,1,1,6,7.85,8,24
1,2,131,400.52,2,2,2,1,0,4,6.93,1.5,24
1,2,132,410.3,1,1,1,1,1,8,10.9,1.5,24
1,2,133,424.09,1,2,2,2,1,6,8.44,0.5,24
1,2,134,434.87,1,2,2,1,0,6,6.42,3.5,24
1,2,135,448.66,1,1,1,2,0,8,2.74,3.5,24
1,2,136,464.44,2,1,1,1,1,4,6.48,3.5,24
1,2,137,476.23,4,4,4,4,1,6,8.94,0.5,24
1,2,138,487.01,1,1,1,1,1,6,8.52,1.5,24
1,2,139,498.79,3,3,3,3,1,6,8.55,8,24
1,2,140,517.08,2,1,1,2,0,8,3.64,1.5,24
1,2,141,530.86,3,3,3,4,0,6,8.8,1.5,24
1,2,142,542.65,2,2,2,1,0,8,10.51,3.5,24
1,2,143,558.43,3,3,3,4,0,6,8.52,8,24
1,2,144,576.72,4,4,4,4,1,8,11.22,2.5,24
1,2,145,591.5,1,2,2,2,1,4,6.7,1.5,24
1,2,146,601.28,1,2,2,2,1,4,6.4,8,24
1,2,147,617.57,4,4,4,4,1,8,10.38,0.5,24
1,2,148,630.35,3,4,4,3,0,8,10.95,0.5,24
1,2,149,643.14,4,4,4,3,0,6,6.77,4.5,24
1,2,150,657.9,3,3,3,3,1,8,11.17,1.5,24
1,2,151,671.69,3,3,3,3,1,8,10.78,4.5,24
1,2,152,688.47,1,1,1,1,1,6,8.77,6.5,24
1,2,153,705.26,3,3,3,3,1,8,10.39,0.5,24
1,2,154,718.04,1,2,2,2,1,8,10.48,0.5,24
1,2,155,730.83,4,4,4,3,0,6,8.92,8,24
1,2,156,749.11,3,4,4,4,1,4,6.63,0.5,24
1,2,157,757.89,4,4,4,4,1,6,8.92,1.5,24
1,2,158,769.68,4,3,3,4,0,8,5.65,1.5,24
1,2,159,783.46,4,3,3,3,1,4,1.06,0.5,24
1,2,160,792.25,1,1,1,1,1,4,6.82,1.5,24
1,2,161,802.03,2,1,1,1,1,8,10.43,2.5,24
1,2,162,816.82,1,1,1,1,1,6,8.93,2.5,24
1,2,163,829.6,4,3,3,4,0,4,7.55,4.5,24
1,2,164,842.38,1,2,2,2,1,8,10.55,1.5,24
1,2,165,856.17,2,2,2,1,0,6,8.85,1.5,24
1,2,166,867.95,1,1,1,1,1,8,10.34,6.5,24
1,2,167,886.74,2,1,1,1,1,8,9.81,2.5,24
1,2,168,901.52,3,3,3,3,1,4,6.43,8,24
1,2,169,917.81,3,3,3,4,0,6,8.57,2.5,24
1,2,170,930.59,3,3,3,4,0,4,6.85,1.5,24
1,2,171,940.37,2,2,2,2,1,6,8.57,0.5,24
1,2,172,951.16,3,4,4,4,1,6,9.01,0.5,24
1,2,173,961.94,1,1,1,1,1,6,8.43,1.5,24
1,2,174,973.73,1,2,2,2,1,6,8.63,5.5,24
1,2,175,989.51,4,4,4,4,1,4,7.08,4.5,24
1,2,176,1002.29,4,4,4,4,1,6,8.08,4.5,24
1,2,177,1017.08,1,1,1,1,1,4,6.52,3.5,24
1,2,178,1028.86,2,1,1,1,1,4,6.63,3.5,24
1,2,179,1040.65,2,2,2,NA,0,8,NA,8,24
1,2,180,1060.93,2,2,2,2,1,4,6.67,5.5,24
2,1,1,0.51,3,3,3,3,1,1,2.32,3.5,24
2,1,2,8.28,4,3,3,3,1,1,2.38,1.5,24
2,1,3,14.07,4,3,3,3,1,1,0.72,1.5,24
2,1,4,19.85,4,4,4,4,1,1,2.46,0.5,24
2,1,5,24.63,3,4,4,4,1,1,2.96,5.5,24
2,1,6,34.42,1,1,1,1,1,1,2.46,0.5,24
2,1,7,39.2,4,4,4,4,1,1,2.3,5.5,24
2,1,8,48.99,1,1,1,2,0,1,1.3,0.5,24
2,1,9,53.77,3,3,3,3,1,1,2.37,0.5,24
2,1,10,58.55,4,3,3,4,0,1,0.87,0.5,24
2,1,11,63.34,3,3,3,3,1,1,2.26,0.5,24
2,1,12,68.12,1,2,2,2,1,1,2.46,0.5,24
2,1,13,72.9,3,4,4,4,1,1,2.55,0.5,24
2,1,14,77.69,2,2,2,2,1,1,2.42,0.5,24
2,1,15,82.47,1,1,1,1,1,1,2.44,3.5,24
2,1,16,90.25,4,3,3,3,1,1,2.37,1.5,24
2,1,17,96.04,1,1,1,1,1,1,2.61,2.5,24
2,1,18,102.82,1,1,1,1,1,1,2.66,1.5,24
2,1,19,108.61,3,4,4,4,1,1,2.4,2.5,24
2,1,20,115.39,2,2,2,2,1,1,2.36,0.5,24
2,1,21,120.17,3,4,4,3,0,1,0.98,3.5,24
2,1,22,127.96,2,2,2,2,1,1,2.25,0.5,24
2,1,23,132.74,1,1,1,1,1,1,2.29,0.5,24
2,1,24,137.52,3,3,3,3,1,1,0.84,2.5,24
2,1,25,144.31,2,1,1,2,0,1,1.12,4.5,24
2,1,26,153.09,4,4,4,2,0,1,3.12,0.5,24
2,1,27,157.88,4,4,4,4,1,1,2.25,5.5,24
2,1,28,167.66,4,4,4,4,1,1,2.36,0.5,24
2,1,29,172.44,1,1,1,1,1,1,3.04,1.5,24
2,1,30,178.23,4,4,4,NA,NA,1,NA,0.5,24
2,1,31,183.01,3,4,4,4,1,1,2.24,2.5,24
2,1,32,189.79,3,3,3,3,1,1,2.2,0.5,24
2,1,33,194.58,4,3,3,3,1,1,2.4,1.5,24
2,1,34,200.36,1,1,1,1,1,1,2.96,1.5,24
2,1,35,206.15,1,2,2,2,1,1,2.26,0.5,24
2,1,36,210.93,4,4,4,4,1,1,2.36,0.5,24
2,1,37,215.71,2,2,2,2,1,1,2.77,1.5,24
2,1,38,221.5,2,1,1,2,0,1,0.94,0.5,24
2,1,39,226.28,3,3,3,3,1,1,2.28,1.5,24
2,1,40,232.06,2,2,2,1,0,1,1.11,0.5,24
2,1,41,236.85,4,3,3,3,1,1,2.36,0.5,24
2,1,42,241.63,3,3,3,3,1,1,2.39,3.5,24
2,1,43,249.42,2,2,2,2,1,1,2.21,1.5,24
2,1,44,255.2,1,1,1,2,0,1,2.3,0.5,24
2,1,45,259.98,4,3,3,3,1,1,2.3,1.5,24
2,1,46,265.77,3,4,4,2,0,1,3.3,2.5,24
2,1,47,272.55,3,4,4,4,1,1,2.35,0.5,24
2,1,48,277.33,1,1,1,1,1,1,2.38,0.5,24
2,1,49,282.12,1,2,2,2,1,1,2.28,0.5,24
2,1,50,286.9,2,2,2,2,1,1,2.5,0.5,24
2,1,51,291.69,1,1,1,1,1,1,2.42,0.5,24
2,1,52,296.47,4,3,3,3,1,1,2.56,0.5,24
2,1,53,301.25,3,4,4,4,1,1,2.59,2.5,24
2,1,54,308.04,2,2,2,2,1,1,2.38,1.5,24
2,1,55,313.82,4,4,4,4,1,1,2.4,0.5,24
2,1,56,318.6,4,3,3,3,1,1,2.46,8,24
2,1,57,330.89,2,2,2,2,1,1,2.33,1.5,24
2,1,58,336.67,1,2,2,2,1,1,2.23,2.5,24
2,1,59,343.45,1,1,1,2,0,1,3,1.5,24
2,1,60,349.24,3,4,4,4,1,1,2.49,8,24
2,1,61,361.52,4,4,4,4,1,1,2.38,2.5,24
2,1,62,368.31,1,2,2,2,1,1,2.47,5.5,24
2,1,63,378.09,2,2,2,2,1,1,2.38,0.5,24
2,1,64,382.87,1,1,1,4,0,1,2.64,1.5,24
2,1,65,388.66,2,1,1,1,1,1,2.3,3.5,24
2,1,66,396.44,2,1,1,1,1,1,2.24,1.5,24
2,1,67,402.23,3,3,3,4,0,1,3.4,4.5,24
2,1,68,411.01,2,2,2,2,1,1,2.39,4.5,24
2,1,69,419.79,4,3,3,3,1,1,2.38,0.5,24
2,1,70,424.58,2,2,2,2,1,1,2.51,0.5,24
2,1,71,429.36,2,1,1,1,1,1,2.71,3.5,24
2,1,72,437.14,1,2,2,2,1,1,2.72,3.5,24
2,1,73,444.93,2,2,2,2,1,1,2.34,0.5,24
2,1,74,449.71,1,1,1,1,1,1,2.37,1.5,24
2,1,75,455.5,1,1,1,1,1,1,3.25,4.5,24
2,1,76,464.28,4,4,4,4,1,1,2.47,0.5,24
2,1,77,469.06,1,2,2,2,1,1,2.32,0.5,24
2,1,78,473.85,2,2,2,2,1,1,2.38,0.5,24
2,1,79,478.63,4,3,3,3,1,1,2.42,5.5,24
2,1,80,488.41,3,4,4,4,1,1,2.4,3.5,24
2,1,81,496.2,3,4,4,4,1,1,3.18,0.5,24
2,1,82,500.98,1,1,1,1,1,1,3.12,2.5,24
2,1,83,507.77,3,3,3,3,1,1,3.55,1.5,24
2,1,84,513.55,2,1,1,NA,NA,1,NA,0.5,24
2,1,85,518.33,2,1,1,1,1,1,2.25,1.5,24
2,1,86,524.12,4,4,4,4,1,1,2.97,1.5,24
2,1,87,529.9,4,3,3,NA,NA,1,NA,0.5,24
2,1,88,534.68,1,1,1,1,1,1,2.3,0.5,24
2,1,89,539.47,1,1,1,1,1,1,1.27,3.5,24
2,1,90,547.25,2,2,2,1,0,1,3.04,4.5,24
2,1,91,556.04,2,2,2,2,1,1,2.31,0.5,24
2,1,92,560.82,2,1,1,NA,NA,1,NA,5.5,24
2,1,93,570.6,3,4,4,4,1,1,2.47,0.5,24
2,1,94,575.39,3,3,3,3,1,1,2.4,2.5,24
2,1,95,582.17,2,2,2,2,1,1,2.28,1.5,24
2,1,96,587.96,3,3,3,3,1,1,2.29,0.5,24
2,1,97,592.74,4,4,4,4,1,1,2.37,1.5,24
2,1,98,598.52,3,3,3,3,1,1,2.76,0.5,24
2,1,99,603.31,3,3,3,3,1,1,2.34,5.5,24
2,1,100,613.09,4,3,3,3,1,1,3.71,0.5,24
2,2,101,0.52,2,1,1,2,0,6,3.85,3.5,24
2,2,102,14.29,4,3,3,3,1,6,7.98,0.5,24
2,2,103,25.07,4,3,3,3,1,6,1.37,1.5,24
2,2,104,36.85,2,2,2,1,0,8,0.58,6.5,24
2,2,105,55.64,2,2,2,NA,0,8,NA,8,24
2,2,106,75.92,1,2,2,2,1,8,10.73,1.5,24
2,2,107,89.71,4,3,3,3,1,4,5.88,1.5,24
2,2,108,99.49,3,3,3,3,1,6,7.55,3.5,24
2,2,109,113.28,3,4,4,4,1,6,7.89,2.5,24
2,2,110,126.06,2,2,2,2,1,4,5.94,5.5,24
2,2,111,139.84,2,2,2,1,0,8,10.34,3.5,24
2,2,112,155.63,2,1,1,1,1,8,9.59,1.5,24
2,2,113,169.41,4,4,4,4,1,6,8.01,8,24
2,2,114,187.7,2,1,1,1,1,4,1.84,5.5,24
2,2,115,201.48,4,4,4,4,1,6,7.83,4.5,24
2,2,116,216.27,4,4,4,4,1,6,7.55,1.5,24
2,2,117,228.05,2,1,1,2,0,4,1.23,3.5,24
2,2,118,239.83,3,3,3,3,1,8,10.25,0.5,24
2,2,119,252.62,4,3,3,3,1,8,10.05,3.5,24
2,2,120,268.4,1,2,2,2,1,4,6.46,8,24
2,2,121,284.69,1,1,1,1,1,4,6.52,0.5,24
2,2,122,293.47,3,3,3,3,1,6,7.98,8,24
2,2,123,311.76,4,3,3,4,0,4,1.56,0.5,24
2,2,124,320.54,3,4,4,4,1,6,8.14,0.5,24
2,2,125,331.32,1,2,2,1,0,8,9.93,0.5,24
2,2,126,344.11,4,3,3,4,0,6,8.02,0.5,24
2,2,127,354.89,1,1,1,1,1,4,6.35,3.5,24
2,2,128,366.68,4,4,4,3,0,4,5.99,1.5,24
2,2,129,376.46,1,1,1,1,1,6,8.82,1.5,24
2,2,130,388.24,1,1,1,1,1,4,6.68,0.5,24
2,2,131,397.03,3,4,4,4,1,4,6.3,7.5,24
2,2,132,412.81,3,4,4,4,1,4,5.63,0.5,24
2,2,133,421.6,4,4,4,4,1,8,9.72,8,24
2,2,134,441.88,2,2,2,1,0,4,7.02,8,24
2,2,135,458.17,1,2,2,2,1,6,7.95,3.5,24
2,2,136,471.95,1,2,2,1,0,4,6.83,1.5,24
2,2,137,481.73,3,3,3,3,1,8,9.77,0.5,24
2,2,138,494.52,2,2,2,2,1,4,6.64,1.5,24
2,2,139,504.3,2,2,2,1,0,6,8.58,1.5,24
2,2,140,516.09,3,3,3,3,1,6,7.97,1.5,24
2,2,141,527.87,1,1,1,1,1,8,10.77,0.5,24
2,2,142,540.65,1,1,1,2,0,8,10.8,3.5,24
2,2,143,556.44,3,3,3,3,1,4,5.73,0.5,24
2,2,144,565.22,2,2,2,2,1,8,10.14,6.5,24
2,2,145,584.01,4,3,3,3,1,4,6.95,6.5,24
2,2,146,598.79,1,1,1,1,1,8,10.46,1.5,24
2,2,147,612.58,4,3,3,NA,0,8,NA,3.5,24
2,2,148,628.36,3,3,3,4,0,4,5.95,8,24
2,2,149,644.64,1,2,2,2,1,6,9.17,0.5,24
2,2,150,655.43,1,1,1,1,1,6,8.9,5.5,24
2,2,151,671.21,4,4,4,4,1,8,9.7,2.5,24
2,2,152,686,2,2,2,2,1,4,6.37,3.5,24
2,2,153,697.78,1,1,1,NA,0,6,NA,1.5,24
2,2,154,709.57,3,4,4,4,1,8,10.05,7.5,24
2,2,155,729.35,3,4,4,4,1,8,9.95,1.5,24
2,2,156,743.14,2,1,1,1,1,8,9.68,2.5,24
2,2,157,757.92,3,3,3,3,1,8,10.09,4.5,24
2,2,158,774.7,4,3,3,3,1,4,6.74,4.5,24
2,2,159,787.49,1,1,1,1,1,6,8.27,2.5,24
2,2,160,800.27,3,3,3,3,1,6,8.07,8,24
2,2,161,818.56,4,4,4,4,1,8,10.13,0.5,24
2,2,162,831.34,3,4,4,NA,0,4,NA,0.5,24
2,2,163,840.12,3,4,4,3,0,8,1.45,0.5,24
2,2,164,852.91,1,1,1,2,0,6,8.01,6.5,24
2,2,165,869.69,2,2,2,2,1,6,8.22,1.5,24
2,2,166,881.48,3,4,4,4,1,8,4.52,0.5,24
2,2,167,894.26,4,4,4,4,1,4,5.71,4.5,24
2,2,168,907.05,4,4,4,4,1,6,7.95,4.5,24
2,2,169,921.83,4,3,3,3,1,8,10.28,1.5,24
2,2,170,935.61,3,4,4,4,1,6,7.78,0.5,24
2,2,171,946.4,3,3,3,3,1,4,6.62,1.5,24
2,2,172,956.18,2,1,1,1,1,6,8.87,8,24
2,2,173,974.47,2,2,2,2,1,4,5.95,0.5,24
2,2,174,983.25,2,2,2,1,0,6,8.31,0.5,24
2,2,175,994.04,4,4,4,4,1,8,9.81,0.5,24
2,2,176,1006.82,2,2,2,2,1,6,8.11,4.5,24
2,2,177,1021.6,1,1,1,1,1,8,10.03,6.5,24
2,2,178,1040.39,1,1,1,1,1,4,6.59,3.5,24
2,2,179,1052.17,1,1,1,1,1,4,5.75,1.5,24
2,2,180,1061.96,2,1,1,1,1,8,10.38,2.5,24
1,1,1,0.51,4,4,4,4,1,1,2.69,0.5,25
1,1,2,5.27,2,2,2,2,1,1,2.5,1.5,25
1,1,3,11.04,1,1,1,1,1,1,2.38,4.5,25
1,1,4,19.81,1,2,2,1,0,1,1.01,1.5,25
1,1,5,25.57,3,4,4,4,1,1,2.36,0.5,25
1,1,6,30.34,2,2,2,2,1,1,2.36,2.5,25
1,1,7,37.11,2,1,1,1,1,1,2.33,0.5,25
1,1,8,41.87,4,3,3,4,0,1,2.28,0.5,25
1,1,9,46.64,2,2,2,2,1,1,2.44,0.5,25
1,1,10,51.41,4,4,4,4,1,1,2.24,0.5,25
1,1,11,56.18,4,4,4,4,1,1,2.15,3.5,25
1,1,12,63.94,3,3,3,3,1,1,2.17,0.5,25
1,1,13,68.71,1,1,1,1,1,1,2.27,0.5,25
1,1,14,73.48,4,4,4,1,0,1,0.93,0.5,25
1,1,15,78.24,4,3,3,4,0,1,0.65,1.5,25
1,1,16,84.01,2,2,2,2,1,1,1.11,0.5,25
1,1,17,88.78,4,4,4,4,1,1,1,0.5,25
1,1,18,93.55,3,3,3,3,1,1,2.31,2.5,25
1,1,19,100.31,2,1,1,2,0,1,1.37,1.5,25
1,1,20,106.08,1,2,2,2,1,1,2.41,0.5,25
1,1,21,110.85,3,3,3,3,1,1,1.42,5.5,25
1,1,22,120.61,2,2,2,2,1,1,2.38,0.5,25
1,1,23,125.38,4,3,3,4,0,1,1.69,0.5,25
1,1,24,130.15,1,1,1,1,1,1,2.31,4.5,25
1,1,25,138.92,2,2,2,2,1,1,0.94,0.5,25
1,1,26,143.68,1,1,1,1,1,1,2.27,0.5,25
1,1,27,148.45,2,1,1,2,0,1,0.81,1.5,25
1,1,28,154.22,1,2,2,2,1,1,3.27,0.5,25
1,1,29,158.98,3,3,3,3,1,1,0.98,0.5,25
1,1,30,163.75,3,3,3,3,1,1,0.89,5.5,25
1,1,31,173.52,4,4,4,4,1,1,2.39,0.5,25
1,1,32,178.28,3,4,4,3,0,1,0.79,2.5,25
1,1,33,185.05,4,4,4,4,1,1,2.37,0.5,25
1,1,34,189.82,1,1,1,1,1,1,2.19,0.5,25
1,1,35,194.59,2,1,1,2,0,1,0.99,2.5,25
1,1,36,201.35,1,2,2,1,0,1,1.36,0.5,25
1,1,37,206.12,3,3,3,3,1,1,0.96,5.5,25
1,1,38,215.89,3,4,4,3,0,1,0.91,5.5,25
1,1,39,225.65,4,4,4,4,1,1,2.44,3.5,25
1,1,40,233.42,3,3,3,3,1,1,2.44,0.5,25
1,1,41,238.19,2,2,2,2,1,1,2.3,0.5,25
1,1,42,242.95,3,3,3,3,1,1,1.4,1.5,25
1,1,43,248.72,2,1,1,2,0,1,0.98,2.5,25
1,1,44,255.49,3,3,3,3,1,1,2.36,1.5,25
1,1,45,261.26,3,3,3,3,1,1,0.79,3.5,25
1,1,46,269.02,4,3,3,4,0,1,1.5,2.5,25
1,1,47,275.79,2,2,2,2,1,1,0.93,3.5,25
1,1,48,283.56,2,2,2,2,1,1,0.65,0.5,25
1,1,49,288.33,2,2,2,2,1,1,0.58,0.5,25
1,1,50,293.09,1,1,1,1,1,1,2.22,0.5,25
1,1,51,297.86,4,4,4,4,1,1,0.88,0.5,25
1,1,52,302.63,1,2,2,2,1,1,2.32,2.5,25
1,1,53,309.39,4,3,3,4,0,1,2.14,0.5,25
1,1,54,314.16,1,1,1,1,1,1,2.24,1.5,25
1,1,55,319.93,3,3,3,3,1,1,1.08,1.5,25
1,1,56,325.69,1,1,1,1,1,1,1.3,0.5,25
1,1,57,330.46,1,1,1,1,1,1,0.5,0.5,25
1,1,58,335.23,2,2,2,2,1,1,2.49,2.5,25
1,1,59,342,2,2,2,2,1,1,1.23,4.5,25
1,1,60,350.76,3,3,3,3,1,1,1.06,0.5,25
1,1,61,355.53,4,4,4,4,1,1,2.33,3.5,25
1,1,62,363.3,4,3,3,4,0,1,0.65,1.5,25
1,1,63,369.06,2,2,2,3,0,1,0.77,1.5,25
1,1,64,374.83,1,1,1,1,1,1,0.97,0.5,25
1,1,65,379.6,1,1,1,1,1,1,0.81,1.5,25
1,1,66,385.36,4,4,4,4,1,1,1.34,3.5,25
1,1,67,393.13,2,1,1,2,0,1,0.45,0.5,25
1,1,68,397.9,1,1,1,1,1,1,2.17,1.5,25
1,1,69,403.67,3,4,4,3,0,1,2.26,1.5,25
1,1,70,409.43,3,3,3,3,1,1,2.39,1.5,25
1,1,71,415.2,4,4,4,4,1,1,2.38,0.5,25
1,1,72,419.97,3,4,4,4,1,1,2.63,0.5,25
1,1,73,424.73,3,3,3,2,0,1,2.21,0.5,25
1,1,74,429.5,4,3,3,3,1,1,2.38,1.5,25
1,1,75,435.27,2,1,1,2,0,1,2.01,0.5,25
1,1,76,440.04,3,3,3,3,1,1,2.22,4.5,25
1,1,77,448.8,1,2,2,2,1,1,2.44,5.5,25
1,1,78,458.57,1,2,2,1,0,1,1.04,2.5,25
1,1,79,465.34,1,2,2,2,1,1,2.34,0.5,25
1,1,80,470.1,1,2,2,2,1,1,0.51,5.5,25
1,1,81,479.87,1,1,1,2,0,1,1.33,0.5,25
1,1,82,484.64,4,4,4,4,1,1,2.57,8,25
1,1,83,496.91,3,3,3,3,1,1,1.03,1.5,25
1,1,84,502.67,2,1,1,2,0,1,1.24,0.5,25
1,1,85,507.44,3,3,3,NA,NA,1,NA,8,25
1,1,86,519.71,1,1,1,1,1,1,2.38,2.5,25
1,1,87,526.47,3,3,3,3,1,1,2.48,3.5,25
1,1,88,534.24,4,4,4,4,1,1,2.45,3.5,25
1,1,89,542.01,4,4,4,4,1,1,2.85,4.5,25
1,1,90,550.78,2,1,1,1,1,1,2.39,0.5,25
1,1,91,555.54,3,4,4,3,0,1,0.95,1.5,25
1,1,92,561.31,4,4,4,4,1,1,2.36,3.5,25
1,1,93,569.08,4,3,3,4,0,1,2.18,5.5,25
1,1,94,578.84,1,1,1,1,1,1,2.41,1.5,25
1,1,95,584.61,4,4,4,NA,NA,1,NA,0.5,25
1,1,96,589.38,2,2,2,2,1,1,1.21,1.5,25
1,1,97,595.15,2,1,1,2,0,1,0.67,1.5,25
1,1,98,600.91,2,2,2,2,1,1,1.42,0.5,25
1,1,99,605.68,3,4,4,4,1,1,2.43,1.5,25
1,1,100,611.45,1,2,2,1,0,1,2.57,0.5,25
1,2,101,0.5,4,3,3,4,0,6,8.07,1.5,25
1,2,102,12.27,2,1,1,1,1,6,9.32,8,25
1,2,103,30.54,4,4,4,4,1,4,7.15,8,25
1,2,104,46.81,2,1,1,1,1,4,5.94,4.5,25
1,2,105,59.58,4,4,4,4,1,4,6.04,2.5,25
1,2,106,70.34,4,4,4,4,1,4,7.76,1.5,25
1,2,107,80.11,1,1,1,1,1,6,8.7,3.5,25
1,2,108,93.88,4,4,4,4,1,8,10.43,4.5,25
1,2,109,110.65,2,2,2,2,1,8,9.93,2.5,25
1,2,110,125.41,3,4,4,NA,0,8,NA,8,25
1,2,111,145.68,1,2,2,NA,0,8,NA,8,25
1,2,112,165.95,4,3,3,4,0,4,6.22,6.5,25
1,2,113,180.72,2,2,2,2,1,8,9.88,8,25
1,2,114,200.98,1,1,1,1,1,4,5.77,0.5,25
1,2,115,209.75,4,3,3,NA,0,8,NA,4.5,25
1,2,116,226.52,2,1,1,1,1,8,10,1.5,25
1,2,117,240.29,4,3,3,NA,0,8,NA,7.5,25
1,2,118,260.06,3,3,3,3,1,8,10.1,0.5,25
1,2,119,272.82,1,2,2,NA,0,4,NA,0.5,25
1,2,120,281.59,2,1,1,1,1,6,7.83,7.5,25
1,2,121,299.36,1,2,2,NA,0,6,NA,0.5,25
1,2,122,310.12,1,2,2,NA,0,6,NA,4.5,25
1,2,123,324.89,4,4,4,4,1,6,7.74,0.5,25
1,2,124,335.66,4,3,3,NA,0,4,NA,2.5,25
1,2,125,346.43,2,2,2,NA,0,6,NA,3.5,25
1,2,126,360.19,1,1,1,NA,0,4,NA,6.5,25
1,2,127,374.96,2,2,2,NA,0,4,NA,4.5,25
1,2,128,387.73,3,3,3,4,0,4,6.09,3.5,25
1,2,129,399.5,3,3,3,NA,0,8,NA,1.5,25
1,2,130,413.27,3,3,3,3,1,6,9.13,1.5,25
1,2,131,425.03,2,2,2,NA,0,6,NA,0.5,25
1,2,132,435.8,3,3,3,NA,0,6,NA,1.5,25
1,2,133,447.57,2,2,2,1,0,6,8.74,0.5,25
1,2,134,458.33,3,3,3,3,1,6,8.58,3.5,25
1,2,135,472.1,2,2,2,NA,0,4,NA,0.5,25
1,2,136,480.87,2,1,1,NA,0,8,NA,1.5,25
1,2,137,494.64,1,2,2,NA,0,4,NA,3.5,25
1,2,138,506.41,3,3,3,4,0,8,9.94,0.5,25
1,2,139,519.17,3,4,4,3,0,4,1.14,2.5,25
1,2,140,529.94,4,4,4,4,1,8,10.97,3.5,25
1,2,141,545.71,4,4,4,NA,0,8,NA,1.5,25
1,2,142,559.48,1,2,2,2,1,8,9.83,0.5,25
1,2,143,572.24,3,4,4,NA,0,6,NA,5.5,25
1,2,144,588.01,1,1,1,1,1,8,9.78,3.5,25
1,2,145,603.78,3,3,3,NA,0,4,NA,4.5,25
1,2,146,616.55,1,1,1,1,1,6,7.7,3.5,25
1,2,147,630.31,2,2,2,NA,0,6,NA,0.5,25
1,2,148,641.08,2,2,2,NA,0,8,NA,1.5,25
1,2,149,654.85,4,4,4,4,1,8,11.57,1.5,25
1,2,150,668.62,3,4,4,NA,0,8,NA,0.5,25
1,2,151,681.38,2,2,2,NA,0,4,NA,0.5,25
1,2,152,690.15,1,2,2,2,1,6,8.61,0.5,25
1,2,153,700.92,1,1,1,NA,0,6,NA,3.5,25
1,2,154,714.69,4,3,3,NA,0,6,NA,1.5,25
1,2,155,726.45,1,1,1,1,1,8,11.04,5.5,25
1,2,156,744.22,1,1,1,NA,0,6,NA,0.5,25
1,2,157,754.99,1,1,1,1,1,4,7.48,8,25
1,2,158,771.26,3,3,3,NA,0,6,NA,1.5,25
1,2,159,783.02,4,4,4,4,1,6,7.97,1.5,25
1,2,160,794.79,1,1,1,NA,0,4,NA,0.5,25
1,2,161,803.56,4,3,3,NA,0,4,NA,0.5,25
1,2,162,812.32,3,3,3,3,1,8,11.25,1.5,25
1,2,163,826.09,1,1,1,NA,0,8,NA,3.5,25
1,2,164,841.86,4,4,4,NA,0,4,NA,6.5,25
1,2,165,856.63,2,1,1,1,1,4,5.87,1.5,25
1,2,166,866.4,2,1,1,1,1,4,6.77,1.5,25
1,2,167,876.16,3,4,4,NA,0,6,NA,1.5,25
1,2,168,887.93,3,3,3,3,1,4,7.55,0.5,25
1,2,169,896.7,3,3,3,3,1,4,5.87,0.5,25
1,2,170,905.47,4,4,4,NA,0,6,NA,6.5,25
1,2,171,922.23,1,1,1,1,1,8,9.76,8,25
1,2,172,942.5,3,3,3,NA,0,8,NA,0.5,25
1,2,173,955.27,1,2,2,1,0,4,5.99,6.5,25
1,2,174,970.04,4,4,4,NA,0,6,NA,2.5,25
1,2,175,982.8,3,4,4,NA,0,4,NA,8,25
1,2,176,999.07,2,2,2,NA,0,8,NA,1.5,25
1,2,177,1012.84,4,4,4,4,1,4,6.26,5.5,25
1,2,178,1026.61,3,3,3,4,0,6,7.57,3.5,25
1,2,179,1040.37,2,2,2,2,1,4,5.47,8,25
1,2,180,1056.64,2,1,1,2,0,8,0.99,0.5,25
2,1,1,0.51,1,2,2,2,1,1,2.52,0.5,25
2,1,2,5.27,4,3,3,3,1,1,2.46,1.5,25
2,1,3,11.04,3,4,4,4,1,1,2.59,1.5,25
2,1,4,16.81,2,2,2,1,0,1,2.16,4.5,25
2,1,5,25.58,4,3,3,3,1,1,2.4,3.5,25
2,1,6,33.34,4,4,4,3,0,1,0.59,0.5,25
2,1,7,38.11,2,2,2,2,1,1,2.26,1.5,25
2,1,8,43.88,3,3,3,3,1,1,2.41,4.5,25
2,1,9,52.64,2,2,2,2,1,1,2.49,1.5,25
2,1,10,58.41,3,3,3,3,1,1,2.18,1.5,25
2,1,11,64.18,1,2,2,2,1,1,2.36,0.5,25
2,1,12,68.95,1,1,1,1,1,1,1.97,2.5,25
2,1,13,75.71,1,1,1,1,1,1,2.2,2.5,25
2,1,14,82.48,1,1,1,1,1,1,0.58,4.5,25
2,1,15,91.25,1,1,1,1,1,1,1.19,0.5,25
2,1,16,96.01,2,1,1,2,0,1,1.26,1.5,25
2,1,17,101.78,3,4,4,4,1,1,2.31,1.5,25
2,1,18,107.55,2,2,2,2,1,1,2.3,0.5,25
2,1,19,112.32,4,3,3,3,1,1,1.7,4.5,25
2,1,20,121.08,1,1,1,1,1,1,2.46,5.5,25
2,1,21,130.85,4,3,3,3,1,1,1,2.5,25
2,1,22,137.62,4,4,4,3,0,1,0.54,0.5,25
2,1,23,142.38,1,1,1,1,1,1,1.21,1.5,25
2,1,24,148.15,4,3,3,3,1,1,0.57,0.5,25
2,1,25,152.92,4,3,3,3,1,1,1.21,0.5,25
2,1,26,157.68,1,1,1,1,1,1,0.67,4.5,25
2,1,27,166.45,3,4,4,4,1,1,2.34,1.5,25
2,1,28,172.22,3,4,4,4,1,1,0.69,0.5,25
2,1,29,176.99,1,1,1,1,1,1,0.84,0.5,25
2,1,30,181.75,1,1,1,1,1,1,0.74,0.5,25
2,1,31,186.52,1,1,1,1,1,1,0.95,0.5,25
2,1,32,191.29,4,4,4,4,1,1,2.54,0.5,25
2,1,33,196.05,3,4,4,4,1,1,0.92,1.5,25
2,1,34,201.82,2,2,2,2,1,1,2.21,1.5,25
2,1,35,207.59,4,4,4,3,0,1,0.63,0.5,25
2,1,36,212.35,1,1,1,1,1,1,0.68,0.5,25
2,1,37,217.12,3,3,3,3,1,1,2.33,0.5,25
2,1,38,221.89,2,1,1,1,1,1,3.32,1.5,25
2,1,39,227.66,4,4,4,3,0,1,0.79,8,25
2,1,40,239.92,4,3,3,3,1,1,0.55,0.5,25
2,1,41,244.69,3,4,4,4,1,1,1.32,2.5,25
2,1,42,251.46,3,3,3,4,0,1,0.59,5.5,25
2,1,43,261.23,2,2,2,2,1,1,2.48,1.5,25
2,1,44,266.99,1,1,1,1,1,1,0.64,1.5,25
2,1,45,272.76,3,4,4,4,1,1,2.89,5.5,25
2,1,46,282.53,4,4,4,3,0,1,0.63,0.5,25
2,1,47,287.29,4,3,3,3,1,1,2.79,1.5,25
2,1,48,293.06,2,2,2,2,1,1,1.47,0.5,25
2,1,49,297.83,3,4,4,NA,NA,1,NA,8,25
2,1,50,310.1,3,4,4,4,1,1,1.01,2.5,25
2,1,51,316.86,2,2,2,2,1,1,2.25,3.5,25
2,1,52,324.63,3,3,3,3,1,1,2.45,5.5,25
2,1,53,334.4,2,1,1,2,0,1,0.94,0.5,25
2,1,54,339.16,1,2,2,1,0,1,1.19,0.5,25
2,1,55,343.93,3,4,4,4,1,1,3.18,1.5,25
2,1,56,349.7,3,3,3,4,0,1,1.08,1.5,25
2,1,57,355.46,4,4,4,3,0,1,0.83,3.5,25
2,1,58,363.23,1,1,1,1,1,1,0.65,0.5,25
2,1,59,368,1,2,2,1,0,1,0.59,5.5,25
2,1,60,377.77,2,2,2,NA,NA,1,NA,2.5,25
2,1,61,384.53,2,2,2,1,0,1,0.58,2.5,25
2,1,62,391.3,4,3,3,3,1,1,0.74,0.5,25
2,1,63,396.07,1,1,1,1,1,1,0.85,0.5,25
2,1,64,400.83,3,3,3,NA,NA,1,NA,0.5,25
2,1,65,405.6,3,3,3,4,0,1,0.66,0.5,25
2,1,66,410.37,2,2,2,2,1,1,0.88,0.5,25
2,1,67,415.14,3,4,4,4,1,1,0.88,5.5,25
2,1,68,424.9,3,3,3,4,0,1,1.14,1.5,25
2,1,69,430.67,1,1,1,NA,NA,1,NA,1.5,25
2,1,70,436.44,2,2,2,2,1,1,1.22,0.5,25
2,1,71,441.2,1,1,1,1,1,1,0.72,1.5,25
2,1,72,446.97,4,3,3,3,1,1,3.64,3.5,25
2,1,73,454.74,3,3,3,4,0,1,0.81,3.5,25
2,1,74,462.51,2,2,2,2,1,1,2.47,0.5,25
2,1,75,467.27,2,1,1,2,0,1,0.74,0.5,25
2,1,76,472.04,1,1,1,1,1,1,0.62,0.5,25
2,1,77,476.81,2,2,2,2,1,1,0.97,2.5,25
2,1,78,483.57,1,1,1,1,1,1,1.9,1.5,25
2,1,79,489.34,1,1,1,1,1,1,1.52,0.5,25
2,1,80,494.11,1,2,2,1,0,1,0.43,2.5,25
2,1,81,500.87,4,4,4,3,0,1,0.66,0.5,25
2,1,82,505.64,2,2,2,2,1,1,0.85,2.5,25
2,1,83,512.41,2,1,1,2,0,1,1.57,0.5,25
2,1,84,517.18,4,4,4,3,0,1,2.44,3.5,25
2,1,85,524.94,4,3,3,3,1,1,0.7,3.5,25
2,1,86,532.71,2,2,2,2,1,1,2.81,0.5,25
2,1,87,537.48,3,3,3,4,0,1,1.04,3.5,25
2,1,88,545.24,4,4,4,4,1,1,3.59,0.5,25
2,1,89,550.01,3,3,3,4,0,1,0.74,0.5,25
2,1,90,554.78,1,1,1,1,1,1,0.68,0.5,25
2,1,91,559.55,3,3,3,4,0,1,1.45,0.5,25
2,1,92,564.31,2,2,2,2,1,1,1.05,0.5,25
2,1,93,569.08,2,2,2,2,1,1,3.52,0.5,25
2,1,94,573.85,4,4,4,3,0,1,0.81,0.5,25
2,1,95,578.61,2,2,2,2,1,1,2.45,0.5,25
2,1,96,583.38,4,3,3,3,1,1,0.6,1.5,25
2,1,97,589.15,2,2,2,2,1,1,2.44,0.5,25
2,1,98,593.91,4,3,3,NA,NA,1,NA,5.5,25
2,1,99,603.68,3,4,4,4,1,1,2.52,0.5,25
2,1,100,608.45,4,4,4,3,0,1,0.67,3.5,25
2,2,101,0.51,3,4,4,4,1,4,6.07,4.5,25
2,2,102,13.27,4,3,3,4,0,6,9.23,1.5,25
2,2,103,25.04,2,2,2,1,0,8,10.28,1.5,25
2,2,104,38.81,4,3,3,3,1,6,1.96,0.5,25
2,2,105,49.58,3,4,4,4,1,6,1.23,5.5,25
2,2,106,65.34,4,4,4,3,0,6,0.51,2.5,25
2,2,107,78.11,1,1,1,1,1,8,10.01,5.5,25
2,2,108,95.88,1,1,1,1,1,6,8.23,4.5,25
2,2,109,110.65,3,3,3,4,0,8,1.08,0.5,25
2,2,110,123.41,3,3,3,4,0,6,0.7,1.5,25
2,2,111,135.18,4,3,3,4,0,4,1.08,5.5,25
2,2,112,148.95,3,4,4,4,1,8,10.14,0.5,25
2,2,113,161.72,1,1,1,1,1,8,0.93,0.5,25
2,2,114,174.48,3,4,4,4,1,4,1,8,25
2,2,115,190.75,1,1,1,1,1,4,0.75,0.5,25
2,2,116,199.52,4,4,4,3,0,6,0.97,6.5,25
2,2,117,216.29,2,2,2,2,1,6,0.83,3.5,25
2,2,118,230.05,4,4,4,3,0,8,1.05,4.5,25
2,2,119,246.82,1,1,1,1,1,8,0.83,3.5,25
2,2,120,262.59,2,1,1,2,0,4,0.97,4.5,25
2,2,121,275.36,1,1,1,1,1,4,0.68,0.5,25
2,2,122,284.12,2,2,2,2,1,4,6.8,0.5,25
2,2,123,292.89,3,3,3,4,0,4,1.78,3.5,25
2,2,124,304.66,2,2,2,2,1,4,1.08,1.5,25
2,2,125,314.43,1,2,2,1,0,6,0.63,0.5,25
2,2,126,325.19,1,1,1,1,1,4,0.84,6.5,25
2,2,127,339.96,1,2,2,1,0,6,2.41,0.5,25
2,2,128,350.73,2,2,2,2,1,4,0.91,8,25
2,2,129,367,4,4,4,3,0,8,1.16,1.5,25
2,2,130,380.76,2,2,2,2,1,6,0.87,0.5,25
2,2,131,391.53,4,4,4,3,0,4,1.78,8,25
2,2,132,407.8,3,3,3,4,0,4,0.88,0.5,25
2,2,133,416.57,2,1,1,NA,0,6,NA,7.5,25
2,2,134,434.33,3,3,3,NA,0,8,NA,0.5,25
2,2,135,447.1,2,2,2,2,1,8,1.05,1.5,25
2,2,136,460.87,3,4,4,NA,0,4,NA,2.5,25
2,2,137,471.64,2,2,2,2,1,6,0.87,0.5,25
2,2,138,482.41,2,2,2,2,1,4,0.9,4.5,25
2,2,139,495.17,4,4,4,4,1,6,7.67,6.5,25
2,2,140,511.94,3,4,4,NA,0,6,NA,1.5,25
2,2,141,523.71,2,2,2,NA,0,8,NA,2.5,25
2,2,142,538.48,1,1,1,NA,0,6,NA,3.5,25
2,2,143,552.24,4,3,3,3,1,6,8.28,1.5,25
2,2,144,564.01,4,3,3,NA,0,8,NA,4.5,25
2,2,145,580.78,2,2,2,NA,0,8,NA,1.5,25
2,2,146,594.55,2,1,1,2,0,8,0.75,1.5,25
2,2,147,608.31,2,2,2,NA,0,8,NA,8,25
2,2,148,628.58,4,3,3,3,1,4,5.72,6.5,25
2,2,149,643.35,4,4,4,3,0,8,1.03,3.5,25
2,2,150,659.12,1,1,1,2,0,6,9.35,3.5,25
2,2,151,672.88,1,2,2,1,0,8,0.87,8,25
2,2,152,693.15,4,4,4,4,1,8,9.97,1.5,25
2,2,153,706.92,1,1,1,1,1,8,0.84,8,25
2,2,154,727.19,1,1,1,NA,0,4,NA,8,25
2,2,155,743.46,3,3,3,3,1,4,6.65,0.5,25
2,2,156,752.22,2,2,2,2,1,4,1.38,1.5,25
2,2,157,761.99,4,3,3,3,1,4,6.13,2.5,25
2,2,158,772.76,3,3,3,3,1,8,10.35,1.5,25
2,2,159,786.53,4,4,4,NA,0,6,NA,1.5,25
2,2,160,798.29,4,3,3,3,1,4,6.1,0.5,25
2,2,161,807.06,3,3,3,4,0,6,1.46,3.5,25
2,2,162,820.83,1,1,1,1,1,6,8.12,3.5,25
2,2,163,834.6,2,2,2,1,0,6,8.82,8,25
2,2,164,852.86,3,4,4,NA,0,8,NA,0.5,25
2,2,165,865.63,1,2,2,1,0,4,1.45,3.5,25
2,2,166,877.4,3,3,3,NA,0,6,NA,1.5,25
2,2,167,889.17,3,3,3,NA,0,6,NA,3.5,25
2,2,168,902.93,2,2,2,NA,0,4,NA,0.5,25
2,2,169,911.7,1,1,1,1,1,4,5.89,6.5,25
2,2,170,926.47,4,3,3,3,1,8,1.44,7.5,25
2,2,171,946.24,4,4,4,3,0,4,7.26,2.5,25
2,2,172,957,1,1,1,1,1,4,0.75,0.5,25
2,2,173,965.77,3,4,4,NA,0,8,NA,8,25
2,2,174,986.04,1,1,1,NA,0,6,NA,0.5,25
2,2,175,996.81,2,2,2,2,1,6,0.96,0.5,25
2,2,176,1007.57,2,1,1,NA,0,8,NA,0.5,25
2,2,177,1020.34,1,1,1,1,1,8,1,3.5,25
2,2,178,1036.11,4,3,3,3,1,8,2.4,1.5,25
2,2,179,1049.88,3,4,4,4,1,6,7.82,1.5,25
2,2,180,1061.64,3,4,4,4,1,8,2.1,1.5,25
1,1,1,0.5,2,1,1,NA,NA,1,NA,0.5,26
1,1,2,5.28,3,3,3,3,1,1,2.32,1.5,26
1,1,3,11.05,4,4,4,3,0,1,2.32,5.5,26
1,1,4,20.82,3,4,4,4,1,1,2.58,3.5,26
1,1,5,28.59,2,2,2,2,1,1,2.18,3.5,26
1,1,6,36.35,2,2,2,2,1,1,1.11,2.5,26
1,1,7,43.12,2,1,1,2,0,1,1.1,1.5,26
1,1,8,48.89,3,3,3,3,1,1,2.16,0.5,26
1,1,9,53.65,1,1,1,1,1,1,2.37,1.5,26
1,1,10,59.42,1,2,2,2,1,1,2.25,0.5,26
1,1,11,64.19,3,3,3,3,1,1,2.29,1.5,26
1,1,12,69.95,2,1,1,2,0,1,2.11,4.5,26
1,1,13,78.72,2,2,2,2,1,1,2.17,2.5,26
1,1,14,85.49,2,1,1,1,1,1,2.29,0.5,26
1,1,15,90.26,4,4,4,3,0,1,2.47,2.5,26
1,1,16,97.02,3,3,3,3,1,1,2.25,1.5,26
1,1,17,102.79,3,3,3,3,1,1,2.16,0.5,26
1,1,18,107.56,3,3,3,3,1,1,2.23,0.5,26
1,1,19,112.34,3,3,3,3,1,1,2.73,8,26
1,1,20,124.61,4,4,4,3,0,1,2.35,2.5,26
1,1,21,131.38,2,1,1,2,0,1,2.2,4.5,26
1,1,22,140.14,2,1,1,1,1,1,2.19,2.5,26
1,1,23,146.91,1,2,2,2,1,1,2.28,1.5,26
1,1,24,152.68,2,2,2,2,1,1,2.11,1.5,26
1,1,25,158.44,4,4,4,3,0,1,2.15,0.5,26
1,1,26,163.21,3,3,3,3,1,1,2.25,4.5,26
1,1,27,171.98,3,3,3,3,1,1,2.23,0.5,26
1,1,28,176.75,3,4,4,3,0,1,2.29,0.5,26
1,1,29,181.51,2,1,1,1,1,1,2.39,0.5,26
1,1,30,186.28,1,2,2,2,1,1,2.45,1.5,26
1,1,31,192.05,4,3,3,3,1,1,2.18,0.5,26
1,1,32,196.81,2,1,1,1,1,1,2.35,5.5,26
1,1,33,206.58,3,3,3,3,1,1,2.1,0.5,26
1,1,34,211.35,1,1,1,1,1,1,2.28,0.5,26
1,1,35,216.11,4,4,4,3,0,1,2.09,0.5,26
1,1,36,220.88,1,1,1,1,1,1,2.23,8,26
1,1,37,233.15,2,2,2,2,1,1,2.43,2.5,26
1,1,38,239.92,4,4,4,3,0,1,2.13,0.5,26
1,1,39,244.68,4,4,4,4,1,1,2.42,3.5,26
1,1,40,252.45,3,3,3,3,1,1,2.41,1.5,26
1,1,41,258.22,1,1,1,1,1,1,2.16,0.5,26
1,1,42,262.98,2,2,2,2,1,1,2.38,0.5,26
1,1,43,267.75,4,4,4,4,1,1,2.73,3.5,26
1,1,44,275.52,1,1,1,NA,NA,1,NA,5.5,26
1,1,45,285.29,4,4,4,4,1,1,2.35,0.5,26
1,1,46,290.05,1,2,2,1,0,1,2.22,4.5,26
1,1,47,298.82,4,4,4,3,0,1,2.24,3.5,26
1,1,48,306.59,4,4,4,NA,NA,1,NA,1.5,26
1,1,49,312.35,1,1,1,1,1,1,2.35,0.5,26
1,1,50,317.12,3,3,3,3,1,1,2.17,0.5,26
1,1,51,321.89,4,4,4,2,0,1,2.6,1.5,26
1,1,52,327.66,1,1,1,1,1,1,2.94,0.5,26
1,1,53,332.42,1,2,2,2,1,1,2.36,0.5,26
1,1,54,337.19,1,1,1,NA,NA,1,NA,1.5,26
1,1,55,342.96,2,2,2,2,1,1,2.43,0.5,26
1,1,56,347.72,1,1,1,2,0,1,2.2,0.5,26
1,1,57,352.49,3,3,3,3,1,1,2.18,0.5,26
1,1,58,357.26,1,2,2,3,0,1,2.68,1.5,26
1,1,59,363.02,2,2,2,2,1,1,2.33,0.5,26
1,1,60,367.79,3,3,3,NA,NA,1,NA,5.5,26
1,1,61,377.56,1,2,2,2,1,1,2.43,0.5,26
1,1,62,382.33,4,4,4,4,1,1,2.5,0.5,26
1,1,63,387.09,1,1,1,1,1,1,2.32,3.5,26
1,1,64,394.86,3,3,3,3,1,1,3.37,1.5,26
1,1,65,400.63,4,3,3,3,1,1,2.32,1.5,26
1,1,66,406.39,1,2,2,1,0,1,2.47,1.5,26
1,1,67,412.16,4,3,3,3,1,1,2.51,1.5,26
1,1,68,417.93,2,2,2,NA,NA,1,NA,0.5,26
1,1,69,422.7,4,4,4,3,0,1,2.47,5.5,26
1,1,70,432.46,4,4,4,4,1,1,2.74,2.5,26
1,1,71,439.23,1,2,2,NA,NA,1,NA,0.5,26
1,1,72,444,2,1,1,1,1,1,2.33,1.5,26
1,1,73,449.76,4,3,3,3,1,1,2.25,0.5,26
1,1,74,454.53,1,2,2,NA,NA,1,NA,5.5,26
1,1,75,464.3,4,4,4,4,1,1,2.54,0.5,26
1,1,76,469.07,1,2,2,1,0,1,2.57,0.5,26
1,1,77,473.83,3,4,4,4,1,1,3.23,1.5,26
1,1,78,479.6,3,4,4,3,0,1,2.21,0.5,26
1,1,79,484.37,4,4,4,NA,NA,1,NA,1.5,26
1,1,80,490.13,1,2,2,2,1,1,2.61,3.5,26
1,1,81,497.9,3,3,3,3,1,1,2.9,0.5,26
1,1,82,502.67,2,2,2,2,1,1,2.3,3.5,26
1,1,83,510.43,2,2,2,NA,NA,1,NA,0.5,26
1,1,84,515.2,2,1,1,1,1,1,2.42,2.5,26
1,1,85,521.97,2,1,1,1,1,1,2.4,0.5,26
1,1,86,526.74,4,4,4,4,1,1,2.87,3.5,26
1,1,87,534.5,2,2,2,1,0,1,3.65,1.5,26
1,1,88,540.27,4,3,3,3,1,1,2.52,2.5,26
1,1,89,547.04,1,1,1,1,1,1,3.06,0.5,26
1,1,90,551.8,3,4,4,NA,NA,1,NA,1.5,26
1,1,91,557.57,1,1,1,1,1,1,2.44,0.5,26
1,1,92,562.34,3,3,3,NA,NA,1,NA,4.5,26
1,1,93,571.11,1,1,1,1,1,1,2.47,5.5,26
1,1,94,580.87,2,1,1,NA,NA,1,NA,0.5,26
1,1,95,585.64,3,3,3,NA,NA,1,NA,0.5,26
1,1,96,590.41,4,4,4,4,1,1,2.65,2.5,26
1,1,97,597.17,4,4,4,4,1,1,2.5,0.5,26
1,1,98,601.94,2,1,1,1,1,1,2.45,0.5,26
1,1,99,606.71,3,3,3,3,1,1,2.68,0.5,26
1,1,100,611.47,3,3,3,NA,NA,1,NA,0.5,26
1,2,101,0.5,3,3,3,3,1,8,9.17,0.5,26
1,2,102,13.27,4,4,4,4,1,6,7.17,0.5,26
1,2,103,24.04,1,2,2,1,0,4,5.33,8,26
1,2,104,40.31,4,4,4,4,1,6,7.12,8,26
1,2,105,58.58,3,3,3,3,1,4,5.29,6.5,26
1,2,106,73.34,4,3,3,4,0,4,5.16,3.5,26
1,2,107,85.11,1,2,2,2,1,8,9.32,0.5,26
1,2,108,97.88,2,2,2,1,0,4,5.5,4.5,26
1,2,109,110.65,1,1,1,1,1,6,7.57,0.5,26
1,2,110,121.41,1,1,1,1,1,6,7.55,1.5,26
1,2,111,133.18,1,2,2,1,0,4,5.79,4.5,26
1,2,112,145.95,3,3,3,3,1,8,9.35,0.5,26
1,2,113,158.72,1,2,2,1,0,6,7.83,0.5,26
1,2,114,169.48,2,1,1,1,1,4,5.32,3.5,26
1,2,115,181.25,4,4,4,4,1,4,5.3,0.5,26
1,2,116,190.02,3,3,3,3,1,8,9.35,5.5,26
1,2,117,207.79,3,3,3,3,1,6,7.3,0.5,26
1,2,118,218.55,1,2,2,2,1,6,7.48,1.5,26
1,2,119,230.32,2,1,1,1,1,8,9.38,0.5,26
1,2,120,243.09,2,2,2,1,0,6,7.9,3.5,26
1,2,121,256.86,4,4,4,3,0,6,7.47,1.5,26
1,2,122,268.62,2,1,1,1,1,6,7.37,2.5,26
1,2,123,281.39,4,4,4,4,1,8,9.44,8,26
1,2,124,301.66,1,1,1,2,0,8,9.7,8,26
1,2,125,321.93,4,4,4,4,1,8,9.6,0.5,26
1,2,126,334.69,2,1,1,1,1,4,5.42,0.5,26
1,2,127,343.46,3,3,3,3,1,6,7.77,5.5,26
1,2,128,359.23,2,1,1,2,0,6,1.13,3.5,26
1,2,129,373,4,3,3,4,0,6,2.41,1.5,26
1,2,130,384.76,4,4,4,3,0,8,9.47,2.5,26
1,2,131,399.53,3,4,4,4,1,4,5.53,1.5,26
1,2,132,409.3,1,1,1,1,1,8,9.55,3.5,26
1,2,133,425.07,3,3,3,4,0,4,5.68,2.5,26
1,2,134,435.83,1,2,2,2,1,6,7.77,2.5,26
1,2,135,448.6,4,4,4,4,1,4,5.63,7.5,26
1,2,136,464.37,2,2,2,2,1,4,5.42,8,26
1,2,137,480.64,4,3,3,3,1,4,5.82,8,26
1,2,138,496.91,3,4,4,3,0,6,7.87,1.5,26
1,2,139,508.67,3,3,3,3,1,8,9.67,1.5,26
1,2,140,522.44,1,1,1,2,0,4,5.73,4.5,26
1,2,141,535.21,3,3,3,3,1,6,7.66,3.5,26
1,2,142,548.98,1,2,2,1,0,8,9.69,3.5,26
1,2,143,564.74,1,1,1,1,1,6,7.62,1.5,26
1,2,144,576.51,4,4,4,4,1,8,9.74,3.5,26
1,2,145,592.28,4,4,4,4,1,4,5.56,0.5,26
1,2,146,601.05,3,3,3,3,1,6,7.37,2.5,26
1,2,147,613.81,1,2,2,1,0,6,7.93,1.5,26
1,2,148,625.58,4,4,4,4,1,4,5.49,0.5,26
1,2,149,634.35,4,4,4,3,0,6,7.44,0.5,26
1,2,150,645.12,2,1,1,1,1,4,6.13,6.5,26
1,2,151,659.88,3,3,3,3,1,6,7.83,0.5,26
1,2,152,670.65,3,4,4,3,0,8,9.12,0.5,26
1,2,153,683.42,1,1,1,1,1,4,5.78,0.5,26
1,2,154,692.19,2,2,2,1,0,8,10.04,3.5,26
1,2,155,707.95,1,1,1,2,0,4,5.67,6.5,26
1,2,156,722.72,2,2,2,1,0,8,9.38,4.5,26
1,2,157,739.49,3,3,3,3,1,6,7.67,6.5,26
1,2,158,756.26,2,1,1,1,1,8,9.87,1.5,26
1,2,159,770.02,4,4,4,4,1,8,9.77,3.5,26
1,2,160,785.79,2,1,1,1,1,8,9.9,1.5,26
1,2,161,799.56,1,1,1,1,1,4,5.89,1.5,26
1,2,162,809.33,2,2,2,2,1,6,8.65,0.5,26
1,2,163,820.09,2,2,2,1,0,8,10.21,4.5,26
1,2,164,836.86,2,2,2,NA,0,4,NA,1.5,26
1,2,165,846.63,1,2,2,1,0,8,9.8,1.5,26
1,2,166,860.4,3,3,3,3,1,8,6.29,0.5,26
1,2,167,873.16,4,4,4,4,1,6,7.9,5.5,26
1,2,168,888.93,4,4,4,4,1,8,10.27,1.5,26
1,2,169,902.7,3,3,3,NA,0,4,NA,8,26
1,2,170,918.97,1,1,1,1,1,8,10.19,7.5,26
1,2,171,938.73,2,1,1,1,1,6,5.91,8,26
1,2,172,957,4,3,3,3,1,8,9.82,4.5,26
1,2,173,973.77,2,1,1,1,1,8,9.64,1.5,26
1,2,174,987.54,4,4,4,3,0,4,6.29,8,26
1,2,175,1003.81,1,2,2,2,1,4,6.05,0.5,26
1,2,176,1012.57,3,3,3,3,1,4,6.02,1.5,26
1,2,177,1022.34,2,2,2,1,0,4,5.95,6.5,26
1,2,178,1037.11,3,3,3,NA,0,4,NA,1.5,26
1,2,179,1046.88,2,2,2,NA,0,6,NA,3.5,26
1,2,180,1060.64,3,4,4,3,0,8,11.18,0.5,26
2,1,1,0.5,4,3,3,3,1,1,2.47,2.5,26
2,1,2,7.27,1,1,1,1,1,1,2.47,0.5,26
2,1,3,12.04,1,1,1,1,1,1,2.17,0.5,26
2,1,4,16.8,3,3,3,3,1,1,2.26,0.5,26
2,1,5,21.57,3,3,3,3,1,1,1.12,1.5,26
2,1,6,27.34,2,1,1,1,1,1,2.55,0.5,26
2,1,7,32.1,3,3,3,3,1,1,2.23,1.5,26
2,1,8,37.87,2,2,2,2,1,1,1.01,0.5,26
2,1,9,42.64,2,2,2,2,1,1,2.23,2.5,26
2,1,10,49.41,1,1,1,1,1,1,0.88,0.5,26
2,1,11,54.17,3,3,3,3,1,1,1.02,0.5,26
2,1,12,58.94,3,4,4,3,0,1,1.03,0.5,26
2,1,13,63.71,3,4,4,4,1,1,2.28,1.5,26
2,1,14,69.47,1,1,1,1,1,1,0.8,0.5,26
2,1,15,74.24,2,2,2,2,1,1,1.09,3.5,26
2,1,16,82.01,4,3,3,3,1,1,2.42,0.5,26
2,1,17,86.78,2,1,1,2,0,1,1.22,2.5,26
2,1,18,93.54,4,3,3,3,1,1,2.62,0.5,26
2,1,19,98.31,4,4,4,4,1,1,2.64,3.5,26
2,1,20,106.08,1,1,1,1,1,1,1.05,5.5,26
2,1,21,115.84,1,1,1,1,1,1,1.44,8,26
2,1,22,128.11,3,3,3,3,1,1,1.66,5.5,26
2,1,23,137.88,3,3,3,3,1,1,1.43,1.5,26
2,1,24,143.65,4,4,4,4,1,1,2.24,3.5,26
2,1,25,151.41,4,3,3,4,0,1,0.76,3.5,26
2,1,26,159.18,4,4,4,4,1,1,2.22,0.5,26
2,1,27,163.95,2,2,2,2,1,1,2.36,0.5,26
2,1,28,168.71,2,1,1,2,0,1,1.38,0.5,26
2,1,29,173.48,4,4,4,3,0,1,2.3,1.5,26
2,1,30,179.25,3,3,3,3,1,1,1.03,0.5,26
2,1,31,184.01,3,3,3,3,1,1,0.79,0.5,26
2,1,32,188.78,4,4,4,4,1,1,2.36,5.5,26
2,1,33,198.55,3,3,3,3,1,1,0.96,0.5,26
2,1,34,203.32,3,3,3,3,1,1,1.1,0.5,26
2,1,35,208.08,2,1,1,2,0,1,1.72,2.5,26
2,1,36,214.85,1,2,2,1,0,1,0.72,0.5,26
2,1,37,219.62,4,4,4,4,1,1,1.01,1.5,26
2,1,38,225.38,1,2,2,2,1,1,2.25,1.5,26
2,1,39,231.15,4,3,3,4,0,1,1.15,1.5,26
2,1,40,236.92,2,1,1,2,0,1,2.1,0.5,26
2,1,41,241.69,3,3,3,3,1,1,0.8,0.5,26
2,1,42,246.45,2,2,2,2,1,1,2.17,3.5,26
2,1,43,254.22,1,1,1,1,1,1,2.36,0.5,26
2,1,44,258.99,1,2,2,2,1,1,2.21,1.5,26
2,1,45,264.75,2,2,2,2,1,1,2.88,0.5,26
2,1,46,269.52,3,4,4,3,0,1,0.75,0.5,26
2,1,47,274.29,2,1,1,1,1,1,2.3,1.5,26
2,1,48,280.05,3,4,4,4,1,1,3.12,3.5,26
2,1,49,287.82,1,1,1,1,1,1,2.4,0.5,26
2,1,50,292.59,4,4,4,NA,NA,1,NA,0.5,26
2,1,51,297.36,2,1,1,2,0,1,1.01,0.5,26
2,1,52,302.12,1,1,1,2,0,1,2.45,1.5,26
2,1,53,307.89,1,2,2,1,0,1,1.09,0.5,26
2,1,54,312.66,1,2,2,2,1,1,2.29,1.5,26
2,1,55,318.42,2,1,1,1,1,1,2.4,1.5,26
2,1,56,324.19,3,3,3,3,1,1,0.69,8,26
2,1,57,336.46,1,2,2,2,1,1,2.55,3.5,26
2,1,58,344.23,2,1,1,1,1,1,0.84,4.5,26
2,1,59,352.99,2,2,2,NA,NA,1,NA,2.5,26
2,1,60,359.76,2,2,2,2,1,1,2.34,1.5,26
2,1,61,365.53,3,4,4,3,0,1,0.79,1.5,26
2,1,62,371.29,1,1,1,1,1,1,2.37,0.5,26
2,1,63,376.06,4,4,4,4,1,1,2.48,0.5,26
2,1,64,380.83,1,1,1,NA,NA,1,NA,1.5,26
2,1,65,386.6,1,2,2,1,0,1,0.96,0.5,26
2,1,66,391.36,4,4,4,4,1,1,3.44,2.5,26
2,1,67,398.13,2,2,2,2,1,1,2.34,2.5,26
2,1,68,404.9,3,3,3,3,1,1,0.86,1.5,26
2,1,69,410.66,3,3,3,3,1,1,1.26,4.5,26
2,1,70,419.43,2,2,2,1,0,1,2.52,1.5,26
2,1,71,425.2,2,2,2,2,1,1,2.33,4.5,26
2,1,72,433.97,4,3,3,3,1,1,2.31,0.5,26
2,1,73,438.73,2,1,1,1,1,1,2.42,5.5,26
2,1,74,448.5,2,2,2,1,0,1,2.42,0.5,26
2,1,75,453.27,1,1,1,1,1,1,3.66,3.5,26
2,1,76,461.03,3,3,3,3,1,1,1.6,1.5,26
2,1,77,466.8,3,3,3,1,0,1,0.82,0.5,26
2,1,78,471.57,1,1,1,1,1,1,3.37,0.5,26
2,1,79,476.33,2,2,2,2,1,1,2.62,0.5,26
2,1,80,481.1,1,1,1,1,1,1,2.32,1.5,26
2,1,81,486.87,4,4,4,4,1,1,2.3,2.5,26
2,1,82,493.64,4,4,4,4,1,1,3.04,3.5,26
2,1,83,501.4,4,3,3,NA,NA,1,NA,1.5,26
2,1,84,507.17,1,2,2,2,1,1,2.4,5.5,26
2,1,85,516.94,3,3,3,3,1,1,1.52,0.5,26
2,1,86,521.7,4,4,4,4,1,1,2.31,0.5,26
2,1,87,526.47,1,1,1,1,1,1,2.45,5.5,26
2,1,88,536.24,1,2,2,2,1,1,2.82,0.5,26
2,1,89,541.01,4,4,4,4,1,1,2.58,2.5,26
2,1,90,547.77,1,2,2,2,1,1,2.52,4.5,26
2,1,91,556.54,4,4,4,4,1,1,2.64,2.5,26
2,1,92,563.31,4,4,4,4,1,1,3.48,5.5,26
2,1,93,573.07,3,4,4,3,0,1,1.42,4.5,26
2,1,94,581.84,3,3,3,3,1,1,1.13,0.5,26
2,1,95,586.61,2,2,2,2,1,1,3.6,0.5,26
2,1,96,591.38,3,4,4,3,0,1,0.84,0.5,26
2,1,97,596.14,2,2,2,2,1,1,2.28,0.5,26
2,1,98,600.91,4,4,4,4,1,1,2.68,0.5,26
2,1,99,605.68,4,4,4,3,0,1,2.18,0.5,26
2,1,100,610.44,4,3,3,4,0,1,1.01,1.5,26
2,2,101,0.5,1,1,1,1,1,8,9.89,8,26
2,2,102,20.77,2,2,2,2,1,6,7.75,3.5,26
2,2,103,34.54,1,1,1,1,1,8,9.6,3.5,26
2,2,104,50.3,2,1,1,1,1,8,9.53,1.5,26
2,2,105,64.07,2,2,2,2,1,6,7.51,3.5,26
2,2,106,77.84,1,2,2,2,1,8,9.52,0.5,26
2,2,107,90.61,3,3,3,3,1,6,7.9,0.5,26
2,2,108,101.37,4,4,4,3,0,6,8.11,5.5,26
2,2,109,117.14,4,4,4,3,0,4,7.52,7.5,26
2,2,110,132.91,2,2,2,2,1,8,9.69,4.5,26
2,2,111,149.68,2,2,2,2,1,4,5.76,4.5,26
2,2,112,162.44,4,3,3,3,1,6,8.03,0.5,26
2,2,113,173.21,1,1,1,2,0,8,10.3,1.5,26
2,2,114,186.98,1,1,1,1,1,6,7.6,0.5,26
2,2,115,197.75,1,2,2,1,0,6,8.07,1.5,26
2,2,116,209.51,2,2,2,2,1,8,10.57,4.5,26
2,2,117,226.28,3,3,3,3,1,8,10.19,5.5,26
2,2,118,244.05,1,1,1,2,0,4,5.8,0.5,26
2,2,119,252.82,2,2,2,NA,0,4,NA,6.5,26
2,2,120,267.58,1,2,2,NA,0,4,NA,4.5,26
2,2,121,280.35,3,4,4,3,0,4,5.7,1.5,26
2,2,122,290.12,2,2,2,NA,0,4,NA,1.5,26
2,2,123,299.89,4,3,3,3,1,4,5.75,0.5,26
2,2,124,308.65,1,1,1,1,1,4,6.27,4.5,26
2,2,125,321.42,1,2,2,NA,0,6,NA,2.5,26
2,2,126,334.19,4,3,3,NA,0,8,NA,0.5,26
2,2,127,346.96,3,3,3,3,1,6,7.26,2.5,26
2,2,128,359.72,1,1,1,1,1,6,8.8,1.5,26
2,2,129,371.49,3,3,3,3,1,8,9.85,0.5,26
2,2,130,384.26,3,3,3,3,1,4,5.55,2.5,26
2,2,131,395.03,4,4,4,NA,0,8,NA,2.5,26
2,2,132,409.79,1,1,1,1,1,4,5.65,1.5,26
2,2,133,419.56,3,3,3,NA,0,6,NA,3.5,26
2,2,134,433.33,3,4,4,NA,0,6,NA,1.5,26
2,2,135,445.1,4,4,4,NA,0,8,NA,1.5,26
2,2,136,458.86,3,3,3,3,1,4,5.73,8,26
2,2,137,475.13,3,3,3,3,1,4,5.47,6.5,26
2,2,138,489.9,4,3,3,NA,0,6,NA,1.5,26
2,2,139,501.67,1,2,2,NA,0,4,NA,8,26
2,2,140,517.93,2,1,1,NA,0,4,NA,0.5,26
2,2,141,526.7,3,4,4,NA,0,8,NA,0.5,26
2,2,142,539.47,4,3,3,NA,0,4,NA,3.5,26
2,2,143,551.24,3,3,3,NA,0,8,NA,0.5,26
2,2,144,564,2,2,2,NA,0,8,NA,0.5,26
2,2,145,576.77,2,1,1,1,1,4,5.5,3.5,26
2,2,146,588.54,4,4,4,3,0,8,9.73,3.5,26
2,2,147,604.31,4,4,4,3,0,8,0.5,8,26
2,2,148,624.57,4,4,4,4,1,6,7.73,0.5,26
2,2,149,635.34,3,4,4,3,0,4,5.25,1.5,26
2,2,150,645.11,3,3,3,3,1,4,5.62,1.5,26
2,2,151,654.88,3,3,3,3,1,8,9.57,1.5,26
2,2,152,668.64,2,1,1,2,0,8,9.5,1.5,26
2,2,153,682.41,2,1,1,1,1,8,9.6,1.5,26
2,2,154,696.18,2,2,2,2,1,6,7.7,3.5,26
2,2,155,709.95,1,2,2,2,1,6,8.25,1.5,26
2,2,156,721.71,4,4,4,3,0,4,5.57,8,26
2,2,157,737.98,4,4,4,4,1,6,8.32,8,26
2,2,158,756.25,2,2,2,2,1,6,8.27,0.5,26
2,2,159,767.02,2,1,1,1,1,6,7.67,2.5,26
2,2,160,779.78,2,1,1,1,1,6,7.72,8,26
2,2,161,798.05,4,4,4,4,1,4,5.67,0.5,26
2,2,162,806.82,3,3,3,3,1,6,7.77,5.5,26
2,2,163,822.59,4,4,4,4,1,8,9.7,3.5,26
2,2,164,838.36,4,4,4,4,1,6,7.5,1.5,26
2,2,165,850.12,4,4,4,4,1,4,6.02,0.5,26
2,2,166,858.89,3,3,3,3,1,8,9.8,0.5,26
2,2,167,871.66,3,4,4,4,1,8,9.68,0.5,26
2,2,168,884.43,4,3,3,4,0,8,9.75,4.5,26
2,2,169,901.19,1,1,1,1,1,6,7.55,0.5,26
2,2,170,911.96,2,2,2,2,1,8,10.05,3.5,26
2,2,171,927.73,3,3,3,3,1,6,8.43,6.5,26
2,2,172,944.5,1,1,1,1,1,6,7.83,1.5,26
2,2,173,956.26,2,1,1,1,1,4,6.05,6.5,26
2,2,174,971.03,1,2,2,2,1,8,9.97,3.5,26
2,2,175,986.8,1,1,1,1,1,4,6.78,6.5,26
2,2,176,1001.57,3,4,4,4,1,6,7.82,0.5,26
2,2,177,1012.33,2,2,2,1,0,4,5.63,8,26
2,2,178,1028.6,4,3,3,3,1,4,7.75,8,26
2,2,179,1044.87,1,2,2,NA,0,4,NA,0.5,26
2,2,180,1053.64,1,1,1,1,1,8,9.79,7.5,26
1,1,1,0.51,1,1,1,1,1,1,2.61,1.5,27
1,1,2,6.28,2,2,2,2,1,1,2.27,4.5,27
1,1,3,15.05,2,2,2,2,1,1,2.4,2.5,27
1,1,4,21.81,2,2,2,2,1,1,2.13,1.5,27
1,1,5,27.58,3,4,4,4,1,1,2.49,1.5,27
1,1,6,33.35,4,4,4,2,0,1,1.16,2.5,27
1,1,7,40.12,3,3,3,3,1,1,2.37,0.5,27
1,1,8,44.88,3,4,4,4,1,1,2.6,5.5,27
1,1,9,54.65,2,2,2,2,1,1,2.35,2.5,27
1,1,10,61.42,3,3,3,3,1,1,2.34,0.5,27
1,1,11,66.19,4,4,4,2,0,1,1.37,0.5,27
1,1,12,70.95,1,2,2,1,0,1,2.13,0.5,27
1,1,13,75.72,3,3,3,3,1,1,2.37,0.5,27
1,1,14,80.49,3,4,4,3,0,1,2.19,3.5,27
1,1,15,88.25,2,2,2,2,1,1,2.24,0.5,27
1,1,16,93.02,4,3,3,3,1,1,2.44,1.5,27
1,1,17,98.79,2,2,2,2,1,1,2.41,5.5,27
1,1,18,108.55,3,3,3,3,1,1,2.44,0.5,27
1,1,19,113.32,2,2,2,2,1,1,2.32,0.5,27
1,1,20,118.09,2,2,2,2,1,1,2.45,5.5,27
1,1,21,127.86,2,2,2,2,1,1,2.31,1.5,27
1,1,22,133.62,1,1,1,1,1,1,2.49,2.5,27
1,1,23,140.39,1,1,1,2,0,1,2.35,5.5,27
1,1,24,150.16,4,4,4,4,1,1,2.51,0.5,27
1,1,25,154.92,1,1,1,1,1,1,2.62,2.5,27
1,1,26,161.69,3,3,3,3,1,1,2.45,0.5,27
1,1,27,166.46,4,4,4,4,1,1,2.49,3.5,27
1,1,28,174.23,4,3,3,3,1,1,2.37,1.5,27
1,1,29,179.99,3,4,4,4,1,1,2.77,1.5,27
1,1,30,185.76,4,3,3,3,1,1,2.47,0.5,27
1,1,31,190.53,4,3,3,3,1,1,2.28,0.5,27
1,1,32,195.29,4,4,4,3,0,1,2.24,0.5,27
1,1,33,200.06,1,1,1,1,1,1,2.54,1.5,27
1,1,34,205.83,3,4,4,4,1,1,2.46,0.5,27
1,1,35,210.59,4,4,4,4,1,1,2.38,8,27
1,1,36,222.86,4,3,3,3,1,1,2.94,2.5,27
1,1,37,229.63,3,3,3,3,1,1,2.42,0.5,27
1,1,38,234.4,1,1,1,1,1,1,2.45,1.5,27
1,1,39,240.16,2,2,2,2,1,1,2.44,0.5,27
1,1,40,244.93,2,1,1,1,1,1,2.54,8,27
1,1,41,257.2,2,2,2,2,1,1,2.51,1.5,27
1,1,42,262.97,4,4,4,4,1,1,2.49,0.5,27
1,1,43,267.73,4,4,4,4,1,1,2.54,0.5,27
1,1,44,272.5,3,3,3,3,1,1,2.43,0.5,27
1,1,45,277.27,2,2,2,1,0,1,2.65,0.5,27
1,1,46,282.03,1,1,1,1,1,1,2.47,5.5,27
1,1,47,291.8,4,4,4,3,0,1,2.37,0.5,27
1,1,48,296.57,1,1,1,1,1,1,2.74,3.5,27
1,1,49,304.33,1,1,1,1,1,1,2.47,4.5,27
1,1,50,313.1,2,2,2,2,1,1,2.45,1.5,27
1,1,51,318.87,1,1,1,1,1,1,2.47,3.5,27
1,1,52,326.64,1,1,1,2,0,1,2.66,1.5,27
1,1,53,332.4,1,2,2,2,1,1,2.48,1.5,27
1,1,54,338.17,2,2,2,2,1,1,2.35,1.5,27
1,1,55,343.94,2,2,2,2,1,1,2.33,0.5,27
1,1,56,348.7,2,2,2,2,1,1,2.17,2.5,27
1,1,57,355.47,4,3,3,2,0,1,0.87,0.5,27
1,1,58,360.24,3,4,4,4,1,1,2.37,0.5,27
1,1,59,365.01,2,1,1,2,0,1,2.35,0.5,27
1,1,60,369.77,1,1,1,1,1,1,2.32,0.5,27
1,1,61,374.54,1,1,1,1,1,1,2.23,0.5,27
1,1,62,379.31,3,3,3,3,1,1,2.7,0.5,27
1,1,63,384.07,1,1,1,1,1,1,2.5,0.5,27
1,1,64,388.84,3,4,4,4,1,1,2.51,0.5,27
1,1,65,393.61,1,2,2,2,1,1,2.37,0.5,27
1,1,66,398.37,3,4,4,4,1,1,2.51,2.5,27
1,1,67,405.14,2,2,2,2,1,1,2.14,3.5,27
1,1,68,412.91,2,1,1,2,0,1,0.39,2.5,27
1,1,69,419.68,4,3,3,3,1,1,2.48,4.5,27
1,1,70,428.44,2,2,2,2,1,1,2.43,3.5,27
1,1,71,436.21,3,3,3,4,0,1,1.96,0.5,27
1,1,72,440.98,1,1,1,1,1,1,2.47,0.5,27
1,1,73,445.74,4,3,3,3,1,1,2.41,0.5,27
1,1,74,450.51,1,1,1,1,1,1,2.59,5.5,27
1,1,75,460.28,2,2,2,2,1,1,2.19,0.5,27
1,1,76,465.05,1,2,2,2,1,1,2.3,0.5,27
1,1,77,469.81,1,1,1,2,0,1,2.4,0.5,27
1,1,78,474.58,1,2,2,2,1,1,2.43,4.5,27
1,1,79,483.35,3,3,3,3,1,1,2.53,1.5,27
1,1,80,489.11,3,3,3,3,1,1,2.44,5.5,27
1,1,81,498.88,1,1,1,1,1,1,2.5,4.5,27
1,1,82,507.65,4,4,4,4,1,1,2.55,2.5,27
1,1,83,514.42,4,4,4,4,1,1,2.52,0.5,27
1,1,84,519.18,4,4,4,4,1,1,2.39,1.5,27
1,1,85,524.95,2,1,1,1,1,1,2.51,0.5,27
1,1,86,529.72,3,3,3,3,1,1,2.46,3.5,27
1,1,87,537.48,2,1,1,1,1,1,2.94,1.5,27
1,1,88,543.25,1,1,1,1,1,1,2.35,0.5,27
1,1,89,548.02,4,4,4,4,1,1,2.97,0.5,27
1,1,90,552.78,4,3,3,3,1,1,2.38,0.5,27
1,1,91,557.55,3,4,4,4,1,1,2.26,0.5,27
1,1,92,562.32,4,4,4,4,1,1,2.59,1.5,27
1,1,93,568.09,3,3,3,3,1,1,2.37,1.5,27
1,1,94,573.85,4,3,3,3,1,1,2.38,0.5,27
1,1,95,578.62,4,4,4,4,1,1,2.51,0.5,27
1,1,96,583.39,1,1,1,1,1,1,2.62,3.5,27
1,1,97,591.15,3,3,3,3,1,1,2.4,1.5,27
1,1,98,596.92,2,2,2,2,1,1,1.64,3.5,27
1,1,99,604.69,3,4,4,4,1,1,1.49,1.5,27
1,1,100,610.46,3,3,3,3,1,1,1.73,1.5,27
1,2,101,0.5,2,1,1,1,1,8,9.97,0.5,27
1,2,102,13.28,4,3,3,3,1,8,9.97,8,27
1,2,103,33.55,4,3,3,3,1,8,9.57,8,27
1,2,104,53.82,4,4,4,4,1,8,9.74,3.5,27
1,2,105,69.59,3,3,3,3,1,4,5.85,0.5,27
1,2,106,78.36,4,4,4,3,0,4,6.34,0.5,27
1,2,107,87.14,1,1,1,1,1,6,7.58,1.5,27
1,2,108,98.91,2,2,2,2,1,8,9.74,4.5,27
1,2,109,115.67,2,2,2,2,1,4,5.58,1.5,27
1,2,110,125.44,4,4,4,4,1,4,6.03,3.5,27
1,2,111,137.21,1,1,1,2,0,4,5.85,3.5,27
1,2,112,148.98,1,1,1,1,1,4,6.13,8,27
1,2,113,165.24,4,3,3,3,1,4,5.88,6.5,27
1,2,114,180.01,2,2,2,1,0,4,5.72,7.5,27
1,2,115,195.78,3,3,3,4,0,8,10.97,0.5,27
1,2,116,208.55,3,4,4,4,1,4,6.08,0.5,27
1,2,117,217.31,4,3,3,3,1,6,7.98,3.5,27
1,2,118,231.08,1,1,1,2,0,8,9.9,1.5,27
1,2,119,244.85,1,1,1,1,1,8,9.94,1.5,27
1,2,120,258.62,4,3,3,4,0,4,6.64,0.5,27
1,2,121,267.38,1,1,1,1,1,8,9.86,2.5,27
1,2,122,282.15,3,3,3,3,1,8,10.07,1.5,27
1,2,123,295.92,4,3,3,4,0,4,5.94,1.5,27
1,2,124,305.69,3,3,3,3,1,4,6.36,0.5,27
1,2,125,314.45,2,1,1,1,1,4,5.77,3.5,27
1,2,126,326.22,3,3,3,3,1,4,7.16,1.5,27
1,2,127,335.99,2,1,1,1,1,6,8.14,8,27
1,2,128,354.26,2,2,2,2,1,8,10.3,5.5,27
1,2,129,372.02,3,3,3,3,1,6,8.93,0.5,27
1,2,130,382.79,2,2,2,2,1,6,8.1,0.5,27
1,2,131,393.56,1,1,1,2,0,6,8.17,5.5,27
1,2,132,409.33,4,3,3,3,1,6,8.39,1.5,27
1,2,133,421.1,3,4,4,3,0,8,10.2,6.5,27
1,2,134,439.86,4,4,4,4,1,4,7.72,0.5,27
1,2,135,448.63,4,3,3,3,1,6,7.73,1.5,27
1,2,136,460.4,4,4,4,4,1,4,6.62,8,27
1,2,137,476.67,3,3,3,3,1,8,10.94,3.5,27
1,2,138,492.43,1,1,1,1,1,8,10.87,6.5,27
1,2,139,511.2,3,4,4,4,1,6,4.62,8,27
1,2,140,529.47,2,2,2,2,1,6,7.75,8,27
1,2,141,547.74,2,2,2,2,1,4,6.03,3.5,27
1,2,142,559.5,2,2,2,2,1,8,9.7,0.5,27
1,2,143,572.27,1,1,1,1,1,6,7.94,0.5,27
1,2,144,583.04,3,3,3,3,1,6,7.88,1.5,27
1,2,145,594.81,2,2,2,4,0,8,7.93,7.5,27
1,2,146,614.58,3,4,4,3,0,6,9.32,8,27
1,2,147,632.84,4,4,4,4,1,8,10.87,1.5,27
1,2,148,646.61,1,1,1,1,1,6,8.73,3.5,27
1,2,149,660.38,1,1,1,1,1,8,10.67,4.5,27
1,2,150,677.15,1,2,2,2,1,8,10.45,1.5,27
1,2,151,690.91,3,3,3,4,0,6,8.77,4.5,27
1,2,152,705.68,3,4,4,4,1,6,8.25,6.5,27
1,2,153,722.45,2,2,2,2,1,4,5.58,3.5,27
1,2,154,734.22,2,2,2,2,1,6,8.33,0.5,27
1,2,155,744.98,1,1,1,1,1,4,5.97,1.5,27
1,2,156,754.75,3,3,3,3,1,6,8.65,0.5,27
1,2,157,765.52,2,1,1,1,1,8,9.59,0.5,27
1,2,158,778.29,1,1,1,1,1,4,1.05,2.5,27
1,2,159,789.05,4,4,4,3,0,6,9.12,1.5,27
1,2,160,800.82,3,4,4,4,1,8,10.83,2.5,27
1,2,161,815.59,2,2,2,2,1,6,7.55,0.5,27
1,2,162,826.36,3,4,4,4,1,8,10.05,3.5,27
1,2,163,842.12,3,3,3,NA,0,8,NA,8,27
1,2,164,862.39,4,4,4,4,1,6,8.2,5.5,27
1,2,165,878.16,3,4,4,NA,0,4,NA,0.5,27
1,2,166,886.93,1,2,2,1,0,6,1.25,1.5,27
1,2,167,898.69,4,4,4,NA,0,6,NA,4.5,27
1,2,168,913.46,2,2,2,1,0,6,8,6.5,27
1,2,169,930.23,4,4,4,NA,0,4,NA,0.5,27
1,2,170,939,2,2,2,2,1,4,5.44,4.5,27
1,2,171,951.76,1,2,2,2,1,6,7.62,0.5,27
1,2,172,962.53,3,3,3,4,0,4,6.39,1.5,27
1,2,173,972.3,1,1,1,1,1,6,7.89,0.5,27
1,2,174,983.07,2,2,2,2,1,4,5.93,3.5,27
1,2,175,994.83,2,2,2,2,1,8,10.72,1.5,27
1,2,176,1008.6,1,1,1,1,1,4,5.96,1.5,27
1,2,177,1018.37,1,1,1,1,1,4,6.1,4.5,27
1,2,178,1031.14,4,4,4,3,0,8,11.72,2.5,27
1,2,179,1045.9,1,2,2,2,1,4,6.01,0.5,27
1,2,180,1054.67,4,4,4,4,1,8,10.13,2.5,27
2,1,1,0.51,1,2,2,2,1,1,2.49,4.5,27
2,1,2,9.28,4,3,3,3,1,1,2.54,0.5,27
2,1,3,14.04,1,2,2,2,1,1,2.34,0.5,27
2,1,4,18.81,2,1,1,1,1,1,2.27,2.5,27
2,1,5,25.58,3,3,3,3,1,1,2.5,1.5,27
2,1,6,31.34,4,3,3,3,1,1,2.27,0.5,27
2,1,7,36.11,2,2,2,2,1,1,2.33,0.5,27
2,1,8,40.88,2,1,1,2,0,1,0.56,0.5,27
2,1,9,45.65,2,2,2,2,1,1,2.28,3.5,27
2,1,10,53.41,1,2,2,2,1,1,2.47,0.5,27
2,1,11,58.18,4,4,4,4,1,1,2.56,3.5,27
2,1,12,65.95,3,3,3,3,1,1,2.42,0.5,27
2,1,13,70.71,1,2,2,2,1,1,2.33,0.5,27
2,1,14,75.48,3,4,4,NA,NA,1,NA,0.5,27
2,1,15,80.25,2,1,1,1,1,1,2.91,0.5,27
2,1,16,85.02,2,2,2,2,1,1,2.38,0.5,27
2,1,17,89.78,2,2,2,2,1,1,2.36,1.5,27
2,1,18,95.55,3,3,3,3,1,1,2.38,0.5,27
2,1,19,100.32,4,3,3,3,1,1,2.37,4.5,27
2,1,20,109.08,1,1,1,1,1,1,2.36,2.5,27
2,1,21,115.85,4,4,4,4,1,1,2.56,0.5,27
2,1,22,120.62,2,1,1,1,1,1,2.31,4.5,27
2,1,23,129.39,1,1,1,1,1,1,2.33,0.5,27
2,1,24,134.15,4,4,4,4,1,1,2.46,0.5,27
2,1,25,138.92,2,1,1,1,1,1,2.34,1.5,27
2,1,26,144.69,3,3,3,3,1,1,2.55,0.5,27
2,1,27,149.45,3,3,3,3,1,1,2.8,3.5,27
2,1,28,157.22,1,1,1,1,1,1,2.39,5.5,27
2,1,29,166.99,3,3,3,3,1,1,2.49,1.5,27
2,1,30,172.75,1,2,2,2,1,1,2.46,4.5,27
2,1,31,181.52,4,4,4,4,1,1,2.54,0.5,27
2,1,32,186.29,1,1,1,1,1,1,2.37,1.5,27
2,1,33,192.06,4,3,3,3,1,1,2.62,1.5,27
2,1,34,197.82,3,3,3,3,1,1,2.35,1.5,27
2,1,35,203.59,2,2,2,2,1,1,2.46,1.5,27
2,1,36,209.36,2,1,1,1,1,1,2.45,0.5,27
2,1,37,214.12,2,1,1,1,1,1,2.34,2.5,27
2,1,38,220.89,3,3,3,3,1,1,2.56,1.5,27
2,1,39,226.66,3,4,4,4,1,1,2.46,0.5,27
2,1,40,231.43,2,1,1,1,1,1,2.25,3.5,27
2,1,41,239.19,3,3,3,3,1,1,2.47,0.5,27
2,1,42,243.96,1,2,2,2,1,1,2.36,3.5,27
2,1,43,251.73,4,4,4,4,1,1,2.46,2.5,27
2,1,44,258.49,1,1,1,1,1,1,2.38,0.5,27
2,1,45,263.26,3,3,3,3,1,1,2.64,0.5,27
2,1,46,268.03,1,2,2,2,1,1,2.3,0.5,27
2,1,47,272.79,4,4,4,3,0,1,2.27,0.5,27
2,1,48,277.56,1,1,1,2,0,1,1.17,0.5,27
2,1,49,282.33,3,4,4,4,1,1,2.44,1.5,27
2,1,50,288.1,2,1,1,1,1,1,2.2,1.5,27
2,1,51,293.86,1,2,2,2,1,1,2.15,5.5,27
2,1,52,303.63,4,4,4,4,1,1,2.45,0.5,27
2,1,53,308.4,2,1,1,1,1,1,2.34,2.5,27
2,1,54,315.16,3,3,3,2,0,1,1.31,5.5,27
2,1,55,324.93,2,2,2,2,1,1,2.29,3.5,27
2,1,56,332.7,4,4,4,4,1,1,2.43,8,27
2,1,57,344.97,4,3,3,3,1,1,2.75,0.5,27
2,1,58,349.73,1,2,2,2,1,1,2.38,3.5,27
2,1,59,357.5,4,4,4,4,1,1,2.58,0.5,27
2,1,60,362.27,2,2,2,2,1,1,2.34,0.5,27
2,1,61,367.03,1,2,2,2,1,1,2.27,0.5,27
2,1,62,371.8,2,1,1,1,1,1,2.46,5.5,27
2,1,63,381.57,4,3,3,3,1,1,2.59,2.5,27
2,1,64,388.34,3,4,4,4,1,1,2.52,0.5,27
2,1,65,393.1,4,4,4,3,0,1,2.74,0.5,27
2,1,66,397.87,4,4,4,4,1,1,2.45,1.5,27
2,1,67,403.64,3,3,3,3,1,1,2.46,0.5,27
2,1,68,408.4,1,1,1,1,1,1,2.35,5.5,27
2,1,69,418.17,3,4,4,4,1,1,2.48,1.5,27
2,1,70,423.94,1,2,2,2,1,1,2.37,1.5,27
2,1,71,429.71,4,4,4,4,1,1,2.5,0.5,27
2,1,72,434.47,3,3,3,3,1,1,2.7,1.5,27
2,1,73,440.24,3,3,3,3,1,1,2.45,0.5,27
2,1,74,445.01,2,2,2,2,1,1,2.44,2.5,27
2,1,75,451.77,4,3,3,3,1,1,2.35,0.5,27
2,1,76,456.54,2,2,2,2,1,1,2.29,1.5,27
2,1,77,462.31,1,1,1,1,1,1,2.49,1.5,27
2,1,78,468.08,2,2,2,2,1,1,2.39,5.5,27
2,1,79,477.84,4,4,4,4,1,1,2.48,1.5,27
2,1,80,483.61,1,1,1,1,1,1,2.42,0.5,27
2,1,81,488.38,3,3,3,3,1,1,2.62,0.5,27
2,1,82,493.14,3,3,3,3,1,1,2.53,0.5,27
2,1,83,497.91,3,4,4,4,1,1,2.57,3.5,27
2,1,84,505.68,3,4,4,4,1,1,2.64,2.5,27
2,1,85,512.44,1,1,1,1,1,1,2.36,1.5,27
2,1,86,518.21,1,1,1,1,1,1,2.34,1.5,27
2,1,87,523.98,3,3,3,3,1,1,2.6,0.5,27
2,1,88,528.75,2,2,2,2,1,1,2.34,1.5,27
2,1,89,534.51,1,1,1,1,1,1,2.32,4.5,27
2,1,90,543.28,2,1,1,1,1,1,2.32,0.5,27
2,1,91,548.05,1,1,1,1,1,1,2.4,3.5,27
2,1,92,555.81,4,4,4,4,1,1,2.56,0.5,27
2,1,93,560.58,1,2,2,2,1,1,2.46,2.5,27
2,1,94,567.35,4,4,4,4,1,1,2.4,0.5,27
2,1,95,572.11,2,1,1,1,1,1,2.28,8,27
2,1,96,584.38,4,3,3,3,1,1,2.56,0.5,27
2,1,97,589.15,2,2,2,2,1,1,2.42,0.5,27
2,1,98,593.92,4,4,4,4,1,1,2.43,1.5,27
2,1,99,599.68,3,3,3,3,1,1,2.6,5.5,27
2,1,100,609.45,4,4,4,4,1,1,2.75,2.5,27
2,2,101,0.51,4,4,4,3,0,8,10.15,3.5,27
2,2,102,16.27,4,3,3,3,1,4,5.98,1.5,27
2,2,103,26.04,3,3,3,3,1,6,7.98,8,27
2,2,104,44.31,1,2,2,1,0,6,7.75,0.5,27
2,2,105,55.08,1,1,1,2,0,4,6.22,2.5,27
2,2,106,65.84,2,1,1,2,0,8,9.89,0.5,27
2,2,107,78.61,2,2,2,2,1,8,10.07,7.5,27
2,2,108,98.38,3,3,3,3,1,8,9.64,0.5,27
2,2,109,111.15,4,4,4,4,1,4,6.04,0.5,27
2,2,110,119.91,4,4,4,4,1,8,9.89,3.5,27
2,2,111,135.68,3,3,3,3,1,8,9.55,3.5,27
2,2,112,151.45,3,4,4,4,1,4,6.05,0.5,27
2,2,113,160.22,2,1,1,2,0,8,9.88,0.5,27
2,2,114,172.98,3,3,3,3,1,6,7.89,1.5,27
2,2,115,184.75,1,1,1,1,1,8,9.55,4.5,27
2,2,116,201.52,1,1,1,1,1,4,5.74,4.5,27
2,2,117,214.29,2,2,2,1,0,4,5.71,3.5,27
2,2,118,226.05,3,3,3,3,1,8,9.7,8,27
2,2,119,246.32,2,1,1,1,1,6,7.7,0.5,27
2,2,120,257.09,4,4,4,3,0,4,5.67,0.5,27
2,2,121,265.86,2,2,2,2,1,4,5.77,4.5,27
2,2,122,278.62,1,1,1,2,0,4,5.62,1.5,27
2,2,123,288.39,3,3,3,3,1,4,5.82,1.5,27
2,2,124,298.16,3,4,4,4,1,6,7.92,8,27
2,2,125,316.43,3,4,4,3,0,6,7.6,6.5,27
2,2,126,333.19,1,1,1,1,1,8,9.81,1.5,27
2,2,127,346.96,2,1,1,2,0,8,7.07,5.5,27
2,2,128,364.73,2,2,2,2,1,4,5.67,3.5,27
2,2,129,376.5,3,3,3,3,1,4,5.73,0.5,27
2,2,130,385.26,2,1,1,2,0,4,5.68,3.5,27
2,2,131,397.03,2,1,1,2,0,4,5.98,3.5,27
2,2,132,408.8,1,2,2,2,1,4,6.03,0.5,27
2,2,133,417.57,4,4,4,4,1,8,9.99,2.5,27
2,2,134,432.33,1,1,1,1,1,8,10.27,6.5,27
2,2,135,451.1,3,3,3,3,1,8,9.7,1.5,27
2,2,136,464.87,2,2,2,2,1,8,10.24,1.5,27
2,2,137,478.64,4,3,3,3,1,4,5.66,0.5,27
2,2,138,487.4,1,2,2,2,1,6,8.22,1.5,27
2,2,139,499.17,1,2,2,2,1,8,9.96,1.5,27
2,2,140,512.94,2,2,2,1,0,6,7.79,6.5,27
2,2,141,529.71,4,3,3,3,1,6,7.91,3.5,27
2,2,142,543.47,1,2,2,1,0,8,10.13,1.5,27
2,2,143,557.24,2,2,2,1,0,6,7.77,0.5,27
2,2,144,568.01,1,2,2,2,1,4,5.68,1.5,27
2,2,145,577.78,4,4,4,2,0,6,1.28,4.5,27
2,2,146,592.54,2,1,1,1,1,4,6.67,7.5,27
2,2,147,608.31,3,3,3,3,1,6,7.83,0.5,27
2,2,148,619.08,4,4,4,3,0,6,7.74,1.5,27
2,2,149,630.85,2,2,2,1,0,8,10.1,4.5,27
2,2,150,647.61,1,1,1,1,1,6,8.7,0.5,27
2,2,151,658.38,4,3,3,4,0,8,10.04,8,27
2,2,152,678.65,4,3,3,3,1,8,10.16,8,27
2,2,153,698.92,3,3,3,3,1,4,6.2,1.5,27
2,2,154,708.69,4,3,3,3,1,4,5.77,6.5,27
2,2,155,723.45,1,1,1,1,1,6,7.72,5.5,27
2,2,156,739.22,3,3,3,3,1,8,10.11,6.5,27
2,2,157,757.99,4,4,4,4,1,8,9.76,1.5,27
2,2,158,771.76,4,3,3,4,0,6,7.82,1.5,27
2,2,159,783.52,3,3,3,3,1,6,7.72,0.5,27
2,2,160,794.29,3,4,4,4,1,4,5.92,0.5,27
2,2,161,803.06,2,2,2,1,0,6,7.9,8,27
2,2,162,821.33,1,2,2,2,1,6,7.93,1.5,27
2,2,163,833.09,2,1,1,1,1,6,8.2,0.5,27
2,2,164,843.86,4,4,4,4,1,4,6.09,0.5,27
2,2,165,852.63,2,2,2,2,1,4,6.04,1.5,27
2,2,166,862.4,2,1,1,1,1,8,10.12,0.5,27
2,2,167,875.16,1,2,2,2,1,8,9.93,2.5,27
2,2,168,889.93,4,4,4,4,1,6,7.85,5.5,27
2,2,169,905.7,1,2,2,2,1,4,6.22,3.5,27
2,2,170,917.47,3,3,3,3,1,4,6.13,0.5,27
2,2,171,926.23,3,4,4,4,1,8,9.84,2.5,27
2,2,172,941,1,1,1,1,1,4,5.73,8,27
2,2,173,957.27,4,4,4,3,0,6,7.76,1.5,27
2,2,174,969.04,1,1,1,2,0,6,7.53,3.5,27
2,2,175,982.8,3,4,4,4,1,8,9.67,3.5,27
2,2,176,998.57,4,4,4,4,1,8,9.72,2.5,27
2,2,177,1013.34,1,2,2,2,1,6,8.37,0.5,27
2,2,178,1024.11,2,1,1,1,1,6,7.61,8,27
2,2,179,1042.37,4,4,4,4,1,4,5.78,8,27
2,2,180,1058.64,3,3,3,4,0,6,7.73,4.5,27
1,1,1,0.51,2,2,2,NA,NA,1,NA,0.5,28
1,1,2,5.3,1,2,2,NA,NA,1,NA,0.5,28
1,1,3,10.08,1,2,2,NA,NA,1,NA,3.5,28
1,1,4,17.86,2,2,2,NA,NA,1,NA,0.5,28
1,1,5,22.65,4,4,4,NA,NA,1,NA,5.5,28
1,1,6,32.43,1,1,1,NA,NA,1,NA,0.5,28
1,1,7,37.21,3,4,4,NA,NA,1,NA,0.5,28
1,1,8,42,4,4,4,NA,NA,1,NA,0.5,28
1,1,9,46.78,4,4,4,4,1,1,3.34,3.5,28
1,1,10,54.57,4,4,4,4,1,1,0.78,0.5,28
1,1,11,59.35,2,1,1,1,1,1,2.31,5.5,28
1,1,12,69.13,4,3,3,4,0,1,1.17,1.5,28
1,1,13,74.92,2,2,2,2,1,1,0.7,1.5,28
1,1,14,80.7,1,1,1,1,1,1,1.2,0.5,28
1,1,15,85.49,4,3,3,4,0,1,0.97,2.5,28
1,1,16,92.27,3,4,4,4,1,1,0.86,0.5,28
1,1,17,97.05,1,1,1,1,1,1,1.5,1.5,28
1,1,18,102.84,2,2,2,2,1,1,0.81,4.5,28
1,1,19,111.62,4,4,4,3,0,1,0.72,2.5,28
1,1,20,118.4,2,2,2,2,1,1,2.31,5.5,28
1,1,21,128.19,2,2,2,2,1,1,0.68,4.5,28
1,1,22,136.97,3,4,4,4,1,1,0.74,0.5,28
1,1,23,141.76,1,1,1,1,1,1,0.67,0.5,28
1,1,24,146.54,2,1,1,2,0,1,0.85,0.5,28
1,1,25,151.32,3,4,4,4,1,1,0.75,0.5,28
1,1,26,156.11,1,2,2,1,0,1,0.83,3.5,28
1,1,27,163.89,1,1,1,1,1,1,0.88,0.5,28
1,1,28,168.67,1,1,1,2,0,1,0.71,1.5,28
1,1,29,174.46,3,4,4,4,1,1,0.74,1.5,28
1,1,30,180.24,3,3,3,4,0,1,0.67,0.5,28
1,1,31,185.03,2,1,1,2,0,1,0.72,0.5,28
1,1,32,189.81,1,1,1,1,1,1,0.96,5.5,28
1,1,33,199.59,2,2,2,2,1,1,0.87,3.5,28
1,1,34,207.38,2,2,2,2,1,1,0.73,2.5,28
1,1,35,214.16,2,2,2,2,1,1,0.64,4.5,28
1,1,36,222.94,1,1,1,1,1,1,0.97,3.5,28
1,1,37,230.73,2,1,1,2,0,1,0.83,0.5,28
1,1,38,235.51,1,1,1,1,1,1,0.9,0.5,28
1,1,39,240.3,3,3,3,4,0,1,0.72,1.5,28
1,1,40,246.08,2,1,1,2,0,1,0.83,2.5,28
1,1,41,252.86,4,3,3,3,1,1,1.17,0.5,28
1,1,42,257.65,4,3,3,3,1,1,0.67,4.5,28
1,1,43,266.43,3,4,4,4,1,1,0.8,1.5,28
1,1,44,272.21,4,4,4,3,0,1,0.88,0.5,28
1,1,45,277,3,3,3,4,0,1,0.74,1.5,28
1,1,46,282.78,4,4,4,3,0,1,0.73,1.5,28
1,1,47,288.57,2,2,2,2,1,1,0.73,1.5,28
1,1,48,294.35,1,1,1,1,1,1,2.4,1.5,28
1,1,49,300.13,4,3,3,2,0,1,1.12,1.5,28
1,1,50,305.92,2,2,2,2,1,1,0.74,2.5,28
1,1,51,312.7,1,1,1,1,1,1,1.09,1.5,28
1,1,52,318.48,3,3,3,3,1,1,0.98,2.5,28
1,1,53,325.27,3,4,4,3,0,1,0.72,2.5,28
1,1,54,332.05,2,1,1,2,0,1,0.76,1.5,28
1,1,55,337.84,1,1,1,1,1,1,1.49,1.5,28
1,1,56,343.62,3,3,3,4,0,1,1.44,0.5,28
1,1,57,348.4,2,1,1,1,1,1,0.91,0.5,28
1,1,58,353.19,3,3,3,3,1,1,1.32,0.5,28
1,1,59,357.97,1,2,2,1,0,1,1.62,1.5,28
1,1,60,363.75,4,3,3,3,1,1,1.47,3.5,28
1,1,61,371.54,1,1,1,1,1,1,1.34,0.5,28
1,1,62,376.32,3,4,4,3,0,1,1.37,1.5,28
1,1,63,382.11,3,3,3,4,0,1,2.14,3.5,28
1,1,64,389.89,1,1,1,2,0,1,1.51,5.5,28
1,1,65,399.67,3,4,4,4,1,1,2.61,0.5,28
1,1,66,404.46,1,1,1,1,1,1,2.44,0.5,28
1,1,67,409.24,2,1,1,1,1,1,2.37,1.5,28
1,1,68,415.02,1,2,2,2,1,1,2.43,0.5,28
1,1,69,419.81,1,1,1,1,1,1,2.45,5.5,28
1,1,70,429.59,3,4,4,3,0,1,1.84,0.5,28
1,1,71,434.38,3,3,3,3,1,1,2.32,0.5,28
1,1,72,439.16,3,4,4,3,0,1,0.88,0.5,28
1,1,73,443.94,3,4,4,4,1,1,2.44,0.5,28
1,1,74,448.73,3,3,3,3,1,1,2.64,0.5,28
1,1,75,453.51,4,4,4,4,1,1,3.02,1.5,28
1,1,76,459.29,3,3,3,3,1,1,2.47,0.5,28
1,1,77,464.08,2,2,2,1,0,1,1.12,0.5,28
1,1,78,468.86,1,1,1,1,1,1,2.19,0.5,28
1,1,79,473.65,2,2,2,2,1,1,2.21,1.5,28
1,1,80,479.43,2,2,2,2,1,1,1.06,0.5,28
1,1,81,484.21,3,3,3,3,1,1,2.36,0.5,28
1,1,82,489,2,2,2,2,1,1,1.26,2.5,28
1,1,83,495.78,4,3,3,3,1,1,1.2,0.5,28
1,1,84,500.56,4,4,4,4,1,1,1.11,0.5,28
1,1,85,505.35,4,4,4,4,1,1,1.21,8,28
1,1,86,517.63,4,3,3,4,0,1,1.13,3.5,28
1,1,87,525.42,4,4,4,3,0,1,1.91,1.5,28
1,1,88,531.2,3,3,3,3,1,1,2.38,1.5,28
1,1,89,536.98,4,3,3,4,0,1,1.29,2.5,28
1,1,90,543.77,4,3,3,3,1,1,2.36,8,28
1,1,91,556.05,3,3,3,3,1,1,2.3,0.5,28
1,1,92,560.83,4,3,3,3,1,1,2.23,2.5,28
1,1,93,567.62,1,1,1,1,1,1,1.25,4.5,28
1,1,94,576.4,2,2,2,2,1,1,1.68,0.5,28
1,1,95,581.19,1,2,2,2,1,1,1.03,5.5,28
1,1,96,590.97,4,4,4,4,1,1,2.18,0.5,28
1,1,97,595.75,1,2,2,1,0,1,1.63,3.5,28
1,1,98,603.54,4,3,3,3,1,1,2.33,0.5,28
1,1,99,608.32,2,2,2,2,1,1,1.45,0.5,28
1,1,100,613.1,4,3,3,4,0,1,1.28,0.5,28
1,2,101,0.51,3,3,3,3,1,8,4.47,0.5,28
1,2,102,13.29,3,3,3,3,1,6,2.27,1.5,28
1,2,103,25.08,2,2,2,2,1,4,1.71,1.5,28
1,2,104,34.86,3,3,3,3,1,8,2.08,0.5,28
1,2,105,47.64,1,1,1,1,1,6,1.32,0.5,28
1,2,106,58.43,1,1,1,2,0,8,1.4,8,28
1,2,107,78.71,3,4,4,3,0,8,1.84,5.5,28
1,2,108,96.5,2,2,2,2,1,6,1.18,1.5,28
1,2,109,108.28,3,4,4,3,0,8,2.38,6.5,28
1,2,110,127.05,4,3,3,4,0,4,6.8,5.5,28
1,2,111,140.84,3,3,3,3,1,4,6.83,2.5,28
1,2,112,151.62,1,1,1,1,1,6,1.22,1.5,28
1,2,113,163.4,3,4,4,4,1,6,8.68,0.5,28
1,2,114,174.19,1,2,2,1,0,8,1.51,0.5,28
1,2,115,186.97,4,3,3,3,1,6,8.5,1.5,28
1,2,116,198.76,4,3,3,3,1,4,1.51,6.5,28
1,2,117,213.54,4,4,4,3,0,6,1.84,8,28
1,2,118,231.82,2,2,2,2,1,6,8.8,3.5,28
1,2,119,245.61,4,3,3,3,1,8,2.97,4.5,28
1,2,120,262.39,4,3,3,4,0,8,1.41,1.5,28
1,2,121,276.18,2,1,1,2,0,6,1.8,8,28
1,2,122,294.46,1,2,2,1,0,6,1.32,0.5,28
1,2,123,305.25,2,1,1,2,0,8,2.21,0.5,28
1,2,124,318.03,4,4,4,4,1,8,10.58,8,28
1,2,125,338.31,1,1,1,1,1,4,1.84,0.5,28
1,2,126,347.1,3,3,3,3,1,8,9.74,1.5,28
1,2,127,360.88,3,4,4,4,1,4,6.7,1.5,28
1,2,128,370.67,2,2,2,2,1,4,3.43,7.5,28
1,2,129,386.45,2,2,2,1,0,4,0.92,1.5,28
1,2,130,396.24,3,4,4,4,1,8,10.73,3.5,28
1,2,131,412.02,3,4,4,4,1,6,8.9,3.5,28
1,2,132,425.8,4,3,3,3,1,4,2.01,6.5,28
1,2,133,440.59,2,2,2,1,0,6,1.88,7.5,28
1,2,134,458.37,4,4,4,3,0,4,1.56,2.5,28
1,2,135,469.16,1,1,1,2,0,4,1.65,3.5,28
1,2,136,480.94,3,3,3,3,1,6,8.07,1.5,28
1,2,137,492.73,3,3,3,3,1,4,5.87,0.5,28
1,2,138,501.51,2,1,1,2,0,4,2.73,3.5,28
1,2,139,513.29,3,4,4,4,1,6,8.33,0.5,28
1,2,140,524.08,2,1,1,1,1,4,2.13,1.5,28
1,2,141,533.86,1,2,2,1,0,6,7.93,0.5,28
1,2,142,544.65,2,1,1,2,0,8,3.4,1.5,28
1,2,143,558.43,1,1,1,1,1,4,6.77,2.5,28
1,2,144,569.21,1,1,1,1,1,8,2.23,2.5,28
1,2,145,584,1,1,1,1,1,8,10.37,3.5,28
1,2,146,599.78,3,3,3,3,1,4,1.67,0.5,28
1,2,147,608.57,2,1,1,2,0,6,1.85,0.5,28
1,2,148,619.35,1,1,1,2,0,4,6.7,8,28
1,2,149,635.63,4,4,4,4,1,6,8.43,3.5,28
1,2,150,649.42,1,2,2,1,0,4,1.64,8,28
1,2,151,665.7,4,4,4,3,0,8,2.06,3.5,28
1,2,152,681.49,2,2,2,1,0,8,11.21,3.5,28
1,2,153,697.27,4,4,4,4,1,4,6.07,4.5,28
1,2,154,710.06,2,2,2,1,0,8,10.48,1.5,28
1,2,155,723.84,4,4,4,3,0,8,1.55,0.5,28
1,2,156,736.63,4,4,4,4,1,4,7,3.5,28
1,2,157,748.41,1,1,1,1,1,6,8.8,1.5,28
1,2,158,760.19,4,3,3,4,0,8,4.25,4.5,28
1,2,159,776.98,1,1,1,1,1,6,8.6,4.5,28
1,2,160,791.76,1,1,1,1,1,4,0.99,0.5,28
1,2,161,800.55,1,1,1,1,1,8,0.88,0.5,28
1,2,162,813.33,2,1,1,1,1,8,2.34,0.5,28
1,2,163,826.11,4,3,3,3,1,6,2.11,8,28
1,2,164,844.4,2,2,2,1,0,4,1.73,0.5,28
1,2,165,853.18,2,2,2,1,0,8,1.43,6.5,28
1,2,166,871.97,3,3,3,3,1,6,7.88,0.5,28
1,2,167,882.75,4,4,4,4,1,6,8.43,3.5,28
1,2,168,896.54,3,4,4,4,1,8,10.1,5.5,28
1,2,169,914.32,4,3,3,3,1,6,3.44,1.5,28
1,2,170,926.11,3,4,4,4,1,4,2.28,4.5,28
1,2,171,938.89,1,1,1,1,1,6,1.78,0.5,28
1,2,172,949.67,4,4,4,3,0,4,2.46,0.5,28
1,2,173,958.46,1,2,2,1,0,8,2.08,1.5,28
1,2,174,972.24,2,2,2,2,1,6,3.28,8,28
1,2,175,990.53,4,3,3,3,1,4,1.31,1.5,28
1,2,176,1000.31,3,3,3,4,0,6,3.36,6.5,28
1,2,177,1017.09,2,2,2,2,1,4,1.79,4.5,28
1,2,178,1029.88,2,2,2,2,1,8,1.2,1.5,28
1,2,179,1043.66,1,2,2,1,0,4,1.41,2.5,28
1,2,180,1054.45,3,4,4,4,1,4,3.77,8,28
2,1,1,0.51,2,2,2,2,1,1,2.72,1.5,28
2,1,2,6.29,3,3,3,3,1,1,2.99,0.5,28
2,1,3,11.07,4,3,3,3,1,1,2.39,0.5,28
2,1,4,15.86,4,3,3,3,1,1,2.19,0.5,28
2,1,5,20.64,2,2,2,2,1,1,1.25,3.5,28
2,1,6,28.43,2,2,2,2,1,1,1.32,2.5,28
2,1,7,35.21,2,2,2,2,1,1,1.24,2.5,28
2,1,8,41.99,4,4,4,3,0,1,1.24,0.5,28
2,1,9,46.78,2,1,1,2,0,1,1.36,0.5,28
2,1,10,51.56,3,4,4,3,0,1,1.18,0.5,28
2,1,11,56.34,4,4,4,4,1,1,2.34,3.5,28
2,1,12,64.13,3,3,3,3,1,1,1.43,3.5,28
2,1,13,71.91,2,2,2,2,1,1,2.24,1.5,28
2,1,14,77.7,3,4,4,4,1,1,2.7,1.5,28
2,1,15,83.48,2,1,1,1,1,1,2.58,1.5,28
2,1,16,89.26,4,4,4,3,0,1,1.3,1.5,28
2,1,17,95.05,3,3,3,3,1,1,1.17,0.5,28
2,1,18,99.83,3,3,3,4,0,1,1.51,0.5,28
2,1,19,104.61,1,1,1,1,1,1,2.47,0.5,28
2,1,20,109.4,4,3,3,3,1,1,1.62,3.5,28
2,1,21,117.18,1,1,1,1,1,1,0.92,1.5,28
2,1,22,122.97,2,2,2,2,1,1,1.06,0.5,28
2,1,23,127.75,1,1,1,1,1,1,0.92,1.5,28
2,1,24,133.53,1,1,1,1,1,1,0.69,3.5,28
2,1,25,141.32,1,1,1,1,1,1,0.75,3.5,28
2,1,26,149.1,3,3,3,3,1,1,1.27,0.5,28
2,1,27,153.88,3,3,3,3,1,1,1.12,0.5,28
2,1,28,158.67,1,2,2,1,0,1,1.03,3.5,28
2,1,29,166.45,1,1,1,2,0,1,0.7,5.5,28
2,1,30,176.24,3,3,3,3,1,1,1.44,0.5,28
2,1,31,181.02,4,3,3,4,0,1,1.29,2.5,28
2,1,32,187.8,3,4,4,3,0,1,1.26,2.5,28
2,1,33,194.59,2,2,2,2,1,1,2.46,4.5,28
2,1,34,203.37,1,1,1,1,1,1,0.78,3.5,28
2,1,35,211.16,2,2,2,2,1,1,0.84,0.5,28
2,1,36,215.94,2,2,2,2,1,1,0.68,0.5,28
2,1,37,220.72,4,4,4,4,1,1,1.31,0.5,28
2,1,38,225.51,1,1,1,1,1,1,0.92,4.5,28
2,1,39,234.29,4,3,3,4,0,1,0.88,1.5,28
2,1,40,240.07,3,4,4,3,0,1,0.83,0.5,28
2,1,41,244.86,1,1,1,1,1,1,0.74,0.5,28
2,1,42,249.64,4,4,4,3,0,1,1.13,5.5,28
2,1,43,259.42,1,2,2,1,0,1,0.62,0.5,28
2,1,44,264.21,2,2,2,2,1,1,0.98,2.5,28
2,1,45,270.99,3,4,4,4,1,1,2.36,0.5,28
2,1,46,275.78,4,4,4,4,1,1,2.22,0.5,28
2,1,47,280.56,4,4,4,4,1,1,2.35,1.5,28
2,1,48,286.34,2,2,2,2,1,1,1.03,5.5,28
2,1,49,296.13,3,3,3,3,1,1,2.33,1.5,28
2,1,50,301.91,1,2,2,1,0,1,1.63,1.5,28
2,1,51,307.69,2,2,2,2,1,1,1.09,0.5,28
2,1,52,312.48,1,2,2,2,1,1,2.21,0.5,28
2,1,53,317.26,2,2,2,2,1,1,0.98,2.5,28
2,1,54,324.05,2,2,2,2,1,1,0.62,1.5,28
2,1,55,329.83,4,4,4,4,1,1,1.41,8,28
2,1,56,342.11,4,4,4,4,1,1,0.8,2.5,28
2,1,57,348.9,3,4,4,3,0,1,1.38,0.5,28
2,1,58,353.68,4,4,4,4,1,1,0.63,1.5,28
2,1,59,359.46,4,4,4,4,1,1,0.67,3.5,28
2,1,60,367.25,3,4,4,4,1,1,0.94,0.5,28
2,1,61,372.03,4,3,3,4,0,1,0.6,4.5,28
2,1,62,380.82,1,1,1,2,0,1,1.81,1.5,28
2,1,63,386.6,4,4,4,4,1,1,1.1,0.5,28
2,1,64,391.38,4,4,4,4,1,1,1.09,1.5,28
2,1,65,397.17,3,4,4,4,1,1,1.55,0.5,28
2,1,66,401.95,4,3,3,4,0,1,0.72,8,28
2,1,67,414.23,1,1,1,1,1,1,1.47,5.5,28
2,1,68,424.02,2,2,2,2,1,1,0.86,5.5,28
2,1,69,433.8,3,4,4,4,1,1,1.2,1.5,28
2,1,70,439.59,3,4,4,4,1,1,1.04,0.5,28
2,1,71,444.37,1,2,2,1,0,1,1.25,5.5,28
2,1,72,454.15,1,1,1,1,1,1,2.35,0.5,28
2,1,73,458.94,1,1,1,1,1,1,2.24,5.5,28
2,1,74,468.72,2,2,2,2,1,1,0.68,4.5,28
2,1,75,477.51,4,3,3,4,0,1,0.81,0.5,28
2,1,76,482.29,3,3,3,3,1,1,0.8,0.5,28
2,1,77,487.07,1,1,1,1,1,1,0.95,0.5,28
2,1,78,491.86,1,1,1,1,1,1,0.83,0.5,28
2,1,79,496.64,2,1,1,2,0,1,0.83,0.5,28
2,1,80,501.42,2,2,2,1,0,1,0.67,0.5,28
2,1,81,506.21,1,1,1,1,1,1,2.12,0.5,28
2,1,82,510.99,3,3,3,3,1,1,1.01,1.5,28
2,1,83,516.78,4,3,3,4,0,1,0.69,2.5,28
2,1,84,523.56,1,1,1,1,1,1,2.13,1.5,28
2,1,85,529.34,2,1,1,2,0,1,0.63,1.5,28
2,1,86,535.13,3,3,3,3,1,1,2.31,0.5,28
2,1,87,539.91,3,3,3,3,1,1,2.25,1.5,28
2,1,88,545.69,1,1,1,1,1,1,1.49,0.5,28
2,1,89,550.48,3,3,3,3,1,1,1.27,2.5,28
2,1,90,557.26,4,4,4,4,1,1,0.88,0.5,28
2,1,91,562.05,3,3,3,3,1,1,0.94,1.5,28
2,1,92,567.83,2,2,2,1,0,1,0.87,4.5,28
2,1,93,576.61,4,3,3,4,0,1,0.73,0.5,28
2,1,94,581.4,2,2,2,2,1,1,1.03,0.5,28
2,1,95,586.18,3,3,3,3,1,1,0.63,0.5,28
2,1,96,590.96,1,1,1,1,1,1,0.98,0.5,28
2,1,97,595.75,2,1,1,2,0,1,0.79,0.5,28
2,1,98,600.53,1,1,1,1,1,1,0.84,1.5,28
2,1,99,606.31,2,2,2,2,1,1,0.87,0.5,28
2,1,100,611.1,4,4,4,4,1,1,0.75,2.5,28
2,2,101,0.52,1,1,1,1,1,4,6.27,2.5,28
2,2,102,11.3,2,2,2,2,1,8,9.58,0.5,28
2,2,103,24.09,4,4,4,4,1,6,8.13,3.5,28
2,2,104,37.87,4,4,4,4,1,8,1.12,0.5,28
2,2,105,50.65,2,2,2,2,1,4,0.83,1.5,28
2,2,106,60.44,4,4,4,4,1,6,0.84,4.5,28
2,2,107,75.22,3,4,4,3,0,8,1.31,5.5,28
2,2,108,93.01,4,3,3,4,0,8,0.86,4.5,28
2,2,109,109.79,3,3,3,4,0,8,2.07,1.5,28
2,2,110,123.58,1,1,1,1,1,8,0.74,0.5,28
2,2,111,136.36,2,1,1,2,0,8,0.83,0.5,28
2,2,112,149.14,1,1,1,1,1,6,0.97,4.5,28
2,2,113,163.93,3,4,4,3,0,4,1.2,1.5,28
2,2,114,173.71,4,4,4,4,1,8,0.96,1.5,28
2,2,115,187.5,2,2,2,2,1,8,0.94,1.5,28
2,2,116,201.28,2,2,2,2,1,6,0.66,7.5,28
2,2,117,219.07,3,3,3,3,1,6,0.73,1.5,28
2,2,118,230.85,2,1,1,2,0,4,0.63,1.5,28
2,2,119,240.63,1,1,1,1,1,6,0.71,1.5,28
2,2,120,252.42,1,1,1,1,1,4,0.56,0.5,28
2,2,121,261.2,2,2,2,2,1,8,1.34,3.5,28
2,2,122,276.99,2,2,2,2,1,6,0.6,1.5,28
2,2,123,288.77,1,1,1,1,1,4,0.84,0.5,28
2,2,124,297.55,2,1,1,2,0,6,0.6,0.5,28
2,2,125,308.34,3,3,3,3,1,6,1.02,1.5,28
2,2,126,320.12,4,4,4,4,1,6,1.01,8,28
2,2,127,338.41,2,2,2,1,0,4,0.64,4.5,28
2,2,128,351.19,1,2,2,1,0,4,6.07,8,28
2,2,129,367.48,4,4,4,4,1,8,0.84,8,28
2,2,130,387.76,1,1,1,1,1,6,1.52,0.5,28
2,2,131,398.54,3,3,3,3,1,8,0.82,0.5,28
2,2,132,411.33,4,4,4,4,1,4,0.96,2.5,28
2,2,133,422.11,4,4,4,4,1,4,0.95,6.5,28
2,2,134,436.9,2,2,2,2,1,8,0.81,6.5,28
2,2,135,455.68,3,4,4,3,0,8,0.66,5.5,28
2,2,136,473.47,4,3,3,4,0,4,0.78,1.5,28
2,2,137,483.25,4,3,3,4,0,6,1.1,1.5,28
2,2,138,495.03,2,2,2,2,1,4,0.64,7.5,28
2,2,139,510.82,4,3,3,3,1,6,0.5,1.5,28
2,2,140,522.6,4,3,3,3,1,4,0.68,6.5,28
2,2,141,537.39,4,3,3,3,1,4,0.71,5.5,28
2,2,142,551.17,2,2,2,2,1,4,0.81,3.5,28
2,2,143,562.96,1,1,1,1,1,8,1.2,0.5,28
2,2,144,575.74,1,1,1,1,1,4,1.05,3.5,28
2,2,145,587.52,3,4,4,3,0,6,0.8,0.5,28
2,2,146,598.31,4,3,3,3,1,8,1.18,4.5,28
2,2,147,615.09,1,1,1,1,1,6,0.84,0.5,28
2,2,148,625.88,2,2,2,2,1,6,1.11,8,28
2,2,149,644.16,3,3,3,4,0,6,1.52,0.5,28
2,2,150,654.95,3,4,4,3,0,8,0.68,3.5,28
2,2,151,670.73,3,4,4,3,0,4,0.88,8,28
2,2,152,687.01,3,4,4,4,1,6,1.3,0.5,28
2,2,153,697.8,2,2,2,2,1,6,0.7,3.5,28
2,2,154,711.58,1,2,2,1,0,6,0.63,0.5,28
2,2,155,722.37,3,3,3,4,0,8,1.45,0.5,28
2,2,156,735.15,3,3,3,4,0,4,2.37,0.5,28
2,2,157,743.93,1,1,1,1,1,8,0.7,2.5,28
2,2,158,758.72,1,1,1,1,1,6,0.6,1.5,28
2,2,159,770.5,1,2,2,1,0,6,0.75,0.5,28
2,2,160,781.29,3,3,3,3,1,8,1.52,6.5,28
2,2,161,800.07,4,3,3,4,0,6,1.92,8,28
2,2,162,818.36,1,1,1,1,1,4,0.74,8,28
2,2,163,834.64,3,3,3,3,1,4,1.24,2.5,28
2,2,164,845.42,3,3,3,3,1,4,0.84,4.5,28
2,2,165,858.21,2,2,2,2,1,4,0.66,1.5,28
2,2,166,867.99,1,2,2,1,0,8,0.67,1.5,28
2,2,167,881.78,2,2,2,2,1,4,0.61,0.5,28
2,2,168,890.56,4,4,4,4,1,8,0.97,3.5,28
2,2,169,906.35,4,4,4,4,1,6,0.9,0.5,28
2,2,170,917.13,1,1,1,1,1,8,0.69,8,28
2,2,171,937.41,3,4,4,3,0,6,0.95,3.5,28
2,2,172,951.2,2,2,2,2,1,6,0.62,8,28
2,2,173,969.48,1,1,1,1,1,4,0.67,2.5,28
2,2,174,980.27,4,4,4,4,1,4,0.84,3.5,28
2,2,175,992.05,1,1,1,1,1,8,1.55,3.5,28
2,2,176,1007.84,3,3,3,3,1,4,0.94,0.5,28
2,2,177,1016.62,2,1,1,2,0,8,1.13,1.5,28
2,2,178,1030.4,3,3,3,3,1,6,0.68,6.5,28
2,2,179,1047.19,4,4,4,4,1,6,0.79,3.5,28
2,2,180,1060.97,2,2,2,2,1,8,0.84,1.5,28
1,1,1,0.5,3,3,3,3,1,1,3.17,0.5,29
1,1,2,5.29,1,2,2,2,1,1,2.29,0.5,29
1,1,3,10.07,4,4,4,4,1,1,2.43,0.5,29
1,1,4,14.85,1,1,1,2,0,1,1.19,1.5,29
1,1,5,20.64,3,4,4,3,0,1,0.88,0.5,29
1,1,6,25.42,1,1,1,1,1,1,0.96,5.5,29
1,1,7,35.21,2,1,1,1,1,1,2.31,0.5,29
1,1,8,39.99,4,3,3,4,0,1,1.37,0.5,29
1,1,9,44.77,3,4,4,4,1,1,1.36,0.5,29
1,1,10,49.56,4,3,3,3,1,1,1.02,4.5,29
1,1,11,58.34,4,3,3,3,1,1,0.78,1.5,29
1,1,12,64.12,2,2,2,2,1,1,0.9,5.5,29
1,1,13,73.91,2,1,1,1,1,1,1.05,1.5,29
1,1,14,79.69,1,2,2,2,1,1,0.63,2.5,29
1,1,15,86.48,2,2,2,1,0,1,0.84,1.5,29
1,1,16,92.26,3,3,3,3,1,1,0.86,0.5,29
1,1,17,97.04,1,2,2,2,1,1,0.75,0.5,29
1,1,18,101.83,3,4,4,3,0,1,1.15,2.5,29
1,1,19,108.61,1,1,1,2,0,1,0.81,1.5,29
1,1,20,114.39,2,2,2,1,0,1,0.65,2.5,29
1,1,21,121.18,1,1,1,2,0,1,0.72,1.5,29
1,1,22,126.96,1,1,1,1,1,1,0.8,3.5,29
1,1,23,134.75,3,3,3,3,1,1,1.38,1.5,29
1,1,24,140.53,1,2,2,1,0,1,0.8,4.5,29
1,1,25,149.31,1,1,1,1,1,1,0.96,1.5,29
1,1,26,155.1,4,4,4,3,0,1,0.95,2.5,29
1,1,27,161.88,4,3,3,3,1,1,0.82,1.5,29
1,1,28,167.66,1,1,1,1,1,1,2.77,0.5,29
1,1,29,172.45,4,3,3,3,1,1,1.34,1.5,29
1,1,30,178.23,4,3,3,3,1,1,0.56,5.5,29
1,1,31,188.02,1,1,1,1,1,1,0.84,1.5,29
1,1,32,193.8,2,1,1,2,0,1,0.72,0.5,29
1,1,33,198.58,2,1,1,1,1,1,0.67,0.5,29
1,1,34,203.37,2,2,2,1,0,1,0.65,2.5,29
1,1,35,210.15,2,2,2,2,1,1,0.63,4.5,29
1,1,36,218.93,4,3,3,3,1,1,0.89,1.5,29
1,1,37,224.72,4,3,3,3,1,1,0.7,0.5,29
1,1,38,229.5,3,4,4,4,1,1,0.83,0.5,29
1,1,39,234.29,1,1,1,1,1,1,0.72,5.5,29
1,1,40,244.07,3,3,3,4,0,1,1.2,0.5,29
1,1,41,248.85,1,1,1,1,1,1,0.91,1.5,29
1,1,42,254.64,1,1,1,2,0,1,0.69,4.5,29
1,1,43,263.42,3,4,4,1,0,1,0.95,5.5,29
1,1,44,273.21,4,4,4,2,0,1,1.29,3.5,29
1,1,45,280.99,3,3,3,3,1,1,1.58,0.5,29
1,1,46,285.77,3,4,4,2,0,1,1.23,0.5,29
1,1,47,290.56,2,2,2,2,1,1,0.87,1.5,29
1,1,48,296.34,3,3,3,2,0,1,0.7,3.5,29
1,1,49,304.12,2,1,1,2,0,1,0.72,0.5,29
1,1,50,308.91,3,3,3,3,1,1,1.18,0.5,29
1,1,51,313.69,4,3,3,2,0,1,0.93,0.5,29
1,1,52,318.48,2,2,2,1,0,1,0.78,2.5,29
1,1,53,325.26,1,1,1,2,0,1,1.15,5.5,29
1,1,54,335.04,4,3,3,3,1,1,0.73,2.5,29
1,1,55,341.83,4,4,4,3,0,1,0.67,3.5,29
1,1,56,349.61,2,2,2,2,1,1,0.64,0.5,29
1,1,57,354.39,1,2,2,1,0,1,0.87,0.5,29
1,1,58,359.18,3,3,3,4,0,1,0.85,0.5,29
1,1,59,363.96,3,3,3,3,1,1,1.03,2.5,29
1,1,60,370.75,3,3,3,2,0,1,0.79,1.5,29
1,1,61,376.53,3,3,3,3,1,1,0.54,0.5,29
1,1,62,381.31,2,2,2,1,0,1,2.9,1.5,29
1,1,63,387.1,4,3,3,3,1,1,1.36,0.5,29
1,1,64,391.88,4,3,3,4,0,1,0.88,0.5,29
1,1,65,396.66,4,4,4,3,0,1,0.63,1.5,29
1,1,66,402.45,2,2,2,1,0,1,0.62,0.5,29
1,1,67,407.23,4,4,4,4,1,1,1.11,8,29
1,1,68,419.51,3,4,4,3,0,1,1.17,5.5,29
1,1,69,429.3,4,4,4,3,0,1,0.95,0.5,29
1,1,70,434.08,4,3,3,3,1,1,0.8,0.5,29
1,1,71,438.87,1,1,1,2,0,1,1.13,0.5,29
1,1,72,443.65,2,2,2,2,1,1,0.97,4.5,29
1,1,73,452.43,2,2,2,2,1,1,0.5,0.5,29
1,1,74,457.22,2,2,2,1,0,1,0.68,0.5,29
1,1,75,462,4,4,4,2,0,1,0.82,3.5,29
1,1,76,469.79,3,3,3,3,1,1,1.11,0.5,29
1,1,77,474.57,1,1,1,2,0,1,1.3,0.5,29
1,1,78,479.35,4,4,4,4,1,1,1.56,8,29
1,1,79,491.64,3,4,4,3,0,1,0.94,0.5,29
1,1,80,496.42,2,2,2,1,0,1,0.73,0.5,29
1,1,81,501.2,1,2,2,2,1,1,0.56,0.5,29
1,1,82,505.99,3,4,4,3,0,1,1.19,0.5,29
1,1,83,510.77,1,1,1,1,1,1,0.8,2.5,29
1,1,84,517.55,3,4,4,3,0,1,1.12,0.5,29
1,1,85,522.34,2,2,2,1,0,1,3.31,0.5,29
1,1,86,527.12,2,1,1,2,0,1,1.09,3.5,29
1,1,87,534.91,4,4,4,3,0,1,0.84,3.5,29
1,1,88,542.69,1,1,1,2,0,1,0.79,3.5,29
1,1,89,550.47,1,2,2,2,1,1,1.14,1.5,29
1,1,90,556.26,1,1,1,2,0,1,2.94,3.5,29
1,1,91,564.04,3,4,4,3,0,1,2.16,0.5,29
1,1,92,568.83,4,4,4,4,1,1,0.74,0.5,29
1,1,93,573.61,3,4,4,3,0,1,0.63,2.5,29
1,1,94,580.39,2,2,2,1,0,1,0.88,1.5,29
1,1,95,586.18,2,2,2,1,0,1,0.87,0.5,29
1,1,96,590.96,3,3,3,3,1,1,0.68,1.5,29
1,1,97,596.74,2,1,1,2,0,1,0.67,1.5,29
1,1,98,602.53,2,1,1,1,1,1,0.95,0.5,29
1,1,99,607.31,1,1,1,3,0,1,0.88,0.5,29
1,1,100,612.09,4,4,4,4,1,1,0.8,1.5,29
1,2,101,0.51,3,4,4,3,0,6,1.25,3.5,29
1,2,102,14.3,2,2,2,1,0,6,0.92,2.5,29
1,2,103,27.08,1,1,1,1,1,6,0.82,2.5,29
1,2,104,39.86,4,4,4,2,0,6,1.18,0.5,29
1,2,105,50.65,1,1,1,2,0,4,1.14,8,29
1,2,106,66.93,1,2,2,2,1,6,1.05,0.5,29
1,2,107,77.72,4,3,3,3,1,4,0.72,0.5,29
1,2,108,86.5,2,2,2,1,0,6,0.79,2.5,29
1,2,109,99.29,4,4,4,3,0,4,0.62,1.5,29
1,2,110,109.07,4,4,4,3,0,8,0.61,4.5,29
1,2,111,125.85,3,3,3,3,1,6,0.82,1.5,29
1,2,112,137.64,4,4,4,3,0,6,1,3.5,29
1,2,113,151.42,3,4,4,3,0,8,0.66,0.5,29
1,2,114,164.21,4,4,4,2,0,4,0.96,1.5,29
1,2,115,173.99,3,3,3,3,1,6,0.79,0.5,29
1,2,116,184.77,4,4,4,3,0,8,0.68,0.5,29
1,2,117,197.56,4,3,3,3,1,8,1.33,2.5,29
1,2,118,212.34,3,3,3,3,1,4,6.08,0.5,29
1,2,119,221.13,2,1,1,1,1,4,5.17,0.5,29
1,2,120,229.91,4,4,4,3,0,6,0.8,1.5,29
1,2,121,241.7,3,4,4,3,0,8,5.13,6.5,29
1,2,122,260.48,4,4,4,2,0,6,0.93,4.5,29
1,2,123,275.26,4,4,4,3,0,8,1.5,6.5,29
1,2,124,294.05,2,2,2,1,0,4,0.74,1.5,29
1,2,125,303.83,2,2,2,1,0,8,0.79,0.5,29
1,2,126,316.62,1,1,1,1,1,4,1.99,6.5,29
1,2,127,331.4,2,2,2,2,1,6,0.74,5.5,29
1,2,128,347.19,4,4,4,4,1,8,1.35,1.5,29
1,2,129,360.97,2,2,2,1,0,8,0.74,0.5,29
1,2,130,373.75,2,2,2,1,0,4,1.18,1.5,29
1,2,131,383.54,1,1,1,1,1,6,1.71,2.5,29
1,2,132,396.32,1,2,2,2,1,6,1.1,0.5,29
1,2,133,407.11,3,3,3,4,0,8,1.58,3.5,29
1,2,134,422.89,1,1,1,2,0,6,1.57,4.5,29
1,2,135,437.68,3,4,4,3,0,4,2.01,0.5,29
1,2,136,446.46,2,2,2,2,1,4,1.15,0.5,29
1,2,137,455.24,4,3,3,3,1,4,0.98,0.5,29
1,2,138,464.03,1,2,2,1,0,8,1.07,1.5,29
1,2,139,477.81,1,2,2,2,1,8,1.18,1.5,29
1,2,140,491.6,3,4,4,3,0,4,1.64,6.5,29
1,2,141,506.38,2,2,2,1,0,4,0.72,3.5,29
1,2,142,518.16,1,1,1,2,0,4,1.35,6.5,29
1,2,143,532.95,1,1,1,2,0,6,1.04,4.5,29
1,2,144,547.73,2,1,1,2,0,4,1,8,29
1,2,145,564.02,4,3,3,3,1,4,0.71,5.5,29
1,2,146,577.8,2,2,2,1,0,8,1.03,8,29
1,2,147,598.09,3,3,3,3,1,6,0.76,5.5,29
1,2,148,613.87,3,4,4,3,0,8,0.8,8,29
1,2,149,634.16,3,3,3,2,0,8,1.75,0.5,29
1,2,150,646.94,4,3,3,4,0,8,1.29,1.5,29
1,2,151,660.72,3,3,3,4,0,6,1,1.5,29
1,2,152,672.51,3,3,3,4,0,4,1.07,0.5,29
1,2,153,681.29,2,1,1,1,1,8,1.32,4.5,29
1,2,154,698.08,1,2,2,2,1,4,0.89,4.5,29
1,2,155,710.86,3,4,4,3,0,6,1.69,0.5,29
1,2,156,721.64,4,3,3,4,0,6,1.19,8,29
1,2,157,739.93,3,3,3,3,1,4,6.13,1.5,29
1,2,158,749.71,2,2,2,1,0,8,1.09,7.5,29
1,2,159,769.5,4,3,3,3,1,4,0.78,1.5,29
1,2,160,779.28,4,3,3,4,0,8,0.89,3.5,29
1,2,161,795.07,1,1,1,2,0,6,1.44,8,29
1,2,162,813.35,1,1,1,2,0,4,1.46,1.5,29
1,2,163,823.13,1,2,2,2,1,4,0.58,0.5,29
1,2,164,831.92,2,1,1,1,1,6,8.07,1.5,29
1,2,165,843.7,3,4,4,3,0,6,0.79,1.5,29
1,2,166,855.49,3,4,4,3,0,8,1.47,8,29
1,2,167,875.77,1,1,1,2,0,8,1.28,8,29
1,2,168,896.06,1,1,1,2,0,4,0.79,0.5,29
1,2,169,904.84,4,3,3,3,1,6,0.7,3.5,29
1,2,170,918.62,1,1,1,2,0,8,0.67,1.5,29
1,2,171,932.41,2,2,2,1,0,6,0.8,3.5,29
1,2,172,946.19,2,2,2,1,0,4,0.6,3.5,29
1,2,173,957.98,2,1,1,1,1,8,0.7,7.5,29
1,2,174,977.76,1,1,1,1,1,8,0.64,3.5,29
1,2,175,993.55,2,1,1,1,1,6,0.61,3.5,29
1,2,176,1007.33,2,1,1,1,1,8,0.54,0.5,29
1,2,177,1020.11,3,3,3,3,1,8,0.75,0.5,29
1,2,178,1032.9,3,4,4,3,0,4,0.79,8,29
1,2,179,1049.18,1,1,1,2,0,8,0.78,3.5,29
1,2,180,1064.97,4,3,3,3,1,6,0.68,1.5,29
2,1,1,0.51,2,2,2,2,1,1,2.43,0.5,29
2,1,2,5.29,2,1,1,2,0,1,0.86,0.5,29
2,1,3,10.07,1,1,1,1,1,1,2.54,0.5,29
2,1,4,14.86,4,3,3,2,0,1,2.35,0.5,29
2,1,5,19.64,2,2,2,2,1,1,1.14,1.5,29
2,1,6,25.42,2,2,2,2,1,1,1.35,1.5,29
2,1,7,31.21,1,1,1,4,0,1,1.35,5.5,29
2,1,8,40.99,3,3,3,4,0,1,0.69,0.5,29
2,1,9,45.78,4,3,3,3,1,1,1.48,0.5,29
2,1,10,50.56,3,3,3,3,1,1,1.02,1.5,29
2,1,11,56.34,3,3,3,3,1,1,0.89,0.5,29
2,1,12,61.13,1,1,1,1,1,1,1.38,1.5,29
2,1,13,66.91,1,1,1,1,1,1,0.72,1.5,29
2,1,14,72.69,2,2,2,2,1,1,1.59,0.5,29
2,1,15,77.48,2,1,1,2,0,1,0.64,0.5,29
2,1,16,82.26,4,3,3,3,1,1,0.85,2.5,29
2,1,17,89.04,1,1,1,2,0,1,0.58,0.5,29
2,1,18,93.83,4,3,3,3,1,1,0.88,0.5,29
2,1,19,98.61,4,4,4,3,0,1,0.49,0.5,29
2,1,20,103.4,1,1,1,1,1,1,0.94,1.5,29
2,1,21,109.18,2,2,2,2,1,1,0.87,2.5,29
2,1,22,115.96,1,1,1,1,1,1,0.84,4.5,29
2,1,23,124.75,4,4,4,3,0,1,0.56,1.5,29
2,1,24,130.53,3,4,4,3,0,1,0.88,5.5,29
2,1,25,140.31,1,1,1,1,1,1,0.61,1.5,29
2,1,26,146.1,3,4,4,3,0,1,0.81,0.5,29
2,1,27,150.88,1,2,2,1,0,1,0.73,0.5,29
2,1,28,155.67,1,1,1,2,0,1,0.83,3.5,29
2,1,29,163.45,2,2,2,2,1,1,0.92,0.5,29
2,1,30,168.23,1,1,1,2,0,1,0.86,5.5,29
2,1,31,178.02,3,3,3,3,1,1,0.75,0.5,29
2,1,32,182.8,3,4,4,2,0,1,0.58,0.5,29
2,1,33,187.58,1,1,1,2,0,1,0.89,3.5,29
2,1,34,195.37,4,4,4,3,0,1,1.03,0.5,29
2,1,35,200.15,1,2,2,1,0,1,1.49,0.5,29
2,1,36,204.94,4,3,3,4,0,1,1.29,1.5,29
2,1,37,210.72,1,2,2,1,0,1,1.1,0.5,29
2,1,38,215.5,3,3,3,3,1,1,0.93,0.5,29
2,1,39,220.29,3,3,3,3,1,1,0.71,0.5,29
2,1,40,225.07,2,2,2,1,0,1,1.15,0.5,29
2,1,41,229.85,2,2,2,2,1,1,1.1,2.5,29
2,1,42,236.64,1,1,1,1,1,1,0.97,5.5,29
2,1,43,246.42,1,1,1,1,1,1,2.6,3.5,29
2,1,44,254.21,1,1,1,1,1,1,0.63,1.5,29
2,1,45,259.99,2,1,1,1,1,1,0.6,0.5,29
2,1,46,264.77,2,2,2,1,0,1,0.62,0.5,29
2,1,47,269.56,4,3,3,3,1,1,0.8,0.5,29
2,1,48,274.34,3,3,3,3,1,1,0.63,2.5,29
2,1,49,281.12,2,2,2,2,1,1,1.1,4.5,29
2,1,50,289.91,3,4,4,3,0,1,0.65,0.5,29
2,1,51,294.69,2,2,2,1,0,1,0.91,1.5,29
2,1,52,300.48,4,4,4,NA,NA,1,NA,5.5,29
2,1,53,310.26,4,4,4,3,0,1,0.81,2.5,29
2,1,54,317.04,3,3,3,2,0,1,0.59,0.5,29
2,1,55,321.83,3,3,3,3,1,1,0.62,0.5,29
2,1,56,326.61,2,1,1,1,1,1,1.17,1.5,29
2,1,57,332.39,3,3,3,3,1,1,0.59,0.5,29
2,1,58,337.18,3,3,3,3,1,1,0.52,1.5,29
2,1,59,342.96,4,3,3,1,0,1,1,0.5,29
2,1,60,347.74,3,4,4,3,0,1,0.54,2.5,29
2,1,61,354.53,4,4,4,3,0,1,1.05,3.5,29
2,1,62,362.31,1,1,1,1,1,1,0.94,1.5,29
2,1,63,368.1,1,1,1,2,0,1,1.7,2.5,29
2,1,64,374.88,2,2,2,2,1,1,0.67,0.5,29
2,1,65,379.66,2,2,2,4,0,1,0.68,3.5,29
2,1,66,387.45,1,2,2,1,0,1,1.09,1.5,29
2,1,67,393.23,2,2,2,2,1,1,0.73,0.5,29
2,1,68,398.02,2,2,2,2,1,1,3.17,4.5,29
2,1,69,406.8,3,4,4,3,0,1,0.71,0.5,29
2,1,70,411.58,3,4,4,3,0,1,0.56,0.5,29
2,1,71,416.37,4,4,4,3,0,1,1.18,3.5,29
2,1,72,424.15,2,2,2,2,1,1,0.64,1.5,29
2,1,73,429.93,1,2,2,1,0,1,0.78,4.5,29
2,1,74,438.72,4,4,4,4,1,1,1.18,3.5,29
2,1,75,446.5,1,1,1,1,1,1,0.8,0.5,29
2,1,76,451.29,3,3,3,3,1,1,0.66,2.5,29
2,1,77,458.07,3,4,4,3,0,1,0.54,0.5,29
2,1,78,462.85,3,3,3,3,1,1,0.46,3.5,29
2,1,79,470.64,2,2,2,1,0,1,0.66,5.5,29
2,1,80,480.42,3,3,3,3,1,1,0.63,0.5,29
2,1,81,485.2,4,3,3,3,1,1,1.24,1.5,29
2,1,82,490.99,4,4,4,3,0,1,0.42,0.5,29
2,1,83,495.77,4,4,4,3,0,1,1.11,1.5,29
2,1,84,501.55,4,4,4,4,1,1,1.03,8,29
2,1,85,513.84,1,1,1,1,1,1,0.98,2.5,29
2,1,86,520.62,4,3,3,4,0,1,1.3,4.5,29
2,1,87,529.41,3,3,3,3,1,1,0.81,1.5,29
2,1,88,535.19,4,4,4,4,1,1,1.18,3.5,29
2,1,89,542.97,4,3,3,4,0,1,1.14,1.5,29
2,1,90,548.76,2,2,2,2,1,1,1.07,1.5,29
2,1,91,554.54,3,4,4,3,0,1,0.73,5.5,29
2,1,92,564.33,2,1,1,2,0,1,1.34,0.5,29
2,1,93,569.11,2,2,2,2,1,1,1,0.5,29
2,1,94,573.89,3,4,4,3,0,1,1.07,0.5,29
2,1,95,578.68,1,1,1,2,0,1,1.28,0.5,29
2,1,96,583.46,2,2,2,2,1,1,1.3,2.5,29
2,1,97,590.24,4,4,4,3,0,1,1.2,1.5,29
2,1,98,596.03,4,4,4,4,1,1,0.98,8,29
2,1,99,608.31,4,4,4,3,0,1,0.75,0.5,29
2,1,100,613.1,1,1,1,2,0,1,1.02,0.5,29
2,2,101,0.52,4,3,3,4,0,4,1.34,1.5,29
2,2,102,10.3,2,2,2,2,1,6,4.78,3.5,29
2,2,103,24.09,1,1,1,2,0,6,1.02,4.5,29
2,2,104,38.87,2,1,1,2,0,6,0.82,3.5,29
2,2,105,52.65,1,1,1,2,0,6,1.04,2.5,29
2,2,106,65.44,4,3,3,3,1,4,0.74,0.5,29
2,2,107,74.22,4,3,3,4,0,6,1.62,1.5,29
2,2,108,86.01,1,2,2,3,0,6,1.08,0.5,29
2,2,109,96.79,1,1,1,1,1,8,9.93,8,29
2,2,110,117.08,3,3,3,3,1,6,0.72,1.5,29
2,2,111,128.86,3,4,4,3,0,6,1.03,1.5,29
2,2,112,140.64,3,4,4,2,0,8,0.56,8,29
2,2,113,160.93,4,3,3,3,1,8,0.71,2.5,29
2,2,114,175.71,1,1,1,2,0,8,0.92,1.5,29
2,2,115,189.5,2,2,2,2,1,8,0.69,0.5,29
2,2,116,202.28,3,3,3,3,1,6,0.93,5.5,29
2,2,117,218.07,1,1,1,1,1,8,9.8,3.5,29
2,2,118,233.85,4,4,4,3,0,8,0.83,1.5,29
2,2,119,247.63,2,2,2,2,1,6,0.79,5.5,29
2,2,120,263.42,3,3,3,3,1,8,0.67,0.5,29
2,2,121,276.2,4,3,3,3,1,6,0.8,8,29
2,2,122,294.49,2,2,2,2,1,4,0.95,0.5,29
2,2,123,303.27,3,3,3,3,1,6,1.15,1.5,29
2,2,124,315.06,4,4,4,4,1,4,1.46,1.5,29
2,2,125,324.84,4,4,4,3,0,6,1.76,4.5,29
2,2,126,339.62,2,2,2,2,1,4,0.73,8,29
2,2,127,355.91,2,2,2,2,1,4,5.77,1.5,29
2,2,128,365.69,1,1,1,2,0,4,0.89,0.5,29
2,2,129,374.48,1,1,1,2,0,6,0.7,4.5,29
2,2,130,389.26,3,4,4,3,0,6,0.64,3.5,29
2,2,131,403.04,2,2,2,2,1,4,0.65,1.5,29
2,2,132,412.83,4,3,3,3,1,4,0.7,5.5,29
2,2,133,426.61,4,4,4,4,1,6,1.73,0.5,29
2,2,134,437.4,4,4,4,3,0,6,0.92,3.5,29
2,2,135,451.18,3,3,3,3,1,8,10.07,0.5,29
2,2,136,463.97,2,2,2,2,1,6,0.82,2.5,29
2,2,137,476.75,3,3,3,3,1,8,0.55,3.5,29
2,2,138,492.53,2,2,2,2,1,8,0.75,0.5,29
2,2,139,505.32,4,3,3,3,1,6,0.71,3.5,29
2,2,140,519.1,2,2,2,2,1,6,0.86,1.5,29
2,2,141,530.89,2,1,1,2,0,8,0.73,0.5,29
2,2,142,543.67,4,4,4,3,0,8,0.84,0.5,29
2,2,143,556.44,1,1,1,2,0,4,0.9,1.5,29
2,2,144,566.22,2,2,2,2,1,8,0.78,4.5,29
2,2,145,583.01,2,2,2,2,1,6,0.67,2.5,29
2,2,146,595.79,3,4,4,3,0,4,0.61,6.5,29
2,2,147,610.58,3,4,4,3,0,6,0.44,0.5,29
2,2,148,621.36,4,4,4,3,0,4,0.74,1.5,29
2,2,149,631.14,3,4,4,3,0,8,0.79,8,29
2,2,150,651.43,3,3,3,3,1,8,0.59,0.5,29
2,2,151,664.21,1,1,1,2,0,6,0.68,2.5,29
2,2,152,677,1,2,2,2,1,4,0.59,4.5,29
2,2,153,689.78,2,1,1,2,0,8,0.68,7.5,29
2,2,154,709.56,1,1,1,1,1,8,9.97,1.5,29
2,2,155,723.35,2,2,2,2,1,8,0.6,7.5,29
2,2,156,743.13,3,3,3,3,1,4,0.58,8,29
2,2,157,759.42,2,2,2,2,1,8,0.87,8,29
2,2,158,779.7,1,1,1,2,0,4,0.64,6.5,29
2,2,159,794.49,3,4,4,3,0,8,0.68,6.5,29
2,2,160,813.27,3,3,3,3,1,4,0.6,0.5,29
2,2,161,822.06,1,1,1,2,0,4,0.68,6.5,29
2,2,162,836.84,1,2,2,2,1,8,0.7,1.5,29
2,2,163,850.62,1,1,1,2,0,4,0.55,8,29
2,2,164,866.91,2,1,1,2,0,4,0.69,0.5,29
2,2,165,875.69,4,3,3,3,1,8,0.67,3.5,29
2,2,166,891.48,3,3,3,3,1,4,0.55,1.5,29
2,2,167,901.26,4,4,4,3,0,8,0.75,4.5,29
2,2,168,918.05,4,4,4,3,0,4,0.58,6.5,29
2,2,169,932.83,4,4,4,3,0,8,0.47,1.5,29
2,2,170,946.61,2,2,2,3,0,4,0.6,3.5,29
2,2,171,958.4,3,3,3,3,1,6,0.61,0.5,29
2,2,172,969.18,1,1,1,1,1,4,5.64,0.5,29
2,2,173,977.97,4,4,4,3,0,4,0.81,1.5,29
2,2,174,987.75,1,1,1,2,0,6,0.88,8,29
2,2,175,1006.04,3,4,4,3,0,4,0.53,0.5,29
2,2,176,1014.82,2,2,2,2,1,4,0.66,3.5,29
2,2,177,1026.6,1,1,1,2,0,8,0.96,3.5,29
2,2,178,1042.39,1,2,2,2,1,6,0.59,0.5,29
2,2,179,1053.17,4,4,4,3,0,4,1.22,0.5,29
2,2,180,1061.96,3,3,3,3,1,4,5.97,0.5,29
1,1,1,0.51,4,4,4,4,1,1,2.89,0.5,30
1,1,2,5.3,4,3,3,4,0,1,2.38,3.5,30
1,1,3,13.08,2,1,1,1,1,1,2.52,0.5,30
1,1,4,17.86,1,1,1,1,1,1,2.57,0.5,30
1,1,5,22.65,3,3,3,3,1,1,2.5,0.5,30
1,1,6,27.43,4,4,4,4,1,1,2.55,1.5,30
1,1,7,33.21,1,2,2,2,1,1,2.64,0.5,30
1,1,8,38,2,2,2,2,1,1,2.62,0.5,30
1,1,9,42.78,1,2,2,2,1,1,2.42,3.5,30
1,1,10,50.56,3,3,3,3,1,1,2.23,4.5,30
1,1,11,59.35,2,1,1,1,1,1,2.35,0.5,30
1,1,12,64.13,2,2,2,2,1,1,2.67,0.5,30
1,1,13,68.92,1,2,2,2,1,1,2.38,5.5,30
1,1,14,78.7,3,3,3,3,1,1,2.21,2.5,30
1,1,15,85.48,3,3,3,3,1,1,2.16,0.5,30
1,1,16,90.27,1,1,1,1,1,1,2.4,0.5,30
1,1,17,95.05,4,4,4,4,1,1,2.69,0.5,30
1,1,18,99.83,2,2,2,2,1,1,2.48,0.5,30
1,1,19,104.62,1,1,1,1,1,1,2.33,1.5,30
1,1,20,110.4,3,4,4,3,0,1,2.11,5.5,30
1,1,21,120.19,4,4,4,4,1,1,2.59,3.5,30
1,1,22,127.97,4,4,4,4,1,1,2.7,3.5,30
1,1,23,135.75,3,3,3,3,1,1,2.27,0.5,30
1,1,24,140.54,1,1,1,1,1,1,2.36,2.5,30
1,1,25,147.32,2,2,2,2,1,1,2.51,1.5,30
1,1,26,153.1,3,4,4,4,1,1,2.63,2.5,30
1,1,27,159.89,3,3,3,3,1,1,2.55,0.5,30
1,1,28,164.67,4,4,4,4,1,1,2.25,0.5,30
1,1,29,169.46,3,3,3,3,1,1,2.26,0.5,30
1,1,30,174.24,1,2,2,2,1,1,2.42,0.5,30
1,1,31,179.02,1,1,1,1,1,1,2.32,0.5,30
1,1,32,183.81,4,4,4,4,1,1,2.24,2.5,30
1,1,33,190.59,1,1,1,1,1,1,2.3,1.5,30
1,1,34,196.37,4,4,4,4,1,1,2.18,5.5,30
1,1,35,206.16,3,3,3,3,1,1,2.16,1.5,30
1,1,36,211.94,4,3,3,3,1,1,2.52,0.5,30
1,1,37,216.73,2,1,1,1,1,1,2.31,0.5,30
1,1,38,221.51,4,4,4,4,1,1,2.19,1.5,30
1,1,39,227.29,1,1,1,1,1,1,2.23,0.5,30
1,1,40,232.08,3,3,3,3,1,1,2.14,5.5,30
1,1,41,241.86,1,1,1,1,1,1,2.15,0.5,30
1,1,42,246.65,4,4,4,4,1,1,2.25,1.5,30
1,1,43,252.43,1,1,1,1,1,1,2.28,4.5,30
1,1,44,261.21,4,3,3,4,0,1,1.24,0.5,30
1,1,45,266,3,3,3,3,1,1,0.83,1.5,30
1,1,46,271.78,4,4,4,4,1,1,2.22,0.5,30
1,1,47,276.56,1,1,1,1,1,1,2.11,0.5,30
1,1,48,281.35,3,3,3,3,1,1,0.8,1.5,30
1,1,49,287.13,1,1,1,1,1,1,0.85,1.5,30
1,1,50,292.91,3,3,3,3,1,1,0.71,4.5,30
1,1,51,301.7,4,4,4,4,1,1,0.96,0.5,30
1,1,52,306.48,2,2,2,2,1,1,2.51,2.5,30
1,1,53,313.27,2,2,2,2,1,1,2.21,1.5,30
1,1,54,319.05,3,3,3,3,1,1,0.71,0.5,30
1,1,55,323.83,1,1,1,1,1,1,2.02,8,30
1,1,56,336.12,3,3,3,3,1,1,0.67,0.5,30
1,1,57,340.9,2,1,1,2,0,1,0.99,5.5,30
1,1,58,350.69,3,3,3,3,1,1,2.22,0.5,30
1,1,59,355.47,4,3,3,3,1,1,2.57,3.5,30
1,1,60,363.25,1,2,2,2,1,1,2.49,5.5,30
1,1,61,373.04,4,4,4,4,1,1,2.28,4.5,30
1,1,62,381.82,3,3,3,3,1,1,2.21,0.5,30
1,1,63,386.6,3,4,4,4,1,1,2.51,0.5,30
1,1,64,391.39,2,2,2,2,1,1,2.26,0.5,30
1,1,65,396.17,4,4,4,4,1,1,2.45,0.5,30
1,1,66,400.96,2,1,1,1,1,1,2.36,3.5,30
1,1,67,408.74,2,2,2,2,1,1,2.25,1.5,30
1,1,68,414.52,3,3,3,3,1,1,2.5,0.5,30
1,1,69,419.31,1,1,1,1,1,1,2.31,3.5,30
1,1,70,427.09,2,2,2,2,1,1,2.26,1.5,30
1,1,71,432.87,1,1,1,1,1,1,2.16,0.5,30
1,1,72,437.66,3,3,3,3,1,1,2.11,2.5,30
1,1,73,444.44,4,4,4,4,1,1,0.73,0.5,30
1,1,74,449.23,2,2,2,2,1,1,2.31,5.5,30
1,1,75,459.01,2,1,1,1,1,1,2.32,1.5,30
1,1,76,464.79,3,3,3,3,1,1,2.12,0.5,30
1,1,77,469.58,1,2,2,2,1,1,2.33,1.5,30
1,1,78,475.36,3,4,4,3,0,1,2.11,4.5,30
1,1,79,484.14,2,1,1,1,1,1,2.25,2.5,30
1,1,80,490.93,3,4,4,4,1,1,2.61,1.5,30
1,1,81,496.71,1,1,1,1,1,1,2.37,8,30
1,1,82,509,4,4,4,4,1,1,2.38,1.5,30
1,1,83,514.78,2,1,1,1,1,1,2.32,3.5,30
1,1,84,522.56,2,2,2,2,1,1,2.66,2.5,30
1,1,85,529.35,2,2,2,2,1,1,2.32,1.5,30
1,1,86,535.13,2,2,2,2,1,1,2.36,0.5,30
1,1,87,539.91,2,2,2,2,1,1,2.16,1.5,30
1,1,88,545.7,4,4,4,4,1,1,2.25,2.5,30
1,1,89,552.48,2,2,2,2,1,1,0.96,0.5,30
1,1,90,557.27,1,1,1,1,1,1,2.26,2.5,30
1,1,91,564.05,4,4,4,4,1,1,2.23,0.5,30
1,1,92,568.83,2,2,2,2,1,1,2.25,0.5,30
1,1,93,573.62,1,1,1,1,1,1,2.22,1.5,30
1,1,94,579.4,2,2,2,2,1,1,2.15,0.5,30
1,1,95,584.18,1,1,1,1,1,1,2.15,0.5,30
1,1,96,588.97,4,4,4,4,1,1,2.74,1.5,30
1,1,97,594.75,4,4,4,4,1,1,0.87,0.5,30
1,1,98,599.54,1,2,2,4,0,1,0.61,0.5,30
1,1,99,604.32,3,3,3,3,1,1,2.2,1.5,30
1,1,100,610.1,4,3,3,4,0,1,0.88,3.5,30
1,2,101,0.51,2,2,2,2,1,8,9.86,1.5,30
1,2,102,14.3,3,3,3,3,1,6,7.97,3.5,30
1,2,103,28.08,4,4,4,4,1,8,9.6,3.5,30
1,2,104,43.87,3,3,3,3,1,4,1.22,1.5,30
1,2,105,53.65,2,2,2,2,1,6,6.88,7.5,30
1,2,106,71.43,3,4,4,3,0,8,0.78,4.5,30
1,2,107,88.22,4,4,4,4,1,4,5.33,2.5,30
1,2,108,99,4,4,4,4,1,8,9.37,6.5,30
1,2,109,117.79,3,4,4,3,0,6,8.32,0.5,30
1,2,110,128.57,1,1,1,1,1,4,6.1,8,30
1,2,111,144.86,4,3,3,3,1,4,7.04,4.5,30
1,2,112,157.64,2,2,2,2,1,4,5.4,1.5,30
1,2,113,167.42,2,2,2,2,1,6,7.37,4.5,30
1,2,114,182.21,1,1,1,1,1,6,3.65,1.5,30
1,2,115,193.99,4,4,4,4,1,4,6.21,0.5,30
1,2,116,202.78,3,4,4,3,0,8,10.73,8,30
1,2,117,223.06,2,1,1,2,0,8,3.08,3.5,30
1,2,118,238.85,2,2,2,2,1,8,10.3,0.5,30
1,2,119,251.63,4,4,4,4,1,6,8.84,0.5,30
1,2,120,262.41,4,4,4,4,1,8,9.97,3.5,30
1,2,121,278.2,2,2,2,2,1,4,6.1,3.5,30
1,2,122,289.98,3,3,3,3,1,6,9.23,4.5,30
1,2,123,304.77,3,3,3,4,0,4,7.33,1.5,30
1,2,124,314.55,2,2,2,2,1,8,9.97,0.5,30
1,2,125,327.33,1,1,1,1,1,4,5.45,0.5,30
1,2,126,336.12,1,2,2,2,1,4,5.7,2.5,30
1,2,127,346.9,1,1,1,1,1,8,10.28,3.5,30
1,2,128,362.69,4,4,4,4,1,6,8.04,1.5,30
1,2,129,374.47,1,1,1,1,1,4,5.65,1.5,30
1,2,130,384.25,3,4,4,4,1,4,6.44,8,30
1,2,131,400.54,2,1,1,1,1,4,5.7,4.5,30
1,2,132,413.32,4,4,4,4,1,4,5.43,6.5,30
1,2,133,428.11,3,3,3,3,1,8,10.5,1.5,30
1,2,134,441.89,3,3,3,3,1,4,1.56,0.5,30
1,2,135,450.68,4,4,4,4,1,8,1.1,1.5,30
1,2,136,464.46,2,2,2,2,1,8,9.55,0.5,30
1,2,137,477.25,1,2,2,1,0,8,1.17,5.5,30
1,2,138,495.03,4,3,3,4,0,4,1.3,1.5,30
1,2,139,504.81,2,1,1,1,1,4,6.01,1.5,30
1,2,140,514.6,3,3,3,3,1,6,7.68,0.5,30
1,2,141,525.38,2,2,2,1,0,4,6.1,1.5,30
1,2,142,535.17,4,3,3,3,1,8,9.93,2.5,30
1,2,143,549.95,4,4,4,4,1,4,5.8,0.5,30
1,2,144,558.73,4,4,4,4,1,6,3.59,4.5,30
1,2,145,573.52,4,4,4,4,1,8,1.42,0.5,30
1,2,146,586.3,4,4,4,4,1,6,1.47,1.5,30
1,2,147,598.09,1,2,2,2,1,6,7.88,0.5,30
1,2,148,608.87,3,3,3,3,1,4,2.11,8,30
1,2,149,625.16,4,4,4,4,1,6,1.16,3.5,30
1,2,150,638.94,2,1,1,1,1,6,8.2,3.5,30
1,2,151,652.72,1,1,1,1,1,8,10.5,0.5,30
1,2,152,665.51,2,2,2,2,1,6,7.97,5.5,30
1,2,153,681.29,1,1,1,1,1,6,1.19,6.5,30
1,2,154,698.08,3,3,3,3,1,8,2.43,0.5,30
1,2,155,710.86,3,3,3,3,1,6,1.52,3.5,30
1,2,156,724.65,1,1,1,1,1,6,1.74,3.5,30
1,2,157,738.43,1,1,1,1,1,6,1.16,0.5,30
1,2,158,749.21,1,2,2,1,0,6,1.19,1.5,30
1,2,159,761,1,1,1,1,1,4,5.84,0.5,30
1,2,160,769.78,3,3,3,3,1,6,7.74,0.5,30
1,2,161,780.57,1,1,1,1,1,8,9.97,8,30
1,2,162,800.85,3,3,3,3,1,6,1.06,5.5,30
1,2,163,816.63,1,1,1,1,1,8,10.47,8,30
1,2,164,836.92,4,4,4,4,1,6,1.24,0.5,30
1,2,165,847.7,4,4,4,4,1,8,1.12,1.5,30
1,2,166,861.49,3,3,3,3,1,8,1.31,2.5,30
1,2,167,876.27,2,2,2,2,1,4,5.8,2.5,30
1,2,168,887.06,1,1,1,1,1,4,5.67,8,30
1,2,169,903.34,2,2,2,2,1,4,1.57,0.5,30
1,2,170,912.12,4,3,3,4,0,6,1.19,1.5,30
1,2,171,923.91,2,1,1,2,0,8,1.88,8,30
1,2,172,944.19,1,1,1,1,1,6,7.38,8,30
1,2,173,962.48,2,1,1,2,0,8,10.67,1.5,30
1,2,174,976.26,2,2,2,2,1,6,7.97,7.5,30
1,2,175,994.05,3,3,3,4,0,8,11.53,6.5,30
1,2,176,1012.83,3,3,3,3,1,4,5.57,3.5,30
1,2,177,1024.62,1,2,2,2,1,4,6.37,0.5,30
1,2,178,1033.4,1,2,2,2,1,8,1.43,0.5,30
1,2,179,1046.18,3,3,3,4,0,8,10.51,6.5,30
1,2,180,1064.97,2,1,1,1,1,6,8.4,1.5,30
2,1,1,0.51,4,3,3,3,1,1,2.61,0.5,30
2,1,2,5.3,3,3,3,3,1,1,2.49,0.5,30
2,1,3,10.08,1,2,2,2,1,1,2.51,1.5,30
2,1,4,15.87,1,1,1,1,1,1,2.34,0.5,30
2,1,5,20.65,4,3,3,3,1,1,2.38,2.5,30
2,1,6,27.43,3,3,3,3,1,1,2.26,0.5,30
2,1,7,32.22,1,1,1,1,1,1,2.42,0.5,30
2,1,8,37,3,3,3,3,1,1,2.22,1.5,30
2,1,9,42.78,2,2,2,2,1,1,2.7,1.5,30
2,1,10,48.57,4,3,3,3,1,1,2.28,4.5,30
2,1,11,57.35,2,1,1,1,1,1,2.58,2.5,30
2,1,12,64.14,3,3,3,3,1,1,2.46,0.5,30
2,1,13,68.92,4,4,4,4,1,1,2.47,0.5,30
2,1,14,73.7,2,1,1,1,1,1,2.33,5.5,30
2,1,15,83.49,1,2,2,2,1,1,2.47,0.5,30
2,1,16,88.27,1,2,2,2,1,1,2.36,5.5,30
2,1,17,98.05,3,3,3,3,1,1,2.33,2.5,30
2,1,18,104.84,3,4,4,4,1,1,2.47,0.5,30
2,1,19,109.62,4,3,3,3,1,1,2.54,1.5,30
2,1,20,115.41,2,1,1,1,1,1,2.67,3.5,30
2,1,21,123.19,4,4,4,4,1,1,2.44,3.5,30
2,1,22,130.97,3,4,4,4,1,1,2.56,0.5,30
2,1,23,135.76,2,2,2,2,1,1,2.74,1.5,30
2,1,24,141.54,4,4,4,4,1,1,2.52,1.5,30
2,1,25,147.32,4,4,4,4,1,1,2.65,0.5,30
2,1,26,152.11,3,4,4,4,1,1,2.72,2.5,30
2,1,27,158.89,1,1,1,1,1,1,2.55,4.5,30
2,1,28,167.67,4,4,4,4,1,1,2.33,0.5,30
2,1,29,172.46,3,4,4,4,1,1,2.32,0.5,30
2,1,30,177.24,1,2,2,2,1,1,2.39,2.5,30
2,1,31,184.03,4,4,4,4,1,1,2.33,0.5,30
2,1,32,188.81,2,2,2,2,1,1,2.82,0.5,30
2,1,33,193.59,1,2,2,2,1,1,2.39,0.5,30
2,1,34,198.38,2,2,2,2,1,1,2.66,0.5,30
2,1,35,203.16,2,1,1,1,1,1,2.41,1.5,30
2,1,36,208.94,3,3,3,3,1,1,2.55,0.5,30
2,1,37,213.73,2,2,2,2,1,1,2.42,0.5,30
2,1,38,218.51,4,3,3,3,1,1,2.41,3.5,30
2,1,39,226.3,2,2,2,2,1,1,2.36,0.5,30
2,1,40,231.08,2,2,2,2,1,1,2.23,0.5,30
2,1,41,235.86,1,2,2,2,1,1,2.31,0.5,30
2,1,42,240.65,2,1,1,1,1,1,2.42,0.5,30
2,1,43,245.43,3,4,4,4,1,1,2.29,0.5,30
2,1,44,250.21,1,1,1,1,1,1,2.25,1.5,30
2,1,45,256,2,2,2,2,1,1,2.41,1.5,30
2,1,46,261.78,2,2,2,2,1,1,2.48,1.5,30
2,1,47,267.56,3,3,3,3,1,1,2.51,1.5,30
2,1,48,273.35,3,3,3,3,1,1,2.63,4.5,30
2,1,49,282.13,4,4,4,4,1,1,2.53,1.5,30
2,1,50,287.92,3,3,3,3,1,1,2.37,0.5,30
2,1,51,292.7,3,4,4,4,1,1,2.59,0.5,30
2,1,52,297.48,4,4,4,4,1,1,2.99,0.5,30
2,1,53,302.27,4,3,3,3,1,1,3.21,2.5,30
2,1,54,309.05,1,1,1,1,1,1,2.47,0.5,30
2,1,55,313.83,3,4,4,4,1,1,2.17,1.5,30
2,1,56,319.62,3,4,4,4,1,1,2.2,5.5,30
2,1,57,329.4,4,4,4,4,1,1,2.42,1.5,30
2,1,58,335.19,2,2,2,2,1,1,2.32,1.5,30
2,1,59,340.97,1,1,1,1,1,1,2.88,8,30
2,1,60,353.25,3,4,4,4,1,1,2.49,4.5,30
2,1,61,362.04,1,1,1,1,1,1,2.48,8,30
2,1,62,374.32,4,3,3,3,1,1,2.4,0.5,30
2,1,63,379.11,1,1,1,1,1,1,2.25,2.5,30
2,1,64,385.89,1,1,1,1,1,1,2.29,0.5,30
2,1,65,390.67,2,1,1,1,1,1,2.39,2.5,30
2,1,66,397.46,1,1,1,1,1,1,2.41,0.5,30
2,1,67,402.24,3,4,4,4,1,1,2.26,5.5,30
2,1,68,412.02,2,2,2,2,1,1,2.46,0.5,30
2,1,69,416.81,2,1,1,1,1,1,2.29,0.5,30
2,1,70,421.59,2,2,2,2,1,1,2.24,1.5,30
2,1,71,427.38,1,1,1,1,1,1,2.33,1.5,30
2,1,72,433.16,4,4,4,4,1,1,2.48,0.5,30
2,1,73,437.94,1,1,1,1,1,1,2.22,0.5,30
2,1,74,442.73,4,4,4,4,1,1,2.42,3.5,30
2,1,75,450.51,3,3,3,3,1,1,2.45,0.5,30
2,1,76,455.29,4,3,3,3,1,1,2.35,3.5,30
2,1,77,463.08,1,2,2,1,0,1,2.19,0.5,30
2,1,78,467.86,4,3,3,3,1,1,2.4,3.5,30
2,1,79,475.65,1,1,1,1,1,1,2.33,3.5,30
2,1,80,483.43,1,1,1,1,1,1,2.4,0.5,30
2,1,81,488.21,2,1,1,1,1,1,2.4,3.5,30
2,1,82,496,3,4,4,4,1,1,2.18,4.5,30
2,1,83,504.78,4,3,3,3,1,1,2.89,0.5,30
2,1,84,509.56,4,3,3,3,1,1,2.36,5.5,30
2,1,85,519.35,1,2,2,2,1,1,2.42,5.5,30
2,1,86,529.13,4,4,4,4,1,1,2.55,0.5,30
2,1,87,533.92,2,2,2,2,1,1,2.43,2.5,30
2,1,88,540.7,4,3,3,3,1,1,2.35,0.5,30
2,1,89,545.48,1,2,2,2,1,1,2.35,1.5,30
2,1,90,551.27,4,3,3,3,1,1,2.38,1.5,30
2,1,91,557.05,1,2,2,2,1,1,2.41,3.5,30
2,1,92,564.84,3,4,4,4,1,1,2.61,0.5,30
2,1,93,569.62,2,2,2,2,1,1,2.43,5.5,30
2,1,94,579.4,1,1,1,1,1,1,2.38,1.5,30
2,1,95,585.19,2,2,2,2,1,1,2.44,0.5,30
2,1,96,589.97,3,3,3,3,1,1,2.31,2.5,30
2,1,97,596.75,3,3,3,3,1,1,2.41,1.5,30
2,1,98,602.54,2,1,1,1,1,1,2.24,0.5,30
2,1,99,607.32,3,3,3,3,1,1,2.4,1.5,30
2,1,100,613.11,2,1,1,1,1,1,2.34,0.5,30
2,2,101,0.51,2,1,1,1,1,8,9.51,8,30
2,2,102,20.8,3,3,3,3,1,4,6.24,3.5,30
2,2,103,32.58,1,2,2,2,1,6,8.04,8,30
2,2,104,50.87,2,1,1,1,1,8,1.97,1.5,30
2,2,105,64.65,1,1,1,2,0,6,1.15,6.5,30
2,2,106,81.44,2,2,2,1,0,4,1.34,1.5,30
2,2,107,91.22,3,3,3,4,0,6,4.3,3.5,30
2,2,108,105,4,3,3,3,1,4,6.27,2.5,30
2,2,109,115.79,1,1,1,2,0,4,1.46,8,30
2,2,110,132.07,4,4,4,4,1,6,8.14,0.5,30
2,2,111,142.86,1,1,1,2,0,8,3.14,0.5,30
2,2,112,155.64,3,4,4,4,1,4,6.07,8,30
2,2,113,171.92,2,1,1,1,1,4,1.25,0.5,30
2,2,114,180.71,3,3,3,3,1,6,8.85,0.5,30
2,2,115,191.49,3,3,3,3,1,8,2.58,6.5,30
2,2,116,210.28,4,4,4,4,1,6,7.9,3.5,30
2,2,117,224.06,2,1,1,1,1,8,1.11,3.5,30
2,2,118,239.85,3,4,4,3,0,8,2.51,6.5,30
2,2,119,258.63,3,4,4,3,0,8,3.08,4.5,30
2,2,120,275.42,2,2,2,1,0,8,1.31,1.5,30
2,2,121,289.2,4,3,3,4,0,6,2.04,1.5,30
2,2,122,300.98,3,3,3,3,1,8,11.7,1.5,30
2,2,123,314.77,2,2,2,1,0,8,10.4,0.5,30
2,2,124,327.55,3,3,3,3,1,8,10.67,0.5,30
2,2,125,340.34,4,3,3,3,1,4,7,1.5,30
2,2,126,350.12,4,4,4,4,1,8,9.63,1.5,30
2,2,127,363.9,4,4,4,4,1,4,1.46,0.5,30
2,2,128,372.69,4,3,3,4,0,4,2.97,6.5,30
2,2,129,387.47,4,4,4,4,1,4,2.53,0.5,30
2,2,130,396.26,1,1,1,1,1,6,8.48,1.5,30
2,2,131,408.04,4,3,3,4,0,6,1.75,1.5,30
2,2,132,419.82,1,2,2,2,1,4,7.48,0.5,30
2,2,133,428.61,4,4,4,4,1,4,1.28,0.5,30
2,2,134,437.39,2,1,1,1,1,4,3.69,4.5,30
2,2,135,450.18,2,2,2,1,0,4,1.29,3.5,30
2,2,136,461.96,3,3,3,3,1,4,5.83,1.5,30
2,2,137,471.74,1,1,1,1,1,6,8.84,0.5,30
2,2,138,482.53,2,2,2,1,0,4,1.28,2.5,30
2,2,139,493.31,1,2,2,2,1,8,11.57,0.5,30
2,2,140,506.1,2,2,2,1,0,8,1.7,0.5,30
2,2,141,518.88,2,2,2,1,0,6,2.55,7.5,30
2,2,142,536.66,1,1,1,1,1,6,9.23,3.5,30
2,2,143,550.45,4,3,3,4,0,8,3.03,6.5,30
2,2,144,569.23,1,1,1,1,1,8,10.1,8,30
2,2,145,589.52,1,2,2,1,0,6,5.36,0.5,30
2,2,146,600.3,1,1,1,1,1,8,11.6,8,30
2,2,147,620.59,1,1,1,1,1,4,7.04,0.5,30
2,2,148,629.37,1,1,1,2,0,4,7.35,0.5,30
2,2,149,638.16,1,2,2,2,1,6,8.93,1.5,30
2,2,150,649.94,2,2,2,1,0,8,10.13,0.5,30
2,2,151,662.72,2,1,1,NA,0,6,NA,1.5,30
2,2,152,674.51,3,3,3,3,1,4,5.78,1.5,30
2,2,153,684.29,1,2,2,2,1,8,10.41,5.5,30
2,2,154,702.08,4,3,3,4,0,6,9.27,1.5,30
2,2,155,713.86,3,3,3,3,1,6,7.83,4.5,30
2,2,156,728.64,2,2,2,2,1,4,6.53,1.5,30
2,2,157,738.43,2,2,2,1,0,6,8.78,7.5,30
2,2,158,756.21,2,2,2,1,0,6,5.29,4.5,30
2,2,159,771,3,4,4,3,0,6,6.15,0.5,30
2,2,160,781.78,1,1,1,1,1,8,10.4,3.5,30
2,2,161,797.57,3,4,4,4,1,8,9.83,8,30
2,2,162,817.85,4,4,4,4,1,6,8.3,4.5,30
2,2,163,832.64,3,3,3,3,1,6,8.12,0.5,30
2,2,164,843.42,1,2,2,2,1,4,6.43,1.5,30
2,2,165,853.2,3,4,4,4,1,6,8.2,5.5,30
2,2,166,868.99,3,4,4,3,0,4,4.34,0.5,30
2,2,167,877.77,2,2,2,1,0,6,1.08,5.5,30
2,2,168,893.56,2,1,1,2,0,6,8.83,3.5,30
2,2,169,907.34,3,4,4,4,1,8,9.87,2.5,30
2,2,170,922.13,4,3,3,3,1,4,5.77,4.5,30
2,2,171,934.91,1,2,2,2,1,4,6.73,2.5,30
2,2,172,945.69,4,4,4,4,1,8,9.67,0.5,30
2,2,173,958.48,4,3,3,3,1,8,9.93,2.5,30
2,2,174,973.26,2,1,1,1,1,4,6.38,1.5,30
2,2,175,983.05,4,4,4,4,1,8,7.69,1.5,30
2,2,176,996.83,4,3,3,4,0,8,1.93,3.5,30
2,2,177,1012.61,3,4,4,3,0,4,5.41,8,30
2,2,178,1028.9,1,1,1,1,1,4,6.28,8,30
2,2,179,1045.18,3,4,4,4,1,6,7.78,3.5,30
2,2,180,1058.97,4,4,4,4,1,8,1.69,3.5,30
1,1,1,0.51,3,4,4,4,1,1,3.14,0.5,31
1,1,2,5.29,3,4,4,4,1,1,2.28,0.5,31
1,1,3,10.07,1,1,1,1,1,1,2.5,0.5,31
1,1,4,14.86,1,1,1,1,1,1,1,0.5,31
1,1,5,19.64,2,2,2,2,1,1,2.61,0.5,31
1,1,6,24.42,2,1,1,2,0,1,1.23,0.5,31
1,1,7,29.21,1,2,2,2,1,1,2.49,2.5,31
1,1,8,35.99,1,2,2,2,1,1,2.28,0.5,31
1,1,9,40.77,2,2,2,2,1,1,2.42,0.5,31
1,1,10,45.56,4,4,4,4,1,1,2.6,1.5,31
1,1,11,51.34,3,3,3,3,1,1,2.44,0.5,31
1,1,12,56.13,4,3,3,3,1,1,2.49,1.5,31
1,1,13,61.91,2,1,1,1,1,1,2.47,0.5,31
1,1,14,66.69,1,2,2,2,1,1,2.18,1.5,31
1,1,15,72.48,1,1,1,1,1,1,2.2,0.5,31
1,1,16,77.26,2,2,2,2,1,1,2.3,2.5,31
1,1,17,84.04,2,2,2,2,1,1,2.42,8,31
1,1,18,96.33,2,1,1,2,0,1,1.12,0.5,31
1,1,19,101.11,1,1,1,1,1,1,2.32,0.5,31
1,1,20,105.9,1,1,1,1,1,1,2.14,0.5,31
1,1,21,110.68,2,2,2,2,1,1,2.2,0.5,31
1,1,22,115.46,4,3,3,3,1,1,2.24,0.5,31
1,1,23,120.25,2,1,1,1,1,1,2.34,4.5,31
1,1,24,129.03,3,3,3,3,1,1,2.33,1.5,31
1,1,25,134.81,1,2,2,2,1,1,2.3,1.5,31
1,1,26,140.6,1,1,1,1,1,1,2.26,1.5,31
1,1,27,146.38,4,3,3,3,1,1,2.19,3.5,31
1,1,28,154.17,2,2,2,2,1,1,2.15,1.5,31
1,1,29,159.95,1,1,1,1,1,1,1.05,1.5,31
1,1,30,165.73,2,1,1,2,0,1,0.99,1.5,31
1,1,31,171.52,2,2,2,2,1,1,2.27,3.5,31
1,1,32,179.3,3,4,4,3,0,1,1.38,5.5,31
1,1,33,189.09,4,3,3,3,1,1,2.24,0.5,31
1,1,34,193.87,4,4,4,4,1,1,2.46,2.5,31
1,1,35,200.65,2,2,2,2,1,1,2.15,5.5,31
1,1,36,210.44,3,3,3,3,1,1,2.45,0.5,31
1,1,37,215.22,4,4,4,4,1,1,2.51,4.5,31
1,1,38,224,1,1,1,1,1,1,2.13,2.5,31
1,1,39,230.79,4,4,4,3,0,1,1.2,0.5,31
1,1,40,235.57,3,4,4,4,1,1,2.38,0.5,31
1,1,41,240.35,2,1,1,1,1,1,2.37,0.5,31
1,1,42,245.14,2,2,2,2,1,1,1.17,0.5,31
1,1,43,249.92,2,2,2,1,0,1,1.16,0.5,31
1,1,44,254.71,4,3,3,3,1,1,2.35,0.5,31
1,1,45,259.49,3,3,3,3,1,1,2.21,0.5,31
1,1,46,264.27,4,4,4,4,1,1,1.11,0.5,31
1,1,47,269.06,1,1,1,1,1,1,2.38,3.5,31
1,1,48,276.84,2,2,2,2,1,1,2.34,2.5,31
1,1,49,283.62,4,4,4,4,1,1,2.34,0.5,31
1,1,50,288.41,3,4,4,3,0,1,1.06,2.5,31
1,1,51,295.19,4,3,3,3,1,1,2.32,0.5,31
1,1,52,299.98,3,3,3,3,1,1,1.8,0.5,31
1,1,53,304.76,3,3,3,4,0,1,1.05,3.5,31
1,1,54,312.54,1,1,1,1,1,1,2.4,3.5,31
1,1,55,320.33,1,1,1,1,1,1,2.25,1.5,31
1,1,56,326.11,3,4,4,4,1,1,2.65,4.5,31
1,1,57,334.89,4,3,3,3,1,1,2.18,0.5,31
1,1,58,339.68,3,3,3,3,1,1,2.38,1.5,31
1,1,59,345.46,2,1,1,1,1,1,2.41,5.5,31
1,1,60,355.25,4,3,3,3,1,1,2.23,0.5,31
1,1,61,360.03,3,4,4,4,1,1,2.2,3.5,31
1,1,62,367.81,1,1,1,1,1,1,2.26,0.5,31
1,1,63,372.6,1,2,2,2,1,1,2.18,5.5,31
1,1,64,382.38,1,1,1,1,1,1,1.28,0.5,31
1,1,65,387.17,3,3,3,4,0,1,1.25,0.5,31
1,1,66,391.95,3,3,3,3,1,1,2.68,5.5,31
1,1,67,401.73,3,4,4,4,1,1,2.28,1.5,31
1,1,68,407.52,3,3,3,3,1,1,1.25,3.5,31
1,1,69,415.3,1,2,2,2,1,1,1.11,8,31
1,1,70,427.58,1,2,2,1,0,1,1.16,1.5,31
1,1,71,433.37,3,3,3,3,1,1,1.47,0.5,31
1,1,72,438.15,4,3,3,3,1,1,2.2,3.5,31
1,1,73,445.94,3,4,4,4,1,1,1.05,0.5,31
1,1,74,450.72,1,2,2,1,0,1,1.72,1.5,31
1,1,75,456.5,4,4,4,4,1,1,2.43,0.5,31
1,1,76,461.29,1,1,1,2,0,1,1.79,1.5,31
1,1,77,467.07,2,1,1,1,1,1,2.41,0.5,31
1,1,78,471.85,4,3,3,3,1,1,1.57,0.5,31
1,1,79,476.64,2,1,1,2,0,1,1.25,1.5,31
1,1,80,482.42,4,3,3,4,0,1,1.41,0.5,31
1,1,81,487.2,1,2,2,2,1,1,2.42,5.5,31
1,1,82,496.99,2,1,1,1,1,1,2.32,0.5,31
1,1,83,501.77,3,3,3,3,1,1,2.29,2.5,31
1,1,84,508.56,4,4,4,4,1,1,2.49,0.5,31
1,1,85,513.34,3,4,4,4,1,1,1.53,1.5,31
1,1,86,519.12,3,4,4,3,0,1,1.08,0.5,31
1,1,87,523.91,3,4,4,4,1,1,2.22,2.5,31
1,1,88,530.69,3,3,3,3,1,1,2.19,1.5,31
1,1,89,536.47,4,3,3,3,1,1,2.38,1.5,31
1,1,90,542.26,2,2,2,2,1,1,1.58,1.5,31
1,1,91,548.04,4,4,4,4,1,1,1.3,1.5,31
1,1,92,553.83,4,4,4,3,0,1,1,4.5,31
1,1,93,562.61,4,3,3,3,1,1,2.44,1.5,31
1,1,94,568.39,1,1,1,1,1,1,2.36,5.5,31
1,1,95,578.18,4,4,4,4,1,1,2.21,4.5,31
1,1,96,586.96,1,2,2,1,0,1,1.42,0.5,31
1,1,97,591.75,2,2,2,2,1,1,2.16,2.5,31
1,1,98,598.53,2,2,2,2,1,1,1.44,0.5,31
1,1,99,603.31,2,2,2,1,0,1,1.05,2.5,31
1,1,100,610.1,4,4,4,4,1,1,2.37,3.5,31
1,2,101,0.5,2,2,2,2,1,8,6.59,3.5,31
1,2,102,16.29,1,1,1,1,1,6,1.34,1.5,31
1,2,103,28.07,3,4,4,4,1,8,2.04,6.5,31
1,2,104,46.86,4,3,3,3,1,4,1.18,0.5,31
1,2,105,55.64,3,4,4,3,0,6,2.73,0.5,31
1,2,106,66.42,1,1,1,1,1,8,10.63,1.5,31
1,2,107,80.21,4,4,4,4,1,4,5.88,5.5,31
1,2,108,93.99,2,1,1,1,1,8,10.67,1.5,31
1,2,109,107.78,1,1,1,2,0,4,2.36,0.5,31
1,2,110,116.56,2,2,2,2,1,8,10.11,3.5,31
1,2,111,132.35,2,2,2,2,1,6,1.54,6.5,31
1,2,112,149.13,4,4,4,3,0,6,2.27,0.5,31
1,2,113,159.91,1,2,2,2,1,4,6.2,0.5,31
1,2,114,168.7,3,3,3,4,0,6,8.54,1.5,31
1,2,115,180.48,4,4,4,4,1,8,3.14,2.5,31
1,2,116,195.27,1,2,2,1,0,6,2.2,8,31
1,2,117,213.55,4,4,4,3,0,6,2.94,3.5,31
1,2,118,227.34,4,4,4,4,1,4,1.66,5.5,31
1,2,119,241.12,1,1,1,2,0,6,8.87,2.5,31
1,2,120,253.9,2,1,1,2,0,8,3.45,4.5,31
1,2,121,270.69,2,2,2,1,0,8,1.41,8,31
1,2,122,290.97,1,2,2,1,0,4,1.79,4.5,31
1,2,123,303.76,4,4,4,3,0,8,9.27,1.5,31
1,2,124,317.54,2,1,1,2,0,6,8.83,1.5,31
1,2,125,329.33,2,1,1,2,0,4,7.53,5.5,31
1,2,126,343.11,1,2,2,2,1,8,11,0.5,31
1,2,127,355.89,2,2,2,2,1,4,7.38,6.5,31
1,2,128,370.68,3,3,3,4,0,6,2.33,4.5,31
1,2,129,385.46,1,2,2,1,0,6,2.22,1.5,31
1,2,130,397.25,2,2,2,2,1,6,8.67,1.5,31
1,2,131,409.03,4,3,3,4,0,4,6.9,8,31
1,2,132,425.32,1,1,1,1,1,4,6.4,8,31
1,2,133,441.6,3,3,3,3,1,6,8.27,0.5,31
1,2,134,452.38,3,3,3,3,1,8,10.3,8,31
1,2,135,472.67,3,4,4,3,0,6,1.74,6.5,31
1,2,136,489.45,2,2,2,2,1,6,8.87,0.5,31
1,2,137,500.24,2,1,1,2,0,4,6.64,1.5,31
1,2,138,510.02,4,3,3,3,1,8,10.11,3.5,31
1,2,139,525.81,4,3,3,3,1,6,8.2,0.5,31
1,2,140,536.59,1,1,1,2,0,8,11,1.5,31
1,2,141,550.37,1,1,1,1,1,6,2.66,7.5,31
1,2,142,568.16,4,3,3,3,1,6,8.27,0.5,31
1,2,143,578.94,2,2,2,2,1,4,2.19,0.5,31
1,2,144,587.73,3,3,3,4,0,4,1.33,3.5,31
1,2,145,599.51,1,1,1,1,1,8,11,4.5,31
1,2,146,616.3,3,4,4,3,0,8,1.92,1.5,31
1,2,147,630.08,1,2,2,2,1,4,6.64,3.5,31
1,2,148,641.86,1,1,1,1,1,4,6.47,2.5,31
1,2,149,652.65,4,3,3,4,0,8,3.02,8,31
1,2,150,672.93,2,1,1,NA,0,6,NA,0.5,31
1,2,151,683.72,4,4,4,4,1,4,5.87,6.5,31
1,2,152,698.5,2,1,1,1,1,8,10.23,1.5,31
1,2,153,712.29,3,3,3,4,0,8,3.22,1.5,31
1,2,154,726.07,3,4,4,3,0,8,1.98,4.5,31
1,2,155,742.85,1,1,1,1,1,6,8.6,0.5,31
1,2,156,753.64,4,3,3,3,1,4,6.58,7.5,31
1,2,157,769.42,2,2,2,2,1,4,3.13,3.5,31
1,2,158,781.21,1,2,2,1,0,6,1.78,8,31
1,2,159,799.49,3,3,3,3,1,4,6.5,2.5,31
1,2,160,810.28,3,4,4,4,1,8,10.43,1.5,31
1,2,161,824.06,1,2,2,2,1,8,10.1,0.5,31
1,2,162,836.84,1,1,1,2,0,8,3.64,8,31
1,2,163,857.13,4,4,4,4,1,6,8.17,1.5,31
1,2,164,868.91,3,4,4,4,1,6,7.83,4.5,31
1,2,165,883.7,4,3,3,3,1,8,2.66,3.5,31
1,2,166,899.48,3,4,4,3,0,4,4.39,0.5,31
1,2,167,908.27,3,3,3,3,1,4,6.5,0.5,31
1,2,168,917.05,2,2,2,2,1,4,6.37,1.5,31
1,2,169,926.83,2,2,2,2,1,8,1.64,0.5,31
1,2,170,939.62,3,4,4,4,1,4,6.75,0.5,31
1,2,171,948.4,3,4,4,4,1,4,1.35,8,31
1,2,172,964.69,2,1,1,1,1,4,4.9,0.5,31
1,2,173,973.47,1,1,1,1,1,4,2.78,3.5,31
1,2,174,985.25,3,3,3,4,0,6,2.98,2.5,31
1,2,175,998.04,4,3,3,4,0,4,3.15,1.5,31
1,2,176,1007.82,4,4,4,3,0,6,2.5,1.5,31
1,2,177,1019.61,4,3,3,3,1,6,1.83,0.5,31
1,2,178,1030.39,4,4,4,4,1,8,1.58,3.5,31
1,2,179,1046.17,3,3,3,3,1,8,2.87,3.5,31
1,2,180,1061.96,2,2,2,2,1,6,2.57,0.5,31
1,1,1,0.51,2,2,2,2,1,1,2.52,1.5,33
1,1,2,6.3,1,1,1,1,1,1,2.28,0.5,33
1,1,3,11.08,3,4,4,4,1,1,2.65,3.5,33
1,1,4,18.87,2,1,1,1,1,1,2.41,1.5,33
1,1,5,24.65,4,4,4,3,0,1,2.28,0.5,33
1,1,6,29.43,3,3,3,3,1,1,2.52,4.5,33
1,1,7,38.22,1,2,2,2,1,1,2.31,5.5,33
1,1,8,48,1,1,1,1,1,1,2.54,0.5,33
1,1,9,52.78,4,4,4,4,1,1,2.66,0.5,33
1,1,10,57.57,4,4,4,4,1,1,2.49,1.5,33
1,1,11,63.35,3,4,4,4,1,1,2.57,1.5,33
1,1,12,69.13,1,1,1,1,1,1,2.15,4.5,33
1,1,13,77.92,4,4,4,4,1,1,2.53,0.5,33
1,1,14,82.7,4,3,3,3,1,1,2.47,1.5,33
1,1,15,88.49,3,3,3,3,1,1,2.55,0.5,33
1,1,16,93.27,4,3,3,3,1,1,2.47,0.5,33
1,1,17,98.05,2,2,2,2,1,1,2.4,1.5,33
1,1,18,103.84,1,1,1,1,1,1,2.15,1.5,33
1,1,19,109.62,2,2,2,2,1,1,2.26,0.5,33
1,1,20,114.41,4,4,4,4,1,1,2.63,0.5,33
1,1,21,119.19,1,1,1,1,1,1,2.08,0.5,33
1,1,22,123.97,4,3,3,3,1,1,2.46,1.5,33
1,1,23,129.76,3,4,4,3,0,1,2.16,0.5,33
1,1,24,134.54,1,1,1,1,1,1,0.99,0.5,33
1,1,25,139.32,3,3,3,3,1,1,2.39,0.5,33
1,1,26,144.11,3,3,3,3,1,1,2.21,1.5,33
1,1,27,149.89,4,3,3,3,1,1,2.32,0.5,33
1,1,28,154.67,4,4,4,4,1,1,2.29,3.5,33
1,1,29,162.46,1,2,2,1,0,1,0.78,4.5,33
1,1,30,171.24,4,3,3,3,1,1,2.52,1.5,33
1,1,31,177.03,2,2,2,2,1,1,2.33,2.5,33
1,1,32,183.81,1,1,1,1,1,1,0.97,0.5,33
1,1,33,188.59,2,1,1,2,0,1,0.95,1.5,33
1,1,34,194.38,2,1,1,1,1,1,1,1.5,33
1,1,35,200.16,3,4,4,3,0,1,2.26,0.5,33
1,1,36,204.94,1,2,2,2,1,1,2.3,0.5,33
1,1,37,209.73,2,2,2,1,0,1,1.04,0.5,33
1,1,38,214.51,1,1,1,1,1,1,2.19,2.5,33
1,1,39,221.3,4,3,3,3,1,1,2.43,1.5,33
1,1,40,227.08,4,4,4,4,1,1,2.29,0.5,33
1,1,41,231.86,2,2,2,2,1,1,2.17,2.5,33
1,1,42,238.65,3,3,3,3,1,1,2.38,2.5,33
1,1,43,245.43,1,1,1,1,1,1,2.21,5.5,33
1,1,44,255.21,1,2,2,1,0,1,1.45,5.5,33
1,1,45,265,1,1,1,1,1,1,2.12,0.5,33
1,1,46,269.78,2,2,2,2,1,1,2.23,2.5,33
1,1,47,276.57,4,4,4,3,0,1,2.24,0.5,33
1,1,48,281.35,2,2,2,2,1,1,2.31,0.5,33
1,1,49,286.13,2,2,2,2,1,1,2.17,5.5,33
1,1,50,295.92,3,3,3,3,1,1,2.39,0.5,33
1,1,51,300.7,4,3,3,3,1,1,2.55,1.5,33
1,1,52,306.48,4,3,3,3,1,1,2.17,3.5,33
1,1,53,314.27,2,1,1,1,1,1,2.32,5.5,33
1,1,54,324.05,3,4,4,4,1,1,2.41,0.5,33
1,1,55,328.84,1,1,1,1,1,1,2.26,1.5,33
1,1,56,334.62,3,3,3,3,1,1,2.2,3.5,33
1,1,57,342.4,3,3,3,3,1,1,2.24,1.5,33
1,1,58,348.19,1,1,1,1,1,1,2.16,8,33
1,1,59,360.47,3,4,4,3,0,1,1.36,0.5,33
1,1,60,365.25,4,3,3,3,1,1,2.32,1.5,33
1,1,61,371.04,2,2,2,2,1,1,2.24,0.5,33
1,1,62,375.82,2,2,2,2,1,1,2.14,2.5,33
1,1,63,382.61,3,3,3,3,1,1,2.49,0.5,33
1,1,64,387.39,3,3,3,3,1,1,2.34,4.5,33
1,1,65,396.17,3,4,4,3,0,1,2.29,3.5,33
1,1,66,403.96,2,2,2,2,1,1,2.45,0.5,33
1,1,67,408.74,2,2,2,1,0,1,1.67,3.5,33
1,1,68,416.53,3,4,4,4,1,1,2.45,3.5,33
1,1,69,424.31,1,2,2,2,1,1,2.39,0.5,33
1,1,70,429.09,4,3,3,3,1,1,2.34,1.5,33
1,1,71,434.88,1,1,1,1,1,1,2.29,3.5,33
1,1,72,442.66,4,4,4,3,0,1,0.99,0.5,33
1,1,73,447.44,2,2,2,2,1,1,2.37,2.5,33
1,1,74,454.23,4,3,3,3,1,1,2.42,8,33
1,1,75,466.51,2,2,2,2,1,1,2.32,5.5,33
1,1,76,476.3,3,3,3,3,1,1,2.61,1.5,33
1,1,77,482.08,3,4,4,4,1,1,2.39,3.5,33
1,1,78,489.86,1,1,1,1,1,1,2.23,0.5,33
1,1,79,494.65,1,1,1,1,1,1,2.19,0.5,33
1,1,80,499.43,4,3,3,3,1,1,2.17,5.5,33
1,1,81,509.21,3,3,3,3,1,1,2.32,0.5,33
1,1,82,514,2,2,2,2,1,1,2.14,0.5,33
1,1,83,518.78,2,2,2,2,1,1,1.08,2.5,33
1,1,84,525.57,4,4,4,4,1,1,0.75,1.5,33
1,1,85,531.35,3,4,4,4,1,1,0.7,0.5,33
1,1,86,536.13,2,2,2,1,0,1,0.73,0.5,33
1,1,87,540.92,1,1,1,2,0,1,0.75,0.5,33
1,1,88,545.7,2,2,2,2,1,1,2.27,0.5,33
1,1,89,550.48,4,4,4,4,1,1,2.43,0.5,33
1,1,90,555.27,4,4,4,4,1,1,2.37,0.5,33
1,1,91,560.05,1,1,1,1,1,1,2.32,0.5,33
1,1,92,564.84,3,4,4,4,1,1,2.57,0.5,33
1,1,93,569.62,3,4,4,4,1,1,2.28,0.5,33
1,1,94,574.4,3,3,3,3,1,1,2.37,1.5,33
1,1,95,580.19,1,1,1,1,1,1,2.21,4.5,33
1,1,96,588.97,2,1,1,1,1,1,0.56,2.5,33
1,1,97,595.75,1,1,1,2,0,1,1.23,0.5,33
1,1,98,600.54,4,3,3,3,1,1,2.41,2.5,33
1,1,99,607.32,2,2,2,2,1,1,2.2,0.5,33
1,1,100,612.1,1,1,1,2,0,1,1.13,1.5,33
1,2,101,0.52,1,2,2,1,0,8,8.62,0.5,33
1,2,102,13.3,4,3,3,3,1,4,1.56,1.5,33
1,2,103,23.08,1,1,1,1,1,6,4.6,1.5,33
1,2,104,34.87,2,2,2,1,0,6,2.51,3.5,33
1,2,105,48.65,4,4,4,3,0,6,6.69,1.5,33
1,2,106,60.43,3,3,3,3,1,4,1.39,8,33
1,2,107,76.72,2,1,1,1,1,8,1.99,2.5,33
1,2,108,91.5,3,4,4,3,0,4,6.2,0.5,33
1,2,109,100.29,1,1,1,1,1,4,5.68,6.5,33
1,2,110,115.07,1,1,1,2,0,8,9.88,5.5,33
1,2,111,132.86,4,4,4,3,0,8,9.67,7.5,33
1,2,112,152.64,3,4,4,3,0,8,9.57,1.5,33
1,2,113,166.43,2,2,2,2,1,4,5.53,6.5,33
1,2,114,181.21,4,4,4,4,1,4,6,0.5,33
1,2,115,189.99,4,3,3,3,1,8,9.75,0.5,33
1,2,116,202.78,1,1,1,1,1,8,9.97,3.5,33
1,2,117,218.56,1,2,2,2,1,6,7.77,1.5,33
1,2,118,230.35,3,3,3,3,1,8,9.77,1.5,33
1,2,119,244.13,2,2,2,2,1,4,5.53,0.5,33
1,2,120,252.91,1,1,1,1,1,8,10.04,0.5,33
1,2,121,265.7,3,4,4,4,1,4,5.8,0.5,33
1,2,122,274.48,1,1,1,2,0,4,5.65,3.5,33
1,2,123,286.27,4,4,4,4,1,8,9.81,3.5,33
1,2,124,302.05,4,4,4,4,1,4,5.55,0.5,33
1,2,125,310.84,2,2,2,2,1,6,7.83,0.5,33
1,2,126,321.62,3,3,3,3,1,8,9.54,3.5,33
1,2,127,337.4,4,3,3,4,0,4,5.44,4.5,33
1,2,128,350.19,2,2,2,2,1,8,9.58,2.5,33
1,2,129,364.97,3,3,3,4,0,6,8.24,8,33
1,2,130,383.26,1,1,1,1,1,8,9.67,0.5,33
1,2,131,396.04,2,2,2,2,1,4,5.71,0.5,33
1,2,132,404.82,3,4,4,4,1,8,9.54,4.5,33
1,2,133,421.61,1,2,2,2,1,4,5.97,4.5,33
1,2,134,434.39,1,1,1,1,1,4,5.93,0.5,33
1,2,135,443.18,2,2,2,2,1,4,5.8,1.5,33
1,2,136,452.96,3,4,4,3,0,6,7.7,5.5,33
1,2,137,468.75,3,3,3,3,1,4,5.33,0.5,33
1,2,138,477.53,2,2,2,2,1,4,5.67,2.5,33
1,2,139,488.31,1,1,1,2,0,4,5.8,1.5,33
1,2,140,498.1,1,1,1,1,1,6,0.79,4.5,33
1,2,141,512.88,1,2,2,2,1,6,7.9,4.5,33
1,2,142,527.67,4,4,4,4,1,6,7.64,6.5,33
1,2,143,544.45,1,1,1,2,0,4,5.67,1.5,33
1,2,144,554.23,2,2,2,2,1,6,7.51,0.5,33
1,2,145,565.02,3,4,4,4,1,8,10.01,1.5,33
1,2,146,578.8,1,1,1,1,1,8,1.03,7.5,33
1,2,147,598.59,1,1,1,1,1,6,8.07,3.5,33
1,2,148,612.37,3,4,4,4,1,8,9.94,8,33
1,2,149,632.66,3,3,3,3,1,6,8.27,8,33
1,2,150,650.94,1,1,1,2,0,6,8.32,8,33
1,2,151,669.23,2,2,2,2,1,6,0.64,8,33
1,2,152,687.51,4,3,3,4,0,6,8.08,3.5,33
1,2,153,701.29,4,3,3,3,1,6,8.21,6.5,33
1,2,154,718.08,2,2,2,2,1,4,1.1,3.5,33
1,2,155,729.86,2,2,2,2,1,8,10.48,8,33
1,2,156,750.15,2,1,1,1,1,4,6.1,0.5,33
1,2,157,758.93,1,1,1,1,1,6,8,1.5,33
1,2,158,770.72,4,3,3,3,1,4,5.7,1.5,33
1,2,159,780.5,4,3,3,4,0,6,8.04,0.5,33
1,2,160,791.28,4,4,4,4,1,4,5.7,3.5,33
1,2,161,803.07,3,3,3,3,1,8,10.11,0.5,33
1,2,162,815.85,4,4,4,4,1,8,9.73,8,33
1,2,163,836.14,3,4,4,4,1,6,7.7,6.5,33
1,2,164,852.92,3,3,3,3,1,4,5.77,2.5,33
1,2,165,863.71,3,3,3,3,1,6,7.84,0.5,33
1,2,166,874.49,2,2,2,2,1,8,1.46,0.5,33
1,2,167,887.27,2,2,2,2,1,8,10.07,0.5,33
1,2,168,900.06,4,4,4,4,1,6,7.74,4.5,33
1,2,169,914.84,4,3,3,4,0,4,6.1,1.5,33
1,2,170,924.63,1,1,1,1,1,4,0.97,3.5,33
1,2,171,936.41,3,3,3,3,1,6,7.62,3.5,33
1,2,172,950.2,2,1,1,2,0,8,1.08,2.5,33
1,2,173,964.98,3,4,4,4,1,6,2.68,8,33
1,2,174,983.26,2,2,2,2,1,8,1.37,1.5,33
1,2,175,997.05,2,1,1,2,0,6,1.36,1.5,33
1,2,176,1008.83,3,4,4,3,0,4,2.04,1.5,33
1,2,177,1018.62,4,4,4,3,0,6,2.41,1.5,33
1,2,178,1030.4,4,3,3,4,0,8,10.28,1.5,33
1,2,179,1044.18,2,2,2,2,1,6,1.27,0.5,33
1,2,180,1054.97,4,3,3,3,1,8,9.73,5.5,33
2,1,1,0.51,3,3,3,3,1,1,2.77,0.5,33
2,1,2,5.3,2,2,2,2,1,1,2.36,0.5,33
2,1,3,10.08,2,2,2,2,1,1,2.16,0.5,33
2,1,4,14.87,1,1,1,1,1,1,2.1,0.5,33
2,1,5,19.65,4,3,3,3,1,1,2.47,5.5,33
2,1,6,29.43,2,2,2,2,1,1,2.26,0.5,33
2,1,7,34.22,1,1,1,1,1,1,0.69,0.5,33
2,1,8,39,1,1,1,1,1,1,0.59,5.5,33
2,1,9,48.78,2,1,1,1,1,1,2.29,2.5,33
2,1,10,55.57,1,2,2,1,0,1,0.53,0.5,33
2,1,11,60.35,4,3,3,4,0,1,1.34,3.5,33
2,1,12,68.14,2,1,1,1,1,1,2.33,1.5,33
2,1,13,73.92,1,1,1,1,1,1,1.5,0.5,33
2,1,14,78.7,1,1,1,1,1,1,2.19,0.5,33
2,1,15,83.49,1,1,1,1,1,1,0.57,0.5,33
2,1,16,88.27,3,3,3,3,1,1,1.41,3.5,33
2,1,17,96.05,4,4,4,3,0,1,1.12,0.5,33
2,1,18,100.84,1,1,1,1,1,1,0.72,4.5,33
2,1,19,109.62,4,3,3,4,0,1,1.42,1.5,33
2,1,20,115.41,3,3,3,3,1,1,1.22,0.5,33
2,1,21,120.19,3,4,4,3,0,1,0.57,0.5,33
2,1,22,124.97,1,1,1,1,1,1,0.73,2.5,33
2,1,23,131.76,4,4,4,4,1,1,2.36,1.5,33
2,1,24,137.54,1,1,1,1,1,1,0.71,0.5,33
2,1,25,142.32,2,2,2,2,1,1,2.32,2.5,33
2,1,26,149.11,2,1,1,1,1,1,2.18,2.5,33
2,1,27,155.89,4,3,3,3,1,1,2.68,1.5,33
2,1,28,161.68,1,2,2,1,0,1,0.63,0.5,33
2,1,29,166.46,1,1,1,1,1,1,0.72,0.5,33
2,1,30,171.24,4,3,3,3,1,1,2.54,0.5,33
2,1,31,176.03,4,4,4,4,1,1,2.43,1.5,33
2,1,32,181.81,2,1,1,1,1,1,2.28,0.5,33
2,1,33,186.59,4,3,3,3,1,1,2.6,8,33
2,1,34,198.88,2,2,2,2,1,1,2.21,5.5,33
2,1,35,208.66,4,3,3,3,1,1,2.44,0.5,33
2,1,36,213.45,2,1,1,1,1,1,2.32,5.5,33
2,1,37,223.23,4,4,4,4,1,1,2.4,2.5,33
2,1,38,230.01,3,4,4,3,0,1,0.69,3.5,33
2,1,39,237.8,4,4,4,4,1,1,2.36,0.5,33
2,1,40,242.58,3,3,3,3,1,1,0.81,0.5,33
2,1,41,247.36,3,3,3,3,1,1,2.35,4.5,33
2,1,42,256.15,3,3,3,3,1,1,0.61,1.5,33
2,1,43,261.93,1,1,1,1,1,1,0.67,0.5,33
2,1,44,266.72,2,2,2,2,1,1,2.26,1.5,33
2,1,45,272.5,2,1,1,1,1,1,2.3,0.5,33
2,1,46,277.28,4,4,4,4,1,1,2.31,3.5,33
2,1,47,285.07,4,4,4,4,1,1,2.81,0.5,33
2,1,48,289.85,4,4,4,3,0,1,2.13,1.5,33
2,1,49,295.63,3,3,3,2,0,1,0.62,1.5,33
2,1,50,301.42,3,4,4,3,0,1,0.5,0.5,33
2,1,51,306.2,4,4,4,4,1,1,2.19,1.5,33
2,1,52,311.99,3,3,3,3,1,1,0.86,1.5,33
2,1,53,317.77,3,4,4,3,0,1,0.74,0.5,33
2,1,54,322.55,4,3,3,3,1,1,2.32,1.5,33
2,1,55,328.34,3,4,4,3,0,1,0.7,3.5,33
2,1,56,336.12,3,4,4,4,1,1,2.49,3.5,33
2,1,57,343.9,2,2,2,2,1,1,2.1,2.5,33
2,1,58,350.69,4,4,4,4,1,1,1.95,0.5,33
2,1,59,355.47,3,3,3,3,1,1,1.14,0.5,33
2,1,60,360.26,1,2,2,1,0,1,0.7,5.5,33
2,1,61,370.04,3,3,3,3,1,1,0.83,0.5,33
2,1,62,374.82,2,2,2,2,1,1,2.14,3.5,33
2,1,63,382.61,2,1,1,1,1,1,2.3,1.5,33
2,1,64,388.39,2,2,2,2,1,1,2.24,0.5,33
2,1,65,393.17,4,4,4,4,1,1,2.39,0.5,33
2,1,66,397.96,2,2,2,2,1,1,2.34,0.5,33
2,1,67,402.74,3,3,3,3,1,1,0.98,2.5,33
2,1,68,409.53,2,2,2,2,1,1,2.16,0.5,33
2,1,69,414.31,3,4,4,3,0,1,0.81,0.5,33
2,1,70,419.09,1,2,2,1,0,1,0.63,3.5,33
2,1,71,426.88,3,4,4,3,0,1,1.03,0.5,33
2,1,72,431.66,4,3,3,3,1,1,2.26,1.5,33
2,1,73,437.44,2,1,1,1,1,1,2.27,1.5,33
2,1,74,443.23,4,4,4,3,0,1,0.86,0.5,33
2,1,75,448.01,1,1,1,1,1,1,0.95,4.5,33
2,1,76,456.8,2,2,2,2,1,1,2.32,2.5,33
2,1,77,463.58,4,4,4,4,1,1,1.28,0.5,33
2,1,78,468.36,1,1,1,1,1,1,0.94,0.5,33
2,1,79,473.15,1,1,1,1,1,1,0.94,1.5,33
2,1,80,478.93,1,2,2,1,0,1,1.33,5.5,33
2,1,81,488.71,3,4,4,3,0,1,1.13,0.5,33
2,1,82,493.5,1,1,1,1,1,1,1.08,1.5,33
2,1,83,499.28,1,2,2,1,0,1,1.49,4.5,33
2,1,84,508.06,4,4,4,4,1,1,2.29,0.5,33
2,1,85,512.85,1,1,1,1,1,1,0.82,8,33
2,1,86,525.13,2,2,2,2,1,1,0.94,5.5,33
2,1,87,534.92,4,3,3,3,1,1,2.5,1.5,33
2,1,88,540.7,2,2,2,2,1,1,2.28,2.5,33
2,1,89,547.48,2,2,2,2,1,1,2.14,0.5,33
2,1,90,552.27,1,1,1,1,1,1,1.14,1.5,33
2,1,91,558.05,2,2,2,2,1,1,2.35,2.5,33
2,1,92,564.84,2,2,2,2,1,1,2.25,1.5,33
2,1,93,570.62,3,3,3,3,1,1,0.68,4.5,33
2,1,94,579.4,3,4,4,3,0,1,1.25,1.5,33
2,1,95,585.19,1,1,1,1,1,1,2.51,0.5,33
2,1,96,589.97,3,3,3,3,1,1,0.86,0.5,33
2,1,97,594.75,1,2,2,2,1,1,2.28,0.5,33
2,1,98,599.54,4,4,4,4,1,1,2.52,0.5,33
2,1,99,604.32,3,3,3,3,1,1,1.18,1.5,33
2,1,100,610.11,3,3,3,3,1,1,1.56,3.5,33
2,2,101,0.51,4,4,4,4,1,6,7.85,1.5,33
2,2,102,12.3,4,3,3,3,1,4,5.67,4.5,33
2,2,103,25.08,4,4,4,4,1,8,9.88,7.5,33
2,2,104,44.86,1,2,2,1,0,6,0.83,1.5,33
2,2,105,56.65,2,2,2,2,1,4,1.72,1.5,33
2,2,106,66.43,4,4,4,4,1,6,7.84,1.5,33
2,2,107,78.22,4,4,4,4,1,4,5.64,3.5,33
2,2,108,90,1,2,2,1,0,8,0.81,0.5,33
2,2,109,102.79,3,3,3,3,1,6,0.84,8,33
2,2,110,121.07,3,3,3,3,1,8,1.01,3.5,33
2,2,111,136.85,3,4,4,3,0,4,0.96,1.5,33
2,2,112,146.64,3,3,3,3,1,4,1.92,2.5,33
2,2,113,157.42,4,3,3,4,0,8,1.15,5.5,33
2,2,114,175.21,4,4,4,4,1,8,1.48,3.5,33
2,2,115,190.99,1,1,1,1,1,6,0.96,4.5,33
2,2,116,205.78,1,1,1,1,1,8,1.81,0.5,33
2,2,117,218.56,2,1,1,2,0,8,1.36,1.5,33
2,2,118,232.34,2,1,1,2,0,6,1.52,1.5,33
2,2,119,244.13,2,2,2,2,1,4,1.92,0.5,33
2,2,120,252.91,1,1,1,1,1,4,0.76,6.5,33
2,2,121,267.7,3,3,3,3,1,6,1.48,0.5,33
2,2,122,278.48,1,1,1,1,1,4,1.45,1.5,33
2,2,123,288.26,3,4,4,3,0,8,2.15,1.5,33
2,2,124,302.05,2,2,2,2,1,6,1.73,0.5,33
2,2,125,312.83,3,3,3,3,1,6,7.67,8,33
2,2,126,331.12,3,3,3,3,1,4,1.36,8,33
2,2,127,347.4,1,1,1,1,1,4,1.8,0.5,33
2,2,128,356.19,4,4,4,4,1,4,5.65,1.5,33
2,2,129,365.97,3,3,3,3,1,8,9.57,0.5,33
2,2,130,378.75,1,1,1,1,1,8,9.43,3.5,33
2,2,131,394.54,4,4,4,4,1,6,7.88,6.5,33
2,2,132,411.32,3,4,4,3,0,6,1.42,6.5,33
2,2,133,428.11,4,3,3,3,1,8,9.93,0.5,33
2,2,134,440.89,3,4,4,4,1,4,5.67,0.5,33
2,2,135,449.67,4,4,4,4,1,8,9.8,8,33
2,2,136,469.96,4,3,3,3,1,6,8.01,3.5,33
2,2,137,483.74,2,2,2,2,1,6,7.41,3.5,33
2,2,138,497.53,1,1,1,1,1,6,0.48,8,33
2,2,139,515.81,4,4,4,4,1,4,6.11,0.5,33
2,2,140,524.6,1,2,2,1,0,4,0.73,1.5,33
2,2,141,534.38,1,1,1,1,1,6,1.43,1.5,33
2,2,142,546.16,3,3,3,3,1,4,1.67,0.5,33
2,2,143,554.95,4,3,3,3,1,6,7.87,0.5,33
2,2,144,565.73,4,4,4,4,1,8,9.87,1.5,33
2,2,145,579.52,2,2,2,2,1,8,9.42,0.5,33
2,2,146,592.3,3,3,3,3,1,4,1.95,0.5,33
2,2,147,601.09,4,4,4,3,0,4,5.85,0.5,33
2,2,148,609.87,4,4,4,4,1,6,8.53,4.5,33
2,2,149,624.65,2,2,2,2,1,8,9.41,8,33
2,2,150,644.94,2,1,1,1,1,8,9.97,2.5,33
2,2,151,659.72,3,4,4,3,0,6,7.57,5.5,33
2,2,152,675.51,2,2,2,2,1,4,1.35,6.5,33
2,2,153,690.29,3,4,4,3,0,8,9.8,1.5,33
2,2,154,704.08,3,4,4,3,0,6,1.75,8,33
2,2,155,722.36,3,3,3,3,1,6,1.58,3.5,33
2,2,156,736.14,3,3,3,3,1,8,9.77,1.5,33
2,2,157,749.93,1,1,1,1,1,4,5.93,3.5,33
2,2,158,761.71,2,1,1,2,0,4,2.29,0.5,33
2,2,159,770.5,2,2,2,2,1,6,3.35,8,33
2,2,160,788.78,4,3,3,3,1,4,6.18,1.5,33
2,2,161,798.56,2,1,1,1,1,6,7.87,0.5,33
2,2,162,809.35,1,2,2,1,0,8,0.92,7.5,33
2,2,163,829.13,1,1,1,1,1,6,0.45,3.5,33
2,2,164,842.92,2,2,2,1,0,4,6,0.5,33
2,2,165,851.7,3,4,4,3,0,8,1.69,8,33
2,2,166,871.99,2,2,2,2,1,8,9.83,2.5,33
2,2,167,886.77,2,1,1,1,1,8,9.8,2.5,33
2,2,168,901.56,3,3,3,3,1,8,2.18,4.5,33
2,2,169,918.34,1,1,1,1,1,8,0.69,5.5,33
2,2,170,936.12,4,3,3,4,0,6,1.46,6.5,33
2,2,171,952.91,2,1,1,1,1,4,5.62,2.5,33
2,2,172,963.69,2,2,2,2,1,8,9.67,0.5,33
2,2,173,976.48,1,1,1,1,1,4,0.95,3.5,33
2,2,174,988.26,1,2,2,2,1,6,7.93,4.5,33
2,2,175,1003.05,4,3,3,4,0,4,5.67,1.5,33
2,2,176,1012.83,1,1,1,1,1,6,0.97,1.5,33
2,2,177,1024.61,1,1,1,1,1,8,9.54,0.5,33
2,2,178,1037.4,1,2,2,2,1,4,5.78,4.5,33
2,2,179,1050.18,2,2,2,2,1,4,5.94,3.5,33
2,2,180,1061.97,2,2,2,2,1,6,7.4,0.5,33
1,1,1,0.51,1,2,2,2,1,1,2.5,1.5,34
1,1,2,6.3,3,3,3,3,1,1,2.42,0.5,34
1,1,3,11.08,4,4,4,4,1,1,2.47,4.5,34
1,1,4,19.86,3,3,3,3,1,1,2.45,3.5,34
1,1,5,27.65,2,2,2,1,0,1,2.28,3.5,34
1,1,6,35.43,3,3,3,3,1,1,2.27,0.5,34
1,1,7,40.21,4,4,4,4,1,1,2.38,0.5,34
1,1,8,45,3,3,3,3,1,1,0.53,0.5,34
1,1,9,49.78,2,2,2,2,1,1,2.21,5.5,34
1,1,10,59.57,2,2,2,2,1,1,0.66,0.5,34
1,1,11,64.35,1,2,2,2,1,1,2.44,1.5,34
1,1,12,70.13,1,1,1,2,0,1,0.64,5.5,34
1,1,13,79.92,1,1,1,1,1,1,2.33,0.5,34
1,1,14,84.7,2,2,2,2,1,1,0.96,0.5,34
1,1,15,89.49,4,4,4,4,1,1,0.98,0.5,34
1,1,16,94.27,2,2,2,2,1,1,0.84,3.5,34
1,1,17,102.05,4,4,4,4,1,1,0.96,0.5,34
1,1,18,106.84,2,2,2,2,1,1,0.65,0.5,34
1,1,19,111.62,2,2,2,2,1,1,0.61,3.5,34
1,1,20,119.4,1,1,1,3,0,1,1.36,2.5,34
1,1,21,126.19,3,3,3,3,1,1,0.6,1.5,34
1,1,22,131.97,4,4,4,NA,NA,1,NA,5.5,34
1,1,23,141.75,1,2,2,2,1,1,2.34,1.5,34
1,1,24,147.54,4,3,3,4,0,1,0.83,0.5,34
1,1,25,152.32,3,3,3,3,1,1,0.67,0.5,34
1,1,26,157.11,3,3,3,3,1,1,0.69,0.5,34
1,1,27,161.89,1,1,1,1,1,1,2.35,0.5,34
1,1,28,166.67,3,4,4,3,0,1,0.67,1.5,34
1,1,29,172.46,4,3,3,4,0,1,0.95,2.5,34
1,1,30,179.24,1,1,1,1,1,1,2.39,0.5,34
1,1,31,184.02,1,1,1,1,1,1,0.66,0.5,34
1,1,32,188.81,4,4,4,3,0,1,0.88,0.5,34
1,1,33,193.59,2,1,1,2,0,1,0.8,2.5,34
1,1,34,200.38,4,4,4,3,0,1,1.02,1.5,34
1,1,35,206.16,4,4,4,4,1,1,0.96,1.5,34
1,1,36,211.94,1,1,1,1,1,1,1.02,0.5,34
1,1,37,216.73,2,1,1,2,0,1,1.03,0.5,34
1,1,38,221.51,1,2,2,1,0,1,0.65,4.5,34
1,1,39,230.29,4,3,3,3,1,1,1.01,8,34
1,1,40,242.58,4,4,4,3,0,1,1.11,0.5,34
1,1,41,247.36,3,4,4,NA,NA,1,NA,2.5,34
1,1,42,254.15,2,1,1,4,0,1,1.27,2.5,34
1,1,43,260.93,3,3,3,NA,NA,1,NA,2.5,34
1,1,44,267.71,1,1,1,2,0,1,1.03,1.5,34
1,1,45,273.5,3,3,3,3,1,1,0.92,3.5,34
1,1,46,281.28,1,1,1,2,0,1,0.98,0.5,34
1,1,47,286.06,2,1,1,1,1,1,0.98,2.5,34
1,1,48,292.85,1,1,1,1,1,1,0.56,0.5,34
1,1,49,297.63,3,3,3,1,0,1,1.22,0.5,34
1,1,50,302.42,4,3,3,3,1,1,1.07,1.5,34
1,1,51,308.2,1,1,1,1,1,1,0.72,1.5,34
1,1,52,313.98,1,1,1,1,1,1,0.65,5.5,34
1,1,53,323.77,1,1,1,1,1,1,0.78,1.5,34
1,1,54,329.55,4,4,4,3,0,1,1.32,5.5,34
1,1,55,339.34,2,2,2,1,0,1,0.94,1.5,34
1,1,56,345.12,3,3,3,3,1,1,1.05,0.5,34
1,1,57,349.9,3,4,4,3,0,1,3.05,0.5,34
1,1,58,354.69,3,4,4,4,1,1,0.89,0.5,34
1,1,59,359.47,1,1,1,1,1,1,0.71,4.5,34
1,1,60,368.25,2,2,2,2,1,1,0.73,2.5,34
1,1,61,375.04,2,1,1,2,0,1,0.63,1.5,34
1,1,62,380.82,3,3,3,3,1,1,0.99,0.5,34
1,1,63,385.6,4,4,4,4,1,1,0.64,0.5,34
1,1,64,390.39,4,4,4,4,1,1,2.48,0.5,34
1,1,65,395.17,3,3,3,3,1,1,0.66,4.5,34
1,1,66,403.96,4,4,4,4,1,1,0.74,3.5,34
1,1,67,411.74,4,4,4,4,1,1,0.7,0.5,34
1,1,68,416.52,2,1,1,1,1,1,2.39,5.5,34
1,1,69,426.31,2,2,2,2,1,1,2.23,1.5,34
1,1,70,432.09,4,4,4,4,1,1,0.68,0.5,34
1,1,71,436.88,3,3,3,3,1,1,0.62,1.5,34
1,1,72,442.66,1,2,2,1,0,1,0.59,5.5,34
1,1,73,452.44,1,1,1,2,0,1,0.54,0.5,34
1,1,74,457.23,3,4,4,3,0,1,0.65,3.5,34
1,1,75,465.01,3,3,3,4,0,1,0.78,0.5,34
1,1,76,469.79,2,2,2,2,1,1,2.31,2.5,34
1,1,77,476.58,4,3,3,4,0,1,0.82,0.5,34
1,1,78,481.36,2,2,2,2,1,1,0.89,0.5,34
1,1,79,486.15,1,2,2,2,1,1,2.35,3.5,34
1,1,80,493.93,4,4,4,3,0,1,0.97,1.5,34
1,1,81,499.71,3,3,3,3,1,1,2.34,1.5,34
1,1,82,505.5,2,2,2,2,1,1,1.28,1.5,34
1,1,83,511.28,3,3,3,4,0,1,1.09,0.5,34
1,1,84,516.06,3,3,3,3,1,1,0.58,3.5,34
1,1,85,523.85,2,2,2,2,1,1,0.58,1.5,34
1,1,86,529.63,3,3,3,3,1,1,1.09,0.5,34
1,1,87,534.41,1,1,1,2,0,1,1.01,8,34
1,1,88,546.7,2,2,2,2,1,1,0.69,4.5,34
1,1,89,555.48,4,4,4,4,1,1,1.07,1.5,34
1,1,90,561.27,1,1,1,1,1,1,0.61,1.5,34
1,1,91,567.05,1,1,1,1,1,1,0.62,1.5,34
1,1,92,572.83,4,4,4,4,1,1,0.66,0.5,34
1,1,93,577.62,2,2,2,2,1,1,0.65,0.5,34
1,1,94,582.4,2,1,1,2,0,1,0.58,0.5,34
1,1,95,587.19,2,2,2,1,0,1,0.63,0.5,34
1,1,96,591.97,1,2,2,2,1,1,1.33,0.5,34
1,1,97,596.75,3,3,3,4,0,1,1.35,0.5,34
1,1,98,601.54,2,1,1,1,1,1,2.32,0.5,34
1,1,99,606.32,4,4,4,4,1,1,2.44,2.5,34
1,1,100,613.1,4,4,4,3,0,1,1.03,0.5,34
1,2,101,0.51,4,3,3,3,1,4,5.91,3.5,34
1,2,102,12.3,2,1,1,2,0,4,5.63,2.5,34
1,2,103,23.08,3,4,4,4,1,8,9.57,0.5,34
1,2,104,35.87,3,3,3,3,1,6,7.5,4.5,34
1,2,105,50.65,1,2,2,2,1,6,7.37,5.5,34
1,2,106,66.42,3,4,4,4,1,4,5.6,3.5,34
1,2,107,78.2,4,4,4,3,0,4,1.07,8,34
1,2,108,94.49,3,3,3,3,1,8,9.73,8,34
1,2,109,114.77,3,3,3,3,1,4,5.64,2.5,34
1,2,110,125.56,1,1,1,2,0,8,3.17,3.5,34
1,2,111,141.34,1,1,1,1,1,6,2.18,6.5,34
1,2,112,158.12,3,3,3,3,1,6,2.87,3.5,34
1,2,113,171.91,4,4,4,4,1,8,9.68,8,34
1,2,114,192.19,2,2,2,2,1,8,5.76,1.5,34
1,2,115,205.98,1,1,1,1,1,8,1.41,0.5,34
1,2,116,218.76,4,4,4,4,1,6,1.3,0.5,34
1,2,117,229.55,3,3,3,3,1,6,1.01,0.5,34
1,2,118,240.33,3,3,3,3,1,4,0.87,2.5,34
1,2,119,251.11,4,4,4,4,1,8,0.6,5.5,34
1,2,120,268.9,4,3,3,4,0,8,0.74,1.5,34
1,2,121,282.68,3,3,3,3,1,6,1.01,4.5,34
1,2,122,297.47,2,2,2,2,1,4,2.46,3.5,34
1,2,123,309.25,2,2,2,2,1,4,0.81,1.5,34
1,2,124,319.04,4,4,4,4,1,4,0.8,1.5,34
1,2,125,328.82,2,2,2,2,1,8,0.81,3.5,34
1,2,126,344.6,1,2,2,1,0,4,1.19,1.5,34
1,2,127,354.39,1,1,1,1,1,6,7.94,0.5,34
1,2,128,365.17,2,2,2,2,1,6,0.86,3.5,34
1,2,129,378.96,3,3,3,3,1,8,0.87,0.5,34
1,2,130,391.74,2,1,1,2,0,6,0.97,1.5,34
1,2,131,403.52,2,1,1,2,0,6,0.96,8,34
1,2,132,421.81,1,2,2,1,0,4,5.51,3.5,34
1,2,133,433.59,2,2,2,1,0,4,1.01,1.5,34
1,2,134,443.38,2,2,2,2,1,6,0.75,1.5,34
1,2,135,455.16,1,1,1,1,1,8,1.24,1.5,34
1,2,136,468.95,2,2,2,2,1,4,0.7,8,34
1,2,137,485.23,1,2,2,1,0,8,0.9,4.5,34
1,2,138,502.01,3,3,3,3,1,8,10.21,0.5,34
1,2,139,514.8,3,3,3,3,1,4,0.62,2.5,34
1,2,140,525.58,4,4,4,4,1,8,0.6,0.5,34
1,2,141,538.37,2,1,1,2,0,8,0.89,0.5,34
1,2,142,551.15,4,4,4,4,1,6,0.84,1.5,34
1,2,143,562.94,4,4,4,4,1,6,7.83,1.5,34
1,2,144,574.72,1,1,1,1,1,6,7.77,0.5,34
1,2,145,585.5,3,3,3,3,1,6,0.69,0.5,34
1,2,146,596.29,1,2,2,1,0,8,0.72,0.5,34
1,2,147,609.07,4,3,3,4,0,6,0.74,1.5,34
1,2,148,620.86,1,1,1,2,0,4,1,8,34
1,2,149,637.14,1,1,1,1,1,4,1.09,1.5,34
1,2,150,646.92,1,1,1,1,1,8,0.61,0.5,34
1,2,151,659.71,1,1,1,1,1,4,0.67,4.5,34
1,2,152,672.49,1,2,2,1,0,6,0.6,0.5,34
1,2,153,683.28,3,4,4,3,0,8,0.72,4.5,34
1,2,154,700.06,1,1,1,1,1,6,0.73,0.5,34
1,2,155,710.84,4,4,4,4,1,8,0.83,1.5,34
1,2,156,724.63,3,4,4,3,0,6,0.64,1.5,34
1,2,157,736.41,3,3,3,3,1,4,1.06,4.5,34
1,2,158,749.2,2,1,1,2,0,8,0.98,8,34
1,2,159,769.48,1,1,1,1,1,6,0.8,0.5,34
1,2,160,780.27,3,3,3,3,1,4,0.98,3.5,34
1,2,161,792.05,4,3,3,4,0,4,0.69,3.5,34
1,2,162,803.83,4,4,4,4,1,6,0.72,0.5,34
1,2,163,814.62,2,2,2,2,1,6,0.83,1.5,34
1,2,164,826.4,2,2,2,2,1,6,0.71,6.5,34
1,2,165,843.19,2,1,1,2,0,4,0.59,3.5,34
1,2,166,854.97,4,4,4,4,1,8,0.69,0.5,34
1,2,167,867.76,3,3,3,3,1,8,0.62,6.5,34
1,2,168,886.54,3,3,3,3,1,6,0.67,0.5,34
1,2,169,897.32,4,4,4,4,1,4,1.81,7.5,34
1,2,170,913.11,1,1,1,1,1,4,0.81,1.5,34
1,2,171,922.89,2,1,1,2,0,8,0.55,2.5,34
1,2,172,937.68,4,4,4,4,1,8,0.73,6.5,34
1,2,173,956.46,4,4,4,4,1,4,0.7,5.5,34
1,2,174,970.25,4,4,4,4,1,8,0.64,0.5,34
1,2,175,983.03,1,1,1,1,1,4,0.71,1.5,34
1,2,176,992.81,4,4,4,4,1,6,0.67,7.5,34
1,2,177,1010.6,3,3,3,3,1,8,0.7,6.5,34
1,2,178,1029.38,2,2,2,2,1,8,0.61,8,34
1,2,179,1049.67,2,2,2,2,1,4,0.7,8,34
1,2,180,1065.95,2,2,2,2,1,8,0.59,0.5,34
2,1,1,0.51,1,2,2,1,0,1,2.86,1.5,34
2,1,2,6.29,4,4,4,4,1,1,2.65,5.5,34
2,1,3,16.08,1,2,2,2,1,1,0.65,1.5,34
2,1,4,21.86,4,3,3,4,0,1,0.9,0.5,34
2,1,5,26.64,1,1,1,2,0,1,0.62,0.5,34
2,1,6,31.43,4,3,3,4,0,1,0.93,1.5,34
2,1,7,37.21,4,3,3,3,1,1,0.72,0.5,34
2,1,8,41.99,1,2,2,2,1,1,0.62,4.5,34
2,1,9,50.78,3,3,3,4,0,1,2.45,0.5,34
2,1,10,55.56,1,1,1,2,0,1,0.74,1.5,34
2,1,11,61.35,1,1,1,2,0,1,0.63,5.5,34
2,1,12,71.13,4,4,4,3,0,1,0.75,5.5,34
2,1,13,80.91,4,4,4,4,1,1,2.89,2.5,34
2,1,14,87.7,3,3,3,3,1,1,2.64,0.5,34
2,1,15,92.48,4,4,4,4,1,1,1.05,0.5,34
2,1,16,97.26,3,4,4,3,0,1,0.89,0.5,34
2,1,17,102.05,3,3,3,3,1,1,2.37,1.5,34
2,1,18,107.83,2,2,2,1,0,1,1,3.5,34
2,1,19,115.62,3,4,4,3,0,1,0.92,0.5,34
2,1,20,120.4,4,3,3,4,0,1,0.85,4.5,34
2,1,21,129.18,1,2,2,2,1,1,2.34,5.5,34
2,1,22,138.97,2,1,1,1,1,1,0.65,1.5,34
2,1,23,144.75,2,2,2,1,0,1,0.65,3.5,34
2,1,24,152.54,4,3,3,3,1,1,2.33,3.5,34
2,1,25,160.32,1,1,1,1,1,1,2.23,4.5,34
2,1,26,169.1,4,3,3,3,1,1,2.26,0.5,34
2,1,27,173.89,3,4,4,4,1,1,0.51,0.5,34
2,1,28,178.67,1,2,2,2,1,1,2.17,3.5,34
2,1,29,186.45,1,1,1,2,0,1,0.53,1.5,34
2,1,30,192.24,2,2,2,1,0,1,0.71,1.5,34
2,1,31,198.02,2,2,2,2,1,1,2.26,1.5,34
2,1,32,203.81,1,2,2,2,1,1,2.34,0.5,34
2,1,33,208.59,2,1,1,1,1,1,2.4,3.5,34
2,1,34,216.37,3,3,3,3,1,1,2.51,0.5,34
2,1,35,221.16,3,3,3,3,1,1,0.54,3.5,34
2,1,36,228.94,2,2,2,2,1,1,2.4,2.5,34
2,1,37,235.72,4,4,4,4,1,1,1.34,0.5,34
2,1,38,240.51,2,1,1,2,0,1,1.53,0.5,34
2,1,39,245.29,1,1,1,1,1,1,2.25,0.5,34
2,1,40,250.08,1,2,2,2,1,1,2.28,1.5,34
2,1,41,255.86,1,1,1,1,1,1,2.32,0.5,34
2,1,42,260.64,4,4,4,4,1,1,1.09,0.5,34
2,1,43,265.43,3,4,4,3,0,1,0.84,3.5,34
2,1,44,273.21,1,1,1,2,0,1,1.22,1.5,34
2,1,45,278.99,2,1,1,2,0,1,1.15,0.5,34
2,1,46,283.78,1,1,1,1,1,1,2.36,2.5,34
2,1,47,290.56,4,3,3,3,1,1,2.41,1.5,34
2,1,48,296.35,4,4,4,3,0,1,0.8,0.5,34
2,1,49,301.13,1,2,2,2,1,1,2.34,1.5,34
2,1,50,306.91,3,4,4,4,1,1,2.67,0.5,34
2,1,51,311.7,3,4,4,4,1,1,0.81,2.5,34
2,1,52,318.48,3,4,4,4,1,1,0.67,0.5,34
2,1,53,323.26,4,3,3,3,1,1,0.6,0.5,34
2,1,54,328.05,3,4,4,4,1,1,0.82,0.5,34
2,1,55,332.83,1,1,1,1,1,1,2.33,0.5,34
2,1,56,337.61,1,1,1,1,1,1,0.8,0.5,34
2,1,57,342.4,2,2,2,2,1,1,0.78,1.5,34
2,1,58,348.18,3,4,4,4,1,1,2.35,0.5,34
2,1,59,352.97,2,2,2,2,1,1,0.87,0.5,34
2,1,60,357.75,2,2,2,2,1,1,0.57,0.5,34
2,1,61,362.53,2,1,1,2,0,1,0.5,2.5,34
2,1,62,369.32,3,3,3,3,1,1,2.48,0.5,34
2,1,63,374.1,3,4,4,3,0,1,0.84,2.5,34
2,1,64,380.88,3,3,3,3,1,1,2.29,1.5,34
2,1,65,386.67,4,4,4,4,1,1,0.61,0.5,34
2,1,66,391.45,2,1,1,2,0,1,0.73,2.5,34
2,1,67,398.24,1,2,2,2,1,1,2.2,5.5,34
2,1,68,408.02,1,2,2,2,1,1,1.22,0.5,34
2,1,69,412.8,3,3,3,3,1,1,1.49,0.5,34
2,1,70,417.59,4,3,3,4,0,1,0.52,1.5,34
2,1,71,423.37,4,4,4,3,0,1,1.33,1.5,34
2,1,72,429.15,4,3,3,3,1,1,2.37,2.5,34
2,1,73,435.94,2,1,1,1,1,1,2.15,2.5,34
2,1,74,442.72,4,3,3,3,1,1,2.39,0.5,34
2,1,75,447.51,2,2,2,1,0,1,1.24,0.5,34
2,1,76,452.29,1,1,1,1,1,1,2.3,8,34
2,1,77,464.57,2,2,2,2,1,1,2.34,0.5,34
2,1,78,469.36,3,3,3,3,1,1,2.46,4.5,34
2,1,79,478.14,4,3,3,4,0,1,0.74,8,34
2,1,80,490.42,3,3,3,3,1,1,2.34,0.5,34
2,1,81,495.21,4,4,4,4,1,1,0.64,0.5,34
2,1,82,499.99,4,4,4,4,1,1,1.35,0.5,34
2,1,83,504.78,3,4,4,3,0,1,0.78,3.5,34
2,1,84,512.56,1,1,1,1,1,1,2.41,1.5,34
2,1,85,518.34,4,4,4,4,1,1,2.4,0.5,34
2,1,86,523.13,2,2,2,2,1,1,2.15,0.5,34
2,1,87,527.91,1,1,1,1,1,1,0.66,0.5,34
2,1,88,532.69,3,4,4,4,1,1,2.37,1.5,34
2,1,89,538.48,2,1,1,2,0,1,0.8,0.5,34
2,1,90,543.26,2,1,1,1,1,1,2.25,5.5,34
2,1,91,553.05,3,3,3,3,1,1,2.51,1.5,34
2,1,92,558.83,2,1,1,1,1,1,2.36,5.5,34
2,1,93,568.61,1,1,1,1,1,1,2.32,0.5,34
2,1,94,573.4,2,2,2,2,1,1,2.34,0.5,34
2,1,95,578.18,2,2,2,2,1,1,2.21,2.5,34
2,1,96,584.96,2,2,2,2,1,1,0.59,1.5,34
2,1,97,590.75,2,2,2,2,1,1,0.52,4.5,34
2,1,98,599.53,3,3,3,3,1,1,2.41,0.5,34
2,1,99,604.32,4,3,3,4,0,1,0.71,1.5,34
2,1,100,610.1,3,3,3,3,1,1,0.84,3.5,34
2,2,101,0.5,3,4,4,3,0,4,1.34,3.5,34
2,2,102,12.29,4,3,3,4,0,4,1.04,3.5,34
2,2,103,24.07,3,3,3,3,1,6,7.8,0.5,34
2,2,104,34.86,1,1,1,1,1,6,1.78,0.5,34
2,2,105,45.64,3,3,3,3,1,4,2.26,3.5,34
2,2,106,57.42,1,2,2,1,0,4,1.2,3.5,34
2,2,107,69.21,4,3,3,4,0,6,0.83,0.5,34
2,2,108,79.99,4,4,4,4,1,6,0.69,1.5,34
2,2,109,91.78,4,4,4,4,1,8,0.72,5.5,34
2,2,110,109.56,1,2,2,1,0,4,1.23,8,34
2,2,111,125.85,1,2,2,1,0,6,0.65,0.5,34
2,2,112,136.63,3,4,4,3,0,4,1.77,2.5,34
2,2,113,147.41,1,1,1,2,0,4,1.69,4.5,34
2,2,114,160.2,2,2,2,2,1,6,0.84,3.5,34
2,2,115,173.98,2,2,2,2,1,6,0.71,1.5,34
2,2,116,185.77,4,4,4,4,1,6,0.99,7.5,34
2,2,117,203.55,2,2,2,2,1,4,0.84,8,34
2,2,118,219.84,4,3,3,4,0,8,2.04,0.5,34
2,2,119,232.62,2,2,2,2,1,8,0.89,0.5,34
2,2,120,245.4,2,2,2,2,1,6,0.65,1.5,34
2,2,121,257.19,3,4,4,3,0,8,1.33,8,34
2,2,122,277.47,2,2,2,2,1,8,9.71,1.5,34
2,2,123,291.26,1,1,1,1,1,8,0.72,0.5,34
2,2,124,304.04,3,3,3,3,1,6,0.67,4.5,34
2,2,125,318.83,2,2,2,2,1,4,0.93,3.5,34
2,2,126,330.61,2,2,2,2,1,4,0.49,1.5,34
2,2,127,340.39,1,2,2,1,0,6,0.78,0.5,34
2,2,128,351.18,1,2,2,1,0,6,0.71,5.5,34
2,2,129,366.96,3,3,3,3,1,8,0.82,6.5,34
2,2,130,385.75,3,4,4,3,0,6,0.69,1.5,34
2,2,131,397.53,2,2,2,2,1,6,0.79,6.5,34
2,2,132,414.32,3,4,4,3,0,6,0.79,0.5,34
2,2,133,425.1,4,4,4,4,1,8,0.69,0.5,34
2,2,134,437.88,4,4,4,4,1,4,0.66,7.5,34
2,2,135,453.67,2,2,2,2,1,4,5.57,8,34
2,2,136,469.95,4,3,3,4,0,4,0.66,3.5,34
2,2,137,481.74,1,1,1,1,1,4,0.78,1.5,34
2,2,138,491.52,1,1,1,1,1,6,0.65,0.5,34
2,2,139,502.3,1,2,2,1,0,8,0.55,0.5,34
2,2,140,515.09,2,1,1,2,0,8,0.48,8,34
2,2,141,535.37,4,3,3,4,0,6,0.78,1.5,34
2,2,142,547.16,1,2,2,1,0,8,0.9,4.5,34
2,2,143,563.94,3,4,4,3,0,8,0.67,0.5,34
2,2,144,576.73,1,1,1,1,1,6,0.68,6.5,34
2,2,145,593.51,1,1,1,1,1,8,0.78,1.5,34
2,2,146,607.3,4,3,3,4,0,8,0.74,1.5,34
2,2,147,621.08,3,3,3,3,1,6,0.83,3.5,34
2,2,148,634.85,4,3,3,4,0,4,0.7,1.5,34
2,2,149,644.63,3,4,4,3,0,4,0.65,4.5,34
2,2,150,657.41,4,4,4,4,1,8,0.71,6.5,34
2,2,151,676.2,1,1,1,1,1,8,1.09,3.5,34
2,2,152,691.98,1,1,1,1,1,4,5.74,1.5,34
2,2,153,701.77,3,3,3,3,1,4,0.79,2.5,34
2,2,154,712.55,4,4,4,4,1,6,0.78,0.5,34
2,2,155,723.34,3,3,3,3,1,6,0.69,4.5,34
2,2,156,738.1,2,1,1,2,0,6,1.39,1.5,34
2,2,157,749.89,2,1,1,2,0,4,0.47,3.5,34
2,2,158,761.67,4,3,3,4,0,8,0.7,1.5,34
2,2,159,775.46,3,4,4,3,0,8,0.65,4.5,34
2,2,160,792.24,4,3,3,4,0,6,1.06,1.5,34
2,2,161,804.02,4,3,3,4,0,4,0.69,8,34
2,2,162,820.31,2,1,1,2,0,4,0.68,2.5,34
2,2,163,831.09,3,4,4,3,0,6,0.8,0.5,34
2,2,164,841.88,4,4,4,3,0,4,0.8,5.5,34
2,2,165,855.66,4,4,4,3,0,8,0.71,8,34
2,2,166,875.95,2,2,2,2,1,8,0.68,3.5,34
2,2,167,891.73,1,2,2,1,0,4,0.63,1.5,34
2,2,168,901.51,1,1,1,1,1,8,0.62,0.5,34
2,2,169,914.3,3,3,3,3,1,8,0.84,6.5,34
2,2,170,933.08,3,3,3,3,1,4,0.57,2.5,34
2,2,171,943.87,3,4,4,3,0,8,0.53,0.5,34
2,2,172,956.65,1,1,1,1,1,6,0.66,0.5,34
2,2,173,967.44,2,1,1,2,0,6,0.52,8,34
2,2,174,985.72,2,1,1,2,0,4,0.55,1.5,34
2,2,175,995.5,3,3,3,3,1,8,0.65,0.5,34
2,2,176,1008.29,2,2,2,2,1,8,0.49,8,34
2,2,177,1028.57,2,1,1,2,0,8,0.58,0.5,34
2,2,178,1041.36,2,1,1,2,0,8,0.61,2.5,34
2,2,179,1056.14,1,1,1,1,1,4,0.71,1.5,34
2,2,180,1065.93,4,4,4,4,1,6,0.73,0.5,34
1,1,1,0.51,1,1,1,1,1,1,2.8,2.5,35
1,1,2,7.3,3,3,3,3,1,1,2.58,0.5,35
1,1,3,12.08,4,4,4,4,1,1,2.71,3.5,35
1,1,4,19.86,1,1,1,1,1,1,2.51,1.5,35
1,1,5,25.65,2,1,1,1,1,1,2.48,8,35
1,1,6,37.93,4,3,3,3,1,1,2.43,3.5,35
1,1,7,45.72,4,3,3,3,1,1,2.2,0.5,35
1,1,8,50.5,4,3,3,3,1,1,0.78,0.5,35
1,1,9,55.28,1,2,2,2,1,1,2.3,2.5,35
1,1,10,62.07,4,4,4,3,0,1,0.69,0.5,35
1,1,11,66.85,2,2,2,2,1,1,2.47,1.5,35
1,1,12,72.63,3,3,3,3,1,1,2.5,0.5,35
1,1,13,77.42,1,2,2,4,0,1,1.88,8,35
1,1,14,89.7,4,3,3,3,1,1,2.21,0.5,35
1,1,15,94.49,4,3,3,3,1,1,0.53,0.5,35
1,1,16,99.27,1,1,1,1,1,1,2.46,0.5,35
1,1,17,104.05,3,3,3,3,1,1,2.53,0.5,35
1,1,18,108.84,3,4,4,3,0,1,2.13,5.5,35
1,1,19,118.62,4,4,4,3,0,1,2.18,0.5,35
1,1,20,123.4,1,1,1,1,1,1,2.47,0.5,35
1,1,21,128.19,3,4,4,4,1,1,2.29,2.5,35
1,1,22,134.97,2,2,2,2,1,1,2.34,1.5,35
1,1,23,140.75,3,3,3,3,1,1,2.56,1.5,35
1,1,24,146.54,3,4,4,4,1,1,2.43,2.5,35
1,1,25,153.32,4,4,4,3,0,1,2.24,0.5,35
1,1,26,158.11,2,2,2,2,1,1,2.24,0.5,35
1,1,27,162.89,1,1,1,1,1,1,2.44,0.5,35
1,1,28,167.67,2,2,2,2,1,1,2.48,3.5,35
1,1,29,175.46,2,2,2,2,1,1,2.28,5.5,35
1,1,30,185.24,1,1,1,1,1,1,2.3,0.5,35
1,1,31,190.03,2,2,2,2,1,1,2.23,3.5,35
1,1,32,197.81,3,4,4,4,1,1,2.49,0.5,35
1,1,33,202.59,3,4,4,4,1,1,2.31,0.5,35
1,1,34,207.38,4,3,3,3,1,1,1.13,1.5,35
1,1,35,213.16,4,3,3,3,1,1,2.13,2.5,35
1,1,36,219.94,3,3,3,4,0,1,1.52,0.5,35
1,1,37,224.73,2,2,2,2,1,1,2.17,1.5,35
1,1,38,230.51,4,3,3,3,1,1,2.5,1.5,35
1,1,39,236.29,1,1,1,1,1,1,1.68,0.5,35
1,1,40,241.08,1,1,1,1,1,1,1.03,0.5,35
1,1,41,245.86,3,3,3,3,1,1,2.41,0.5,35
1,1,42,250.65,3,3,3,3,1,1,0.94,2.5,35
1,1,43,257.43,3,4,4,4,1,1,2.45,1.5,35
1,1,44,263.21,4,4,4,4,1,1,2.49,4.5,35
1,1,45,272,2,2,2,2,1,1,2.13,1.5,35
1,1,46,277.78,4,4,4,4,1,1,2.49,5.5,35
1,1,47,287.56,1,2,2,1,0,1,1.43,4.5,35
1,1,48,296.35,4,3,3,3,1,1,2.54,5.5,35
1,1,49,306.13,4,3,3,3,1,1,2.34,0.5,35
1,1,50,310.92,3,3,3,3,1,1,2.41,1.5,35
1,1,51,316.7,4,4,4,4,1,1,2.19,3.5,35
1,1,52,324.48,3,4,4,3,0,1,1.29,4.5,35
1,1,53,333.27,2,2,2,2,1,1,2.63,3.5,35
1,1,54,341.05,3,4,4,3,0,1,2.24,3.5,35
1,1,55,348.84,1,2,2,1,0,1,1.28,5.5,35
1,1,56,358.62,1,1,1,1,1,1,2.19,0.5,35
1,1,57,363.4,3,4,4,4,1,1,2.54,1.5,35
1,1,58,369.19,4,4,4,4,1,1,2.49,0.5,35
1,1,59,373.97,1,1,1,1,1,1,1.26,0.5,35
1,1,60,378.75,3,4,4,4,1,1,1.7,1.5,35
1,1,61,384.54,2,2,2,2,1,1,2.34,0.5,35
1,1,62,389.32,1,1,1,1,1,1,1.88,0.5,35
1,1,63,394.1,2,1,1,4,0,1,1.03,2.5,35
1,1,64,400.89,2,2,2,1,0,1,1,4.5,35
1,1,65,409.67,3,4,4,4,1,1,1.31,0.5,35
1,1,66,414.46,3,3,3,4,0,1,1.21,0.5,35
1,1,67,419.24,4,4,4,4,1,1,1.25,0.5,35
1,1,68,424.02,2,2,2,2,1,1,1.43,0.5,35
1,1,69,428.81,1,1,1,1,1,1,0.86,0.5,35
1,1,70,433.59,1,1,1,1,1,1,1.03,1.5,35
1,1,71,439.37,2,1,1,1,1,1,2.46,2.5,35
1,1,72,446.16,2,1,1,1,1,1,2.24,5.5,35
1,1,73,455.94,3,3,3,3,1,1,2.62,1.5,35
1,1,74,461.73,1,1,1,1,1,1,2.15,3.5,35
1,1,75,469.51,1,1,1,1,1,1,0.68,1.5,35
1,1,76,475.29,2,2,2,2,1,1,1.12,1.5,35
1,1,77,481.08,4,4,4,4,1,1,0.82,4.5,35
1,1,78,489.86,2,2,2,2,1,1,1.13,0.5,35
1,1,79,494.65,3,3,3,3,1,1,1.05,0.5,35
1,1,80,499.43,3,3,3,3,1,1,0.66,1.5,35
1,1,81,505.21,1,1,1,1,1,1,1.05,1.5,35
1,1,82,511,3,3,3,3,1,1,0.7,0.5,35
1,1,83,515.78,1,1,1,1,1,1,0.69,5.5,35
1,1,84,525.56,2,2,2,3,0,1,1.12,2.5,35
1,1,85,532.35,4,3,3,4,0,1,1.22,1.5,35
1,1,86,538.13,3,4,4,4,1,1,2.42,1.5,35
1,1,87,543.92,1,2,2,1,0,1,1.3,0.5,35
1,1,88,548.7,2,2,2,2,1,1,2.24,1.5,35
1,1,89,554.48,2,2,2,2,1,1,1.05,0.5,35
1,1,90,559.27,1,1,1,1,1,1,2.37,0.5,35
1,1,91,564.05,2,2,2,2,1,1,0.92,0.5,35
1,1,92,568.83,2,2,2,2,1,1,1.12,0.5,35
1,1,93,573.62,4,4,4,4,1,1,1.54,2.5,35
1,1,94,580.4,2,1,1,2,0,1,0.86,3.5,35
1,1,95,588.19,1,1,1,1,1,1,0.73,0.5,35
1,1,96,592.97,4,4,4,4,1,1,1.11,0.5,35
1,1,97,597.75,4,3,3,4,0,1,1.22,0.5,35
1,1,98,602.54,2,2,2,2,1,1,1.55,1.5,35
1,1,99,608.32,1,1,1,1,1,1,1.12,0.5,35
1,1,100,613.1,4,3,3,3,1,1,1.24,0.5,35
1,2,101,0.52,1,1,1,1,1,6,7.89,0.5,35
1,2,102,11.3,2,2,2,2,1,6,7.5,0.5,35
1,2,103,22.08,4,3,3,3,1,4,5.87,0.5,35
1,2,104,30.87,3,4,4,4,1,8,9.65,5.5,35
1,2,105,48.65,3,4,4,4,1,4,5.3,3.5,35
1,2,106,60.44,4,4,4,3,0,6,1.69,6.5,35
1,2,107,77.22,2,2,2,2,1,4,5.27,0.5,35
1,2,108,86.01,4,4,4,4,1,8,9.87,0.5,35
1,2,109,98.79,2,2,2,2,1,4,1.55,8,35
1,2,110,115.07,2,2,2,2,1,8,1.69,2.5,35
1,2,111,129.86,4,4,4,4,1,6,7.61,1.5,35
1,2,112,141.64,1,1,1,1,1,4,0.81,6.5,35
1,2,113,156.43,1,1,1,1,1,4,1.44,1.5,35
1,2,114,166.21,3,4,4,4,1,8,9.67,1.5,35
1,2,115,180,1,1,1,1,1,6,1,0.5,35
1,2,116,190.78,4,3,3,4,0,4,1.46,0.5,35
1,2,117,199.56,4,4,4,4,1,4,5.83,0.5,35
1,2,118,208.35,3,3,3,4,0,6,1.67,2.5,35
1,2,119,221.13,1,1,1,1,1,8,1.06,0.5,35
1,2,120,233.92,1,2,2,1,0,6,0.95,6.5,35
1,2,121,250.7,2,1,1,2,0,8,1,1.5,35
1,2,122,264.48,4,3,3,3,1,6,8.21,3.5,35
1,2,123,278.27,4,4,4,4,1,6,7.6,0.5,35
1,2,124,289.05,1,2,2,1,0,6,8.14,0.5,35
1,2,125,299.84,2,2,2,2,1,4,5.81,3.5,35
1,2,126,311.62,3,4,4,4,1,4,1.28,1.5,35
1,2,127,321.4,3,3,3,4,0,6,1.14,4.5,35
1,2,128,336.19,2,1,1,1,1,6,7.74,8,35
1,2,129,354.46,1,1,1,1,1,8,9.9,4.5,35
1,2,130,371.24,1,1,1,1,1,8,1.7,3.5,35
1,2,131,387.03,4,3,3,3,1,8,9.78,1.5,35
1,2,132,400.81,1,2,2,1,0,4,1.58,8,35
1,2,133,417.09,4,3,3,3,1,6,2.25,8,35
1,2,134,435.38,1,1,1,1,1,4,5.8,0.5,35
1,2,135,444.16,4,4,4,3,0,8,1.26,3.5,35
1,2,136,459.95,4,4,4,3,0,8,9.88,0.5,35
1,2,137,472.73,2,1,1,1,1,8,9.38,1.5,35
1,2,138,486.52,2,2,2,1,0,6,1.48,4.5,35
1,2,139,501.3,2,2,2,2,1,8,9.98,1.5,35
1,2,140,515.08,4,3,3,4,0,6,7.37,8,35
1,2,141,533.37,2,2,2,2,1,8,10,0.5,35
1,2,142,546.15,3,3,3,3,1,6,8.52,3.5,35
1,2,143,559.94,2,2,2,2,1,4,1.94,4.5,35
1,2,144,572.72,3,4,4,3,0,6,1.12,0.5,35
1,2,145,583.51,3,3,3,3,1,6,8.1,1.5,35
1,2,146,595.29,2,2,2,2,1,6,1.37,4.5,35
1,2,147,610.07,1,2,2,1,0,8,9.6,3.5,35
1,2,148,625.86,2,2,2,2,1,8,1.73,2.5,35
1,2,149,640.64,2,2,2,2,1,6,1.15,1.5,35
1,2,150,652.43,4,3,3,3,1,8,10.11,1.5,35
1,2,151,666.21,4,3,3,3,1,4,5.71,4.5,35
1,2,152,679,2,2,2,2,1,4,5.4,0.5,35
1,2,153,687.78,3,4,4,4,1,6,7.77,3.5,35
1,2,154,701.56,3,3,3,4,0,8,1.07,8,35
1,2,155,721.85,2,2,2,2,1,8,1.05,1.5,35
1,2,156,735.63,1,1,1,1,1,8,1.7,5.5,35
1,2,157,753.42,4,4,4,3,0,6,1.99,5.5,35
1,2,158,769.2,1,1,1,1,1,4,1.21,8,35
1,2,159,785.49,3,4,4,4,1,6,8.1,1.5,35
1,2,160,797.27,3,3,3,4,0,4,1.61,3.5,35
1,2,161,809.05,1,1,1,1,1,4,5.77,1.5,35
1,2,162,818.84,2,2,2,2,1,4,1.49,7.5,35
1,2,163,834.62,4,4,4,3,0,8,9.9,1.5,35
1,2,164,848.41,1,1,1,1,1,4,1.64,7.5,35
1,2,165,864.19,3,4,4,4,1,4,5.8,0.5,35
1,2,166,872.98,1,1,1,1,1,6,1.17,0.5,35
1,2,167,883.76,4,3,3,3,1,4,2.61,1.5,35
1,2,168,893.54,2,2,2,2,1,6,2.43,1.5,35
1,2,169,905.33,1,1,1,1,1,6,1.05,0.5,35
1,2,170,916.11,2,1,1,2,0,4,1.58,2.5,35
1,2,171,926.9,4,3,3,3,1,8,2.01,1.5,35
1,2,172,940.68,3,3,3,4,0,8,1.77,2.5,35
1,2,173,955.46,3,4,4,4,1,8,9.64,3.5,35
1,2,174,971.25,4,4,4,3,0,4,1.59,6.5,35
1,2,175,986.03,3,3,3,4,0,4,5.83,8,35
1,2,176,1002.32,1,1,1,1,1,8,1.73,3.5,35
1,2,177,1018.1,1,1,1,1,1,6,1.76,0.5,35
1,2,178,1028.89,3,3,3,3,1,8,10.14,8,35
1,2,179,1049.17,3,3,3,3,1,4,5.67,0.5,35
1,2,180,1057.95,3,4,4,3,0,8,1.29,6.5,35
1,1,1,0.52,2,1,1,1,1,1,2.45,1.5,36
1,1,2,6.3,4,4,4,4,1,1,2.7,2.5,36
1,1,3,13.08,4,4,4,4,1,1,2.26,2.5,36
1,1,4,19.87,3,3,3,3,1,1,2.51,0.5,36
1,1,5,24.65,4,4,4,4,1,1,2.2,0.5,36
1,1,6,29.43,3,3,3,3,1,1,2.12,3.5,36
1,1,7,37.22,1,1,1,1,1,1,2.47,2.5,36
1,1,8,44,2,1,1,1,1,1,2.36,3.5,36
1,1,9,51.79,1,2,2,2,1,1,2.41,0.5,36
1,1,10,56.57,4,4,4,4,1,1,2.5,0.5,36
1,1,11,61.35,4,3,3,4,0,1,2.28,1.5,36
1,1,12,67.14,2,2,2,2,1,1,2.58,1.5,36
1,1,13,72.92,2,2,2,2,1,1,2.27,2.5,36
1,1,14,79.7,1,2,2,2,1,1,2.35,5.5,36
1,1,15,89.49,1,1,1,1,1,1,2.45,2.5,36
1,1,16,96.27,2,2,2,2,1,1,2.45,3.5,36
1,1,17,104.06,1,1,1,1,1,1,2.27,0.5,36
1,1,18,108.84,2,1,1,1,1,1,2.25,0.5,36
1,1,19,113.62,1,2,2,2,1,1,2.36,3.5,36
1,1,20,121.41,1,1,1,1,1,1,2.3,1.5,36
1,1,21,127.19,3,3,3,3,1,1,2.68,8,36
1,1,22,139.46,3,4,4,3,0,1,2.59,0.5,36
1,1,23,144.24,1,1,1,1,1,1,2.56,3.5,36
1,1,24,152.03,2,2,2,2,1,1,2.41,5.5,36
1,1,25,161.81,1,1,1,1,1,1,2.21,1.5,36
1,1,26,167.59,1,1,1,1,1,1,2.19,0.5,36
1,1,27,172.38,1,1,1,1,1,1,1.15,0.5,36
1,1,28,177.16,3,3,3,3,1,1,2.69,0.5,36
1,1,29,181.94,2,2,2,2,1,1,2.23,2.5,36
1,1,30,188.73,4,3,3,4,0,1,1.23,4.5,36
1,1,31,197.51,1,2,2,2,1,1,2.55,0.5,36
1,1,32,202.3,1,1,1,1,1,1,2.35,0.5,36
1,1,33,207.08,2,2,2,2,1,1,2.32,0.5,36
1,1,34,211.86,4,4,4,4,1,1,2.7,0.5,36
1,1,35,216.65,1,1,1,1,1,1,2.2,0.5,36
1,1,36,221.43,3,3,3,3,1,1,2.12,0.5,36
1,1,37,226.21,4,4,4,4,1,1,2.49,2.5,36
1,1,38,233,3,4,4,4,1,1,2.57,0.5,36
1,1,39,237.78,2,1,1,2,0,1,1.98,1.5,36
1,1,40,243.57,4,4,4,4,1,1,2.94,5.5,36
1,1,41,253.35,3,3,3,3,1,1,2.32,0.5,36
1,1,42,258.13,2,1,1,1,1,1,2.34,0.5,36
1,1,43,262.92,4,4,4,4,1,1,2.67,0.5,36
1,1,44,267.7,3,4,4,4,1,1,2.42,1.5,36
1,1,45,273.48,4,4,4,4,1,1,1.56,2.5,36
1,1,46,280.27,2,2,2,1,0,1,1.26,0.5,36
1,1,47,285.05,3,3,3,3,1,1,2.74,0.5,36
1,1,48,289.83,2,2,2,2,1,1,2.42,3.5,36
1,1,49,297.62,3,3,3,4,0,1,0.94,4.5,36
1,1,50,306.4,3,3,3,4,0,1,0.81,0.5,36
1,1,51,311.19,1,1,1,1,1,1,1.27,1.5,36
1,1,52,316.97,2,1,1,1,1,1,2.59,0.5,36
1,1,53,321.75,4,4,4,4,1,1,2.43,0.5,36
1,1,54,326.54,2,2,2,2,1,1,2.38,3.5,36
1,1,55,334.3,1,2,2,2,1,1,2.19,0.5,36
1,1,56,339.09,1,1,1,2,0,1,0.54,0.5,36
1,1,57,343.87,2,2,2,2,1,1,2.35,1.5,36
1,1,58,349.66,3,3,3,3,1,1,2.28,0.5,36
1,1,59,354.44,1,1,1,1,1,1,2.27,3.5,36
1,1,60,362.22,2,2,2,2,1,1,2.31,1.5,36
1,1,61,367.99,1,1,1,2,0,1,0.69,1.5,36
1,1,62,373.77,4,4,4,4,1,1,2.68,2.5,36
1,1,63,380.56,1,2,2,2,1,1,2.49,1.5,36
1,1,64,386.34,4,4,4,4,1,1,2.47,0.5,36
1,1,65,391.13,4,4,4,4,1,1,2.38,0.5,36
1,1,66,395.91,4,4,4,4,1,1,2.37,1.5,36
1,1,67,401.69,3,3,3,3,1,1,2.6,0.5,36
1,1,68,406.48,4,4,4,4,1,1,2.34,1.5,36
1,1,69,412.26,3,3,3,3,1,1,2.34,0.5,36
1,1,70,417.04,4,4,4,4,1,1,1.75,1.5,36
1,1,71,422.83,4,3,3,4,0,1,0.84,3.5,36
1,1,72,430.61,4,4,4,3,0,1,0.88,0.5,36
1,1,73,435.39,3,4,4,4,1,1,2.36,0.5,36
1,1,74,440.18,3,3,3,3,1,1,2.35,0.5,36
1,1,75,444.96,3,4,4,3,0,1,0.84,0.5,36
1,1,76,449.75,1,1,1,1,1,1,2.36,2.5,36
1,1,77,456.53,2,2,2,2,1,1,2.38,0.5,36
1,1,78,461.31,2,2,2,2,1,1,0.55,0.5,36
1,1,79,466.1,4,4,4,3,0,1,0.91,0.5,36
1,1,80,470.88,1,2,2,2,1,1,2.36,5.5,36
1,1,81,480.66,3,3,3,3,1,1,0.66,0.5,36
1,1,82,485.45,3,3,3,3,1,1,0.6,1.5,36
1,1,83,491.23,3,3,3,3,1,1,0.51,1.5,36
1,1,84,497.02,4,3,3,3,1,1,0.59,8,36
1,1,85,509.28,1,1,1,1,1,1,2.8,0.5,36
1,1,86,514.07,2,2,2,2,1,1,0.64,1.5,36
1,1,87,519.85,3,3,3,3,1,1,0.8,0.5,36
1,1,88,524.63,4,3,3,3,1,1,0.69,0.5,36
1,1,89,529.42,2,2,2,2,1,1,0.73,5.5,36
1,1,90,539.2,1,1,1,2,0,1,0.62,1.5,36
1,1,91,544.99,3,3,3,3,1,1,0.91,4.5,36
1,1,92,553.77,1,1,1,2,0,1,0.81,1.5,36
1,1,93,559.55,2,1,1,2,0,1,0.67,5.5,36
1,1,94,569.34,3,3,3,3,1,1,0.75,0.5,36
1,1,95,574.12,4,4,4,3,0,1,0.79,1.5,36
1,1,96,579.9,3,3,3,3,1,1,2.56,4.5,36
1,1,97,588.69,2,1,1,2,0,1,0.92,0.5,36
1,1,98,593.47,2,2,2,2,1,1,0.58,5.5,36
1,1,99,603.26,4,4,4,4,1,1,2.98,4.5,36
1,1,100,612.04,2,2,2,2,1,1,0.75,1.5,36
1,2,101,0.51,2,2,2,2,1,8,9.45,0.5,36
1,2,102,13.28,1,1,1,1,1,4,5.5,0.5,36
1,2,103,22.05,1,1,1,1,1,8,0.67,1.5,36
1,2,104,35.82,4,3,3,4,0,6,8.33,1.5,36
1,2,105,47.58,3,4,4,4,1,4,5.4,0.5,36
1,2,106,56.37,4,4,4,3,0,4,1.3,0.5,36
1,2,107,65.15,2,1,1,2,0,8,1.17,0.5,36
1,2,108,77.92,2,2,2,2,1,4,5.64,1.5,36
1,2,109,87.7,4,4,4,4,1,6,7.41,8,36
1,2,110,105.97,1,1,1,1,1,6,0.9,6.5,36
1,2,111,122.74,4,4,4,3,0,8,1.07,3.5,36
1,2,112,138.51,1,2,2,1,0,6,0.79,3.5,36
1,2,113,152.27,2,1,1,2,0,4,5.23,8,36
1,2,114,168.54,2,2,2,2,1,6,7.63,0.5,36
1,2,115,179.31,4,3,3,4,0,4,6.4,1.5,36
1,2,116,189.08,1,1,1,1,1,8,9.53,1.5,36
1,2,117,202.84,2,2,2,2,1,6,0.72,0.5,36
1,2,118,213.61,4,3,3,4,0,8,1.33,1.5,36
1,2,119,227.38,3,3,3,4,0,8,1.26,1.5,36
1,2,120,241.15,1,2,2,1,0,8,0.83,1.5,36
1,2,121,254.91,4,4,4,3,0,6,2.58,0.5,36
1,2,122,265.68,1,2,2,1,0,8,1.16,2.5,36
1,2,123,280.45,4,4,4,3,0,8,9.53,3.5,36
1,2,124,296.22,3,4,4,4,1,8,10.07,3.5,36
1,2,125,311.98,1,1,1,1,1,4,0.91,0.5,36
1,2,126,320.77,3,3,3,3,1,8,9.73,8,36
1,2,127,341.04,1,2,2,1,0,4,0.81,3.5,36
1,2,128,352.8,4,4,4,4,1,4,6.41,4.5,36
1,2,129,365.57,2,2,2,2,1,8,0.92,1.5,36
1,2,130,379.34,4,4,4,3,0,4,5.73,3.5,36
1,2,131,391.11,3,3,3,3,1,6,7.94,0.5,36
1,2,132,401.87,3,3,3,3,1,8,0.84,0.5,36
1,2,133,414.64,1,1,1,1,1,8,0.95,4.5,36
1,2,134,431.41,1,1,1,1,1,4,5.61,1.5,36
1,2,135,441.19,2,2,2,2,1,8,0.6,8,36
1,2,136,461.46,2,1,1,1,1,6,0.72,5.5,36
1,2,137,477.23,4,4,4,3,0,4,6.6,0.5,36
1,2,138,486.01,3,3,3,3,1,6,7.95,6.5,36
1,2,139,502.78,2,1,1,2,0,8,0.79,6.5,36
1,2,140,521.55,3,3,3,3,1,8,9.7,0.5,36
1,2,141,534.32,4,3,3,3,1,4,6.42,7.5,36
1,2,142,550.08,3,3,3,3,1,4,5.9,6.5,36
1,2,143,564.85,1,1,1,1,1,6,8.87,8,36
1,2,144,583.12,1,1,1,1,1,4,6,2.5,36
1,2,145,593.89,2,2,2,2,1,4,5.64,1.5,36
1,2,146,603.65,2,2,2,2,1,4,1.56,0.5,36
1,2,147,612.44,3,3,3,3,1,4,6.12,4.5,36
1,2,148,625.21,2,1,1,2,0,8,0.84,0.5,36
1,2,149,637.97,4,4,4,3,0,8,9.73,8,36
1,2,150,658.24,2,2,2,2,1,4,5.32,2.5,36
1,2,151,669.01,1,1,1,1,1,6,0.7,3.5,36
1,2,152,682.78,3,3,3,3,1,4,6.18,1.5,36
1,2,153,692.56,4,4,4,3,0,6,1.1,3.5,36
1,2,154,706.33,4,4,4,4,1,8,9.8,1.5,36
1,2,155,720.1,3,3,3,3,1,4,2.1,1.5,36
1,2,156,729.88,4,4,4,3,0,4,0.97,8,36
1,2,157,746.15,2,1,1,2,0,4,1.01,3.5,36
1,2,158,757.91,3,3,3,3,1,6,8.74,4.5,36
1,2,159,772.68,3,4,4,3,0,6,0.83,1.5,36
1,2,160,784.45,4,4,4,3,0,6,0.86,0.5,36
1,2,161,795.22,2,1,1,2,0,6,0.83,5.5,36
1,2,162,810.99,3,3,3,3,1,6,7.6,7.5,36
1,2,163,828.75,4,4,4,4,1,8,10.2,2.5,36
1,2,164,843.52,1,1,1,1,1,6,7.63,3.5,36
1,2,165,857.29,4,4,4,4,1,8,9.54,1.5,36
1,2,166,871.06,2,2,2,2,1,6,1.67,0.5,36
1,2,167,881.82,3,3,3,3,1,8,4.04,8,36
1,2,168,902.09,3,3,3,3,1,6,1,5.5,36
1,2,169,917.86,2,2,2,2,1,6,2.52,3.5,36
1,2,170,931.63,3,3,3,3,1,6,0.83,8,36
1,2,171,949.89,1,1,1,1,1,8,1.3,0.5,36
1,2,172,962.66,4,4,4,4,1,6,1.77,0.5,36
1,2,173,973.43,2,2,2,2,1,4,2.17,4.5,36
1,2,174,986.2,3,4,4,3,0,8,0.88,1.5,36
1,2,175,999.96,1,1,1,1,1,4,0.86,0.5,36
1,2,176,1008.75,2,2,2,2,1,8,0.74,2.5,36
1,2,177,1023.52,1,2,2,1,0,4,1.11,0.5,36
1,2,178,1032.3,1,1,1,2,0,6,1.34,4.5,36
1,2,179,1047.07,3,3,3,3,1,4,5.63,6.5,36
1,2,180,1061.84,1,2,2,1,0,6,0.91,1.5,36
2,1,1,0.51,4,3,3,3,1,1,2.47,1.5,36
2,1,2,6.3,4,4,4,4,1,1,2.48,0.5,36
2,1,3,11.08,4,4,4,4,1,1,2.39,2.5,36
2,1,4,17.87,2,1,1,1,1,1,2.41,5.5,36
2,1,5,27.65,1,1,1,1,1,1,2.39,3.5,36
2,1,6,35.43,3,3,3,3,1,1,2.41,4.5,36
2,1,7,44.22,4,4,4,4,1,1,2.3,4.5,36
2,1,8,53,4,3,3,4,0,1,0.63,1.5,36
2,1,9,58.78,3,3,3,3,1,1,2.48,3.5,36
2,1,10,66.57,1,1,1,1,1,1,2.44,2.5,36
2,1,11,73.35,4,4,4,4,1,1,2.44,2.5,36
2,1,12,80.14,1,2,2,2,1,1,2.45,1.5,36
2,1,13,85.92,1,1,1,1,1,1,2.32,1.5,36
2,1,14,91.7,2,2,2,2,1,1,2.41,5.5,36
2,1,15,101.49,2,2,2,2,1,1,2.12,5.5,36
2,1,16,111.27,1,2,2,1,0,1,2.2,0.5,36
2,1,17,116.06,3,3,3,3,1,1,2.26,0.5,36
2,1,18,120.84,4,3,3,4,0,1,2.24,2.5,36
2,1,19,127.62,1,1,1,1,1,1,2.44,0.5,36
2,1,20,132.41,1,1,1,1,1,1,2.17,1.5,36
2,1,21,138.19,4,4,4,4,1,1,2.23,1.5,36
2,1,22,143.97,2,2,2,2,1,1,1.57,3.5,36
2,1,23,151.76,1,2,2,2,1,1,2.43,5.5,36
2,1,24,161.53,3,3,3,3,1,1,2.17,0.5,36
2,1,25,166.31,3,4,4,3,0,1,0.75,0.5,36
2,1,26,171.09,3,3,3,3,1,1,2.18,0.5,36
2,1,27,175.88,3,3,3,3,1,1,0.83,4.5,36
2,1,28,184.66,4,4,4,4,1,1,0.93,0.5,36
2,1,29,189.44,3,3,3,3,1,1,0.69,0.5,36
2,1,30,194.23,2,2,2,2,1,1,0.73,1.5,36
2,1,31,200.01,3,4,4,3,0,1,0.94,0.5,36
2,1,32,204.79,1,2,2,2,1,1,2.38,5.5,36
2,1,33,214.58,2,2,2,2,1,1,0.81,1.5,36
2,1,34,220.36,3,3,3,3,1,1,0.79,4.5,36
2,1,35,229.15,3,4,4,3,0,1,0.75,0.5,36
2,1,36,233.93,4,4,4,4,1,1,0.98,1.5,36
2,1,37,239.71,2,2,2,2,1,1,0.87,3.5,36
2,1,38,247.5,2,2,2,2,1,1,0.66,2.5,36
2,1,39,254.28,2,2,2,2,1,1,0.66,3.5,36
2,1,40,262.07,1,1,1,1,1,1,2.3,0.5,36
2,1,41,266.85,2,1,1,2,0,1,1.79,0.5,36
2,1,42,271.63,1,1,1,1,1,1,2.35,1.5,36
2,1,43,277.42,2,2,2,2,1,1,0.62,2.5,36
2,1,44,284.2,3,4,4,3,0,1,0.69,1.5,36
2,1,45,289.98,4,3,3,4,0,1,0.68,0.5,36
2,1,46,294.77,1,1,1,1,1,1,2.36,1.5,36
2,1,47,300.53,3,4,4,3,0,1,0.83,0.5,36
2,1,48,305.32,3,3,3,3,1,1,2.2,1.5,36
2,1,49,311.1,3,3,3,3,1,1,0.82,0.5,36
2,1,50,315.89,2,2,2,2,1,1,1.48,1.5,36
2,1,51,321.67,2,1,1,2,0,1,0.68,0.5,36
2,1,52,326.45,4,3,3,3,1,1,2.49,1.5,36
2,1,53,332.24,4,3,3,3,1,1,2.28,0.5,36
2,1,54,337.02,4,4,4,4,1,1,2.39,0.5,36
2,1,55,341.8,1,2,2,2,1,1,2.47,0.5,36
2,1,56,346.59,3,4,4,4,1,1,2.3,0.5,36
2,1,57,351.37,4,3,3,3,1,1,2.32,8,36
2,1,58,363.64,4,4,4,4,1,1,2.43,5.5,36
2,1,59,373.41,3,3,3,3,1,1,2.34,0.5,36
2,1,60,378.19,3,4,4,4,1,1,2.72,0.5,36
2,1,61,382.97,1,2,2,2,1,1,2.34,0.5,36
2,1,62,387.76,2,1,1,2,0,1,0.71,1.5,36
2,1,63,393.54,1,2,2,2,1,1,2.37,0.5,36
2,1,64,398.32,3,4,4,4,1,1,3.04,0.5,36
2,1,65,403.11,4,4,4,4,1,1,2.45,0.5,36
2,1,66,407.89,2,2,2,2,1,1,2.56,0.5,36
2,1,67,412.68,1,1,1,1,1,1,2.44,1.5,36
2,1,68,418.46,1,1,1,1,1,1,2.31,0.5,36
2,1,69,423.24,4,3,3,4,0,1,2.63,0.5,36
2,1,70,428.03,1,1,1,1,1,1,2.22,2.5,36
2,1,71,434.81,2,1,1,2,0,1,0.72,3.5,36
2,1,72,442.59,4,3,3,3,1,1,2.37,3.5,36
2,1,73,450.38,3,4,4,4,1,1,2.54,1.5,36
2,1,74,456.16,4,3,3,3,1,1,2.43,2.5,36
2,1,75,462.95,1,2,2,1,0,1,2.48,0.5,36
2,1,76,467.73,1,1,1,1,1,1,2.41,2.5,36
2,1,77,474.5,4,3,3,3,1,1,2.44,2.5,36
2,1,78,481.28,4,4,4,4,1,1,2.44,0.5,36
2,1,79,486.06,2,2,2,2,1,1,2.22,0.5,36
2,1,80,490.85,1,2,2,2,1,1,2.35,3.5,36
2,1,81,498.63,3,4,4,4,1,1,2.46,0.5,36
2,1,82,503.41,1,1,1,1,1,1,2.41,3.5,36
2,1,83,511.2,3,4,4,4,1,1,2.44,0.5,36
2,1,84,515.98,2,2,2,2,1,1,2.45,0.5,36
2,1,85,520.77,3,3,3,3,1,1,2.28,0.5,36
2,1,86,525.55,2,2,2,2,1,1,2.45,5.5,36
2,1,87,535.32,2,1,1,1,1,1,2.38,1.5,36
2,1,88,541.1,2,1,1,1,1,1,2.33,1.5,36
2,1,89,546.88,3,3,3,3,1,1,0.96,8,36
2,1,90,559.15,2,1,1,1,1,1,1.79,0.5,36
2,1,91,563.94,1,1,1,2,0,1,0.98,0.5,36
2,1,92,568.72,2,1,1,1,1,1,2.3,0.5,36
2,1,93,573.5,1,1,1,1,1,1,2.16,1.5,36
2,1,94,579.29,3,4,4,3,0,1,0.83,0.5,36
2,1,95,584.07,2,1,1,1,1,1,2.37,0.5,36
2,1,96,588.85,4,3,3,3,1,1,2.42,0.5,36
2,1,97,593.64,1,2,2,1,0,1,0.86,0.5,36
2,1,98,598.42,4,4,4,4,1,1,2.33,0.5,36
2,1,99,603.2,4,3,3,3,1,1,2.38,4.5,36
2,1,100,611.99,2,2,2,1,0,1,2.51,1.5,36
2,2,101,0.51,3,4,4,3,0,6,1.4,8,36
2,2,102,18.78,3,4,4,4,1,8,1.46,1.5,36
2,2,103,32.55,3,4,4,4,1,8,1.05,0.5,36
2,2,104,45.32,2,2,2,1,0,4,1.38,2.5,36
2,2,105,56.08,2,2,2,2,1,6,7.88,0.5,36
2,2,106,66.85,4,4,4,3,0,6,7.83,0.5,36
2,2,107,77.62,4,3,3,4,0,6,1.29,0.5,36
2,2,108,88.39,2,2,2,2,1,4,6.08,1.5,36
2,2,109,98.17,4,4,4,4,1,6,7.97,3.5,36
2,2,110,111.94,1,1,1,1,1,4,5.77,2.5,36
2,2,111,122.71,4,3,3,3,1,8,9.87,1.5,36
2,2,112,136.47,1,1,1,1,1,4,5.3,0.5,36
2,2,113,145.24,4,3,3,3,1,4,5.37,1.5,36
2,2,114,155.02,4,3,3,3,1,8,0.83,8,36
2,2,115,175.29,1,2,2,1,0,6,0.92,3.5,36
2,2,116,189.06,3,4,4,4,1,6,8.07,0.5,36
2,2,117,199.83,4,3,3,3,1,4,1.45,7.5,36
2,2,118,215.59,4,4,4,3,0,8,1.3,3.5,36
2,2,119,231.36,3,3,3,3,1,6,7.93,5.5,36
2,2,120,247.13,3,4,4,3,0,8,0.67,3.5,36
2,2,121,262.9,4,4,4,3,0,6,1.19,0.5,36
2,2,122,273.67,3,3,3,3,1,6,7.57,6.5,36
2,2,123,290.43,3,3,3,3,1,4,0.72,1.5,36
2,2,124,300.22,4,4,4,3,0,4,0.84,8,36
2,2,125,316.49,3,3,3,3,1,4,5.6,6.5,36
2,2,126,331.25,2,1,1,1,1,8,2.2,6.5,36
2,2,127,350.02,2,1,1,1,1,6,0.68,5.5,36
2,2,128,365.79,1,1,1,2,0,8,10.67,1.5,36
2,2,129,379.56,2,1,1,1,1,8,0.68,0.5,36
2,2,130,392.32,2,2,2,1,0,8,0.92,8,36
2,2,131,412.59,1,1,1,2,0,6,7.61,8,36
2,2,132,430.86,3,4,4,3,0,4,1.81,0.5,36
2,2,133,439.63,3,4,4,4,1,6,1.83,1.5,36
2,2,134,451.39,2,1,1,1,1,4,0.84,8,36
2,2,135,467.66,4,3,3,3,1,6,7.65,1.5,36
2,2,136,479.43,4,3,3,3,1,6,0.89,8,36
2,2,137,497.7,4,4,4,3,0,6,0.68,0.5,36
2,2,138,508.46,1,2,2,2,1,4,5.63,1.5,36
2,2,139,518.25,4,4,4,3,0,8,9.85,1.5,36
2,2,140,532.02,3,3,3,3,1,8,2.31,1.5,36
2,2,141,545.8,2,1,1,1,1,4,0.94,3.5,36
2,2,142,557.57,2,2,2,1,0,6,0.81,3.5,36
2,2,143,571.34,1,2,2,2,1,6,8.23,1.5,36
2,2,144,583.1,2,2,2,1,0,4,0.85,0.5,36
2,2,145,591.89,3,4,4,4,1,8,10.07,8,36
2,2,146,612.16,3,3,3,3,1,4,2.39,6.5,36
2,2,147,626.92,3,3,3,3,1,6,0.65,7.5,36
2,2,148,644.69,2,2,2,1,0,8,0.86,2.5,36
2,2,149,659.46,1,2,2,2,1,8,9.77,1.5,36
2,2,150,673.23,3,4,4,3,0,4,0.88,1.5,36
2,2,151,683.01,4,4,4,4,1,4,5.57,0.5,36
2,2,152,691.79,4,4,4,4,1,8,0.59,3.5,36
2,2,153,707.56,3,3,3,3,1,8,0.85,0.5,36
2,2,154,720.33,1,1,1,1,1,4,5.9,0.5,36
2,2,155,729.11,1,2,2,1,0,6,3.1,3.5,36
2,2,156,742.88,3,3,3,3,1,8,0.9,8,36
2,2,157,763.15,1,1,1,2,0,4,6.11,0.5,36
2,2,158,771.93,2,2,2,1,0,6,0.84,0.5,36
2,2,159,782.7,2,2,2,1,0,4,0.65,1.5,36
2,2,160,792.48,1,2,2,1,0,8,1.1,2.5,36
2,2,161,807.25,1,1,1,2,0,8,0.98,0.5,36
2,2,162,820.02,4,3,3,3,1,4,6.17,4.5,36
2,2,163,832.79,1,2,2,1,0,4,7.53,0.5,36
2,2,164,841.57,1,1,1,2,0,8,1.69,1.5,36
2,2,165,855.34,2,1,1,1,1,4,5.78,4.5,36
2,2,166,868.11,1,2,2,1,0,4,0.93,3.5,36
2,2,167,879.87,4,3,3,4,0,4,5.98,3.5,36
2,2,168,891.64,2,1,1,1,1,8,10.17,0.5,36
2,2,169,904.41,1,1,1,1,1,6,4.13,3.5,36
2,2,170,918.18,4,4,4,4,1,8,9.97,2.5,36
2,2,171,932.94,4,3,3,4,0,8,1.61,1.5,36
2,2,172,946.71,3,4,4,4,1,4,5.64,4.5,36
2,2,173,959.48,1,1,1,1,1,6,8.58,4.5,36
2,2,174,974.25,1,1,1,1,1,6,8.04,6.5,36
2,2,175,991.01,2,2,2,2,1,6,8.07,0.5,36
2,2,176,1001.78,2,2,2,2,1,8,0.63,1.5,36
2,2,177,1015.55,3,3,3,3,1,6,7.68,4.5,36
2,2,178,1030.32,2,2,2,1,0,8,10.33,0.5,36
2,2,179,1043.08,2,1,1,1,1,6,0.59,5.5,36
2,2,180,1058.85,1,1,1,1,1,8,9.73,4.5,36
1,1,1,0.5,1,1,1,1,1,1,2.74,0.5,37
1,1,2,5.28,1,1,1,1,1,1,2.12,1.5,37
1,1,3,11.05,4,4,4,4,1,1,2.75,0.5,37
1,1,4,15.81,2,2,2,2,1,1,2.34,1.5,37
1,1,5,21.58,3,4,4,3,0,1,2.17,1.5,37
1,1,6,27.34,4,4,4,4,1,1,2.24,0.5,37
1,1,7,32.12,1,1,1,1,1,1,2.15,2.5,37
1,1,8,38.89,4,4,4,4,1,1,2.46,0.5,37
1,1,9,43.67,1,1,1,1,1,1,1.1,1.5,37
1,1,10,49.44,4,3,3,4,0,1,1.15,2.5,37
1,1,11,56.2,3,4,4,4,1,1,2.43,1.5,37
1,1,12,61.97,1,1,1,1,1,1,0.64,1.5,37
1,1,13,67.73,3,3,3,3,1,1,2.18,1.5,37
1,1,14,73.51,2,2,2,2,1,1,1.17,1.5,37
1,1,15,79.28,2,1,1,2,0,1,1.13,0.5,37
1,1,16,84.06,1,2,2,1,0,1,0.97,1.5,37
1,1,17,89.83,4,4,4,4,1,1,2.27,2.5,37
1,1,18,96.59,4,3,3,3,1,1,2.25,0.5,37
1,1,19,101.36,2,2,2,2,1,1,2.06,3.5,37
1,1,20,109.12,4,4,4,4,1,1,2.17,5.5,37
1,1,21,118.9,1,1,1,1,1,1,1.12,0.5,37
1,1,22,123.67,4,3,3,4,0,1,1.67,0.5,37
1,1,23,128.45,2,2,2,2,1,1,1.36,0.5,37
1,1,24,133.23,4,4,4,4,1,1,2.57,2.5,37
1,1,25,140,3,3,3,3,1,1,2.56,0.5,37
1,1,26,144.78,2,2,2,2,1,1,1.32,3.5,37
1,1,27,152.56,2,1,1,1,1,1,2.23,0.5,37
1,1,28,157.32,1,1,1,1,1,1,2.23,0.5,37
1,1,29,162.11,3,3,3,3,1,1,2.53,0.5,37
1,1,30,166.87,4,4,4,4,1,1,2.19,1.5,37
1,1,31,172.64,4,4,4,4,1,1,2.26,1.5,37
1,1,32,178.4,4,4,4,4,1,1,0.87,5.5,37
1,1,33,188.17,4,3,3,4,0,1,1.07,4.5,37
1,1,34,196.95,3,4,4,4,1,1,2.35,0.5,37
1,1,35,201.71,3,4,4,3,0,1,2.09,0.5,37
1,1,36,206.5,3,4,4,4,1,1,2.35,0.5,37
1,1,37,211.26,2,2,2,2,1,1,2.26,0.5,37
1,1,38,216.03,3,3,3,3,1,1,2.16,4.5,37
1,1,39,224.81,1,1,1,1,1,1,1.04,1.5,37
1,1,40,230.57,3,3,3,3,1,1,2.16,4.5,37
1,1,41,239.35,1,1,1,1,1,1,0.99,5.5,37
1,1,42,249.13,3,3,3,3,1,1,2.18,0.5,37
1,1,43,253.9,1,1,1,1,1,1,0.98,0.5,37
1,1,44,258.68,1,2,2,1,0,1,0.9,0.5,37
1,1,45,263.45,3,4,4,3,0,1,1.74,0.5,37
1,1,46,268.21,2,2,2,2,1,1,1.15,3.5,37
1,1,47,275.99,2,2,2,2,1,1,2.28,0.5,37
1,1,48,280.76,1,2,2,2,1,1,2.21,0.5,37
1,1,49,285.54,2,2,2,2,1,1,2.17,0.5,37
1,1,50,290.31,1,1,1,1,1,1,2.24,0.5,37
1,1,51,295.07,1,1,1,1,1,1,2.22,4.5,37
1,1,52,303.85,2,1,1,2,0,1,0.72,5.5,37
1,1,53,313.62,2,1,1,2,0,1,2.07,0.5,37
1,1,54,318.4,3,3,3,3,1,1,2.93,1.5,37
1,1,55,324.18,3,3,3,3,1,1,2.63,2.5,37
1,1,56,330.95,1,2,2,2,1,1,3.07,0.5,37
1,1,57,335.73,2,2,2,2,1,1,2.45,2.5,37
1,1,58,342.51,4,4,4,NA,NA,1,NA,0.5,37
1,1,59,347.28,2,2,2,2,1,1,2.39,0.5,37
1,1,60,352.06,3,4,4,4,1,1,2.34,1.5,37
1,1,61,357.82,2,1,1,1,1,1,2.32,2.5,37
1,1,62,364.59,3,3,3,3,1,1,2.57,3.5,37
1,1,63,372.37,4,4,4,4,1,1,2.36,0.5,37
1,1,64,377.13,2,1,1,1,1,1,2.7,2.5,37
1,1,65,383.92,3,3,3,3,1,1,2.25,0.5,37
1,1,66,388.68,2,2,2,2,1,1,2.28,8,37
1,1,67,400.96,3,4,4,4,1,1,2.15,0.5,37
1,1,68,405.73,4,3,3,3,1,1,2.19,0.5,37
1,1,69,410.51,2,1,1,2,0,1,2.04,3.5,37
1,1,70,418.29,1,1,1,1,1,1,2.27,1.5,37
1,1,71,424.06,3,4,4,4,1,1,2.15,5.5,37
1,1,72,433.84,1,2,2,2,1,1,2.29,0.5,37
1,1,73,438.62,2,2,2,2,1,1,2.26,0.5,37
1,1,74,443.38,4,4,4,4,1,1,2.14,0.5,37
1,1,75,448.16,3,4,4,4,1,1,2.4,2.5,37
1,1,76,454.93,4,4,4,4,1,1,2.42,2.5,37
1,1,77,461.69,3,3,3,3,1,1,2.47,0.5,37
1,1,78,466.46,2,1,1,1,1,1,2.51,0.5,37
1,1,79,471.23,1,2,2,2,1,1,2.4,0.5,37
1,1,80,475.99,4,3,3,3,1,1,2.4,0.5,37
1,1,81,480.76,1,2,2,2,1,1,2.44,4.5,37
1,1,82,489.54,2,2,2,2,1,1,2.44,0.5,37
1,1,83,494.3,3,3,3,3,1,1,2.3,5.5,37
1,1,84,504.08,4,3,3,3,1,1,2.7,3.5,37
1,1,85,511.85,3,3,3,3,1,1,2.44,1.5,37
1,1,86,517.61,3,3,3,3,1,1,3.09,1.5,37
1,1,87,523.38,4,4,4,3,0,1,2.86,1.5,37
1,1,88,529.14,1,1,1,1,1,1,2.29,1.5,37
1,1,89,534.93,2,2,2,2,1,1,2.01,5.5,37
1,1,90,544.69,4,4,4,4,1,1,2.41,3.5,37
1,1,91,552.47,1,1,1,1,1,1,2.14,1.5,37
1,1,92,558.24,4,3,3,3,1,1,2.52,3.5,37
1,1,93,566,1,1,1,1,1,1,1.36,0.5,37
1,1,94,570.77,1,1,1,1,1,1,1.2,0.5,37
1,1,95,575.53,4,3,3,4,0,1,1.2,0.5,37
1,1,96,580.3,1,1,1,1,1,1,1.07,8,37
1,1,97,592.58,2,2,2,2,1,1,1.12,1.5,37
1,1,98,598.34,4,3,3,3,1,1,2.46,3.5,37
1,1,99,606.12,3,3,3,3,1,1,3.2,0.5,37
1,1,100,610.89,2,2,2,2,1,1,0.98,1.5,37
1,2,101,0.51,1,1,1,1,1,6,1.11,3.5,37
1,2,102,14.28,4,3,3,4,0,6,8.03,8,37
1,2,103,32.56,3,4,4,4,1,6,7.88,1.5,37
1,2,104,44.32,3,3,3,4,0,6,1.72,1.5,37
1,2,105,56.1,1,2,2,1,0,4,2.66,2.5,37
1,2,106,66.88,1,1,1,1,1,4,1.44,1.5,37
1,2,107,76.64,3,3,3,4,0,6,7.48,0.5,37
1,2,108,87.42,4,4,4,4,1,6,8.2,6.5,37
1,2,109,104.2,3,3,3,3,1,8,9.84,0.5,37
1,2,110,116.97,2,2,2,2,1,4,5.33,2.5,37
1,2,111,127.75,3,3,3,3,1,8,10.2,3.5,37
1,2,112,143.53,2,1,1,2,0,8,1.28,0.5,37
1,2,113,156.29,2,2,2,2,1,4,1.63,1.5,37
1,2,114,166.07,1,2,2,2,1,6,7.67,0.5,37
1,2,115,176.83,1,2,2,2,1,8,10.06,3.5,37
1,2,116,192.6,3,4,4,3,0,8,10.25,1.5,37
1,2,117,206.38,3,4,4,3,0,4,5.97,4.5,37
1,2,118,219.14,4,4,4,4,1,8,10.44,7.5,37
1,2,119,238.92,4,4,4,4,1,4,6.49,0.5,37
1,2,120,247.7,4,4,4,3,0,4,5.91,1.5,37
1,2,121,257.46,1,1,1,1,1,8,9.78,1.5,37
1,2,122,271.24,3,3,3,3,1,6,7.86,8,37
1,2,123,289.5,4,3,3,4,0,6,7.81,4.5,37
1,2,124,304.28,2,1,1,1,1,4,5.65,0.5,37
1,2,125,313.05,1,1,1,1,1,4,6.05,3.5,37
1,2,126,324.83,3,3,3,3,1,8,10.22,0.5,37
1,2,127,337.61,3,4,4,4,1,4,5.86,0.5,37
1,2,128,346.37,2,2,2,2,1,8,9.98,1.5,37
1,2,129,360.15,2,2,2,2,1,6,8.8,1.5,37
1,2,130,371.93,1,2,2,2,1,8,9.7,8,37
1,2,131,392.21,2,2,2,2,1,4,5.92,8,37
1,2,132,408.47,4,3,3,3,1,4,5.73,0.5,37
1,2,133,417.25,2,2,2,2,1,8,10.16,3.5,37
1,2,134,433.02,4,4,4,4,1,4,5.97,1.5,37
1,2,135,442.8,3,4,4,4,1,6,7.82,1.5,37
1,2,136,454.58,4,3,3,3,1,4,6.11,1.5,37
1,2,137,464.34,1,1,1,1,1,6,7.77,6.5,37
1,2,138,481.12,1,1,1,1,1,6,8.05,5.5,37
1,2,139,496.9,3,4,4,4,1,8,9.86,0.5,37
1,2,140,509.66,1,1,1,1,1,4,6.07,0.5,37
1,2,141,518.45,4,4,4,4,1,8,10.14,0.5,37
1,2,142,531.23,1,1,1,1,1,4,5.66,6.5,37
1,2,143,545.99,2,2,2,2,1,6,7.5,4.5,37
1,2,144,560.77,3,4,4,4,1,8,9.89,3.5,37
1,2,145,576.55,3,3,3,4,0,4,6.07,8,37
1,2,146,592.83,3,3,3,3,1,4,5.99,1.5,37
1,2,147,602.61,1,2,2,2,1,6,7.47,4.5,37
1,2,148,617.37,3,3,3,3,1,8,10.2,6.5,37
1,2,149,636.15,4,4,4,3,0,8,10.3,3.5,37
1,2,150,651.93,4,4,4,4,1,8,9.81,0.5,37
1,2,151,664.69,2,1,1,1,1,6,8.3,5.5,37
1,2,152,680.47,1,2,2,2,1,4,6.17,8,37
1,2,153,696.73,1,1,1,1,1,8,10.08,3.5,37
1,2,154,712.51,3,4,4,4,1,6,7.91,6.5,37
1,2,155,729.27,4,3,3,3,1,4,6.7,1.5,37
1,2,156,739.05,2,1,1,1,1,8,11.25,0.5,37
1,2,157,751.83,1,1,1,1,1,6,8.17,3.5,37
1,2,158,765.6,2,1,1,1,1,8,10.02,1.5,37
1,2,159,779.38,4,4,4,3,0,6,8.22,0.5,37
1,2,160,790.16,4,3,3,3,1,8,10.47,2.5,37
1,2,161,804.92,3,3,3,3,1,6,8.84,8,37
1,2,162,823.18,4,3,3,3,1,8,10.59,2.5,37
1,2,163,837.96,4,4,4,4,1,8,11.08,1.5,37
1,2,164,851.74,2,2,2,2,1,4,6.05,0.5,37
1,2,165,860.51,2,2,2,2,1,4,6.03,2.5,37
1,2,166,871.29,3,3,3,4,0,4,6.99,0.5,37
1,2,167,880.07,1,1,1,1,1,8,10.32,0.5,37
1,2,168,892.83,2,2,2,2,1,8,11.11,8,37
1,2,169,913.11,1,1,1,1,1,6,7.99,0.5,37
1,2,170,923.87,2,1,1,1,1,6,8.01,3.5,37
1,2,171,937.65,1,1,1,1,1,8,9.55,3.5,37
1,2,172,953.41,4,4,4,4,1,4,5.85,4.5,37
1,2,173,966.19,1,1,1,1,1,4,5.95,5.5,37
1,2,174,979.97,2,2,2,2,1,8,10.11,7.5,37
1,2,175,999.74,3,3,3,3,1,4,6.72,0.5,37
1,2,176,1008.52,2,1,1,2,0,4,1.57,1.5,37
1,2,177,1018.3,4,4,4,4,1,6,2.03,8,37
1,2,178,1036.58,2,2,2,2,1,6,7.88,0.5,37
1,2,179,1047.34,2,2,2,2,1,6,7.58,1.5,37
1,2,180,1059.1,4,3,3,3,1,6,7.8,4.5,37
1,1,1,0.5,1,2,2,2,1,1,3.6,0.5,38
1,1,2,5.27,4,4,4,4,1,1,3.03,0.5,38
1,1,3,10.03,3,3,3,3,1,1,2.54,1.5,38
1,1,4,15.8,2,2,2,2,1,1,2.54,1.5,38
1,1,5,21.56,3,3,3,3,1,1,3.29,0.5,38
1,1,6,26.33,3,4,4,4,1,1,3.4,0.5,38
1,1,7,31.11,2,2,2,2,1,1,2.55,0.5,38
1,1,8,35.88,1,1,1,1,1,1,2.55,2.5,38
1,1,9,42.66,3,4,4,4,1,1,2.65,2.5,38
1,1,10,49.44,2,1,1,1,1,1,2.66,1.5,38
1,1,11,55.2,1,1,1,1,1,1,2.21,1.5,38
1,1,12,60.99,4,4,4,3,0,1,2.72,0.5,38
1,1,13,65.75,2,1,1,NA,NA,1,NA,5.5,38
1,1,14,75.52,4,4,4,4,1,1,3.07,5.5,38
1,1,15,85.3,4,4,4,4,1,1,2.55,0.5,38
1,1,16,90.06,3,3,3,3,1,1,2.74,2.5,38
1,1,17,96.84,4,4,4,4,1,1,2.22,2.5,38
1,1,18,103.62,4,4,4,3,0,1,2.19,3.5,38
1,1,19,111.39,2,2,2,1,0,1,2.11,4.5,38
1,1,20,120.17,4,4,4,4,1,1,2.67,0.5,38
1,1,21,124.94,1,2,2,2,1,1,2.83,2.5,38
1,1,22,131.7,3,3,3,3,1,1,2.76,0.5,38
1,1,23,136.47,3,3,3,3,1,1,2.14,1.5,38
1,1,24,142.23,3,3,3,3,1,1,0.54,1.5,38
1,1,25,148.01,3,4,4,3,0,1,0.78,2.5,38
1,1,26,154.78,1,1,1,2,0,1,2.8,1.5,38
1,1,27,160.56,3,4,4,4,1,1,2.97,0.5,38
1,1,28,165.33,3,4,4,4,1,1,2.75,0.5,38
1,1,29,170.09,2,2,2,2,1,1,2.68,0.5,38
1,1,30,174.86,3,3,3,4,0,1,2.3,0.5,38
1,1,31,179.62,2,2,2,2,1,1,2.6,0.5,38
1,1,32,184.39,3,4,4,4,1,1,2.75,0.5,38
1,1,33,189.15,4,4,4,4,1,1,2.56,0.5,38
1,1,34,193.92,1,1,1,1,1,1,2.64,4.5,38
1,1,35,202.68,1,1,1,1,1,1,2.57,0.5,38
1,1,36,207.45,4,3,3,3,1,1,3.54,2.5,38
1,1,37,214.21,2,2,2,2,1,1,2.63,1.5,38
1,1,38,219.98,2,2,2,2,1,1,0.57,0.5,38
1,1,39,224.74,1,1,1,1,1,1,3.67,0.5,38
1,1,40,229.51,4,3,3,3,1,1,2.74,0.5,38
1,1,41,234.27,4,4,4,4,1,1,3.03,8,38
1,1,42,246.54,3,3,3,3,1,1,2.83,1.5,38
1,1,43,252.3,2,2,2,2,1,1,2.7,2.5,38
1,1,44,259.07,2,2,2,2,1,1,2.68,0.5,38
1,1,45,263.83,3,3,3,3,1,1,2.81,0.5,38
1,1,46,268.6,2,2,2,2,1,1,3.04,0.5,38
1,1,47,273.36,2,2,2,2,1,1,2.48,1.5,38
1,1,48,279.13,3,3,3,3,1,1,2.73,1.5,38
1,1,49,284.89,1,1,1,1,1,1,2.9,8,38
1,1,50,297.17,2,2,2,2,1,1,2.49,0.5,38
1,1,51,301.94,4,4,4,3,0,1,3.09,5.5,38
1,1,52,311.72,4,3,3,3,1,1,2.78,5.5,38
1,1,53,321.5,1,1,1,1,1,1,2.77,0.5,38
1,1,54,326.27,2,1,1,1,1,1,2.48,0.5,38
1,1,55,331.05,2,2,2,2,1,1,2.48,0.5,38
1,1,56,335.83,1,1,1,1,1,1,3.1,3.5,38
1,1,57,343.59,4,4,4,4,1,1,3.02,1.5,38
1,1,58,349.38,3,3,3,3,1,1,2.93,0.5,38
1,1,59,354.14,1,1,1,1,1,1,2.76,0.5,38
1,1,60,358.91,4,4,4,4,1,1,3.42,0.5,38
1,1,61,363.67,1,2,2,2,1,1,2.62,4.5,38
1,1,62,372.44,4,3,3,3,1,1,2.94,0.5,38
1,1,63,377.2,1,1,1,1,1,1,2.68,1.5,38
1,1,64,382.97,4,3,3,3,1,1,2.74,0.5,38
1,1,65,387.75,3,4,4,NA,NA,1,NA,1.5,38
1,1,66,393.52,4,3,3,3,1,1,2.96,1.5,38
1,1,67,399.3,4,4,4,3,0,1,3.58,1.5,38
1,1,68,405.06,2,2,2,2,1,1,2.52,1.5,38
1,1,69,410.83,3,3,3,NA,NA,1,NA,3.5,38
1,1,70,418.61,1,1,1,1,1,1,2.77,0.5,38
1,1,71,423.37,4,3,3,3,1,1,3.02,1.5,38
1,1,72,429.16,2,1,1,1,1,1,2.4,1.5,38
1,1,73,434.92,1,1,1,1,1,1,2.96,5.5,38
1,1,74,444.69,1,1,1,1,1,1,2.36,3.5,38
1,1,75,452.47,1,1,1,1,1,1,3.6,0.5,38
1,1,76,457.23,4,3,3,NA,NA,1,NA,3.5,38
1,1,77,465.01,1,2,2,2,1,1,2.48,3.5,38
1,1,78,472.8,1,1,1,1,1,1,2.45,3.5,38
1,1,79,480.56,2,2,2,2,1,1,2.55,0.5,38
1,1,80,485.34,3,4,4,NA,NA,1,NA,0.5,38
1,1,81,490.11,2,2,2,2,1,1,2.53,0.5,38
1,1,82,494.87,1,2,2,2,1,1,2.53,4.5,38
1,1,83,503.65,2,2,2,2,1,1,3.37,4.5,38
1,1,84,512.42,3,3,3,3,1,1,2.87,0.5,38
1,1,85,517.2,1,1,1,2,0,1,3.07,2.5,38
1,1,86,523.98,2,1,1,1,1,1,3.03,1.5,38
1,1,87,529.75,3,3,3,3,1,1,3.23,0.5,38
1,1,88,534.53,1,1,1,1,1,1,2.87,0.5,38
1,1,89,539.29,3,3,3,3,1,1,2.98,5.5,38
1,1,90,549.06,4,4,4,4,1,1,3.46,1.5,38
1,1,91,554.84,2,2,2,2,1,1,3.24,3.5,38
1,1,92,562.61,3,4,4,4,1,1,2.7,3.5,38
1,1,93,570.39,4,3,3,3,1,1,2.64,0.5,38
1,1,94,575.15,4,4,4,4,1,1,2.35,1.5,38
1,1,95,580.92,2,2,2,2,1,1,2.53,5.5,38
1,1,96,590.7,3,4,4,4,1,1,3.55,0.5,38
1,1,97,595.46,2,2,2,2,1,1,3.05,2.5,38
1,1,98,602.24,1,1,1,NA,NA,1,NA,0.5,38
1,1,99,607.01,4,3,3,3,1,1,3.18,0.5,38
1,1,100,611.78,1,1,1,1,1,1,2.9,0.5,38
1,2,101,0.5,2,2,2,2,1,8,9.66,0.5,38
1,2,102,13.28,3,3,3,NA,0,8,NA,3.5,38
1,2,103,29.05,3,4,4,4,1,8,10.6,0.5,38
1,2,104,41.83,4,3,3,3,1,8,10.18,0.5,38
1,2,105,54.61,4,4,4,4,1,4,6.47,0.5,38
1,2,106,63.37,1,1,1,1,1,8,9.93,0.5,38
1,2,107,76.15,3,4,4,3,0,8,11.23,0.5,38
1,2,108,88.93,1,1,1,1,1,8,9.87,4.5,38
1,2,109,105.69,3,3,3,3,1,4,6.53,5.5,38
1,2,110,119.47,2,2,2,2,1,8,10.33,1.5,38
1,2,111,133.25,2,2,2,2,1,6,8,6.5,38
1,2,112,150.01,3,3,3,3,1,8,10.73,5.5,38
1,2,113,167.79,1,1,1,1,1,8,10.03,2.5,38
1,2,114,182.57,2,2,2,2,1,4,6.4,3.5,38
1,2,115,194.34,1,1,1,1,1,4,5.9,2.5,38
1,2,116,205.12,1,1,1,2,0,4,6.08,1.5,38
1,2,117,214.9,4,4,4,3,0,6,8.91,3.5,38
1,2,118,228.66,4,3,3,4,0,8,9.65,0.5,38
1,2,119,241.44,3,4,4,4,1,8,10.58,0.5,38
1,2,120,254.22,1,2,2,2,1,6,8.01,4.5,38
1,2,121,268.98,3,4,4,3,0,6,8.26,0.5,38
1,2,122,279.76,2,2,2,2,1,8,10.14,8,38
1,2,123,300.03,4,4,4,4,1,6,8.46,8,38
1,2,124,318.29,4,4,4,4,1,4,5.44,3.5,38
1,2,125,330.07,2,2,2,2,1,6,7.69,0.5,38
1,2,126,340.83,3,3,3,3,1,6,8.08,1.5,38
1,2,127,352.61,1,1,1,1,1,4,5.44,7.5,38
1,2,128,368.39,2,1,1,1,1,4,2.25,8,38
1,2,129,384.67,4,4,4,4,1,8,1.47,0.5,38
1,2,130,397.45,1,1,1,1,1,8,0.95,2.5,38
1,2,131,412.21,3,4,4,2,0,4,1.01,0.5,38
1,2,132,420.99,3,3,3,3,1,4,0.9,4.5,38
1,2,133,433.77,1,1,1,1,1,6,0.91,5.5,38
1,2,134,449.54,2,2,2,2,1,6,1.45,0.5,38
1,2,135,460.32,2,2,2,2,1,8,0.62,1.5,38
1,2,136,474.1,1,1,1,1,1,4,1.19,0.5,38
1,2,137,482.86,3,3,3,3,1,4,1.27,3.5,38
1,2,138,494.64,4,4,4,4,1,8,0.92,1.5,38
1,2,139,508.42,4,3,3,4,0,4,0.71,0.5,38
1,2,140,517.19,2,2,2,2,1,4,6.91,3.5,38
1,2,141,528.97,2,1,1,2,0,6,0.84,0.5,38
1,2,142,539.75,2,1,1,2,0,8,0.78,3.5,38
1,2,143,555.51,4,4,4,4,1,4,0.71,0.5,38
1,2,144,564.29,4,3,3,4,0,6,0.82,1.5,38
1,2,145,576.07,4,3,3,3,1,6,1.37,1.5,38
1,2,146,587.83,1,1,1,2,0,6,1.4,1.5,38
1,2,147,599.61,1,1,1,1,1,4,0.63,0.5,38
1,2,148,608.39,1,2,2,1,0,8,1.21,1.5,38
1,2,149,622.16,3,3,3,3,1,4,2.27,1.5,38
1,2,150,631.94,4,3,3,4,0,4,0.82,3.5,38
1,2,151,643.72,3,3,3,3,1,8,0.59,1.5,38
1,2,152,657.48,3,3,3,3,1,8,1.83,4.5,38
1,2,153,674.26,4,4,4,4,1,6,1.76,4.5,38
1,2,154,689.04,2,2,2,2,1,4,1.5,8,38
1,2,155,705.32,4,4,4,4,1,4,0.87,8,38
1,2,156,721.58,3,3,3,2,0,6,1.62,1.5,38
1,2,157,733.36,3,3,3,3,1,6,1.02,6.5,38
1,2,158,750.12,2,2,2,2,1,4,0.71,6.5,38
1,2,159,764.9,2,2,2,2,1,4,1.41,0.5,38
1,2,160,773.68,1,1,1,1,1,8,1.08,3.5,38
1,2,161,789.45,1,1,1,1,1,6,0.97,2.5,38
1,2,162,802.23,1,2,2,1,0,6,0.83,2.5,38
1,2,163,815.01,4,3,3,3,1,4,6.43,8,38
1,2,164,831.29,4,4,4,4,1,8,10.54,6.5,38
1,2,165,850.06,1,1,1,1,1,6,1.01,1.5,38
1,2,166,861.83,2,1,1,2,0,8,1.05,0.5,38
1,2,167,874.61,2,2,2,2,1,4,0.74,8,38
1,2,168,890.87,3,4,4,3,0,6,7.83,7.5,38
1,2,169,908.65,2,2,2,2,1,6,1.37,1.5,38
1,2,170,920.41,1,2,2,1,0,4,0.96,1.5,38
1,2,171,930.19,1,1,1,1,1,4,0.78,1.5,38
1,2,172,939.97,2,2,2,2,1,8,1.2,8,38
1,2,173,960.25,3,3,3,3,1,6,1.1,4.5,38
1,2,174,975.03,3,4,4,4,1,4,6.32,8,38
1,2,175,991.31,4,4,4,4,1,8,9.89,1.5,38
1,2,176,1005.09,4,4,4,4,1,4,1.02,3.5,38
1,2,177,1016.85,2,2,2,2,1,6,0.79,3.5,38
1,2,178,1030.63,1,1,1,1,1,6,1.45,6.5,38
1,2,179,1047.41,3,4,4,2,0,6,1.93,0.5,38
1,2,180,1058.18,4,3,3,4,0,6,4.77,1.5,38
2,1,1,0.51,1,1,1,1,1,1,2.58,0.5,38
2,1,2,5.29,4,3,3,3,1,1,3.34,1.5,38
2,1,3,11.05,3,4,4,4,1,1,2.47,0.5,38
2,1,4,15.82,3,3,3,4,0,1,1.35,0.5,38
2,1,5,20.58,1,2,2,1,0,1,1.31,4.5,38
2,1,6,29.35,4,4,4,3,0,1,2.68,3.5,38
2,1,7,37.13,4,4,4,4,1,1,2.59,1.5,38
2,1,8,42.89,3,3,3,3,1,1,2.23,3.5,38
2,1,9,50.68,4,4,4,4,1,1,2.62,0.5,38
2,1,10,55.44,2,2,2,2,1,1,2.37,0.5,38
2,1,11,60.21,3,3,3,3,1,1,2.88,1.5,38
2,1,12,65.97,4,3,3,3,1,1,2.97,2.5,38
2,1,13,72.74,1,1,1,1,1,1,2.18,1.5,38
2,1,14,78.5,3,4,4,4,1,1,2.66,3.5,38
2,1,15,86.27,4,4,4,4,1,1,3.03,8,38
2,1,16,98.53,3,3,3,3,1,1,2.26,0.5,38
2,1,17,103.3,1,1,1,1,1,1,2.94,1.5,38
2,1,18,109.06,3,3,3,3,1,1,2.76,5.5,38
2,1,19,118.84,4,4,4,4,1,1,2.77,5.5,38
2,1,20,128.61,3,3,3,3,1,1,2.73,1.5,38
2,1,21,134.39,3,4,4,4,1,1,3.44,0.5,38
2,1,22,139.15,3,3,3,3,1,1,2.43,2.5,38
2,1,23,145.92,1,1,1,1,1,1,2.21,2.5,38
2,1,24,152.68,3,3,3,3,1,1,3.12,0.5,38
2,1,25,157.45,2,2,2,2,1,1,2.18,0.5,38
2,1,26,162.23,1,2,2,1,0,1,1.18,0.5,38
2,1,27,166.99,4,4,4,4,1,1,2.56,1.5,38
2,1,28,172.78,4,3,3,3,1,1,2.74,1.5,38
2,1,29,178.54,2,2,2,2,1,1,2.13,0.5,38
2,1,30,183.31,1,2,2,1,0,1,1.11,3.5,38
2,1,31,191.09,2,1,1,2,0,1,1.53,5.5,38
2,1,32,200.85,4,3,3,3,1,1,2.58,3.5,38
2,1,33,208.63,4,4,4,4,1,1,3.39,0.5,38
2,1,34,213.4,3,3,3,2,0,1,3.03,0.5,38
2,1,35,218.16,3,4,4,4,1,1,2.43,0.5,38
2,1,36,222.93,1,2,2,NA,NA,1,NA,4.5,38
2,1,37,231.69,3,3,3,3,1,1,2.35,0.5,38
2,1,38,236.46,3,3,3,3,1,1,2.13,0.5,38
2,1,39,241.23,1,1,1,1,1,1,1.15,5.5,38
2,1,40,251.01,2,1,1,2,0,1,0.83,0.5,38
2,1,41,255.77,2,2,2,1,0,1,2.11,4.5,38
2,1,42,264.55,4,4,4,4,1,1,3.25,5.5,38
2,1,43,274.33,1,2,2,2,1,1,2.27,3.5,38
2,1,44,282.1,2,1,1,1,1,1,2.41,0.5,38
2,1,45,286.88,4,4,4,4,1,1,2.43,0.5,38
2,1,46,291.65,3,3,3,3,1,1,2.36,0.5,38
2,1,47,296.41,2,2,2,2,1,1,3.04,0.5,38
2,1,48,301.18,2,2,2,2,1,1,2.5,0.5,38
2,1,49,305.94,1,2,2,NA,NA,1,NA,3.5,38
2,1,50,313.71,4,3,3,3,1,1,2.48,0.5,38
2,1,51,318.47,1,1,1,1,1,1,2.57,2.5,38
2,1,52,325.24,1,2,2,2,1,1,2.5,0.5,38
2,1,53,330,3,3,3,3,1,1,2.52,2.5,38
2,1,54,336.78,2,1,1,1,1,1,2.58,5.5,38
2,1,55,346.55,2,2,2,2,1,1,2.49,4.5,38
2,1,56,355.33,4,3,3,3,1,1,2.45,0.5,38
2,1,57,360.09,1,2,2,2,1,1,2.64,4.5,38
2,1,58,368.86,3,3,3,3,1,1,2.52,0.5,38
2,1,59,373.64,1,1,1,1,1,1,2.75,0.5,38
2,1,60,378.41,4,4,4,4,1,1,2.93,0.5,38
2,1,61,383.19,2,1,1,NA,NA,1,NA,2.5,38
2,1,62,389.97,2,2,2,2,1,1,2.38,0.5,38
2,1,63,394.74,4,4,4,NA,NA,1,NA,5.5,38
2,1,64,404.52,3,4,4,4,1,1,2.4,0.5,38
2,1,65,409.28,3,3,3,4,0,1,1.23,1.5,38
2,1,66,415.05,2,2,2,2,1,1,2.55,0.5,38
2,1,67,419.81,1,1,1,1,1,1,1.16,0.5,38
2,1,68,424.58,1,2,2,2,1,1,2.72,0.5,38
2,1,69,429.34,1,2,2,1,0,1,3.34,0.5,38
2,1,70,434.11,4,3,3,3,1,1,2.5,0.5,38
2,1,71,438.87,4,4,4,4,1,1,3.37,1.5,38
2,1,72,444.64,3,4,4,NA,NA,1,NA,1.5,38
2,1,73,450.42,2,1,1,1,1,1,2.62,1.5,38
2,1,74,456.19,4,4,4,NA,NA,1,NA,0.5,38
2,1,75,460.97,4,3,3,3,1,1,2.43,0.5,38
2,1,76,465.73,2,2,2,2,1,1,3.13,2.5,38
2,1,77,472.5,1,1,1,1,1,1,2.57,0.5,38
2,1,78,477.26,1,1,1,1,1,1,2.48,0.5,38
2,1,79,482.03,2,1,1,NA,NA,1,NA,1.5,38
2,1,80,487.81,1,1,1,1,1,1,1.34,8,38
2,1,81,500.09,1,1,1,1,1,1,2.24,0.5,38
2,1,82,504.86,4,4,4,NA,NA,1,NA,1.5,38
2,1,83,510.62,2,1,1,1,1,1,2.46,1.5,38
2,1,84,516.39,2,1,1,NA,NA,1,NA,1.5,38
2,1,85,522.15,3,3,3,NA,NA,1,NA,1.5,38
2,1,86,527.93,3,3,3,NA,NA,1,NA,1.5,38
2,1,87,533.7,4,4,4,4,1,1,2.39,2.5,38
2,1,88,540.48,2,1,1,1,1,1,2.58,0.5,38
2,1,89,545.25,2,2,2,2,1,1,2.4,0.5,38
2,1,90,550.01,1,1,1,1,1,1,2.13,3.5,38
2,1,91,557.79,1,2,2,2,1,1,3.71,1.5,38
2,1,92,563.56,3,3,3,3,1,1,2.46,0.5,38
2,1,93,568.34,2,1,1,1,1,1,2.42,1.5,38
2,1,94,574.12,3,4,4,4,1,1,2.68,2.5,38
2,1,95,580.89,2,2,2,2,1,1,2.52,1.5,38
2,1,96,586.67,4,4,4,4,1,1,2.44,0.5,38
2,1,97,591.43,4,4,4,NA,NA,1,NA,0.5,38
2,1,98,596.2,2,1,1,1,1,1,2.5,3.5,38
2,1,99,603.98,1,2,2,2,1,1,2.33,2.5,38
2,1,100,610.75,2,1,1,1,1,1,2.29,1.5,38
2,2,101,0.51,3,4,4,4,1,8,10.14,0.5,38
2,2,102,13.27,4,4,4,3,0,4,6.28,3.5,38
2,2,103,25.05,3,3,3,4,0,4,1.64,3.5,38
2,2,104,36.82,3,4,4,3,0,6,1.57,7.5,38
2,2,105,54.6,2,2,2,2,1,8,9.82,8,38
2,2,106,74.86,4,3,3,3,1,8,10.07,0.5,38
2,2,107,87.64,2,2,2,2,1,6,1.5,1.5,38
2,2,108,99.4,2,1,1,2,0,4,6.36,3.5,38
2,2,109,111.18,2,2,2,2,1,4,3.05,0.5,38
2,2,110,119.96,2,2,2,1,0,4,1.36,3.5,38
2,2,111,131.73,3,4,4,4,1,4,1.74,0.5,38
2,2,112,140.51,1,1,1,1,1,8,1.12,4.5,38
2,2,113,157.29,1,1,1,1,1,8,1.29,3.5,38
2,2,114,173.05,3,3,3,4,0,6,3.17,1.5,38
2,2,115,184.83,4,3,3,2,0,8,1.41,0.5,38
2,2,116,197.61,1,2,2,1,0,4,0.95,1.5,38
2,2,117,207.37,2,1,1,2,0,8,1.2,1.5,38
2,2,118,221.15,3,4,4,3,0,6,1.69,0.5,38
2,2,119,231.93,2,1,1,2,0,8,0.98,3.5,38
2,2,120,247.7,1,2,2,1,0,4,1.45,1.5,38
2,2,121,257.48,3,3,3,3,1,6,8.48,0.5,38
2,2,122,268.26,4,4,4,4,1,6,7.95,1.5,38
2,2,123,280.02,4,3,3,4,0,4,6.11,0.5,38
2,2,124,288.8,2,1,1,2,0,8,1.7,0.5,38
2,2,125,301.58,4,4,4,2,0,4,1.68,8,38
2,2,126,317.86,4,3,3,3,1,4,1.94,8,38
2,2,127,334.12,3,3,3,4,0,6,8.68,4.5,38
2,2,128,348.9,3,4,4,4,1,8,3.8,0.5,38
2,2,129,361.67,1,2,2,1,0,6,1.63,1.5,38
2,2,130,373.45,1,2,2,1,0,6,1.24,2.5,38
2,2,131,386.23,4,3,3,3,1,6,8.03,1.5,38
2,2,132,397.99,3,3,3,4,0,8,9.81,4.5,38
2,2,133,414.77,2,2,2,2,1,6,7.36,6.5,38
2,2,134,431.55,1,2,2,1,0,6,2.36,4.5,38
2,2,135,446.31,2,2,2,1,0,6,9,0.5,38
2,2,136,457.09,2,2,2,NA,0,8,NA,8,38
2,2,137,477.35,1,2,2,1,0,8,11.14,2.5,38
2,2,138,492.13,4,4,4,4,1,8,10.23,0.5,38
2,2,139,504.89,3,3,3,3,1,4,6.73,1.5,38
2,2,140,514.68,4,3,3,3,1,4,6.24,3.5,38
2,2,141,526.46,1,2,2,1,0,8,10.14,2.5,38
2,2,142,541.22,4,4,4,4,1,4,6.22,0.5,38
2,2,143,550,4,4,4,4,1,6,8.12,8,38
2,2,144,568.26,1,1,1,1,1,8,10.02,0.5,38
2,2,145,581.04,1,1,1,1,1,4,6.19,0.5,38
2,2,146,589.81,4,3,3,3,1,6,8.04,1.5,38
2,2,147,601.59,4,4,4,4,1,8,2.38,6.5,38
2,2,148,620.36,2,1,1,2,0,4,3.01,8,38
2,2,149,636.64,4,4,4,3,0,6,1.39,3.5,38
2,2,150,650.42,3,3,3,4,0,8,10.17,1.5,38
2,2,151,664.19,3,3,3,3,1,6,7.9,6.5,38
2,2,152,680.97,1,1,1,1,1,4,6.13,2.5,38
2,2,153,691.75,2,1,1,1,1,6,7.74,0.5,38
2,2,154,702.51,4,4,4,4,1,4,6.5,3.5,38
2,2,155,714.29,4,4,4,4,1,8,10.31,0.5,38
2,2,156,727.07,2,2,2,2,1,8,10.19,1.5,38
2,2,157,740.83,1,1,1,1,1,6,8.27,6.5,38
2,2,158,757.61,2,2,2,2,1,4,1.56,8,38
2,2,159,773.87,3,3,3,3,1,8,3.56,3.5,38
2,2,160,789.65,1,2,2,2,1,8,10.05,1.5,38
2,2,161,803.42,4,4,4,4,1,8,10.8,1.5,38
2,2,162,817.2,1,1,1,1,1,6,7.88,5.5,38
2,2,163,832.98,4,4,4,4,1,6,7.97,4.5,38
2,2,164,847.74,2,1,1,2,0,8,1.6,0.5,38
2,2,165,860.52,2,1,1,1,1,6,8.33,0.5,38
2,2,166,871.3,2,1,1,2,0,6,1.76,3.5,38
2,2,167,885.06,3,3,3,4,0,4,6.01,4.5,38
2,2,168,897.84,2,1,1,NA,0,4,NA,8,38
2,2,169,914.1,3,3,3,3,1,8,6.54,5.5,38
2,2,170,931.88,3,3,3,3,1,8,10.24,0.5,38
2,2,171,944.65,1,2,2,1,0,6,1.14,1.5,38
2,2,172,956.43,1,1,1,1,1,6,1.56,2.5,38
2,2,173,969.21,3,3,3,4,0,4,6.55,5.5,38
2,2,174,982.97,3,3,3,3,1,6,1.25,1.5,38
2,2,175,994.75,1,1,1,1,1,4,5.79,0.5,38
2,2,176,1003.53,3,4,4,4,1,4,2.32,8,38
2,2,177,1019.81,1,2,2,2,1,4,1.66,7.5,38
2,2,178,1035.59,2,2,2,2,1,4,5.99,6.5,38
2,2,179,1050.35,1,1,1,1,1,4,1.47,1.5,38
2,2,180,1060.13,4,4,4,3,0,8,2.26,1.5,38
1,1,1,0.51,3,4,4,4,1,1,2.76,0.5,39
1,1,2,5.29,1,1,1,1,1,1,2.59,1.5,39
1,1,3,11.08,4,3,3,3,1,1,2.88,3.5,39
1,1,4,18.86,1,2,2,1,0,1,1.2,0.5,39
1,1,5,23.64,1,1,1,1,1,1,3.69,0.5,39
1,1,6,28.43,2,1,1,1,1,1,3,1.5,39
1,1,7,34.21,4,3,3,3,1,1,2.81,1.5,39
1,1,8,40,4,3,3,3,1,1,2.44,2.5,39
1,1,9,46.78,1,1,1,1,1,1,2.49,3.5,39
1,1,10,54.56,1,1,1,1,1,1,2.33,0.5,39
1,1,11,59.35,1,1,1,1,1,1,2.49,1.5,39
1,1,12,65.13,3,3,3,3,1,1,2.7,0.5,39
1,1,13,69.91,3,4,4,4,1,1,2.65,0.5,39
1,1,14,74.7,4,4,4,4,1,1,2.58,1.5,39
1,1,15,80.48,4,4,4,4,1,1,2.48,1.5,39
1,1,16,86.27,3,3,3,3,1,1,2.48,0.5,39
1,1,17,91.05,2,2,2,2,1,1,2.6,5.5,39
1,1,18,100.83,4,4,4,4,1,1,2.72,1.5,39
1,1,19,106.62,1,1,1,1,1,1,2.24,2.5,39
1,1,20,113.4,3,3,3,3,1,1,2.22,0.5,39
1,1,21,118.18,3,4,4,3,0,1,2.22,0.5,39
1,1,22,122.97,3,3,3,3,1,1,3.08,2.5,39
1,1,23,129.75,1,2,2,2,1,1,2.56,1.5,39
1,1,24,135.54,3,3,3,3,1,1,2.48,2.5,39
1,1,25,142.32,1,1,1,1,1,1,2.55,0.5,39
1,1,26,147.1,1,2,2,2,1,1,2.59,2.5,39
1,1,27,153.89,4,3,3,3,1,1,2.55,2.5,39
1,1,28,160.67,3,3,3,3,1,1,3.22,0.5,39
1,1,29,165.46,1,1,1,1,1,1,2.3,0.5,39
1,1,30,170.24,4,3,3,3,1,1,2.42,2.5,39
1,1,31,177.02,2,2,2,2,1,1,2.51,5.5,39
1,1,32,186.81,1,2,2,2,1,1,2.47,0.5,39
1,1,33,191.59,3,4,4,4,1,1,2.81,0.5,39
1,1,34,196.37,1,1,1,1,1,1,2.61,0.5,39
1,1,35,201.16,4,4,4,4,1,1,2.75,1.5,39
1,1,36,206.94,1,1,1,1,1,1,2.23,3.5,39
1,1,37,214.72,4,4,4,4,1,1,2.49,0.5,39
1,1,38,219.51,1,2,2,2,1,1,2.31,0.5,39
1,1,39,224.29,4,3,3,3,1,1,3.56,3.5,39
1,1,40,232.08,3,3,3,3,1,1,2.57,0.5,39
1,1,41,236.86,4,4,4,4,1,1,2.6,0.5,39
1,1,42,241.64,2,1,1,1,1,1,2.52,0.5,39
1,1,43,246.43,2,2,2,2,1,1,2.46,5.5,39
1,1,44,256.21,1,1,1,1,1,1,2.35,0.5,39
1,1,45,260.99,2,1,1,1,1,1,2.72,1.5,39
1,1,46,266.78,1,1,1,1,1,1,2.61,3.5,39
1,1,47,274.56,3,4,4,4,1,1,2.57,0.5,39
1,1,48,279.35,2,2,2,2,1,1,2.72,1.5,39
1,1,49,285.13,1,1,1,1,1,1,2.52,8,39
1,1,50,297.41,4,4,4,4,1,1,2.27,0.5,39
1,1,51,302.2,4,4,4,4,1,1,2.66,0.5,39
1,1,52,306.98,3,4,4,4,1,1,2.53,0.5,39
1,1,53,311.76,2,2,2,2,1,1,2.76,1.5,39
1,1,54,317.55,2,2,2,2,1,1,2.54,3.5,39
1,1,55,325.33,3,3,3,3,1,1,2.63,3.5,39
1,1,56,333.12,3,3,3,NA,NA,1,NA,0.5,39
1,1,57,337.9,1,1,1,1,1,1,2.51,0.5,39
1,1,58,342.68,1,1,1,1,1,1,2.47,1.5,39
1,1,59,348.47,4,3,3,3,1,1,2.77,1.5,39
1,1,60,354.25,3,3,3,3,1,1,3,0.5,39
1,1,61,359.03,4,4,4,4,1,1,2.47,0.5,39
1,1,62,363.82,2,2,2,2,1,1,2.47,3.5,39
1,1,63,371.6,2,2,2,2,1,1,2.78,1.5,39
1,1,64,377.39,2,1,1,1,1,1,2.52,0.5,39
1,1,65,382.17,1,2,2,2,1,1,2.64,1.5,39
1,1,66,387.95,3,3,3,3,1,1,3.09,4.5,39
1,1,67,396.74,2,2,2,2,1,1,2.55,0.5,39
1,1,68,401.52,4,4,4,4,1,1,2.57,4.5,39
1,1,69,410.3,2,2,2,2,1,1,2.4,5.5,39
1,1,70,420.09,2,1,1,1,1,1,2.49,1.5,39
1,1,71,425.87,2,2,2,2,1,1,2.63,2.5,39
1,1,72,432.66,4,4,4,4,1,1,2.52,1.5,39
1,1,73,438.44,4,4,4,4,1,1,2.53,0.5,39
1,1,74,443.22,3,3,3,3,1,1,2.95,4.5,39
1,1,75,452.01,1,1,1,1,1,1,2.29,2.5,39
1,1,76,458.79,4,4,4,4,1,1,2.64,5.5,39
1,1,77,468.58,4,4,4,4,1,1,2.27,0.5,39
1,1,78,473.36,2,2,2,2,1,1,2.66,1.5,39
1,1,79,479.14,1,1,1,1,1,1,2.55,5.5,39
1,1,80,488.93,2,1,1,1,1,1,2.66,0.5,39
1,1,81,493.71,2,2,2,2,1,1,2.9,0.5,39
1,1,82,498.49,2,2,2,2,1,1,2.5,0.5,39
1,1,83,503.28,2,2,2,2,1,1,2.37,8,39
1,1,84,515.56,3,4,4,4,1,1,2.53,2.5,39
1,1,85,522.35,4,3,3,3,1,1,2.42,0.5,39
1,1,86,527.13,3,3,3,3,1,1,2.22,4.5,39
1,1,87,535.91,4,3,3,3,1,1,2.41,4.5,39
1,1,88,544.7,4,3,3,3,1,1,2.76,1.5,39
1,1,89,550.48,3,3,3,3,1,1,2.58,3.5,39
1,1,90,558.26,3,4,4,4,1,1,2.87,0.5,39
1,1,91,563.05,2,2,2,2,1,1,2.81,1.5,39
1,1,92,568.83,3,3,3,3,1,1,3.05,0.5,39
1,1,93,573.61,2,2,2,2,1,1,2.75,0.5,39
1,1,94,578.4,3,4,4,4,1,1,2.73,1.5,39
1,1,95,584.18,2,1,1,1,1,1,2.44,0.5,39
1,1,96,588.97,2,1,1,1,1,1,2.22,5.5,39
1,1,97,598.75,3,4,4,4,1,1,2.47,0.5,39
1,1,98,603.53,4,4,4,4,1,1,2.53,0.5,39
1,1,99,608.32,1,1,1,1,1,1,2.37,0.5,39
1,1,100,613.1,1,2,2,2,1,1,2.37,0.5,39
1,2,101,0.52,2,1,1,2,0,4,6.55,1.5,39
1,2,102,10.3,3,4,4,4,1,8,10.04,4.5,39
1,2,103,27.08,2,1,1,1,1,8,9.81,8,39
1,2,104,47.37,4,3,3,3,1,6,8.33,4.5,39
1,2,105,62.15,2,2,2,2,1,8,10.07,8,39
1,2,106,82.44,4,3,3,4,0,6,8.28,4.5,39
1,2,107,97.22,3,4,4,4,1,6,7.67,0.5,39
1,2,108,108.01,4,3,3,3,1,4,7.04,1.5,39
1,2,109,117.79,1,1,1,1,1,6,7.84,0.5,39
1,2,110,128.57,3,3,3,3,1,4,6,3.5,39
1,2,111,140.36,1,2,2,1,0,6,8.58,7.5,39
1,2,112,158.14,4,4,4,4,1,8,9.7,0.5,39
1,2,113,170.93,1,2,2,2,1,6,8.38,3.5,39
1,2,114,184.71,3,3,3,4,0,8,11.78,6.5,39
1,2,115,203.5,1,2,2,1,0,8,9.65,0.5,39
1,2,116,216.28,2,2,2,2,1,4,6.43,0.5,39
1,2,117,225.06,2,1,1,1,1,6,8.07,5.5,39
1,2,118,240.85,1,1,1,NA,0,6,NA,0.5,39
1,2,119,251.63,3,3,3,3,1,4,5.71,3.5,39
1,2,120,263.42,4,3,3,3,1,8,10.41,6.5,39
1,2,121,282.19,2,2,2,1,0,6,8.95,6.5,39
1,2,122,298.97,3,3,3,3,1,6,8.14,8,39
1,2,123,317.25,3,4,4,4,1,6,7.8,8,39
1,2,124,335.54,3,3,3,3,1,4,6.07,4.5,39
1,2,125,348.32,3,3,3,3,1,6,8.17,3.5,39
1,2,126,362.11,1,1,1,2,0,4,6.01,6.5,39
1,2,127,376.89,2,2,2,2,1,6,8,1.5,39
1,2,128,388.68,1,1,1,1,1,8,10.1,8,39
1,2,129,408.96,1,1,1,2,0,6,8.33,1.5,39
1,2,130,420.74,1,1,1,1,1,4,5.64,2.5,39
1,2,131,431.53,4,3,3,3,1,4,5.97,0.5,39
1,2,132,440.31,3,3,3,3,1,4,6.68,3.5,39
1,2,133,452.1,1,2,2,2,1,4,6.5,1.5,39
1,2,134,461.88,4,4,4,4,1,6,7.85,1.5,39
1,2,135,473.66,4,4,4,4,1,4,5.64,1.5,39
1,2,136,483.45,3,4,4,4,1,8,9.81,2.5,39
1,2,137,498.23,4,4,4,4,1,8,9.67,1.5,39
1,2,138,512.02,1,1,1,1,1,8,9.7,0.5,39
1,2,139,524.8,2,2,2,1,0,4,6.22,0.5,39
1,2,140,533.59,3,3,3,4,0,6,8,0.5,39
1,2,141,544.37,2,1,1,1,1,8,9.94,0.5,39
1,2,142,557.15,4,4,4,4,1,6,7.83,8,39
1,2,143,575.44,4,4,4,4,1,8,9.87,1.5,39
1,2,144,589.22,4,4,4,4,1,8,9.63,4.5,39
1,2,145,606.01,1,1,1,1,1,6,8.45,0.5,39
1,2,146,616.79,3,4,4,4,1,8,9.77,0.5,39
1,2,147,629.57,2,1,1,2,0,8,10.53,4.5,39
1,2,148,646.36,3,3,3,4,0,8,10.04,1.5,39
1,2,149,660.14,2,2,2,2,1,4,5.93,2.5,39
1,2,150,670.93,2,2,2,1,0,8,9.95,2.5,39
1,2,151,685.71,1,1,1,2,0,4,5.67,1.5,39
1,2,152,695.5,2,2,2,2,1,4,6.75,0.5,39
1,2,153,704.28,4,4,4,4,1,4,5.78,3.5,39
1,2,154,716.06,3,3,3,3,1,8,10.07,0.5,39
1,2,155,728.85,2,2,2,2,1,8,10.3,1.5,39
1,2,156,742.63,4,3,3,3,1,4,6.03,8,39
1,2,157,758.92,1,1,1,1,1,8,9.9,5.5,39
1,2,158,776.7,2,2,2,2,1,8,10.28,3.5,39
1,2,159,792.49,1,1,1,1,1,6,7.77,0.5,39
1,2,160,803.27,4,3,3,3,1,8,9.81,1.5,39
1,2,161,817.05,4,4,4,4,1,6,7.63,7.5,39
1,2,162,834.82,1,2,2,2,1,8,10.13,0.5,39
1,2,163,847.61,3,3,3,3,1,8,9.54,1.5,39
1,2,164,861.39,4,4,4,4,1,4,6,1.5,39
1,2,165,871.17,1,1,1,1,1,8,9.77,6.5,39
1,2,166,889.96,1,1,1,1,1,4,5.63,3.5,39
1,2,167,901.74,2,2,2,2,1,6,8.01,3.5,39
1,2,168,915.53,1,2,2,2,1,4,5.83,0.5,39
1,2,169,924.31,4,4,4,4,1,4,5.73,8,39
1,2,170,940.6,2,2,2,1,0,6,7.57,5.5,39
1,2,171,956.38,2,1,1,2,0,4,5.73,1.5,39
1,2,172,966.16,3,4,4,4,1,4,5.73,2.5,39
1,2,173,976.95,3,3,3,3,1,6,8.47,8,39
1,2,174,995.23,3,4,4,4,1,4,5.83,3.5,39
1,2,175,1007.02,1,1,1,2,0,4,6.4,0.5,39
1,2,176,1015.8,3,4,4,4,1,6,8,1.5,39
1,2,177,1027.58,2,2,2,1,0,4,6.63,0.5,39
1,2,178,1036.37,4,3,3,3,1,6,7.9,3.5,39
1,2,179,1050.15,4,4,4,4,1,6,7.97,1.5,39
1,2,180,1061.94,2,1,1,1,1,6,8.31,0.5,39
2,1,1,0.51,1,1,1,1,1,1,2.24,0.5,39
2,1,2,5.3,1,1,1,1,1,1,2.45,1.5,39
2,1,3,11.08,3,3,3,3,1,1,2.63,0.5,39
2,1,4,15.86,3,3,3,3,1,1,2.27,4.5,39
2,1,5,24.65,2,1,1,1,1,1,2.43,2.5,39
2,1,6,31.43,3,3,3,3,1,1,2.45,0.5,39
2,1,7,36.22,1,1,1,1,1,1,2.24,0.5,39
2,1,8,41,4,4,4,4,1,1,2.71,1.5,39
2,1,9,46.78,1,2,2,2,1,1,2.54,0.5,39
2,1,10,51.57,4,4,4,4,1,1,2.62,5.5,39
2,1,11,61.35,2,1,1,1,1,1,2.43,0.5,39
2,1,12,66.13,4,4,4,4,1,1,2.49,0.5,39
2,1,13,70.92,4,4,4,4,1,1,2.45,2.5,39
2,1,14,77.7,1,1,1,1,1,1,2.39,2.5,39
2,1,15,84.49,1,2,2,2,1,1,2.46,1.5,39
2,1,16,90.27,2,2,2,2,1,1,2.53,3.5,39
2,1,17,98.05,2,1,1,1,1,1,2.42,1.5,39
2,1,18,103.84,2,2,2,2,1,1,2.45,1.5,39
2,1,19,109.62,3,3,3,3,1,1,2.91,0.5,39
2,1,20,114.4,1,1,1,1,1,1,2.36,3.5,39
2,1,21,122.19,4,3,3,4,0,1,2.3,1.5,39
2,1,22,127.97,3,4,4,4,1,1,2.6,0.5,39
2,1,23,132.76,4,4,4,4,1,1,2.66,0.5,39
2,1,24,137.54,4,4,4,4,1,1,2.49,0.5,39
2,1,25,142.32,2,1,1,1,1,1,2.47,1.5,39
2,1,26,148.11,2,2,2,2,1,1,2.53,0.5,39
2,1,27,152.89,1,1,1,1,1,1,2.43,0.5,39
2,1,28,157.67,3,4,4,4,1,1,2.64,2.5,39
2,1,29,164.46,1,2,2,2,1,1,2.71,1.5,39
2,1,30,170.24,1,1,1,1,1,1,2.36,0.5,39
2,1,31,175.02,3,3,3,3,1,1,2.61,3.5,39
2,1,32,182.81,3,3,3,3,1,1,2.22,0.5,39
2,1,33,187.59,4,4,4,4,1,1,2.56,0.5,39
2,1,34,192.38,4,4,4,4,1,1,2.22,1.5,39
2,1,35,198.16,2,2,2,2,1,1,2.21,5.5,39
2,1,36,207.94,4,3,3,3,1,1,2.51,3.5,39
2,1,37,215.73,3,3,3,3,1,1,2.51,4.5,39
2,1,38,224.51,2,1,1,1,1,1,2.43,1.5,39
2,1,39,230.29,1,2,2,2,1,1,2.56,0.5,39
2,1,40,235.08,3,3,3,3,1,1,2.66,0.5,39
2,1,41,239.86,3,3,3,3,1,1,2.52,0.5,39
2,1,42,244.65,4,4,4,4,1,1,2.21,4.5,39
2,1,43,253.43,4,4,4,4,1,1,2.26,4.5,39
2,1,44,262.21,4,4,4,4,1,1,2.23,0.5,39
2,1,45,267,3,3,3,3,1,1,2.6,3.5,39
2,1,46,274.78,2,1,1,1,1,1,2.51,5.5,39
2,1,47,284.56,2,2,2,2,1,1,2.19,0.5,39
2,1,48,289.35,4,4,4,4,1,1,2.57,1.5,39
2,1,49,295.13,3,3,3,3,1,1,2.59,0.5,39
2,1,50,299.92,1,2,2,2,1,1,2.45,8,39
2,1,51,312.2,2,2,2,2,1,1,2.34,3.5,39
2,1,52,319.98,3,3,3,3,1,1,2.56,2.5,39
2,1,53,326.77,3,4,4,4,1,1,2.74,0.5,39
2,1,54,331.55,1,1,1,1,1,1,2.39,5.5,39
2,1,55,341.34,2,2,2,2,1,1,2.38,1.5,39
2,1,56,347.12,3,3,3,3,1,1,2.32,0.5,39
2,1,57,351.9,4,4,4,4,1,1,2.23,1.5,39
2,1,58,357.69,2,2,2,2,1,1,2.19,0.5,39
2,1,59,362.47,4,4,4,4,1,1,2.54,0.5,39
2,1,60,367.25,4,4,4,4,1,1,2.19,1.5,39
2,1,61,373.04,3,3,3,3,1,1,2.51,0.5,39
2,1,62,377.82,1,1,1,1,1,1,2.17,0.5,39
2,1,63,382.61,3,3,3,3,1,1,2.19,0.5,39
2,1,64,387.39,1,2,2,1,0,1,2.11,1.5,39
2,1,65,393.17,4,4,4,4,1,1,2.43,2.5,39
2,1,66,399.96,3,3,3,3,1,1,2.8,2.5,39
2,1,67,406.74,2,1,1,1,1,1,2.41,1.5,39
2,1,68,412.52,4,4,4,4,1,1,2.29,0.5,39
2,1,69,417.31,1,2,2,2,1,1,2.24,1.5,39
2,1,70,423.09,2,2,2,2,1,1,2.37,5.5,39
2,1,71,432.88,2,1,1,1,1,1,2.39,0.5,39
2,1,72,437.66,3,3,3,3,1,1,2.23,0.5,39
2,1,73,442.44,1,1,1,1,1,1,2.18,0.5,39
2,1,74,447.23,2,1,1,1,1,1,2.36,1.5,39
2,1,75,453.01,3,4,4,4,1,1,2.62,1.5,39
2,1,76,458.79,2,1,1,1,1,1,2.27,0.5,39
2,1,77,463.58,1,1,1,1,1,1,2.42,3.5,39
2,1,78,471.36,4,3,3,3,1,1,2.59,3.5,39
2,1,79,479.15,2,2,2,2,1,1,2.44,5.5,39
2,1,80,488.93,1,1,1,1,1,1,2.36,0.5,39
2,1,81,493.71,1,2,2,2,1,1,2.55,2.5,39
2,1,82,500.5,1,2,2,2,1,1,2.49,0.5,39
2,1,83,505.28,1,2,2,2,1,1,2.27,0.5,39
2,1,84,510.06,2,1,1,1,1,1,2.38,0.5,39
2,1,85,514.85,4,4,4,4,1,1,2.43,0.5,39
2,1,86,519.63,3,3,3,3,1,1,2.71,4.5,39
2,1,87,528.42,2,2,2,2,1,1,2.2,5.5,39
2,1,88,538.2,2,2,2,2,1,1,2.2,8,39
2,1,89,550.48,1,2,2,2,1,1,2.2,3.5,39
2,1,90,558.27,3,3,3,3,1,1,2.61,0.5,39
2,1,91,563.05,3,4,4,4,1,1,2.6,0.5,39
2,1,92,567.83,2,1,1,1,1,1,2.48,1.5,39
2,1,93,573.62,3,3,3,3,1,1,2.43,0.5,39
2,1,94,578.4,4,4,4,4,1,1,2.16,0.5,39
2,1,95,583.19,2,1,1,1,1,1,2.47,0.5,39
2,1,96,587.97,4,3,3,3,1,1,2.45,2.5,39
2,1,97,594.75,1,2,2,2,1,1,2.34,0.5,39
2,1,98,599.54,1,1,1,1,1,1,2.31,2.5,39
2,1,99,606.32,4,3,3,3,1,1,2.52,1.5,39
2,1,100,612.1,4,4,4,4,1,1,2.55,1.5,39
2,2,101,0.51,1,2,2,2,1,4,5.97,1.5,39
2,2,102,10.3,2,2,2,1,0,8,9.81,3.5,39
2,2,103,26.08,1,2,2,2,1,8,10.07,0.5,39
2,2,104,38.87,2,1,1,1,1,4,5.77,1.5,39
2,2,105,48.65,2,1,1,2,0,4,6.07,1.5,39
2,2,106,58.44,4,4,4,4,1,6,7.73,7.5,39
2,2,107,76.22,1,2,2,2,1,8,10.54,8,39
2,2,108,96.5,4,4,4,3,0,8,10.25,1.5,39
2,2,109,110.29,1,1,1,1,1,4,5.7,3.5,39
2,2,110,122.07,1,2,2,2,1,4,5.8,1.5,39
2,2,111,131.86,2,2,2,2,1,4,5.63,0.5,39
2,2,112,140.64,3,3,3,3,1,6,7.78,3.5,39
2,2,113,154.43,3,3,3,3,1,4,5.67,4.5,39
2,2,114,167.21,3,4,4,4,1,8,10.07,4.5,39
2,2,115,183.99,4,4,4,4,1,6,8.2,1.5,39
2,2,116,195.78,4,3,3,4,0,4,6.04,8,39
2,2,117,212.06,1,1,1,2,0,4,6,0.5,39
2,2,118,220.85,2,2,2,2,1,6,8.2,1.5,39
2,2,119,232.63,1,2,2,2,1,6,7.75,3.5,39
2,2,120,246.41,4,4,4,3,0,6,7.74,4.5,39
2,2,121,261.2,1,1,1,1,1,8,9.58,5.5,39
2,2,122,278.98,3,4,4,3,0,6,8.04,8,39
2,2,123,297.27,2,2,2,2,1,4,5.9,0.5,39
2,2,124,306.05,2,1,1,1,1,8,10.2,1.5,39
2,2,125,319.84,1,1,1,1,1,4,6,6.5,39
2,2,126,334.62,4,4,4,4,1,4,5.63,8,39
2,2,127,350.9,2,1,1,2,0,8,10.07,4.5,39
2,2,128,367.69,2,1,1,1,1,6,8.08,3.5,39
2,2,129,381.47,3,3,3,3,1,6,7.8,1.5,39
2,2,130,393.26,1,2,2,2,1,6,7.8,0.5,39
2,2,131,404.04,2,2,2,1,0,8,10.33,8,39
2,2,132,424.33,3,3,3,3,1,8,9.63,0.5,39
2,2,133,437.11,2,2,2,2,1,8,10.47,2.5,39
2,2,134,451.89,4,4,4,4,1,4,6.05,1.5,39
2,2,135,461.68,4,4,4,4,1,8,10.78,0.5,39
2,2,136,474.46,4,4,4,3,0,8,10.5,1.5,39
2,2,137,488.25,4,4,4,3,0,8,10.47,1.5,39
2,2,138,502.03,3,3,3,3,1,4,5.9,3.5,39
2,2,139,513.82,4,3,3,3,1,6,7.8,3.5,39
2,2,140,527.6,1,1,1,1,1,8,9.6,6.5,39
2,2,141,546.38,1,2,2,2,1,6,7.77,7.5,39
2,2,142,564.17,3,3,3,3,1,4,5.67,3.5,39
2,2,143,575.95,3,3,3,4,0,8,10.67,1.5,39
2,2,144,589.74,2,2,2,2,1,4,6,0.5,39
2,2,145,598.52,3,4,4,3,0,4,5.8,3.5,39
2,2,146,610.31,1,1,1,2,0,6,7.8,0.5,39
2,2,147,621.09,3,3,3,4,0,8,10.17,6.5,39
2,2,148,639.87,3,3,3,3,1,4,6.27,2.5,39
2,2,149,650.66,2,1,1,1,1,8,9.78,8,39
2,2,150,670.94,4,4,4,3,0,6,7.85,1.5,39
2,2,151,682.73,1,2,2,2,1,8,9.77,0.5,39
2,2,152,695.51,3,4,4,4,1,8,9.91,0.5,39
2,2,153,708.3,1,1,1,1,1,6,7.67,1.5,39
2,2,154,720.08,4,4,4,4,1,8,9.77,3.5,39
2,2,155,735.86,1,1,1,1,1,8,9.55,0.5,39
2,2,156,748.65,2,2,2,2,1,4,5.77,0.5,39
2,2,157,757.43,4,4,4,4,1,4,5.43,1.5,39
2,2,158,767.22,3,3,3,3,1,6,8.04,0.5,39
2,2,159,778,2,1,1,1,1,4,6.03,2.5,39
2,2,160,788.78,3,3,3,4,0,8,9.9,2.5,39
2,2,161,803.57,2,1,1,2,0,8,10.04,0.5,39
2,2,162,816.35,2,1,1,1,1,6,7.57,5.5,39
2,2,163,832.14,3,3,3,3,1,8,9.77,1.5,39
2,2,164,845.92,3,3,3,3,1,4,5.93,3.5,39
2,2,165,857.71,1,1,1,1,1,6,7.44,0.5,39
2,2,166,868.49,4,3,3,3,1,4,6.01,0.5,39
2,2,167,877.27,1,2,2,2,1,6,7.67,0.5,39
2,2,168,888.06,2,2,2,2,1,6,8.04,6.5,39
2,2,169,904.84,1,1,1,2,0,4,5.81,2.5,39
2,2,170,915.63,4,4,4,4,1,4,5.57,1.5,39
2,2,171,925.41,2,2,2,2,1,6,8.07,5.5,39
2,2,172,941.19,1,2,2,2,1,4,5.7,0.5,39
2,2,173,949.98,3,3,3,3,1,6,7.88,0.5,39
2,2,174,960.76,3,3,3,3,1,6,7.97,8,39
2,2,175,979.05,2,1,1,2,0,6,7.97,0.5,39
2,2,176,989.83,4,4,4,3,0,6,7.97,8,39
2,2,177,1008.12,4,3,3,3,1,8,9.83,6.5,39
2,2,178,1026.9,3,3,3,4,0,6,8.17,8,39
2,2,179,1045.19,4,4,4,3,0,8,9.73,4.5,39
2,2,180,1061.97,4,4,4,3,0,6,7.6,4.5,39
1,1,1,0.52,2,1,1,1,1,1,2.43,0.5,40
1,1,2,5.3,4,3,3,3,1,1,2.41,0.5,40
1,1,3,10.08,2,2,2,1,0,1,1.37,0.5,40
1,1,4,14.87,3,4,4,4,1,1,2.48,1.5,40
1,1,5,20.65,3,4,4,4,1,1,2.34,8,40
1,1,6,32.93,3,3,3,4,0,1,0.96,1.5,40
1,1,7,38.72,3,4,4,4,1,1,2.51,5.5,40
1,1,8,48.5,1,2,2,2,1,1,2.28,5.5,40
1,1,9,58.29,1,1,1,1,1,1,2.45,4.5,40
1,1,10,67.07,2,2,2,2,1,1,2.46,0.5,40
1,1,11,71.85,3,3,3,3,1,1,2.4,2.5,40
1,1,12,78.64,3,3,3,3,1,1,2.4,0.5,40
1,1,13,83.42,4,4,4,4,1,1,2.79,1.5,40
1,1,14,89.2,2,2,2,NA,NA,1,NA,1.5,40
1,1,15,94.99,3,4,4,2,0,1,3.49,2.5,40
1,1,16,101.77,4,4,4,4,1,1,2.3,2.5,40
1,1,17,108.56,3,3,3,3,1,1,2.4,0.5,40
1,1,18,113.34,3,3,3,3,1,1,2.33,1.5,40
1,1,19,119.12,1,1,1,1,1,1,2.41,3.5,40
1,1,20,126.91,1,2,2,2,1,1,2.58,2.5,40
1,1,21,133.69,2,2,2,2,1,1,2.45,0.5,40
1,1,22,138.47,2,2,2,NA,NA,1,NA,1.5,40
1,1,23,144.26,3,3,3,3,1,1,2.33,5.5,40
1,1,24,154.04,3,4,4,NA,NA,1,NA,0.5,40
1,1,25,158.83,1,1,1,1,1,1,2.38,0.5,40
1,1,26,163.61,4,3,3,3,1,1,2.45,0.5,40
1,1,27,168.39,2,1,1,1,1,1,2.33,0.5,40
1,1,28,173.18,1,1,1,1,1,1,2.28,3.5,40
1,1,29,180.96,1,2,2,2,1,1,2.35,0.5,40
1,1,30,185.74,2,1,1,1,1,1,2.39,1.5,40
1,1,31,191.53,4,4,4,4,1,1,2.53,0.5,40
1,1,32,196.31,4,4,4,4,1,1,2.48,1.5,40
1,1,33,202.1,2,2,2,2,1,1,3.52,2.5,40
1,1,34,208.88,2,2,2,2,1,1,2.56,1.5,40
1,1,35,214.66,1,2,2,2,1,1,2.52,1.5,40
1,1,36,220.45,2,2,2,NA,NA,1,NA,2.5,40
1,1,37,227.23,2,2,2,2,1,1,2.24,3.5,40
1,1,38,235.01,3,4,4,4,1,1,2.39,1.5,40
1,1,39,240.8,1,2,2,2,1,1,2.49,4.5,40
1,1,40,249.58,4,3,3,3,1,1,2.53,5.5,40
1,1,41,259.37,1,1,1,1,1,1,2.39,0.5,40
1,1,42,264.15,4,3,3,3,1,1,2.57,0.5,40
1,1,43,268.93,3,3,3,NA,NA,1,NA,3.5,40
1,1,44,276.72,1,2,2,2,1,1,2.43,1.5,40
1,1,45,282.5,2,1,1,1,1,1,2.28,3.5,40
1,1,46,290.28,4,3,3,3,1,1,2.26,3.5,40
1,1,47,298.07,3,3,3,3,1,1,2.35,4.5,40
1,1,48,306.85,1,1,1,1,1,1,1.48,0.5,40
1,1,49,311.64,4,4,4,3,0,1,1.19,0.5,40
1,1,50,316.42,1,1,1,1,1,1,1.35,0.5,40
1,1,51,321.2,2,2,2,2,1,1,1.25,1.5,40
1,1,52,326.99,4,3,3,3,1,1,1.31,0.5,40
1,1,53,331.77,3,4,4,4,1,1,2.59,0.5,40
1,1,54,336.55,4,3,3,4,0,1,2.04,0.5,40
1,1,55,341.34,2,1,1,1,1,1,1.22,3.5,40
1,1,56,349.12,1,1,1,1,1,1,0.92,0.5,40
1,1,57,353.91,1,1,1,1,1,1,0.88,0.5,40
1,1,58,358.69,1,1,1,1,1,1,1.4,4.5,40
1,1,59,367.47,3,3,3,4,0,1,0.83,1.5,40
1,1,60,373.26,3,4,4,3,0,1,0.68,0.5,40
1,1,61,378.04,2,2,2,1,0,1,0.67,0.5,40
1,1,62,382.82,1,2,2,1,0,1,0.73,4.5,40
1,1,63,391.61,3,3,3,3,1,1,2.49,2.5,40
1,1,64,398.39,2,1,1,1,1,1,0.64,2.5,40
1,1,65,405.18,2,1,1,NA,NA,1,NA,5.5,40
1,1,66,414.96,4,3,3,3,1,1,2.34,0.5,40
1,1,67,419.74,2,1,1,1,1,1,0.71,0.5,40
1,1,68,424.53,2,2,2,1,0,1,0.94,0.5,40
1,1,69,429.31,4,4,4,4,1,1,2.46,1.5,40
1,1,70,435.09,3,4,4,4,1,1,2.48,0.5,40
1,1,71,439.88,1,2,2,1,0,1,0.9,5.5,40
1,1,72,449.66,4,4,4,4,1,1,2.52,3.5,40
1,1,73,457.45,4,3,3,NA,NA,1,NA,0.5,40
1,1,74,462.23,4,3,3,3,1,1,2.4,8,40
1,1,75,474.51,4,3,3,NA,NA,1,NA,0.5,40
1,1,76,479.3,4,4,4,3,0,1,2.26,0.5,40
1,1,77,484.08,1,1,1,1,1,1,2.46,0.5,40
1,1,78,488.86,1,1,1,1,1,1,2.29,1.5,40
1,1,79,494.65,1,1,1,1,1,1,2.22,1.5,40
1,1,80,500.43,3,3,3,3,1,1,1.47,0.5,40
1,1,81,505.22,2,1,1,1,1,1,0.86,0.5,40
1,1,82,510,4,4,4,4,1,1,1.75,0.5,40
1,1,83,514.78,2,2,2,1,0,1,1.13,2.5,40
1,1,84,521.57,2,1,1,2,0,1,0.81,1.5,40
1,1,85,527.35,3,4,4,3,0,1,0.94,0.5,40
1,1,86,532.13,1,1,1,1,1,1,3.2,0.5,40
1,1,87,536.92,2,2,2,2,1,1,2.2,5.5,40
1,1,88,546.7,3,3,3,3,1,1,0.8,2.5,40
1,1,89,553.49,4,4,4,4,1,1,2.61,0.5,40
1,1,90,558.27,4,3,3,NA,NA,1,NA,1.5,40
1,1,91,564.05,1,2,2,2,1,1,2.42,1.5,40
1,1,92,569.84,2,2,2,2,1,1,2.37,3.5,40
1,1,93,577.62,3,3,3,3,1,1,2.52,0.5,40
1,1,94,582.4,3,4,4,NA,NA,1,NA,0.5,40
1,1,95,587.19,3,4,4,4,1,1,2.48,1.5,40
1,1,96,592.97,4,4,4,4,1,1,2.44,0.5,40
1,1,97,597.76,1,2,2,NA,NA,1,NA,1.5,40
1,1,98,603.54,1,1,1,1,1,1,2.38,0.5,40
1,1,99,608.32,4,3,3,NA,NA,1,NA,0.5,40
1,1,100,613.11,4,4,4,NA,NA,1,NA,0.5,40
1,2,101,0.51,2,2,2,1,0,6,7.28,6.5,40
1,2,102,17.29,2,2,2,2,1,6,7.43,4.5,40
1,2,103,32.08,4,3,3,3,1,8,10.2,3.5,40
1,2,104,47.86,1,1,1,1,1,8,9.5,6.5,40
1,2,105,66.65,3,4,4,3,0,4,5.8,1.5,40
1,2,106,76.43,3,3,3,3,1,6,7.87,1.5,40
1,2,107,88.21,4,3,3,4,0,4,5.97,1.5,40
1,2,108,98,2,2,2,1,0,4,5.58,1.5,40
1,2,109,107.78,4,4,4,4,1,4,5.83,3.5,40
1,2,110,119.57,2,1,1,1,1,8,9.53,1.5,40
1,2,111,133.35,4,3,3,3,1,6,7.93,6.5,40
1,2,112,150.13,3,3,3,3,1,8,10.6,6.5,40
1,2,113,168.92,1,2,2,NA,0,8,NA,0.5,40
1,2,114,181.7,3,3,3,3,1,6,7.65,1.5,40
1,2,115,193.49,1,1,1,1,1,4,5.47,3.5,40
1,2,116,205.27,2,1,1,1,1,4,5.38,3.5,40
1,2,117,217.06,2,1,1,1,1,6,7.51,1.5,40
1,2,118,228.84,3,4,4,4,1,8,10.15,5.5,40
1,2,119,246.62,1,1,1,1,1,8,9.38,2.5,40
1,2,120,261.41,2,2,2,2,1,8,9.6,0.5,40
1,2,121,274.19,4,4,4,3,0,6,7.83,0.5,40
1,2,122,284.98,1,2,2,2,1,6,8.01,4.5,40
1,2,123,299.76,3,4,4,3,0,8,10.3,0.5,40
1,2,124,312.55,3,3,3,4,0,4,5.73,2.5,40
1,2,125,323.33,4,4,4,4,1,8,9.73,3.5,40
1,2,126,339.11,1,1,1,1,1,6,7.77,0.5,40
1,2,127,349.9,1,2,2,2,1,6,7.61,0.5,40
1,2,128,360.68,4,3,3,3,1,4,5.9,8,40
1,2,129,376.97,4,4,4,4,1,6,7.77,4.5,40
1,2,130,391.75,3,4,4,3,0,4,5.77,3.5,40
1,2,131,403.53,1,1,1,2,0,8,10.1,8,40
1,2,132,423.82,1,2,2,2,1,6,7.58,1.5,40
1,2,133,435.6,3,4,4,4,1,8,10.71,1.5,40
1,2,134,449.39,4,4,4,4,1,4,5.57,8,40
1,2,135,465.67,3,4,4,4,1,6,7.63,8,40
1,2,136,483.96,2,1,1,1,1,4,1.46,3.5,40
1,2,137,495.74,2,2,2,2,1,6,7.6,8,40
1,2,138,514.03,1,1,1,1,1,8,9.53,0.5,40
1,2,139,526.81,2,1,1,1,1,8,0.91,3.5,40
1,2,140,542.59,2,1,1,1,1,6,7.83,2.5,40
1,2,141,555.38,1,1,1,1,1,4,5.57,7.5,40
1,2,142,571.16,1,1,1,1,1,6,7.53,1.5,40
1,2,143,582.95,1,1,1,1,1,6,7.61,1.5,40
1,2,144,594.73,1,2,2,2,1,4,5.67,5.5,40
1,2,145,608.52,4,3,3,3,1,6,7.83,4.5,40
1,2,146,623.3,3,4,4,4,1,4,5.7,2.5,40
1,2,147,634.08,4,4,4,4,1,4,5.97,0.5,40
1,2,148,642.87,4,3,3,3,1,6,7.85,1.5,40
1,2,149,654.65,1,1,1,1,1,4,5.7,4.5,40
1,2,150,667.44,3,4,4,4,1,6,7.6,0.5,40
1,2,151,678.22,4,3,3,4,0,8,9.53,0.5,40
1,2,152,691,4,4,4,4,1,8,9.85,0.5,40
1,2,153,703.79,2,2,2,1,0,4,5.53,3.5,40
1,2,154,715.57,4,3,3,4,0,4,5.65,1.5,40
1,2,155,725.36,2,2,2,1,0,4,0.83,1.5,40
1,2,156,735.14,3,3,3,4,0,6,7.97,0.5,40
1,2,157,745.92,3,4,4,4,1,8,9.48,0.5,40
1,2,158,758.71,3,4,4,4,1,6,8.1,0.5,40
1,2,159,769.49,1,1,1,1,1,4,5.67,0.5,40
1,2,160,778.28,4,4,4,4,1,8,9.64,1.5,40
1,2,161,792.06,2,2,2,2,1,8,9.71,6.5,40
1,2,162,810.85,1,2,2,2,1,8,9.88,1.5,40
1,2,163,824.63,4,4,4,4,1,6,7.94,0.5,40
1,2,164,835.41,2,2,2,1,0,8,9.78,3.5,40
1,2,165,851.2,2,2,2,1,0,6,0.84,1.5,40
1,2,166,862.98,1,2,2,2,1,4,5.73,0.5,40
1,2,167,871.77,4,3,3,4,0,8,9.57,2.5,40
1,2,168,886.55,2,2,2,2,1,8,10.1,0.5,40
1,2,169,899.33,1,2,2,2,1,4,5.47,0.5,40
1,2,170,908.12,4,3,3,4,0,4,5.6,7.5,40
1,2,171,923.9,3,3,3,3,1,4,5.72,8,40
1,2,172,940.19,3,3,3,4,0,6,7.64,8,40
1,2,173,958.47,2,1,1,1,1,4,5.8,8,40
1,2,174,974.76,4,4,4,4,1,8,9.8,5.5,40
1,2,175,992.54,2,2,2,2,1,4,5.94,8,40
1,2,176,1008.83,2,1,1,1,1,8,9.67,3.5,40
1,2,177,1024.61,3,3,3,3,1,8,9.6,4.5,40
1,2,178,1041.39,3,3,3,3,1,4,5.54,0.5,40
1,2,179,1050.18,3,3,3,3,1,8,9.64,0.5,40
1,2,180,1062.96,1,1,1,1,1,6,7.8,1.5,40
2,1,1,0.5,3,3,3,4,0,1,2.52,2.5,40
2,1,2,7.29,3,3,3,3,1,1,2.15,1.5,40
2,1,3,13.07,3,3,3,3,1,1,0.54,3.5,40
2,1,4,20.86,3,4,4,3,0,1,1.33,5.5,40
2,1,5,30.64,2,2,2,2,1,1,2.62,0.5,40
2,1,6,35.42,4,4,4,4,1,1,2.41,0.5,40
2,1,7,40.21,3,3,3,3,1,1,1.26,0.5,40
2,1,8,44.99,4,3,3,4,0,1,1.49,0.5,40
2,1,9,49.77,4,3,3,3,1,1,2.28,3.5,40
2,1,10,57.56,1,2,2,2,1,1,2.44,5.5,40
2,1,11,67.34,2,2,2,2,1,1,2.41,0.5,40
2,1,12,72.13,4,3,3,3,1,1,2.47,0.5,40
2,1,13,76.91,4,4,4,4,1,1,2.32,0.5,40
2,1,14,81.69,1,1,1,1,1,1,2.28,0.5,40
2,1,15,86.48,4,4,4,3,0,1,2.22,8,40
2,1,16,98.76,2,2,2,2,1,1,2.29,1.5,40
2,1,17,104.54,3,3,3,3,1,1,2.4,1.5,40
2,1,18,110.33,4,4,4,4,1,1,2.4,0.5,40
2,1,19,115.11,2,2,2,2,1,1,2.44,0.5,40
2,1,20,119.9,1,1,1,1,1,1,2.27,0.5,40
2,1,21,124.68,3,3,3,3,1,1,2.41,5.5,40
2,1,22,134.46,1,2,2,1,0,1,2.32,2.5,40
2,1,23,141.25,2,2,2,2,1,1,2.33,3.5,40
2,1,24,149.03,3,3,3,3,1,1,2.43,4.5,40
2,1,25,157.81,2,2,2,2,1,1,2.49,3.5,40
2,1,26,165.6,3,3,3,3,1,1,2.35,0.5,40
2,1,27,170.38,1,1,1,1,1,1,2.5,0.5,40
2,1,28,175.17,3,3,3,3,1,1,2.38,8,40
2,1,29,187.45,4,3,3,3,1,1,2.39,5.5,40
2,1,30,197.23,1,1,1,1,1,1,2.44,1.5,40
2,1,31,203.02,4,4,4,4,1,1,2.49,0.5,40
2,1,32,207.8,4,3,3,3,1,1,2.38,0.5,40
2,1,33,212.59,1,1,1,1,1,1,2.32,0.5,40
2,1,34,217.37,1,1,1,1,1,1,2.33,0.5,40
2,1,35,222.15,2,2,2,2,1,1,2.44,2.5,40
2,1,36,228.94,3,4,4,4,1,1,2.47,1.5,40
2,1,37,234.72,4,4,4,4,1,1,2.43,2.5,40
2,1,38,241.5,4,4,4,4,1,1,2.53,0.5,40
2,1,39,246.29,3,3,3,3,1,1,2.68,0.5,40
2,1,40,251.07,2,2,2,2,1,1,2.41,0.5,40
2,1,41,255.85,2,2,2,2,1,1,2.3,2.5,40
2,1,42,262.64,1,1,1,1,1,1,2.33,0.5,40
2,1,43,267.42,4,3,3,3,1,1,2.46,0.5,40
2,1,44,272.21,1,1,1,1,1,1,2.39,0.5,40
2,1,45,276.99,1,1,1,1,1,1,2.34,4.5,40
2,1,46,285.77,3,3,3,3,1,1,2.37,0.5,40
2,1,47,290.56,3,4,4,4,1,1,2.41,1.5,40
2,1,48,296.34,4,3,3,3,1,1,2.42,0.5,40
2,1,49,301.12,2,2,2,2,1,1,2.59,3.5,40
2,1,50,308.91,3,4,4,4,1,1,2.44,0.5,40
2,1,51,313.69,3,4,4,4,1,1,2.38,0.5,40
2,1,52,318.48,1,1,1,1,1,1,2.41,3.5,40
2,1,53,326.26,2,1,1,1,1,1,2.34,0.5,40
2,1,54,331.04,4,4,4,4,1,1,2.36,0.5,40
2,1,55,335.83,2,2,2,1,0,1,2.37,0.5,40
2,1,56,340.61,1,1,1,1,1,1,2.32,1.5,40
2,1,57,346.39,1,2,2,2,1,1,2.32,1.5,40
2,1,58,352.18,4,4,4,4,1,1,2.46,0.5,40
2,1,59,356.96,4,4,4,4,1,1,2.37,0.5,40
2,1,60,361.75,3,3,3,3,1,1,2.45,0.5,40
2,1,61,366.53,2,2,2,2,1,1,2.35,0.5,40
2,1,62,371.31,2,1,1,1,1,1,2.34,0.5,40
2,1,63,376.1,3,3,3,3,1,1,2.36,2.5,40
2,1,64,382.88,3,3,3,3,1,1,2.33,1.5,40
2,1,65,388.66,1,2,2,2,1,1,2.44,4.5,40
2,1,66,397.45,3,3,3,3,1,1,2.32,1.5,40
2,1,67,403.23,4,4,4,4,1,1,2.33,0.5,40
2,1,68,408.01,4,4,4,4,1,1,2.39,3.5,40
2,1,69,415.8,3,4,4,4,1,1,2.36,0.5,40
2,1,70,420.58,1,1,1,1,1,1,2.48,1.5,40
2,1,71,426.37,2,1,1,1,1,1,2.32,0.5,40
2,1,72,431.15,4,4,4,4,1,1,2.51,1.5,40
2,1,73,436.93,2,2,2,2,1,1,2.5,1.5,40
2,1,74,442.72,4,4,4,4,1,1,2.63,0.5,40
2,1,75,447.5,2,2,2,2,1,1,2.52,2.5,40
2,1,76,454.28,1,2,2,2,1,1,2.34,1.5,40
2,1,77,460.07,2,1,1,1,1,1,2.41,5.5,40
2,1,78,469.85,2,2,2,2,1,1,2.43,2.5,40
2,1,79,476.64,1,1,1,1,1,1,2.43,3.5,40
2,1,80,484.42,2,2,2,2,1,1,2.34,1.5,40
2,1,81,490.2,3,3,3,3,1,1,2.51,2.5,40
2,1,82,496.99,2,2,2,2,1,1,2.66,1.5,40
2,1,83,502.77,4,4,4,4,1,1,2.38,1.5,40
2,1,84,508.55,2,2,2,3,0,1,2.47,3.5,40
2,1,85,516.34,4,3,3,3,1,1,2.67,1.5,40
2,1,86,522.12,2,2,2,2,1,1,2.3,5.5,40
2,1,87,531.91,3,4,4,4,1,1,2.44,0.5,40
2,1,88,536.69,3,3,3,3,1,1,2.53,2.5,40
2,1,89,543.47,1,1,1,1,1,1,2.58,0.5,40
2,1,90,548.26,1,1,1,1,1,1,2.42,0.5,40
2,1,91,553.04,4,4,4,4,1,1,2.42,1.5,40
2,1,92,558.83,4,4,4,4,1,1,2.36,0.5,40
2,1,93,563.61,1,1,1,1,1,1,2.45,1.5,40
2,1,94,569.39,2,2,2,2,1,1,2.45,1.5,40
2,1,95,575.18,1,1,1,1,1,1,2.44,5.5,40
2,1,96,584.96,2,1,1,1,1,1,2.44,1.5,40
2,1,97,590.74,3,3,3,3,1,1,2.41,0.5,40
2,1,98,595.53,1,1,1,1,1,1,2.5,4.5,40
2,1,99,604.31,1,1,1,1,1,1,2.34,0.5,40
2,1,100,609.1,1,1,1,1,1,1,2.46,4.5,40
2,2,101,0.51,4,3,3,3,1,6,7.73,4.5,40
2,2,102,15.3,1,1,1,1,1,4,6.13,0.5,40
2,2,103,24.08,4,4,4,4,1,6,7.6,0.5,40
2,2,104,34.86,3,3,3,3,1,4,5.73,2.5,40
2,2,105,45.65,2,2,2,2,1,6,7.97,1.5,40
2,2,106,57.43,2,2,2,2,1,8,9.67,3.5,40
2,2,107,73.22,3,3,3,3,1,8,9.77,0.5,40
2,2,108,86,1,1,1,1,1,6,8,1.5,40
2,2,109,97.78,2,2,2,2,1,4,5.62,8,40
2,2,110,114.07,3,3,3,4,0,6,7.77,0.5,40
2,2,111,124.85,3,3,3,3,1,4,5.54,0.5,40
2,2,112,133.64,4,4,4,4,1,8,9.87,1.5,40
2,2,113,147.42,2,2,2,2,1,6,7.93,6.5,40
2,2,114,164.21,1,1,1,1,1,8,10.11,6.5,40
2,2,115,182.99,3,4,4,4,1,4,5.95,3.5,40
2,2,116,194.77,1,2,2,2,1,4,5.67,5.5,40
2,2,117,208.56,1,2,2,2,1,6,7.7,0.5,40
2,2,118,219.34,1,1,1,1,1,8,9.77,2.5,40
2,2,119,234.13,4,4,4,4,1,4,5.64,3.5,40
2,2,120,245.91,2,2,2,2,1,4,5.83,8,40
2,2,121,262.2,3,3,3,4,0,8,9.77,0.5,40
2,2,122,274.98,2,1,1,1,1,8,9.67,1.5,40
2,2,123,288.76,3,4,4,4,1,8,9.8,1.5,40
2,2,124,302.55,1,1,1,1,1,4,5.67,7.5,40
2,2,125,318.33,1,1,1,1,1,6,7.54,0.5,40
2,2,126,329.12,2,2,2,2,1,4,5.85,3.5,40
2,2,127,340.9,3,4,4,4,1,6,7.53,0.5,40
2,2,128,351.69,1,1,1,1,1,8,9.57,0.5,40
2,2,129,364.47,3,3,3,3,1,4,5.93,8,40
2,2,130,380.75,2,2,2,2,1,4,5.58,1.5,40
2,2,131,390.54,3,3,3,3,1,6,7.65,8,40
2,2,132,408.82,2,1,1,1,1,4,5.98,3.5,40
2,2,133,420.61,1,2,2,2,1,6,8.1,1.5,40
2,2,134,432.39,2,2,2,2,1,8,9.77,0.5,40
2,2,135,445.17,3,4,4,4,1,4,5.7,1.5,40
2,2,136,454.96,1,1,1,1,1,8,10.2,8,40
2,2,137,475.24,3,3,3,3,1,4,5.7,2.5,40
2,2,138,486.03,1,1,1,2,0,6,7.7,4.5,40
2,2,139,500.81,4,4,4,4,1,6,7.88,1.5,40
2,2,140,512.6,4,3,3,3,1,4,5.67,1.5,40
2,2,141,522.38,4,4,4,4,1,8,9.67,0.5,40
2,2,142,535.16,4,3,3,3,1,6,7.71,6.5,40
2,2,143,551.95,2,1,1,1,1,8,9.7,3.5,40
2,2,144,567.73,4,4,4,4,1,4,5.82,7.5,40
2,2,145,583.52,2,2,2,1,0,8,9.78,6.5,40
2,2,146,602.3,1,1,1,1,1,4,6.41,0.5,40
2,2,147,611.09,2,2,2,2,1,6,7.95,1.5,40
2,2,148,622.87,4,3,3,4,0,4,5.74,8,40
2,2,149,639.15,2,2,2,2,1,4,5.7,3.5,40
2,2,150,650.94,4,4,4,4,1,8,9.88,5.5,40
2,2,151,668.72,4,4,4,4,1,8,9.67,0.5,40
2,2,152,681.51,4,4,4,4,1,4,5.67,8,40
2,2,153,697.79,1,1,1,1,1,4,5.78,3.5,40
2,2,154,709.58,3,3,3,3,1,6,7.78,1.5,40
2,2,155,721.36,1,1,1,1,1,4,6.72,4.5,40
2,2,156,734.14,4,3,3,3,1,8,9.75,2.5,40
2,2,157,748.93,4,4,4,4,1,6,7.8,4.5,40
2,2,158,763.71,1,1,1,2,0,6,7.8,1.5,40
2,2,159,775.5,3,3,3,3,1,6,7.77,8,40
2,2,160,793.78,2,1,1,2,0,6,7.87,2.5,40
2,2,161,806.57,3,3,3,3,1,8,9.7,6.5,40
2,2,162,825.35,1,1,1,1,1,8,9.63,1.5,40
2,2,163,839.13,1,1,1,2,0,4,5.63,0.5,40
2,2,164,847.92,3,3,3,3,1,8,9.67,4.5,40
2,2,165,864.7,1,1,1,2,0,6,7.82,1.5,40
2,2,166,876.49,1,2,2,1,0,8,10.07,0.5,40
2,2,167,889.27,2,2,2,2,1,8,10.43,0.5,40
2,2,168,902.06,4,3,3,3,1,4,6.9,1.5,40
2,2,169,911.84,4,3,3,3,1,8,9.68,0.5,40
2,2,170,924.62,3,4,4,4,1,6,7.65,0.5,40
2,2,171,935.41,3,3,3,4,0,8,9.87,0.5,40
2,2,172,948.19,4,4,4,4,1,6,8.01,0.5,40
2,2,173,958.98,3,3,3,3,1,6,8.18,1.5,40
2,2,174,970.76,2,2,2,2,1,6,7.7,8,40
2,2,175,989.04,2,2,2,2,1,8,10.04,3.5,40
2,2,176,1004.83,4,4,4,3,0,8,10.35,3.5,40
2,2,177,1020.61,2,2,2,2,1,4,6.2,1.5,40
2,2,178,1030.4,2,2,2,2,1,6,8.3,4.5,40
2,2,179,1045.18,3,4,4,4,1,8,9.75,5.5,40
2,2,180,1062.97,4,4,4,1,0,8,3.07,3.5,40
1,1,1,0.51,2,2,2,2,1,1,2.36,1.5,41
1,1,2,6.3,1,2,2,2,1,1,2.37,0.5,41
1,1,3,11.08,1,1,1,1,1,1,2.27,2.5,41
1,1,4,17.87,4,4,4,4,1,1,2.65,5.5,41
1,1,5,27.65,3,3,3,3,1,1,2.36,1.5,41
1,1,6,33.43,3,3,3,3,1,1,2.4,0.5,41
1,1,7,38.22,2,2,2,2,1,1,2.14,1.5,41
1,1,8,44,2,2,2,1,0,1,2.2,1.5,41
1,1,9,49.78,1,1,1,1,1,1,2.36,0.5,41
1,1,10,54.57,2,2,2,2,1,1,2.25,0.5,41
1,1,11,59.35,2,2,2,2,1,1,2.27,0.5,41
1,1,12,64.14,2,2,2,2,1,1,0.71,3.5,41
1,1,13,71.92,1,2,2,1,0,1,2.09,1.5,41
1,1,14,77.7,2,2,2,2,1,1,0.8,4.5,41
1,1,15,86.49,1,1,1,1,1,1,2.27,2.5,41
1,1,16,93.27,4,4,4,4,1,1,2.3,0.5,41
1,1,17,98.05,1,1,1,1,1,1,2.31,0.5,41
1,1,18,102.84,3,3,3,3,1,1,0.72,0.5,41
1,1,19,107.62,1,1,1,1,1,1,2.55,0.5,41
1,1,20,112.41,4,4,4,3,0,1,1.9,0.5,41
1,1,21,117.19,4,4,4,4,1,1,1.86,0.5,41
1,1,22,121.97,1,1,1,1,1,1,2.27,8,41
1,1,23,134.26,4,3,3,4,0,1,0.97,0.5,41
1,1,24,139.04,3,3,3,3,1,1,2.35,0.5,41
1,1,25,143.82,2,2,2,2,1,1,0.99,3.5,41
1,1,26,151.61,2,2,2,2,1,1,0.85,0.5,41
1,1,27,156.39,2,1,1,2,0,1,0.73,8,41
1,1,28,168.68,2,2,2,2,1,1,2.19,0.5,41
1,1,29,173.46,1,1,1,1,1,1,2.25,4.5,41
1,1,30,182.24,3,3,3,3,1,1,2.26,0.5,41
1,1,31,187.03,4,4,4,4,1,1,2.18,1.5,41
1,1,32,192.81,1,1,1,1,1,1,2.2,3.5,41
1,1,33,200.6,3,4,4,4,1,1,0.88,5.5,41
1,1,34,210.38,4,4,4,4,1,1,2.42,0.5,41
1,1,35,215.16,4,4,4,4,1,1,2.37,1.5,41
1,1,36,220.95,1,2,2,2,1,1,2.45,0.5,41
1,1,37,225.73,2,2,2,2,1,1,2.26,0.5,41
1,1,38,230.51,4,3,3,2,0,1,2.93,1.5,41
1,1,39,236.3,1,1,1,NA,NA,1,NA,0.5,41
1,1,40,241.08,2,1,1,2,0,1,2.87,0.5,41
1,1,41,245.86,4,4,4,4,1,1,2.37,0.5,41
1,1,42,250.65,2,2,2,2,1,1,0.93,1.5,41
1,1,43,256.43,3,3,3,3,1,1,3.1,0.5,41
1,1,44,261.22,3,4,4,3,0,1,2.12,5.5,41
1,1,45,271,2,2,2,2,1,1,0.73,5.5,41
1,1,46,280.78,4,4,4,3,0,1,2.29,0.5,41
1,1,47,285.57,4,4,4,4,1,1,2.14,2.5,41
1,1,48,292.35,3,3,3,3,1,1,2.17,0.5,41
1,1,49,297.13,3,4,4,4,1,1,2.41,0.5,41
1,1,50,301.92,3,3,3,2,0,1,2.66,2.5,41
1,1,51,308.7,1,1,1,2,0,1,2.47,5.5,41
1,1,52,318.49,4,4,4,3,0,1,3.61,1.5,41
1,1,53,324.27,1,1,1,1,1,1,2.26,3.5,41
1,1,54,332.05,1,1,1,1,1,1,2.37,3.5,41
1,1,55,339.84,2,1,1,2,0,1,0.79,1.5,41
1,1,56,345.62,4,3,3,3,1,1,2.25,1.5,41
1,1,57,351.41,4,4,4,3,0,1,2.13,1.5,41
1,1,58,357.19,3,3,3,3,1,1,2.37,0.5,41
1,1,59,361.97,2,1,1,1,1,1,2.3,1.5,41
1,1,60,367.76,2,2,2,2,1,1,2.8,1.5,41
1,1,61,373.54,2,1,1,1,1,1,2.79,2.5,41
1,1,62,380.32,2,1,1,NA,NA,1,NA,3.5,41
1,1,63,388.11,3,3,3,3,1,1,2.39,1.5,41
1,1,64,393.89,1,1,1,1,1,1,2.79,0.5,41
1,1,65,398.67,3,3,3,NA,NA,1,NA,0.5,41
1,1,66,403.46,1,2,2,2,1,1,2.33,2.5,41
1,1,67,410.24,1,1,1,1,1,1,2.47,0.5,41
1,1,68,415.03,1,2,2,2,1,1,3.31,5.5,41
1,1,69,424.81,1,1,1,NA,NA,1,NA,0.5,41
1,1,70,429.59,4,3,3,3,1,1,2.32,0.5,41
1,1,71,434.38,3,3,3,3,1,1,2.34,0.5,41
1,1,72,439.16,4,4,4,4,1,1,2.92,4.5,41
1,1,73,447.94,2,2,2,2,1,1,2.42,1.5,41
1,1,74,453.73,3,3,3,NA,NA,1,NA,3.5,41
1,1,75,461.51,2,2,2,NA,NA,1,NA,1.5,41
1,1,76,467.3,3,3,3,3,1,1,2.6,0.5,41
1,1,77,472.08,4,4,4,NA,NA,1,NA,4.5,41
1,1,78,480.86,3,3,3,3,1,1,2.64,0.5,41
1,1,79,485.65,2,2,2,NA,NA,1,NA,2.5,41
1,1,80,492.43,2,1,1,2,0,1,0.71,0.5,41
1,1,81,497.21,1,2,2,2,1,1,2.88,1.5,41
1,1,82,503,2,1,1,1,1,1,2.49,0.5,41
1,1,83,507.78,4,3,3,3,1,1,2.64,1.5,41
1,1,84,513.57,3,3,3,3,1,1,2.39,0.5,41
1,1,85,518.35,4,4,4,NA,NA,1,NA,0.5,41
1,1,86,523.13,3,4,4,3,0,1,2.31,0.5,41
1,1,87,527.92,4,4,4,NA,NA,1,NA,2.5,41
1,1,88,534.7,3,3,3,NA,NA,1,NA,1.5,41
1,1,89,540.48,3,3,3,3,1,1,2.5,0.5,41
1,1,90,545.27,1,1,1,NA,NA,1,NA,0.5,41
1,1,91,550.05,1,2,2,2,1,1,2.57,2.5,41
1,1,92,556.84,1,1,1,1,1,1,2.84,1.5,41
1,1,93,562.62,1,1,1,NA,NA,1,NA,0.5,41
1,1,94,567.4,3,4,4,NA,NA,1,NA,3.5,41
1,1,95,575.19,4,4,4,NA,NA,1,NA,3.5,41
1,1,96,582.97,4,4,4,NA,NA,1,NA,0.5,41
1,1,97,587.75,4,4,4,NA,NA,1,NA,2.5,41
1,1,98,594.54,3,3,3,NA,NA,1,NA,5.5,41
1,1,99,604.32,3,3,3,3,1,1,2.32,0.5,41
1,1,100,609.11,4,4,4,NA,NA,1,NA,4.5,41
1,2,101,0.51,2,2,2,NA,0,8,NA,8,41
1,2,102,20.79,2,1,1,1,1,8,10.23,6.5,41
1,2,103,39.58,3,3,3,4,0,6,7.6,1.5,41
1,2,104,51.36,1,1,1,1,1,8,9.67,1.5,41
1,2,105,65.15,4,4,4,4,1,4,5.7,6.5,41
1,2,106,79.93,4,4,4,3,0,8,9.72,1.5,41
1,2,107,93.71,4,3,3,4,0,8,10.1,1.5,41
1,2,108,107.5,1,1,1,1,1,8,9.91,0.5,41
1,2,109,120.28,4,3,3,3,1,4,6.03,3.5,41
1,2,110,132.07,4,4,4,3,0,8,1.08,8,41
1,2,111,152.35,2,1,1,2,0,4,5.8,0.5,41
1,2,112,161.14,1,1,1,2,0,4,5.8,0.5,41
1,2,113,169.92,3,4,4,3,0,8,10.33,8,41
1,2,114,190.21,3,3,3,4,0,6,7.93,3.5,41
1,2,115,203.99,1,2,2,2,1,4,6.2,1.5,41
1,2,116,213.77,2,2,2,2,1,8,10.03,8,41
1,2,117,234.06,2,2,2,2,1,6,8.53,0.5,41
1,2,118,244.84,3,4,4,4,1,8,9.75,7.5,41
1,2,119,264.63,4,4,4,4,1,6,8.31,0.5,41
1,2,120,275.41,4,4,4,4,1,6,7.88,0.5,41
1,2,121,286.2,2,2,2,2,1,6,7.85,0.5,41
1,2,122,296.98,1,1,1,1,1,6,8.52,0.5,41
1,2,123,307.76,1,2,2,2,1,8,10.58,8,41
1,2,124,328.03,1,1,1,1,1,4,1.93,0.5,41
1,2,125,336.82,3,3,3,4,0,8,10.5,3.5,41
1,2,126,352.6,4,4,4,3,0,6,8.08,2.5,41
1,2,127,365.38,2,2,2,2,1,6,7.93,0.5,41
1,2,128,376.17,2,2,2,2,1,4,5.53,0.5,41
1,2,129,384.95,1,2,2,1,0,8,0.85,2.5,41
1,2,130,399.74,2,1,1,2,0,4,1.44,6.5,41
1,2,131,414.52,2,1,1,1,1,8,9.87,5.5,41
1,2,132,432.31,2,2,2,NA,0,4,NA,2.5,41
1,2,133,443.09,3,3,3,3,1,8,9.7,3.5,41
1,2,134,458.87,2,1,1,1,1,6,8.41,1.5,41
1,2,135,470.66,2,2,2,1,0,4,7.6,0.5,41
1,2,136,479.44,4,4,4,4,1,6,8.08,2.5,41
1,2,137,492.23,1,2,2,1,0,4,5.1,3.5,41
1,2,138,504.01,3,3,3,4,0,6,8.5,8,41
1,2,139,522.29,2,2,2,2,1,8,2.55,0.5,41
1,2,140,535.08,3,3,3,NA,0,8,NA,4.5,41
1,2,141,551.86,4,4,4,NA,0,8,NA,3.5,41
1,2,142,567.65,1,1,1,1,1,8,4.48,1.5,41
1,2,143,581.43,1,1,1,NA,0,6,NA,6.5,41
1,2,144,598.22,2,2,2,2,1,4,6.01,3.5,41
1,2,145,610,4,4,4,NA,0,6,NA,0.5,41
1,2,146,620.78,4,4,4,4,1,4,5.88,4.5,41
1,2,147,633.57,1,1,1,2,0,4,6.14,5.5,41
1,2,148,647.35,3,3,3,4,0,8,9.88,1.5,41
1,2,149,661.14,3,3,3,3,1,4,5.3,3.5,41
1,2,150,672.92,4,4,4,4,1,4,5.53,1.5,41
1,2,151,682.71,2,1,1,2,0,8,9.67,3.5,41
1,2,152,698.49,3,3,3,3,1,4,5.91,3.5,41
1,2,153,710.27,3,3,3,3,1,4,6.11,1.5,41
1,2,154,720.06,3,4,4,4,1,4,5.48,8,41
1,2,155,736.34,1,1,1,1,1,6,1.38,1.5,41
1,2,156,748.13,4,3,3,3,1,4,5.71,1.5,41
1,2,157,757.91,2,2,2,2,1,6,7.97,1.5,41
1,2,158,769.69,2,2,2,2,1,4,0.87,1.5,41
1,2,159,779.48,3,3,3,4,0,8,9.98,4.5,41
1,2,160,796.26,3,3,3,3,1,4,5.73,0.5,41
1,2,161,805.05,4,4,4,4,1,8,9.7,1.5,41
1,2,162,818.83,4,3,3,3,1,6,1.32,0.5,41
1,2,163,829.61,4,4,4,3,0,4,0.88,5.5,41
1,2,164,843.4,3,4,4,4,1,6,7.45,1.5,41
1,2,165,855.18,3,3,3,3,1,6,7.93,7.5,41
1,2,166,872.97,4,4,4,3,0,8,0.8,2.5,41
1,2,167,887.75,2,1,1,2,0,6,2.02,3.5,41
1,2,168,901.54,1,1,1,1,1,8,0.83,4.5,41
1,2,169,918.32,1,1,1,1,1,4,1.35,8,41
1,2,170,934.61,1,2,2,1,0,6,0.7,4.5,41
1,2,171,949.39,1,1,1,1,1,6,1.92,4.5,41
1,2,172,964.17,3,3,3,4,0,4,5.34,0.5,41
1,2,173,972.96,3,3,3,4,0,6,7.71,1.5,41
1,2,174,984.74,4,4,4,3,0,8,0.94,0.5,41
1,2,175,997.53,4,4,4,4,1,6,7.5,0.5,41
1,2,176,1008.31,1,2,2,1,0,6,7.67,6.5,41
1,2,177,1025.1,1,1,1,1,1,4,0.74,0.5,41
1,2,178,1033.88,1,1,1,1,1,6,7.67,8,41
1,2,179,1052.16,3,3,3,3,1,6,8.15,1.5,41
1,2,180,1063.95,2,2,2,2,1,8,9.88,0.5,41
1,1,1,0.51,3,3,3,NA,NA,1,NA,0.5,42
1,1,2,5.29,4,4,4,NA,NA,1,NA,1.5,42
1,1,3,11.07,2,2,2,NA,NA,1,NA,1.5,42
1,1,4,16.86,3,3,3,NA,NA,1,NA,3.5,42
1,1,5,24.64,4,4,4,NA,NA,1,NA,0.5,42
1,1,6,29.42,4,3,3,3,1,1,2.39,0.5,42
1,1,7,34.21,2,2,2,2,1,1,2.4,5.5,42
1,1,8,43.99,2,2,2,2,1,1,2.16,2.5,42
1,1,9,50.78,4,3,3,3,1,1,2.13,0.5,42
1,1,10,55.56,4,4,4,3,0,1,2.18,3.5,42
1,1,11,63.34,3,4,4,NA,NA,1,NA,0.5,42
1,1,12,68.13,3,3,3,NA,NA,1,NA,0.5,42
1,1,13,72.91,1,1,1,1,1,1,2.45,2.5,42
1,1,14,79.69,2,1,1,2,0,1,2.19,5.5,42
1,1,15,89.48,2,1,1,1,1,1,2.32,0.5,42
1,1,16,94.26,1,2,2,3,0,1,1.66,1.5,42
1,1,17,100.04,4,4,4,3,0,1,2.31,2.5,42
1,1,18,106.83,2,1,1,1,1,1,2.39,3.5,42
1,1,19,114.61,1,1,1,NA,NA,1,NA,1.5,42
1,1,20,120.4,2,2,2,2,1,1,2.88,1.5,42
1,1,21,126.18,1,1,1,3,0,1,3.19,0.5,42
1,1,22,130.96,2,2,2,1,0,1,2.3,1.5,42
1,1,23,136.75,2,2,2,2,1,1,3.19,4.5,42
1,1,24,145.53,4,4,4,3,0,1,2.25,2.5,42
1,1,25,152.32,1,1,1,2,0,1,3.16,0.5,42
1,1,26,157.1,1,1,1,1,1,1,2.55,2.5,42
1,1,27,163.88,2,2,2,2,1,1,2.53,0.5,42
1,1,28,168.67,2,2,2,2,1,1,3.35,0.5,42
1,1,29,173.45,1,1,1,1,1,1,2.89,5.5,42
1,1,30,183.23,2,2,2,2,1,1,3.01,0.5,42
1,1,31,188.02,2,2,2,2,1,1,3.12,8,42
1,1,32,200.3,4,3,3,3,1,1,2.57,0.5,42
1,1,33,205.09,3,3,3,3,1,1,2.94,1.5,42
1,1,34,210.87,2,2,2,2,1,1,3.47,2.5,42
1,1,35,217.65,3,4,4,4,1,1,2.82,0.5,42
1,1,36,222.44,3,3,3,3,1,1,2.59,3.5,42
1,1,37,230.22,1,2,2,2,1,1,2.64,3.5,42
1,1,38,238,4,4,4,4,1,1,2.58,0.5,42
1,1,39,242.79,2,2,2,2,1,1,2.8,1.5,42
1,1,40,248.57,3,4,4,4,1,1,2.5,1.5,42
1,1,41,254.36,1,1,1,1,1,1,2.21,2.5,42
1,1,42,261.14,1,1,1,2,0,1,2.24,0.5,42
1,1,43,265.92,1,2,2,2,1,1,2.94,0.5,42
1,1,44,270.71,3,3,3,3,1,1,2.74,0.5,42
1,1,45,275.49,4,4,4,4,1,1,2.23,0.5,42
1,1,46,280.27,3,4,4,4,1,1,2.89,1.5,42
1,1,47,286.06,3,3,3,3,1,1,2.74,0.5,42
1,1,48,290.84,3,3,3,3,1,1,2.62,5.5,42
1,1,49,300.62,1,1,1,1,1,1,2.29,0.5,42
1,1,50,305.41,3,4,4,4,1,1,2.82,0.5,42
1,1,51,310.19,2,1,1,2,0,1,2.59,1.5,42
1,1,52,315.98,3,4,4,4,1,1,2.76,0.5,42
1,1,53,320.76,3,3,3,3,1,1,2.66,4.5,42
1,1,54,329.54,4,4,4,4,1,1,3.16,0.5,42
1,1,55,334.33,3,4,4,4,1,1,2.68,4.5,42
1,1,56,343.11,2,1,1,1,1,1,3.01,1.5,42
1,1,57,348.9,1,1,1,2,0,1,2.68,1.5,42
1,1,58,354.68,1,1,1,NA,NA,1,NA,0.5,42
1,1,59,359.46,2,2,2,2,1,1,3.31,0.5,42
1,1,60,364.25,3,3,3,3,1,1,2.98,5.5,42
1,1,61,374.03,2,2,2,2,1,1,2.58,0.5,42
1,1,62,378.81,1,1,1,2,0,1,3.44,1.5,42
1,1,63,384.6,2,2,2,2,1,1,2.79,0.5,42
1,1,64,389.38,3,3,3,3,1,1,2.75,3.5,42
1,1,65,397.16,3,3,3,3,1,1,2.52,0.5,42
1,1,66,401.95,4,3,3,3,1,1,3.05,1.5,42
1,1,67,407.73,3,4,4,4,1,1,3.5,0.5,42
1,1,68,412.52,4,3,3,NA,NA,1,NA,3.5,42
1,1,69,420.3,4,3,3,NA,NA,1,NA,0.5,42
1,1,70,425.08,3,3,3,3,1,1,3.12,1.5,42
1,1,71,430.87,3,4,4,4,1,1,2.64,0.5,42
1,1,72,435.65,3,3,3,3,1,1,2.7,1.5,42
1,1,73,441.43,1,1,1,2,0,1,2.87,1.5,42
1,1,74,447.22,4,4,4,3,0,1,3.54,4.5,42
1,1,75,456,4,3,3,3,1,1,2.62,0.5,42
1,1,76,460.79,2,1,1,1,1,1,2.59,0.5,42
1,1,77,465.57,4,4,4,4,1,1,2.69,0.5,42
1,1,78,470.35,4,4,4,1,0,1,1.24,0.5,42
1,1,79,475.14,2,2,2,3,0,1,1.37,1.5,42
1,1,80,480.92,1,1,1,1,1,1,2.71,3.5,42
1,1,81,488.7,4,3,3,NA,NA,1,NA,1.5,42
1,1,82,494.49,1,1,1,NA,NA,1,NA,0.5,42
1,1,83,499.27,2,1,1,NA,NA,1,NA,0.5,42
1,1,84,504.06,1,1,1,NA,NA,1,NA,2.5,42
1,1,85,510.84,2,1,1,NA,NA,1,NA,1.5,42
1,1,86,516.62,2,2,2,NA,NA,1,NA,1.5,42
1,1,87,522.41,4,4,4,NA,NA,1,NA,2.5,42
1,1,88,529.19,1,2,2,NA,NA,1,NA,0.5,42
1,1,89,533.97,1,2,2,NA,NA,1,NA,0.5,42
1,1,90,538.76,4,3,3,NA,NA,1,NA,3.5,42
1,1,91,546.54,3,3,3,NA,NA,1,NA,8,42
1,1,92,558.83,1,1,1,NA,NA,1,NA,0.5,42
1,1,93,563.61,4,3,3,NA,NA,1,NA,0.5,42
1,1,94,568.39,4,4,4,NA,NA,1,NA,5.5,42
1,1,95,578.18,1,1,1,NA,NA,1,NA,5.5,42
1,1,96,587.96,4,4,4,NA,NA,1,NA,4.5,42
1,1,97,596.75,1,2,2,NA,NA,1,NA,0.5,42
1,1,98,601.53,1,2,2,NA,NA,1,NA,2.5,42
1,1,99,608.31,3,4,4,NA,NA,1,NA,0.5,42
1,1,100,613.1,4,4,4,NA,NA,1,NA,0.5,42
1,1,1,0.5,4,3,3,NA,NA,1,NA,3.5,43
1,1,2,8.29,1,1,1,NA,NA,1,NA,0.5,43
1,1,3,13.07,1,1,1,NA,NA,1,NA,3.5,43
1,1,4,20.86,2,2,2,2,1,1,2.51,4.5,43
1,1,5,29.64,1,2,2,2,1,1,2.42,0.5,43
1,1,6,34.42,2,2,2,2,1,1,2.54,8,43
1,1,7,46.71,2,2,2,2,1,1,1.53,0.5,43
1,1,8,51.49,3,4,4,4,1,1,2.87,0.5,43
1,1,9,56.27,1,1,1,1,1,1,2.67,2.5,43
1,1,10,63.06,2,2,2,2,1,1,1.61,0.5,43
1,1,11,67.84,2,2,2,2,1,1,1.55,0.5,43
1,1,12,72.63,1,1,1,1,1,1,2.35,1.5,43
1,1,13,78.41,4,3,3,3,1,1,2.33,0.5,43
1,1,14,83.19,2,2,2,2,1,1,0.86,1.5,43
1,1,15,88.98,1,1,1,3,0,1,0.65,1.5,43
1,1,16,94.76,4,3,3,3,1,1,2.56,1.5,43
1,1,17,100.54,4,4,4,3,0,1,0.9,2.5,43
1,1,18,107.33,3,3,3,3,1,1,2.51,3.5,43
1,1,19,115.11,4,4,4,4,1,1,2.74,1.5,43
1,1,20,120.9,2,2,2,2,1,1,2.22,3.5,43
1,1,21,128.68,3,3,3,3,1,1,2.53,0.5,43
1,1,22,133.46,3,3,3,3,1,1,2.28,0.5,43
1,1,23,138.25,1,1,1,1,1,1,2.24,5.5,43
1,1,24,148.03,4,4,4,4,1,1,2.51,1.5,43
1,1,25,153.82,2,2,2,2,1,1,2.14,1.5,43
1,1,26,159.6,2,1,1,2,0,1,1.94,4.5,43
1,1,27,168.38,2,1,1,1,1,1,2.71,4.5,43
1,1,28,177.17,3,3,3,3,1,1,2.43,3.5,43
1,1,29,184.95,4,4,4,4,1,1,2.49,1.5,43
1,1,30,190.73,2,1,1,1,1,1,2.48,1.5,43
1,1,31,196.52,4,3,3,3,1,1,2.45,2.5,43
1,1,32,203.3,4,3,3,3,1,1,2.61,0.5,43
1,1,33,208.09,2,2,2,2,1,1,2.55,5.5,43
1,1,34,217.87,2,1,1,2,0,1,2.35,5.5,43
1,1,35,227.65,1,2,2,2,1,1,2.32,0.5,43
1,1,36,232.44,4,3,3,3,1,1,2.57,1.5,43
1,1,37,238.22,2,2,2,2,1,1,2.32,2.5,43
1,1,38,245,2,2,2,2,1,1,2.38,1.5,43
1,1,39,250.79,1,2,2,2,1,1,2.43,0.5,43
1,1,40,255.57,3,4,4,4,1,1,2.44,1.5,43
1,1,41,261.36,1,1,1,1,1,1,2.42,0.5,43
1,1,42,266.14,1,1,1,1,1,1,2.79,1.5,43
1,1,43,271.92,4,4,4,4,1,1,2.57,1.5,43
1,1,44,277.71,1,1,1,1,1,1,2.41,0.5,43
1,1,45,282.49,1,2,2,2,1,1,2.53,2.5,43
1,1,46,289.27,3,3,3,3,1,1,2.68,2.5,43
1,1,47,296.06,4,3,3,3,1,1,2.42,1.5,43
1,1,48,301.84,3,4,4,4,1,1,2.52,1.5,43
1,1,49,307.63,1,1,1,1,1,1,2.79,0.5,43
1,1,50,312.41,4,4,4,4,1,1,2.66,2.5,43
1,1,51,319.19,4,4,4,4,1,1,2.41,2.5,43
1,1,52,325.98,2,1,1,1,1,1,2.42,0.5,43
1,1,53,330.76,4,4,4,4,1,1,2.56,0.5,43
1,1,54,335.54,3,3,3,3,1,1,2.52,0.5,43
1,1,55,340.33,4,4,4,4,1,1,2.7,0.5,43
1,1,56,345.11,1,2,2,2,1,1,2.45,0.5,43
1,1,57,349.89,3,3,3,3,1,1,2.49,0.5,43
1,1,58,354.68,3,4,4,4,1,1,2.48,0.5,43
1,1,59,359.46,2,1,1,1,1,1,2.22,0.5,43
1,1,60,364.25,4,4,4,4,1,1,2.68,0.5,43
1,1,61,369.03,1,1,1,1,1,1,2.46,3.5,43
1,1,62,376.81,4,4,4,4,1,1,2.56,0.5,43
1,1,63,381.6,1,1,1,1,1,1,2.49,0.5,43
1,1,64,386.38,3,3,3,3,1,1,2.44,1.5,43
1,1,65,392.16,2,1,1,1,1,1,2.43,0.5,43
1,1,66,396.95,1,1,1,1,1,1,2.64,0.5,43
1,1,67,401.73,1,2,2,2,1,1,2.95,3.5,43
1,1,68,409.52,1,1,1,2,0,1,2.56,0.5,43
1,1,69,414.3,2,2,2,2,1,1,2.47,5.5,43
1,1,70,424.08,1,1,1,1,1,1,2.48,5.5,43
1,1,71,433.87,4,3,3,3,1,1,2.58,3.5,43
1,1,72,441.65,4,4,4,4,1,1,2.59,0.5,43
1,1,73,446.43,3,3,3,3,1,1,2.54,3.5,43
1,1,74,454.22,3,4,4,4,1,1,2.53,1.5,43
1,1,75,460,3,4,4,4,1,1,2.41,1.5,43
1,1,76,465.79,3,4,4,4,1,1,2.45,0.5,43
1,1,77,470.57,1,2,2,2,1,1,2.54,1.5,43
1,1,78,476.35,4,4,4,4,1,1,2.49,0.5,43
1,1,79,481.14,3,3,3,3,1,1,2.53,0.5,43
1,1,80,485.92,2,2,2,2,1,1,2.53,5.5,43
1,1,81,495.71,3,4,4,4,1,1,2.52,4.5,43
1,1,82,504.49,4,4,4,4,1,1,2.45,1.5,43
1,1,83,510.27,1,1,1,1,1,1,2.59,0.5,43
1,1,84,515.06,2,1,1,1,1,1,2.83,0.5,43
1,1,85,519.84,3,4,4,4,1,1,2.76,1.5,43
1,1,86,525.62,3,3,3,3,1,1,2.77,8,43
1,1,87,537.91,3,4,4,4,1,1,2.42,0.5,43
1,1,88,542.69,4,3,3,3,1,1,2.54,0.5,43
1,1,89,547.48,2,2,2,2,1,1,2.53,0.5,43
1,1,90,552.26,3,3,3,3,1,1,2.5,2.5,43
1,1,91,559.04,4,3,3,3,1,1,2.41,0.5,43
1,1,92,563.83,4,4,4,4,1,1,2.43,0.5,43
1,1,93,568.61,2,2,2,2,1,1,2.65,5.5,43
1,1,94,578.39,3,3,3,3,1,1,2.59,0.5,43
1,1,95,583.18,3,3,3,3,1,1,2.65,0.5,43
1,1,96,587.96,2,2,2,2,1,1,2.75,0.5,43
1,1,97,592.74,1,1,1,1,1,1,2.61,0.5,43
1,1,98,597.53,3,3,3,3,1,1,2.54,4.5,43
1,1,99,606.31,2,2,2,2,1,1,2.58,0.5,43
1,1,100,611.1,1,1,1,1,1,1,2.7,2.5,43
1,2,101,0.51,3,4,4,4,1,6,8.4,0.5,43
1,2,102,11.3,4,4,4,4,1,8,10.58,3.5,43
1,2,103,27.06,1,1,1,2,0,4,6.48,8,43
1,2,104,43.35,1,2,2,2,1,8,11.4,4.5,43
1,2,105,60.13,3,3,3,3,1,8,10.05,8,43
1,2,106,80.42,2,2,2,1,0,6,8.73,1.5,43
1,2,107,92.2,2,1,1,1,1,8,10.01,0.5,43
1,2,108,104.99,2,2,2,2,1,4,6.57,0.5,43
1,2,109,113.77,1,1,1,1,1,4,7.14,7.5,43
1,2,110,129.55,4,3,3,4,0,4,5.4,3.5,43
1,2,111,141.34,1,2,2,2,1,4,6.4,8,43
1,2,112,157.62,2,1,1,1,1,8,10.53,4.5,43
1,2,113,174.41,2,1,1,1,1,4,6.63,1.5,43
1,2,114,184.19,3,3,3,3,1,6,8.87,0.5,43
1,2,115,194.98,2,2,2,2,1,4,6.5,1.5,43
1,2,116,204.76,4,4,4,4,1,8,10.1,8,43
1,2,117,225.04,2,2,2,2,1,6,8.27,4.5,43
1,2,118,239.83,3,4,4,4,1,8,11.67,3.5,43
1,2,119,255.61,1,1,1,1,1,4,6,2.5,43
1,2,120,266.4,4,3,3,3,1,6,8.07,5.5,43
1,2,121,282.18,3,4,4,4,1,6,8.37,8,43
1,2,122,300.47,1,2,2,2,1,6,8.07,3.5,43
1,2,123,314.25,4,4,4,4,1,4,6.23,5.5,43
1,2,124,328.03,4,4,4,4,1,6,8.02,1.5,43
1,2,125,339.82,2,2,2,2,1,8,10.34,5.5,43
1,2,126,357.6,2,2,2,2,1,4,6.23,1.5,43
1,2,127,367.39,2,2,2,2,1,6,8.68,6.5,43
1,2,128,384.17,3,3,3,3,1,4,6.31,0.5,43
1,2,129,392.96,1,1,1,1,1,4,7.04,0.5,43
1,2,130,401.74,4,4,4,4,1,8,10.2,1.5,43
1,2,131,415.52,3,3,3,3,1,4,6.01,2.5,43
1,2,132,426.31,1,2,2,1,0,8,10.7,6.5,43
1,2,133,445.09,4,3,3,3,1,4,6.64,1.5,43
1,2,134,454.88,3,4,4,4,1,4,6.03,2.5,43
1,2,135,465.66,2,1,1,1,1,6,8.9,1.5,43
1,2,136,477.44,4,3,3,3,1,4,5.67,0.5,43
1,2,137,486.23,4,4,4,4,1,6,8,1.5,43
1,2,138,498.01,1,1,1,1,1,4,6.47,1.5,43
1,2,139,507.8,2,2,2,2,1,4,5.97,4.5,43
1,2,140,520.58,2,2,2,2,1,8,10.35,2.5,43
1,2,141,535.37,1,1,1,2,0,6,7.84,0.5,43
1,2,142,546.15,2,1,1,1,1,6,8.4,7.5,43
1,2,143,563.93,2,2,2,2,1,6,8.13,6.5,43
1,2,144,580.72,4,4,4,3,0,4,5.75,0.5,43
1,2,145,589.5,1,1,1,2,0,8,9.97,1.5,43
1,2,146,603.29,3,3,3,3,1,8,9.8,3.5,43
1,2,147,619.07,2,2,2,2,1,8,10.38,2.5,43
1,2,148,633.86,1,1,1,1,1,6,8.33,3.5,43
1,2,149,647.64,4,4,4,4,1,4,6.03,0.5,43
1,2,150,656.42,3,3,3,3,1,6,7.62,0.5,43
1,2,151,667.21,3,3,3,3,1,8,10,0.5,43
1,2,152,679.99,4,3,3,3,1,8,9.54,1.5,43
1,2,153,693.78,3,4,4,4,1,6,8.52,1.5,43
1,2,154,705.56,4,4,4,4,1,6,8.17,0.5,43
1,2,155,716.34,4,4,4,4,1,4,6.03,3.5,43
1,2,156,728.13,3,3,3,3,1,4,6.11,0.5,43
1,2,157,736.91,4,3,3,3,1,6,8.03,0.5,43
1,2,158,747.7,3,4,4,4,1,8,10.44,4.5,43
1,2,159,764.48,1,1,1,1,1,6,8.3,6.5,43
1,2,160,781.27,3,3,3,3,1,6,7.98,1.5,43
1,2,161,793.05,3,3,3,3,1,8,9.77,0.5,43
1,2,162,805.83,2,1,1,2,0,4,6.47,0.5,43
1,2,163,814.62,2,2,2,2,1,4,6.78,6.5,43
1,2,164,829.4,3,4,4,4,1,8,10,1.5,43
1,2,165,843.19,3,3,3,3,1,6,8.14,1.5,43
1,2,166,854.97,1,1,1,1,1,6,4.65,3.5,43
1,2,167,868.75,4,3,3,3,1,6,8.11,8,43
1,2,168,887.04,2,1,1,2,0,8,10.33,4.5,43
1,2,169,903.82,1,2,2,2,1,4,5.88,1.5,43
1,2,170,913.61,1,1,1,1,1,8,11.3,1.5,43
1,2,171,927.39,3,3,3,3,1,4,4.77,0.5,43
1,2,172,936.18,1,1,1,1,1,8,11.07,8,43
1,2,173,956.44,2,2,2,2,1,8,9.83,3.5,43
1,2,174,972.23,1,1,1,1,1,8,9.53,0.5,43
1,2,175,985.01,1,1,1,1,1,6,8.1,8,43
1,2,176,1003.3,4,3,3,4,0,8,9.45,8,43
1,2,177,1023.58,4,4,4,4,1,8,10.3,0.5,43
1,2,178,1036.37,4,4,4,4,1,4,6.31,3.5,43
1,2,179,1048.15,3,4,4,4,1,4,6.03,3.5,43
1,2,180,1059.93,1,2,2,NA,0,6,NA,0.5,43
2,1,1,0.51,2,1,1,1,1,1,2.46,0.5,43
2,1,2,5.29,1,1,1,1,1,1,2.34,2.5,43
2,1,3,12.08,3,3,3,3,1,1,2.8,1.5,43
2,1,4,17.86,2,2,2,2,1,1,2.55,0.5,43
2,1,5,22.65,1,2,2,2,1,1,2.47,0.5,43
2,1,6,27.43,2,1,1,1,1,1,2.47,2.5,43
2,1,7,34.21,1,2,2,2,1,1,2.41,0.5,43
2,1,8,39,2,1,1,1,1,1,2.71,5.5,43
2,1,9,48.78,2,2,2,2,1,1,2.41,0.5,43
2,1,10,53.56,2,1,1,1,1,1,2.4,0.5,43
2,1,11,58.35,1,2,2,2,1,1,2.44,0.5,43
2,1,12,63.13,4,4,4,3,0,1,2.62,3.5,43
2,1,13,70.92,2,2,2,2,1,1,2.51,4.5,43
2,1,14,79.7,4,3,3,3,1,1,2.67,0.5,43
2,1,15,84.48,1,2,2,2,1,1,2.45,0.5,43
2,1,16,89.27,2,1,1,1,1,1,2.5,0.5,43
2,1,17,94.05,1,1,1,1,1,1,2.37,0.5,43
2,1,18,98.83,4,4,4,4,1,1,2.66,1.5,43
2,1,19,104.62,3,3,3,3,1,1,2.56,0.5,43
2,1,20,109.4,4,4,4,4,1,1,2.56,0.5,43
2,1,21,114.19,2,2,2,2,1,1,2.44,0.5,43
2,1,22,118.97,1,1,1,1,1,1,2.59,3.5,43
2,1,23,126.75,4,4,4,4,1,1,2.5,0.5,43
2,1,24,131.54,3,3,3,3,1,1,2.87,4.5,43
2,1,25,140.32,1,2,2,2,1,1,2.56,0.5,43
2,1,26,145.1,2,2,2,2,1,1,2.5,5.5,43
2,1,27,154.89,2,2,2,2,1,1,3.49,1.5,43
2,1,28,160.67,4,3,3,3,1,1,2.55,1.5,43
2,1,29,166.46,3,3,3,3,1,1,2.42,3.5,43
2,1,30,174.24,3,3,3,3,1,1,2.56,0.5,43
2,1,31,179.02,2,1,1,1,1,1,2.55,0.5,43
2,1,32,183.81,3,3,3,3,1,1,3.22,0.5,43
2,1,33,188.59,1,1,1,1,1,1,2.45,0.5,43
2,1,34,193.37,2,1,1,1,1,1,2.47,4.5,43
2,1,35,202.16,2,2,2,2,1,1,2.55,5.5,43
2,1,36,211.94,3,3,3,3,1,1,2.39,0.5,43
2,1,37,216.73,4,4,4,4,1,1,2.67,2.5,43
2,1,38,223.51,1,1,1,1,1,1,2.79,1.5,43
2,1,39,229.29,2,2,2,2,1,1,2.43,3.5,43
2,1,40,237.08,3,3,3,3,1,1,2.69,0.5,43
2,1,41,241.86,4,3,3,3,1,1,2.48,3.5,43
2,1,42,249.64,3,4,4,4,1,1,2.91,0.5,43
2,1,43,254.43,1,2,2,1,0,1,2.56,2.5,43
2,1,44,261.21,1,1,1,1,1,1,2.49,0.5,43
2,1,45,266,2,1,1,1,1,1,2.73,5.5,43
2,1,46,275.78,4,4,4,4,1,1,2.84,0.5,43
2,1,47,280.56,4,4,4,4,1,1,2.62,1.5,43
2,1,48,286.35,1,2,2,2,1,1,2.48,0.5,43
2,1,49,291.13,1,1,1,1,1,1,2.82,5.5,43
2,1,50,300.91,3,3,3,3,1,1,2.7,8,43
2,1,51,313.2,4,3,3,3,1,1,2.45,1.5,43
2,1,52,318.98,1,2,2,2,1,1,2.5,1.5,43
2,1,53,324.77,3,3,3,3,1,1,2.96,2.5,43
2,1,54,331.55,3,4,4,4,1,1,2.76,0.5,43
2,1,55,336.33,1,1,1,1,1,1,2.66,0.5,43
2,1,56,341.12,2,1,1,1,1,1,2.42,8,43
2,1,57,353.4,1,2,2,2,1,1,2.6,3.5,43
2,1,58,361.19,4,4,4,4,1,1,2.71,1.5,43
2,1,59,366.97,4,4,4,4,1,1,2.5,1.5,43
2,1,60,372.75,1,2,2,2,1,1,2.51,0.5,43
2,1,61,377.54,4,4,4,4,1,1,2.56,0.5,43
2,1,62,382.32,1,2,2,2,1,1,2.73,3.5,43
2,1,63,390.1,1,2,2,2,1,1,3.15,1.5,43
2,1,64,395.89,3,3,3,3,1,1,2.52,1.5,43
2,1,65,401.67,3,4,4,4,1,1,2.62,1.5,43
2,1,66,407.46,4,4,4,4,1,1,2.58,1.5,43
2,1,67,413.24,3,3,3,3,1,1,2.78,1.5,43
2,1,68,419.02,4,4,4,4,1,1,2.48,0.5,43
2,1,69,423.81,4,3,3,3,1,1,2.9,2.5,43
2,1,70,430.59,4,4,4,4,1,1,2.91,0.5,43
2,1,71,435.37,1,1,1,1,1,1,2.51,5.5,43
2,1,72,445.16,1,1,1,1,1,1,2.41,1.5,43
2,1,73,450.94,1,1,1,1,1,1,2.4,0.5,43
2,1,74,455.73,3,3,3,3,1,1,2.52,0.5,43
2,1,75,460.51,2,1,1,1,1,1,2.9,0.5,43
2,1,76,465.29,4,4,4,4,1,1,2.71,0.5,43
2,1,77,470.08,3,4,4,4,1,1,2.48,0.5,43
2,1,78,474.86,2,1,1,1,1,1,2.8,1.5,43
2,1,79,480.64,2,2,2,2,1,1,2.42,5.5,43
2,1,80,490.43,3,3,3,3,1,1,2.76,0.5,43
2,1,81,495.21,3,3,3,3,1,1,2.71,3.5,43
2,1,82,502.99,3,3,3,3,1,1,2.52,3.5,43
2,1,83,510.78,4,4,4,4,1,1,2.7,2.5,43
2,1,84,517.56,3,3,3,3,1,1,2.68,2.5,43
2,1,85,524.35,4,4,4,4,1,1,2.5,0.5,43
2,1,86,529.13,2,2,2,2,1,1,2.66,0.5,43
2,1,87,533.91,2,2,2,2,1,1,2.91,0.5,43
2,1,88,538.7,3,3,3,2,0,1,3.45,0.5,43
2,1,89,543.48,4,4,4,4,1,1,2.48,0.5,43
2,1,90,548.26,4,4,4,4,1,1,2.42,0.5,43
2,1,91,553.05,2,1,1,1,1,1,2.71,4.5,43
2,1,92,561.83,3,3,3,3,1,1,2.71,4.5,43
2,1,93,570.62,4,4,4,4,1,1,2.47,1.5,43
2,1,94,576.4,3,4,4,4,1,1,2.58,1.5,43
2,1,95,582.18,2,1,1,1,1,1,2.7,1.5,43
2,1,96,587.97,3,3,3,3,1,1,3.28,1.5,43
2,1,97,593.75,1,1,1,1,1,1,2.55,2.5,43
2,1,98,600.53,2,2,2,2,1,1,2.45,1.5,43
2,1,99,606.32,1,1,1,1,1,1,2.38,0.5,43
2,1,100,611.1,4,4,4,4,1,1,2.64,2.5,43
2,2,101,0.52,4,3,3,4,0,4,7.11,0.5,43
2,2,102,9.3,2,1,1,1,1,4,6.17,1.5,43
2,2,103,19.08,4,4,4,4,1,8,9.7,3.5,43
2,2,104,34.87,1,2,2,2,1,8,10.07,6.5,43
2,2,105,53.65,1,1,1,1,1,8,9.97,8,43
2,2,106,73.94,2,2,2,2,1,8,9.9,3.5,43
2,2,107,89.72,3,4,4,3,0,8,10.33,1.5,43
2,2,108,103.51,3,3,3,3,1,4,6.63,0.5,43
2,2,109,112.29,2,2,2,2,1,6,8.67,6.5,43
2,2,110,129.08,1,2,2,2,1,6,8.03,0.5,43
2,2,111,139.86,2,1,1,2,0,8,10.84,4.5,43
2,2,112,156.64,1,2,2,2,1,6,8.44,3.5,43
2,2,113,170.43,4,4,4,4,1,6,8.13,5.5,43
2,2,114,186.21,1,1,1,1,1,6,7.93,8,43
2,2,115,204.5,3,3,3,3,1,4,6.73,2.5,43
2,2,116,215.28,3,3,3,3,1,8,10.04,3.5,43
2,2,117,231.07,4,4,4,3,0,8,8.77,1.5,43
2,2,118,244.85,1,1,1,1,1,4,6.81,8,43
2,2,119,261.13,2,1,1,1,1,8,10.4,4.5,43
2,2,120,277.92,4,4,4,4,1,4,6.13,3.5,43
2,2,121,289.7,1,2,2,2,1,4,6.54,8,43
2,2,122,305.99,2,1,1,1,1,8,10.48,2.5,43
2,2,123,320.77,1,2,2,1,0,4,6.03,1.5,43
2,2,124,330.56,2,2,2,2,1,4,6.3,6.5,43
2,2,125,345.34,4,4,4,3,0,8,10.87,8,43
2,2,126,365.62,4,4,4,4,1,6,8.62,0.5,43
2,2,127,376.41,4,4,4,4,1,6,7.77,1.5,43
2,2,128,388.19,1,1,1,2,0,8,11.07,0.5,43
2,2,129,400.98,1,1,1,1,1,6,8.4,3.5,43
2,2,130,414.76,3,3,3,3,1,6,8.8,1.5,43
2,2,131,426.55,3,3,3,3,1,8,10.5,8,43
2,2,132,446.83,2,2,2,2,1,6,8.92,6.5,43
2,2,133,463.62,3,3,3,3,1,4,6.94,3.5,43
2,2,134,475.4,3,4,4,4,1,8,10.27,4.5,43
2,2,135,492.18,2,1,1,1,1,4,6.1,0.5,43
2,2,136,500.97,2,2,2,2,1,4,5.93,1.5,43
2,2,137,510.75,2,1,1,2,0,6,8.21,1.5,43
2,2,138,522.54,4,4,4,3,0,8,10.8,1.5,43
2,2,139,536.32,4,4,4,4,1,6,8.63,1.5,43
2,2,140,548.1,4,4,4,3,0,4,6.32,0.5,43
2,2,141,556.89,3,3,3,3,1,4,6.1,0.5,43
2,2,142,565.67,2,2,2,2,1,4,6.01,1.5,43
2,2,143,575.46,3,3,3,4,0,6,8.73,0.5,43
2,2,144,586.24,3,3,3,3,1,8,10.21,3.5,43
2,2,145,602.02,3,3,3,3,1,6,8.65,1.5,43
2,2,146,613.81,2,2,2,2,1,6,8.81,1.5,43
2,2,147,625.59,4,3,3,3,1,6,8.61,8,43
2,2,148,643.88,1,2,2,2,1,8,4.46,1.5,43
2,2,149,657.66,3,3,3,3,1,6,8.81,1.5,43
2,2,150,669.45,1,1,1,1,1,8,10.33,1.5,43
2,2,151,683.23,4,4,4,3,0,4,6.64,1.5,43
2,2,152,693.01,1,1,1,2,0,4,6.34,2.5,43
2,2,153,703.8,3,4,4,3,0,4,6.35,2.5,43
2,2,154,714.58,4,4,4,4,1,6,8.18,5.5,43
2,2,155,730.37,4,3,3,3,1,4,5.97,3.5,43
2,2,156,742.15,3,3,3,3,1,8,10.57,0.5,43
2,2,157,754.94,4,4,4,4,1,4,5.9,0.5,43
2,2,158,763.72,2,2,2,2,1,8,10.1,2.5,43
2,2,159,778.5,2,2,2,1,0,8,10.5,5.5,43
2,2,160,796.29,1,2,2,2,1,8,10.27,4.5,43
2,2,161,813.07,3,3,3,3,1,6,9.11,0.5,43
2,2,162,823.86,3,3,3,3,1,4,6.47,0.5,43
2,2,163,832.64,3,4,4,3,0,6,8.97,8,43
2,2,164,850.92,2,1,1,1,1,4,6.61,0.5,43
2,2,165,859.71,1,2,2,2,1,6,8.37,6.5,43
2,2,166,876.49,4,4,4,3,0,8,10.23,0.5,43
2,2,167,889.28,1,2,2,2,1,6,8.13,3.5,43
2,2,168,903.06,4,3,3,4,0,8,10.85,8,43
2,2,169,923.35,1,1,1,1,1,4,6.41,0.5,43
2,2,170,932.13,1,1,1,1,1,4,6.23,7.5,43
2,2,171,947.91,3,3,3,3,1,6,8.65,0.5,43
2,2,172,958.7,4,4,4,4,1,6,8.17,0.5,43
2,2,173,969.48,3,3,3,3,1,8,10.2,0.5,43
2,2,174,982.27,2,1,1,2,0,6,8.97,4.5,43
2,2,175,997.05,1,1,1,2,0,6,8.18,0.5,43
2,2,176,1007.84,1,2,2,2,1,4,6.37,1.5,43
2,2,177,1017.62,2,1,1,1,1,6,8.74,7.5,43
2,2,178,1035.4,4,4,4,4,1,8,10.87,3.5,43
2,2,179,1051.19,2,2,2,2,1,4,5.9,4.5,43
2,2,180,1063.97,2,1,1,1,1,8,10.37,0.5,43
1,1,1,0.5,4,4,4,4,1,1,3.34,0.5,44
1,1,2,5.29,4,3,3,3,1,1,2.46,3.5,44
1,1,3,13.07,1,1,1,1,1,1,2.84,2.5,44
1,1,4,19.86,3,3,3,3,1,1,2.87,0.5,44
1,1,5,24.64,4,4,4,4,1,1,2.71,0.5,44
1,1,6,29.42,3,4,4,3,0,1,2.15,0.5,44
1,1,7,34.21,1,2,2,2,1,1,2.73,1.5,44
1,1,8,39.99,2,2,2,2,1,1,2.52,2.5,44
1,1,9,46.77,4,3,3,4,0,1,2.38,3.5,44
1,1,10,54.56,3,3,3,3,1,1,2.51,0.5,44
1,1,11,59.34,3,4,4,4,1,1,2.85,0.5,44
1,1,12,64.13,3,3,3,3,1,1,2.39,0.5,44
1,1,13,68.91,4,4,4,4,1,1,2.42,1.5,44
1,1,14,74.69,4,4,4,4,1,1,1.14,2.5,44
1,1,15,81.48,4,4,4,4,1,1,0.68,0.5,44
1,1,16,86.26,3,3,3,3,1,1,2.52,0.5,44
1,1,17,91.04,1,1,1,2,0,1,1.36,0.5,44
1,1,18,95.83,4,4,4,4,1,1,0.91,1.5,44
1,1,19,101.61,1,1,1,1,1,1,2.35,0.5,44
1,1,20,106.39,2,2,2,2,1,1,2.48,5.5,44
1,1,21,116.18,3,3,3,3,1,1,2.81,1.5,44
1,1,22,121.96,1,1,1,1,1,1,1.23,0.5,44
1,1,23,126.75,3,3,3,3,1,1,2.16,1.5,44
1,1,24,132.53,1,1,1,1,1,1,1,0.5,44
1,1,25,137.31,2,2,2,3,0,1,1.19,1.5,44
1,1,26,143.1,2,2,2,2,1,1,2.1,8,44
1,1,27,155.38,4,4,4,4,1,1,0.98,1.5,44
1,1,28,161.17,3,4,4,4,1,1,2.35,0.5,44
1,1,29,165.95,2,1,1,2,0,1,1.33,3.5,44
1,1,30,173.73,2,2,2,2,1,1,2.22,1.5,44
1,1,31,179.52,3,3,3,3,1,1,2.3,4.5,44
1,1,32,188.3,2,2,2,2,1,1,2.46,1.5,44
1,1,33,194.08,4,3,3,4,0,1,0.8,0.5,44
1,1,34,198.87,1,2,2,1,0,1,1.22,1.5,44
1,1,35,204.65,4,4,4,4,1,1,2.85,1.5,44
1,1,36,210.43,3,4,4,4,1,1,2.46,3.5,44
1,1,37,218.22,1,1,1,1,1,1,1.11,3.5,44
1,1,38,226,4,4,4,4,1,1,0.86,0.5,44
1,1,39,230.79,1,1,1,1,1,1,0.8,5.5,44
1,1,40,240.57,1,1,1,1,1,1,0.8,0.5,44
1,1,41,245.35,2,1,1,1,1,1,2.24,2.5,44
1,1,42,252.14,3,3,3,3,1,1,2.34,2.5,44
1,1,43,258.92,3,3,3,3,1,1,1.54,8,44
1,1,44,271.21,1,1,1,1,1,1,0.79,0.5,44
1,1,45,275.99,4,4,4,4,1,1,0.69,1.5,44
1,1,46,281.77,4,4,4,4,1,1,0.67,5.5,44
1,1,47,291.56,3,4,4,3,0,1,2.49,0.5,44
1,1,48,296.34,2,2,2,2,1,1,2.5,1.5,44
1,1,49,302.12,2,2,2,2,1,1,1.57,2.5,44
1,1,50,308.91,1,1,1,1,1,1,0.72,0.5,44
1,1,51,313.69,2,2,2,2,1,1,0.83,4.5,44
1,1,52,322.48,1,1,1,1,1,1,0.69,0.5,44
1,1,53,327.26,3,3,3,3,1,1,2.18,4.5,44
1,1,54,336.04,2,1,1,1,1,1,2.45,2.5,44
1,1,55,342.83,4,3,3,4,0,1,0.73,1.5,44
1,1,56,348.61,1,2,2,1,0,1,0.7,0.5,44
1,1,57,353.39,1,2,2,1,0,1,0.86,0.5,44
1,1,58,358.18,3,3,3,3,1,1,0.95,1.5,44
1,1,59,363.96,4,4,4,4,1,1,0.65,5.5,44
1,1,60,373.75,3,4,4,3,0,1,0.9,4.5,44
1,1,61,382.53,2,2,2,2,1,1,2.37,2.5,44
1,1,62,389.31,4,4,4,4,1,1,0.84,0.5,44
1,1,63,394.1,4,4,4,4,1,1,0.6,0.5,44
1,1,64,398.88,2,2,2,2,1,1,0.87,5.5,44
1,1,65,408.66,2,2,2,2,1,1,0.82,1.5,44
1,1,66,414.45,3,4,4,3,0,1,0.8,0.5,44
1,1,67,419.23,2,2,2,2,1,1,2.67,1.5,44
1,1,68,425.02,2,1,1,2,0,1,0.62,0.5,44
1,1,69,429.8,2,2,2,2,1,1,0.81,1.5,44
1,1,70,435.58,3,3,3,3,1,1,0.83,1.5,44
1,1,71,441.37,2,2,2,2,1,1,2.68,0.5,44
1,1,72,446.15,1,1,1,1,1,1,0.63,0.5,44
1,1,73,450.93,3,3,3,3,1,1,0.83,0.5,44
1,1,74,455.72,1,1,1,1,1,1,0.68,0.5,44
1,1,75,460.5,2,2,2,2,1,1,2.48,0.5,44
1,1,76,465.29,1,1,1,1,1,1,0.69,0.5,44
1,1,77,470.07,4,4,4,3,0,1,0.57,0.5,44
1,1,78,474.85,2,2,2,2,1,1,0.74,3.5,44
1,1,79,482.64,3,3,3,3,1,1,0.73,1.5,44
1,1,80,488.42,3,3,3,3,1,1,0.88,1.5,44
1,1,81,494.2,4,4,4,4,1,1,0.63,3.5,44
1,1,82,501.99,3,3,3,3,1,1,0.68,2.5,44
1,1,83,508.77,2,1,1,2,0,1,1.5,0.5,44
1,1,84,513.55,1,1,1,1,1,1,0.59,0.5,44
1,1,85,518.34,4,3,3,4,0,1,2.81,0.5,44
1,1,86,523.12,3,3,3,3,1,1,0.91,0.5,44
1,1,87,527.91,2,2,2,2,1,1,0.66,0.5,44
1,1,88,532.69,1,1,1,1,1,1,0.61,0.5,44
1,1,89,537.47,4,3,3,4,0,1,0.61,5.5,44
1,1,90,547.26,4,4,4,4,1,1,0.71,0.5,44
1,1,91,552.04,1,1,1,1,1,1,0.62,0.5,44
1,1,92,556.82,2,2,2,2,1,1,0.82,3.5,44
1,1,93,564.61,4,3,3,4,0,1,0.6,2.5,44
1,1,94,571.39,3,3,3,3,1,1,0.89,4.5,44
1,1,95,580.18,1,1,1,1,1,1,0.59,3.5,44
1,1,96,587.96,1,1,1,1,1,1,0.63,5.5,44
1,1,97,597.74,1,2,2,1,0,1,0.63,0.5,44
1,1,98,602.53,4,3,3,4,0,1,0.67,0.5,44
1,1,99,607.31,1,1,1,1,1,1,0.71,1.5,44
1,1,100,613.1,2,2,2,2,1,1,0.7,0.5,44
1,2,101,0.5,4,4,4,4,1,8,0.81,2.5,44
1,2,102,15.29,4,4,4,4,1,8,0.72,6.5,44
1,2,103,34.07,4,4,4,4,1,6,0.64,2.5,44
1,2,104,46.86,3,3,3,3,1,8,0.88,1.5,44
1,2,105,60.64,4,3,3,4,0,4,0.76,5.5,44
1,2,106,74.43,3,4,4,3,0,8,0.67,0.5,44
1,2,107,87.21,3,3,3,3,1,8,0.68,4.5,44
1,2,108,104,2,2,2,2,1,4,0.78,3.5,44
1,2,109,115.78,3,3,3,3,1,8,1.05,1.5,44
1,2,110,129.56,4,4,4,4,1,6,0.73,4.5,44
1,2,111,144.35,4,4,4,4,1,4,0.61,1.5,44
1,2,112,154.13,2,1,1,2,0,4,0.7,1.5,44
1,2,113,163.92,1,1,1,1,1,8,0.57,3.5,44
1,2,114,179.7,3,4,4,3,0,6,0.65,0.5,44
1,2,115,190.48,4,3,3,4,0,6,0.69,8,44
1,2,116,208.77,2,2,2,2,1,8,0.7,0.5,44
1,2,117,221.55,2,2,2,2,1,6,0.74,1.5,44
1,2,118,233.34,3,4,4,3,0,4,0.66,3.5,44
1,2,119,245.12,1,1,1,1,1,4,0.62,0.5,44
1,2,120,253.91,1,1,1,1,1,8,0.63,6.5,44
1,2,121,272.69,2,2,2,2,1,4,0.75,1.5,44
1,2,122,282.47,4,3,3,4,0,4,0.63,8,44
1,2,123,298.76,4,4,4,3,0,4,1.02,1.5,44
1,2,124,308.54,1,1,1,1,1,4,0.61,0.5,44
1,2,125,317.33,3,3,3,3,1,4,7.2,0.5,44
1,2,126,326.11,1,2,2,1,0,6,1.25,0.5,44
1,2,127,336.89,1,2,2,1,0,6,3.71,0.5,44
1,2,128,347.68,4,4,4,3,0,8,10.58,6.5,44
1,2,129,366.46,1,1,1,1,1,4,7.37,1.5,44
1,2,130,376.25,1,1,1,1,1,4,5.84,0.5,44
1,2,131,385.03,2,2,2,2,1,8,1.68,8,44
1,2,132,405.32,4,4,4,4,1,4,5.9,3.5,44
1,2,133,417.1,1,1,1,1,1,6,1.58,1.5,44
1,2,134,428.88,2,1,1,2,0,8,2.21,1.5,44
1,2,135,442.67,4,3,3,3,1,4,5.8,3.5,44
1,2,136,454.45,1,1,1,1,1,4,0.85,4.5,44
1,2,137,467.24,2,2,2,2,1,8,0.71,6.5,44
1,2,138,486.02,2,2,2,2,1,4,0.98,3.5,44
1,2,139,497.81,3,3,3,3,1,6,8.47,1.5,44
1,2,140,509.59,2,1,1,2,0,8,0.82,6.5,44
1,2,141,528.37,1,1,1,1,1,6,0.73,3.5,44
1,2,142,542.16,3,3,3,3,1,6,8.97,0.5,44
1,2,143,552.94,2,2,2,2,1,4,0.96,5.5,44
1,2,144,566.73,2,2,2,2,1,8,0.76,3.5,44
1,2,145,582.51,3,3,3,3,1,4,5.91,0.5,44
1,2,146,591.29,3,3,3,3,1,4,0.94,2.5,44
1,2,147,602.08,1,1,1,1,1,6,0.68,1.5,44
1,2,148,613.86,1,1,1,1,1,4,0.61,2.5,44
1,2,149,624.65,3,3,3,3,1,4,0.84,8,44
1,2,150,640.93,2,1,1,2,0,6,1.2,0.5,44
1,2,151,651.72,3,3,3,3,1,6,1.06,7.5,44
1,2,152,669.5,1,1,1,1,1,6,0.67,0.5,44
1,2,153,680.28,4,3,3,4,0,8,10.35,4.5,44
1,2,154,697.07,2,2,2,NA,0,4,NA,1.5,44
1,2,155,706.85,3,4,4,3,0,4,0.83,3.5,44
1,2,156,718.64,4,4,4,4,1,8,9.61,8,44
1,2,157,738.92,3,4,4,4,1,6,7.67,8,44
1,2,158,757.21,3,3,3,3,1,8,10.17,1.5,44
1,2,159,770.99,2,2,2,2,1,8,0.71,0.5,44
1,2,160,783.77,4,4,4,4,1,6,7.64,2.5,44
1,2,161,796.56,1,1,1,1,1,6,9.07,7.5,44
1,2,162,814.34,2,2,2,2,1,4,0.69,8,44
1,2,163,830.63,4,3,3,3,1,8,10.6,4.5,44
1,2,164,847.41,1,1,1,1,1,8,0.69,0.5,44
1,2,165,860.2,3,3,3,3,1,6,7.81,1.5,44
1,2,166,871.98,2,2,2,2,1,6,0.63,0.5,44
1,2,167,882.76,3,3,3,3,1,8,0.74,8,44
1,2,168,903.05,2,2,2,2,1,6,8.37,3.5,44
1,2,169,916.83,2,2,2,2,1,6,7.53,0.5,44
1,2,170,927.62,2,2,2,2,1,6,0.6,0.5,44
1,2,171,938.4,4,4,4,4,1,8,9.6,1.5,44
1,2,172,952.19,3,4,4,3,0,8,0.92,0.5,44
1,2,173,964.97,1,1,1,1,1,8,0.78,8,44
1,2,174,985.25,4,4,4,4,1,4,0.68,1.5,44
1,2,175,995.04,4,4,4,4,1,6,0.57,3.5,44
1,2,176,1008.82,1,2,2,1,0,4,0.64,0.5,44
1,2,177,1017.61,1,1,1,1,1,8,0.74,5.5,44
1,2,178,1035.39,3,3,3,3,1,6,0.72,1.5,44
1,2,179,1047.18,4,3,3,4,0,6,0.96,4.5,44
1,2,180,1061.96,1,2,2,1,0,8,0.66,0.5,44
2,1,1,0.52,2,1,1,1,1,1,2.97,0.5,44
2,1,2,5.3,2,2,2,1,0,1,1.4,5.5,44
2,1,3,15.08,3,3,3,3,1,1,2.45,1.5,44
2,1,4,20.87,2,1,1,1,1,1,2.28,0.5,44
2,1,5,25.65,3,4,4,3,0,1,2.66,4.5,44
2,1,6,34.44,1,2,2,2,1,1,2.48,0.5,44
2,1,7,39.22,3,3,3,3,1,1,2.48,0.5,44
2,1,8,44,3,3,3,3,1,1,2.43,4.5,44
2,1,9,52.79,4,3,3,3,1,1,2.38,0.5,44
2,1,10,57.57,4,3,3,3,1,1,2.34,0.5,44
2,1,11,62.35,4,3,3,3,1,1,2.23,0.5,44
2,1,12,67.14,3,3,3,3,1,1,2.16,2.5,44
2,1,13,73.92,4,4,4,3,0,1,0.84,5.5,44
2,1,14,83.71,4,3,3,3,1,1,2.26,2.5,44
2,1,15,90.49,2,2,2,1,0,1,2.2,2.5,44
2,1,16,97.27,1,2,2,2,1,1,2.41,0.5,44
2,1,17,102.06,4,3,3,3,1,1,2.37,1.5,44
2,1,18,107.84,1,1,1,1,1,1,2.34,0.5,44
2,1,19,112.62,2,1,1,1,1,1,2.31,1.5,44
2,1,20,118.41,4,4,4,3,0,1,1.54,2.5,44
2,1,21,125.19,4,3,3,3,1,1,2.3,5.5,44
2,1,22,134.98,2,2,2,2,1,1,2.52,1.5,44
2,1,23,140.76,3,3,3,3,1,1,2.32,1.5,44
2,1,24,146.54,2,1,1,1,1,1,2.38,0.5,44
2,1,25,151.33,1,1,1,1,1,1,2.58,0.5,44
2,1,26,156.11,4,4,4,3,0,1,2.24,0.5,44
2,1,27,160.89,3,4,4,4,1,1,3,0.5,44
2,1,28,165.68,2,1,1,1,1,1,2.25,1.5,44
2,1,29,171.46,4,4,4,4,1,1,1.37,1.5,44
2,1,30,177.25,3,4,4,3,0,1,1.29,1.5,44
2,1,31,183.03,2,2,2,2,1,1,2.43,3.5,44
2,1,32,190.81,1,1,1,1,1,1,2.41,3.5,44
2,1,33,198.6,2,2,2,2,1,1,2.42,2.5,44
2,1,34,205.38,2,1,1,1,1,1,2.31,1.5,44
2,1,35,211.16,2,1,1,1,1,1,2.39,2.5,44
2,1,36,217.95,3,4,4,4,1,1,2.42,0.5,44
2,1,37,222.73,1,2,2,2,1,1,2.51,0.5,44
2,1,38,227.52,1,1,1,1,1,1,2.33,0.5,44
2,1,39,232.3,3,3,3,3,1,1,2.27,1.5,44
2,1,40,238.08,1,1,1,1,1,1,2.49,3.5,44
2,1,41,245.87,4,4,4,4,1,1,1.02,1.5,44
2,1,42,251.65,2,2,2,2,1,1,1.55,2.5,44
2,1,43,258.43,1,1,1,1,1,1,0.79,0.5,44
2,1,44,263.22,3,4,4,4,1,1,2.27,0.5,44
2,1,45,268,3,4,4,4,1,1,2.53,0.5,44
2,1,46,272.79,2,1,1,2,0,1,2.15,0.5,44
2,1,47,277.57,4,4,4,4,1,1,2.43,0.5,44
2,1,48,282.35,2,1,1,1,1,1,2.21,8,44
2,1,49,294.64,3,3,3,3,1,1,2.64,0.5,44
2,1,50,299.42,2,2,2,2,1,1,2.41,0.5,44
2,1,51,304.2,2,1,1,1,1,1,2.36,1.5,44
2,1,52,309.99,2,2,2,2,1,1,2.29,4.5,44
2,1,53,318.77,1,2,2,1,0,1,0.99,0.5,44
2,1,54,323.55,3,3,3,3,1,1,2.3,0.5,44
2,1,55,328.34,3,3,3,3,1,1,0.75,0.5,44
2,1,56,333.12,1,1,1,1,1,1,2.32,0.5,44
2,1,57,337.91,1,1,1,1,1,1,0.87,0.5,44
2,1,58,342.69,4,4,4,4,1,1,0.98,5.5,44
2,1,59,352.47,3,4,4,4,1,1,2.44,1.5,44
2,1,60,358.26,4,4,4,4,1,1,2.53,1.5,44
2,1,61,364.04,2,1,1,1,1,1,2.34,3.5,44
2,1,62,371.83,4,3,3,4,0,1,1.1,0.5,44
2,1,63,376.61,1,2,2,2,1,1,2.42,0.5,44
2,1,64,381.39,1,1,1,1,1,1,2.25,0.5,44
2,1,65,386.18,4,4,4,3,0,1,2.43,0.5,44
2,1,66,390.96,3,3,3,3,1,1,2.33,1.5,44
2,1,67,396.74,3,3,3,3,1,1,2.36,4.5,44
2,1,68,405.53,2,2,2,2,1,1,2.39,3.5,44
2,1,69,413.31,4,3,3,3,1,1,2.21,0.5,44
2,1,70,418.09,2,2,2,2,1,1,2.48,1.5,44
2,1,71,423.88,3,4,4,4,1,1,2.86,0.5,44
2,1,72,428.66,1,2,2,1,0,1,0.9,5.5,44
2,1,73,438.45,4,4,4,3,0,1,2.4,0.5,44
2,1,74,443.23,2,1,1,2,0,1,1.2,2.5,44
2,1,75,450.01,1,2,2,2,1,1,2.32,0.5,44
2,1,76,454.8,4,3,3,3,1,1,2.4,3.5,44
2,1,77,462.58,4,4,4,4,1,1,2.52,1.5,44
2,1,78,468.37,4,3,3,3,1,1,2.44,3.5,44
2,1,79,476.15,1,2,2,2,1,1,2.23,1.5,44
2,1,80,481.93,3,3,3,3,1,1,2.38,2.5,44
2,1,81,488.72,4,4,4,4,1,1,2.37,1.5,44
2,1,82,494.5,1,2,2,2,1,1,2.4,5.5,44
2,1,83,504.28,1,1,1,1,1,1,2.48,0.5,44
2,1,84,509.07,1,2,2,2,1,1,2.31,1.5,44
2,1,85,514.85,4,4,4,4,1,1,2.4,0.5,44
2,1,86,519.63,1,2,2,2,1,1,2.31,0.5,44
2,1,87,524.42,3,3,3,3,1,1,2.72,4.5,44
2,1,88,533.2,4,4,4,4,1,1,2.22,0.5,44
2,1,89,537.99,1,1,1,1,1,1,2.31,2.5,44
2,1,90,544.77,1,2,2,2,1,1,2.32,1.5,44
2,1,91,550.55,3,3,3,3,1,1,2.37,8,44
2,1,92,562.84,1,1,1,1,1,1,2.41,0.5,44
2,1,93,567.62,2,1,1,1,1,1,2.43,1.5,44
2,1,94,573.41,2,2,2,2,1,1,2.25,0.5,44
2,1,95,578.19,3,4,4,4,1,1,2.72,3.5,44
2,1,96,585.97,3,4,4,3,0,1,2.28,0.5,44
2,1,97,590.76,3,3,3,3,1,1,2.47,0.5,44
2,1,98,595.54,4,4,4,4,1,1,1.7,3.5,44
2,1,99,603.32,1,1,1,1,1,1,2.29,0.5,44
2,1,100,608.11,2,2,2,2,1,1,2.26,5.5,44
2,2,101,0.51,4,4,4,4,1,8,10.47,2.5,44
2,2,102,15.29,1,1,1,1,1,8,9.8,5.5,44
2,2,103,33.08,1,1,1,1,1,6,8.5,1.5,44
2,2,104,44.86,3,3,3,3,1,4,6.33,8,44
2,2,105,61.15,2,2,2,2,1,4,5.57,8,44
2,2,106,77.43,2,1,1,2,0,6,1.04,0.5,44
2,2,107,88.21,2,2,2,2,1,8,9.7,3.5,44
2,2,108,104,2,1,1,1,1,4,5.81,1.5,44
2,2,109,113.78,4,3,3,3,1,8,10.48,4.5,44
2,2,110,130.57,4,3,3,3,1,4,5.8,3.5,44
2,2,111,142.35,4,4,4,3,0,8,1.68,1.5,44
2,2,112,156.14,3,3,3,4,0,4,6.83,0.5,44
2,2,113,164.92,4,4,4,3,0,6,7.83,2.5,44
2,2,114,177.7,2,1,1,1,1,8,10.9,0.5,44
2,2,115,190.49,1,1,1,1,1,4,5.57,0.5,44
2,2,116,199.27,3,4,4,4,1,6,7.9,0.5,44
2,2,117,210.06,2,2,2,2,1,4,5.94,3.5,44
2,2,118,221.84,3,3,3,3,1,4,5.6,2.5,44
2,2,119,232.62,3,3,3,3,1,6,7.53,1.5,44
2,2,120,244.41,3,4,4,3,0,4,0.94,3.5,44
2,2,121,256.19,2,2,2,2,1,4,1.26,1.5,44
2,2,122,265.98,1,1,1,1,1,8,0.93,3.5,44
2,2,123,281.76,4,4,4,4,1,6,1.04,4.5,44
2,2,124,296.54,1,1,1,1,1,6,8.07,1.5,44
2,2,125,308.33,1,2,2,2,1,8,11.38,0.5,44
2,2,126,321.11,2,2,2,2,1,6,1.54,3.5,44
2,2,127,334.9,4,3,3,4,0,4,6.23,5.5,44
2,2,128,348.68,1,1,1,1,1,4,0.96,2.5,44
2,2,129,359.47,3,4,4,3,0,6,8.14,0.5,44
2,2,130,370.25,2,1,1,1,1,8,9.7,1.5,44
2,2,131,384.03,1,1,1,1,1,6,8.6,3.5,44
2,2,132,397.82,4,3,3,4,0,6,2.86,8,44
2,2,133,416.1,2,1,1,2,0,4,1.44,5.5,44
2,2,134,429.89,1,1,1,1,1,4,5.57,4.5,44
2,2,135,442.67,3,3,3,4,0,8,11.17,1.5,44
2,2,136,456.46,2,1,1,1,1,6,7.77,0.5,44
2,2,137,467.24,3,4,4,4,1,8,10.13,4.5,44
2,2,138,484.01,2,2,2,2,1,6,7.47,1.5,44
2,2,139,495.79,2,2,2,2,1,8,1.48,8,44
2,2,140,516.08,4,4,4,3,0,8,10.33,6.5,44
2,2,141,534.86,1,2,2,1,0,8,1.57,0.5,44
2,2,142,547.64,3,4,4,3,0,4,6.11,3.5,44
2,2,143,559.43,3,3,3,3,1,6,7.97,7.5,44
2,2,144,577.21,3,4,4,4,1,8,9.97,0.5,44
2,2,145,590,1,1,1,1,1,4,5.5,0.5,44
2,2,146,598.78,2,2,2,2,1,6,7.4,0.5,44
2,2,147,609.57,1,2,2,2,1,6,7.9,0.5,44
2,2,148,620.35,1,2,2,1,0,8,10.47,8,44
2,2,149,640.63,1,1,1,1,1,8,9.91,6.5,44
2,2,150,659.42,3,3,3,3,1,6,8.71,1.5,44
2,2,151,671.2,4,3,3,3,1,4,6.07,8,44
2,2,152,687.49,2,1,1,1,1,8,9.65,6.5,44
2,2,153,706.27,4,4,4,3,0,6,7.8,1.5,44
2,2,154,718.06,4,3,3,4,0,6,1.46,4.5,44
2,2,155,732.84,2,1,1,1,1,4,6.05,1.5,44
2,2,156,742.63,1,2,2,1,0,6,7.81,0.5,44
2,2,157,753.41,1,2,2,2,1,4,6.2,0.5,44
2,2,158,762.19,4,4,4,3,0,4,5.94,8,44
2,2,159,778.48,2,1,1,1,1,6,7.57,0.5,44
2,2,160,789.26,3,4,4,3,0,6,8.01,8,44
2,2,161,807.55,4,4,4,4,1,4,6.1,3.5,44
2,2,162,819.33,4,4,4,4,1,8,9.97,6.5,44
2,2,163,838.11,2,1,1,1,1,8,10.1,6.5,44
2,2,164,856.9,1,2,2,1,0,4,7.17,0.5,44
2,2,165,865.68,4,3,3,4,0,8,10.07,4.5,44
2,2,166,882.47,1,2,2,2,1,6,8.01,0.5,44
2,2,167,893.25,2,2,2,2,1,8,9.87,0.5,44
2,2,168,906.02,3,3,3,4,0,4,6.11,0.5,44
2,2,169,914.8,4,4,4,4,1,6,7.93,2.5,44
2,2,170,927.59,3,3,3,3,1,8,10.37,1.5,44
2,2,171,941.37,3,4,4,4,1,8,10.33,0.5,44
2,2,172,954.16,4,4,4,4,1,4,5.58,1.5,44
2,2,173,963.94,2,2,2,2,1,4,6.53,3.5,44
2,2,174,975.72,4,4,4,4,1,4,5.53,1.5,44
2,2,175,985.51,4,3,3,3,1,6,7.7,3.5,44
2,2,176,999.29,3,3,3,4,0,8,9.81,8,44
2,2,177,1019.58,1,2,2,2,1,4,6.04,1.5,44
2,2,178,1029.36,1,2,2,1,0,6,7.73,7.5,44
2,2,179,1047.15,3,3,3,3,1,6,8.27,1.5,44
2,2,180,1058.93,3,3,3,4,0,8,9.77,1.5,44
