subID,RT,faceChoice,carChoice,faceCorrect,carCorrect,cueIdx,coh1,coh2,stimOnsetTime,respTime,timeout,accuracy
1,1300,0,0,0,1,0,1,0,16650,17950,1,NaN
1,717,1,0,1,0,1,0,1,20915,21632,0,1
1,1083,1,0,0,1,2,1,0,24214,25297,0,0
1,567,1,0,1,0,2,1,0,28196,28763,0,1
1,916,1,0,1,0,0,1,0,31662,32578,0,1
1,617,1,0,1,0,1,0,1,35427,36044,0,1
1,733,1,0,0,1,2,1,0,39076,39809,0,0
1,750,1,0,0,1,1,1,0,42758,43508,0,0
1,1100,1,0,0,1,0,1,0,46224,47324,0,0
1,833,1,0,1,0,0,0,1,50123,50956,0,1
1,933,0,1,0,1,0,0,1,54005,54938,0,1
1,917,1,0,0,1,0,1,0,57753,58670,0,0
1,683,1,0,1,0,2,0,1,61236,61919,0,1
1,617,1,0,1,0,1,0,1,64751,65368,0,1
1,700,0,1,0,1,0,0,1,68067,68767,0,1
1,949,0,1,0,1,1,0,1,71716,72665,0,1
1,683,1,0,0,1,0,0,1,75481,76164,0,0
1,950,0,1,0,1,2,1,0,78713,79663,0,1
1,1083,0,1,0,1,1,0,1,82329,83412,0,1
1,900,1,0,1,0,1,0,1,86344,87244,0,1
1,683,0,1,0,1,0,0,1,89926,90609,0,1
1,883,1,0,1,0,2,0,1,93625,94508,0,1
1,1016,0,1,1,0,1,1,0,97307,98323,0,0
1,650,1,0,1,0,2,0,1,101039,101689,0,1
1,1083,0,1,0,1,0,0,1,104621,105704,0,1
1,800,0,1,0,1,1,1,0,108370,109170,0,1
1,1183,0,1,0,1,0,0,1,112136,113319,0,1
1,633,1,0,1,0,2,0,1,115968,116601,0,1
1,850,0,1,0,1,0,1,0,119183,120033,0,1
1,1066,0,1,0,1,1,0,1,122932,123998,0,1
1,584,1,0,1,0,2,0,1,126947,127531,0,1
1,916,0,1,0,1,1,0,1,130130,131046,0,1
1,766,1,0,1,0,0,1,0,133862,134628,0,1
1,750,1,0,1,0,1,0,1,137494,138244,0,1
1,983,0,1,0,1,1,1,0,141243,142226,0,1
1,766,0,1,0,1,2,0,1,145075,145841,0,1
1,766,0,1,0,1,0,1,0,148757,149523,0,1
1,1149,0,1,0,1,2,1,0,152123,153272,0,1
1,733,1,0,1,0,2,0,1,156188,156921,0,1
1,583,1,0,1,0,2,0,1,159537,160120,0,1
1,800,1,0,1,0,2,0,1,163052,163852,0,1
1,716,1,0,1,0,2,1,0,166468,167184,0,1
1,1200,0,1,0,1,2,0,1,170083,171283,0,1
1,966,0,1,0,1,0,0,1,174232,175198,0,1
1,1033,0,1,0,1,0,1,0,177881,178914,0,1
1,683,1,0,1,0,0,1,0,181463,182146,0,1
1,950,0,1,0,1,2,0,1,185178,186128,0,1
1,1033,0,1,1,0,0,1,0,188911,189944,0,0
1,1000,0,1,1,0,2,1,0,192576,193576,0,0
1,899,0,1,0,1,1,1,0,196575,197474,0,1
1,933,1,0,1,0,0,1,0,200407,201340,0,1
1,700,0,1,0,1,0,1,0,204255,204955,0,1
1,567,1,0,1,0,2,0,1,207554,208121,0,1
1,666,0,1,0,1,0,0,1,210987,211653,0,1
1,633,1,0,1,0,2,0,1,214402,215035,0,1
1,683,1,0,1,0,1,0,1,217968,218651,0,1
1,633,0,1,0,1,2,1,0,221467,222100,0,1
1,650,1,0,1,0,1,1,0,224815,225465,0,1
1,667,0,1,0,1,0,1,0,228364,229031,0,1
1,866,0,1,0,1,1,0,1,231880,232746,0,1
1,650,0,1,0,1,1,1,0,235745,236395,0,1
1,617,1,0,1,0,2,0,1,239144,239761,0,1
1,650,1,0,1,0,2,1,0,242443,243093,0,1
1,883,1,0,1,0,0,1,0,245759,246642,0,1
1,833,0,1,0,1,1,1,0,249241,250074,0,1
1,599,0,1,1,0,2,1,0,252840,253439,0,0
1,950,1,0,0,1,0,1,0,255972,256922,0,0
1,833,1,0,1,0,0,0,1,259954,260787,0,1
1,784,1,0,1,0,2,1,0,263519,264303,0,1
1,617,1,0,1,0,2,0,1,267118,267735,0,1
1,767,0,1,0,1,2,1,0,270550,271317,0,1
1,850,0,1,0,1,2,1,0,273949,274799,0,1
1,1016,0,1,0,1,0,0,1,300239,301255,0,1
1,700,0,1,0,1,1,0,1,303854,304554,0,1
1,783,0,1,0,1,1,0,1,307186,307969,0,1
1,500,1,0,1,0,2,0,1,310802,311302,0,1
1,667,0,1,0,1,2,1,0,314017,314684,0,1
1,966,0,1,0,1,1,0,1,317583,318549,0,1
1,700,0,1,0,1,2,1,0,321282,321982,0,1
1,650,1,0,1,0,2,1,0,324547,325197,0,1
1,816,1,0,1,0,2,1,0,327980,328796,0,1
1,700,1,0,1,0,2,1,0,331745,332445,0,1
1,667,1,0,1,0,2,0,1,335177,335844,0,1
1,484,1,0,1,0,2,1,0,338559,339043,0,1
1,933,0,1,0,1,1,1,0,341692,342625,0,1
1,1133,0,1,0,1,2,0,1,345607,346740,0,1
1,650,1,0,1,0,1,0,1,349339,349989,0,1
1,749,1,0,1,0,2,0,1,352755,353504,0,1
1,550,1,0,1,0,2,1,0,356503,357053,0,1
1,550,1,0,1,0,2,0,1,359886,360436,0,1
1,850,1,0,1,0,1,1,0,363368,364218,0,1
1,584,1,0,1,0,2,0,1,366883,367467,0,1
1,717,0,1,0,1,0,1,0,370332,371049,0,1
1,517,1,0,1,0,2,1,0,373781,374298,0,1
1,883,0,1,1,0,1,1,0,377047,377930,0,0
1,850,1,0,1,0,0,1,0,380629,381479,0,1
1,617,0,1,0,1,1,0,1,384344,384961,0,1
1,967,0,1,0,1,2,0,1,387693,388660,0,1
1,717,0,1,0,1,2,0,1,391675,392392,0,1
1,566,1,0,1,0,2,0,1,395141,395707,0,1
1,717,0,1,0,1,1,0,1,398506,399223,0,1
1,666,0,1,0,1,0,0,1,402089,402755,0,1
1,600,1,0,1,0,0,0,1,405737,406337,0,1
1,633,0,1,0,1,2,0,1,409270,409903,0,1
1,733,1,0,1,0,0,0,1,412918,413651,0,1
1,800,1,0,1,0,0,1,0,416600,417400,0,1
1,566,0,1,0,1,1,0,1,420316,420882,0,1
1,633,0,1,1,0,2,1,0,423582,424215,0,0
1,700,0,1,0,1,1,0,1,427230,427930,0,1
1,633,1,0,1,0,2,0,1,430829,431462,0,1
1,633,1,0,1,0,2,1,0,434495,435128,0,1
1,633,1,0,1,0,1,0,1,437844,438477,0,1
1,617,1,0,1,0,0,0,1,441492,442109,0,1
1,783,0,1,0,1,2,0,1,444791,445574,0,1
1,584,1,0,0,1,1,1,0,448373,448957,0,0
1,966,0,1,0,1,2,1,0,451839,452805,0,1
1,650,1,0,1,0,0,1,0,455621,456271,0,1
1,899,1,0,1,0,0,0,1,458887,459786,0,1
1,917,1,0,1,0,0,1,0,462452,463369,0,1
1,617,0,1,0,1,1,1,0,466034,466651,0,1
1,650,0,1,0,1,1,1,0,469650,470300,0,1
1,1050,1,0,1,0,0,1,0,473182,474232,0,1
1,583,1,0,1,0,1,0,1,476864,477447,0,1
1,1150,1,0,1,0,2,1,0,480496,481646,0,1
1,567,0,1,1,0,1,1,0,484278,484845,0,0
1,516,1,0,1,0,2,0,1,487711,488227,0,1
1,733,1,0,1,0,2,1,0,490876,491609,0,1
1,517,0,1,0,1,1,0,1,494508,495025,0,1
1,699,0,1,0,1,0,0,1,497791,498490,0,1
1,916,1,0,1,0,1,0,1,501123,502039,0,1
1,633,0,1,0,1,1,1,0,504988,505621,0,1
1,583,1,0,1,0,2,0,1,508304,508887,0,1
1,600,0,1,0,1,0,1,0,511486,512086,0,1
1,666,0,1,0,1,0,0,1,514835,515501,0,1
1,550,0,1,0,1,0,0,1,518234,518784,0,1
1,633,0,1,1,0,0,1,0,521633,522266,0,0
1,566,1,0,1,0,2,0,1,525182,525748,0,1
1,633,0,1,0,1,0,1,0,528531,529164,0,1
1,550,0,1,0,1,1,1,0,532013,532563,0,1
1,916,1,0,1,0,1,1,0,535545,536461,0,1
1,549,0,1,1,0,0,1,0,539344,539893,0,0
1,517,0,1,0,1,1,0,1,542909,543426,0,1
1,550,0,1,0,1,1,1,0,546091,546641,0,1
1,700,1,0,1,0,0,1,0,549240,549940,0,1
1,733,1,0,1,0,0,0,1,552473,553206,0,1
1,683,0,1,0,1,1,1,0,615769,616452,0,1
1,550,1,0,1,0,2,1,0,619034,619584,0,1
1,634,0,1,0,1,1,1,0,622616,623250,0,1
1,633,0,1,0,1,0,0,1,625815,626448,0,1
1,616,0,1,0,1,0,0,1,629331,629947,0,1
1,983,0,1,0,1,2,0,1,632563,633546,0,1
1,816,1,0,1,0,0,1,0,636512,637328,0,1
1,733,1,0,1,0,0,0,1,640127,640860,0,1
1,650,0,1,1,0,0,0,1,643743,644393,0,0
1,633,1,0,1,0,2,0,1,646925,647558,0,1
1,617,0,1,0,1,1,1,0,650307,650924,0,1
1,617,1,0,1,0,2,1,0,653906,654523,0,1
1,1017,0,1,0,1,2,1,0,657488,658505,0,1
1,633,0,1,0,1,1,0,1,661520,662153,0,1
1,650,1,0,1,0,2,1,0,665102,665752,0,1
1,617,1,0,1,0,2,1,0,668401,669018,0,1
1,933,1,0,1,0,0,0,1,671884,672817,0,1
1,600,0,1,0,1,1,1,0,675699,676299,0,1
1,650,0,1,0,1,0,0,1,678848,679498,0,1
1,666,1,0,1,0,0,0,1,682497,683163,0,1
1,616,0,1,0,1,0,1,0,685929,686545,0,1
1,733,0,1,1,0,0,1,0,689078,689811,0,0
1,783,1,0,1,0,0,1,0,692727,693510,0,1
1,867,1,0,1,0,2,1,0,696092,696959,0,1
1,883,1,0,1,0,1,1,0,699891,700774,0,1
1,633,1,0,1,0,2,0,1,703390,704023,0,1
1,617,0,1,0,1,1,0,1,707022,707639,0,1
1,933,1,0,1,0,0,1,0,710238,711171,0,1
1,766,0,1,0,1,1,1,0,713920,714686,0,1
1,800,0,1,0,1,1,0,1,717702,718502,0,1
1,716,0,1,0,1,1,1,0,721501,722217,0,1
1,717,1,0,1,0,2,1,0,724949,725666,0,1
1,933,0,1,0,1,0,1,0,728448,729381,0,1
1,817,1,0,1,0,2,0,1,732147,732964,0,1
1,683,0,1,0,1,0,0,1,735829,736512,0,1
1,717,0,1,0,1,0,0,1,739478,740195,0,1
1,699,0,1,0,1,2,1,0,742894,743593,0,1
1,766,0,1,0,1,0,1,0,746243,747009,0,1
1,966,1,0,1,0,1,0,1,749925,750891,0,1
1,567,1,0,1,0,2,0,1,753473,754040,0,1
1,666,1,0,1,0,2,1,0,756806,757472,0,1
1,566,0,1,0,1,0,0,1,760338,760904,0,1
1,533,0,1,0,1,1,1,0,763620,764153,0,1
1,533,1,0,1,0,2,0,1,766719,767252,0,1
1,650,0,1,0,1,1,0,1,770018,770668,0,1
1,484,1,0,0,1,1,0,1,773250,773734,0,0
1,583,0,1,0,1,2,1,0,776599,777182,0,1
1,800,1,0,1,0,1,0,1,780198,780998,0,1
1,833,0,1,0,1,0,1,0,783780,784613,0,1
1,600,0,1,0,1,1,0,1,787429,788029,0,1
1,917,1,0,1,0,2,1,0,790611,791528,0,1
1,800,1,0,1,0,1,0,1,794443,795243,0,1
1,833,0,1,1,0,2,1,0,798109,798942,0,0
1,883,1,0,1,0,1,1,0,801524,802407,0,1
1,683,0,1,0,1,1,1,0,805423,806106,0,1
1,700,0,1,0,1,2,1,0,808805,809505,0,1
1,733,1,0,1,0,2,1,0,812121,812854,0,1
1,1016,0,1,0,1,2,0,1,815753,816769,0,1
1,617,0,1,0,1,1,1,0,819385,820002,0,1
1,583,0,1,0,1,1,1,0,822701,823284,0,1
1,600,1,0,1,0,2,1,0,826116,826716,0,1
1,716,0,1,0,1,2,0,1,829332,830048,0,1
1,617,0,1,0,1,1,1,0,833014,833631,0,1
1,550,1,0,1,0,0,0,1,836613,837163,0,1
1,550,0,1,0,1,0,1,0,839962,840512,0,1
1,700,1,0,1,0,2,1,0,843111,843811,0,1
1,583,0,1,0,1,0,0,1,846660,847243,0,1
1,850,0,1,1,0,2,1,0,850108,850958,0,0
1,633,1,0,1,0,0,0,1,853924,854557,0,1
1,850,0,1,1,0,0,1,0,857406,858256,0,0
1,600,0,1,0,1,0,1,0,860888,861488,0,1
1,584,1,0,1,0,0,0,1,864370,864954,0,1
1,883,0,1,0,1,1,1,0,867753,868636,0,1
1,566,0,1,0,1,1,0,1,883172,883738,0,1
1,700,0,1,0,1,0,0,1,886554,887254,0,1
1,866,0,1,0,1,2,1,0,890153,891019,0,1
1,650,0,1,0,1,2,0,1,893685,894335,0,1
1,650,1,0,1,0,0,1,0,896967,897617,0,1
1,583,1,0,1,0,1,0,1,900233,900816,0,1
1,767,1,0,1,0,0,1,0,903598,904365,0,1
1,683,1,0,1,0,0,0,1,906914,907597,0,1
1,566,1,0,1,0,2,0,1,910280,910846,0,1
1,517,1,0,1,0,2,0,1,913495,914012,0,1
1,616,1,0,1,0,0,1,0,916811,917427,0,1
1,766,0,1,0,1,1,1,0,920160,920926,0,1
1,750,0,1,0,1,0,1,0,923492,924242,0,1
1,667,0,1,0,1,2,0,1,927024,927691,0,1
1,517,1,0,1,0,2,0,1,930556,931073,0,1
1,717,0,1,1,0,2,1,0,933805,934522,0,0
1,483,1,0,1,0,2,1,0,937204,937687,0,1
1,700,0,1,0,1,2,0,1,940286,940986,0,1
1,750,1,0,1,0,0,1,0,943702,944452,0,1
1,617,0,1,0,1,1,1,0,947334,947951,0,1
1,684,1,0,1,0,2,0,1,950516,951200,0,1
1,666,1,0,1,0,0,0,1,954049,954715,0,1
1,850,0,1,1,0,1,1,0,957664,958514,0,0
1,616,1,0,1,0,2,0,1,961163,961779,0,1
1,683,0,1,0,1,0,1,0,964329,965012,0,1
1,733,0,1,0,1,1,0,1,967894,968627,0,1
1,816,0,1,0,1,1,0,1,971243,972059,0,1
1,749,0,1,0,1,0,0,1,975042,975791,0,1
1,600,0,1,1,0,1,1,0,978674,979274,0,0
1,584,0,1,0,1,1,0,1,982139,982723,0,1
1,600,1,0,1,0,1,0,1,985305,985905,0,1
1,617,0,1,0,1,0,0,1,988587,989204,0,1
1,534,1,0,1,0,2,0,1,992019,992553,0,1
1,567,0,1,0,1,2,0,1,995368,995935,0,1
1,700,0,1,1,0,1,1,0,998634,999334,0,0
1,667,0,1,0,1,2,1,0,1002116,1002783,0,1
1,699,0,1,0,1,1,1,0,1005632,1006331,0,1
1,683,0,1,0,1,0,1,0,1008914,1009597,0,1
1,600,0,1,0,1,1,0,1,1012279,1012879,0,1
1,800,0,1,0,1,0,1,0,1015895,1016695,0,1
1,633,0,1,0,1,0,1,0,1019710,1020343,0,1
1,649,1,0,1,0,1,1,0,1023243,1023892,0,1
1,600,0,1,0,1,1,0,1,1026475,1027075,0,1
1,733,1,0,1,0,0,0,1,1030040,1030773,0,1
1,600,1,0,1,0,0,0,1,1033439,1034039,0,1
1,650,1,0,1,0,0,1,0,1036771,1037421,0,1
1,567,0,1,0,1,2,1,0,1040220,1040787,0,1
1,734,0,1,0,1,1,1,0,1043752,1044486,0,1
1,600,0,1,0,1,1,0,1,1047185,1047785,0,1
1,567,1,0,1,0,2,0,1,1050750,1051317,0,1
1,567,1,0,1,0,0,0,1,1053932,1054499,0,1
1,633,0,1,0,1,1,0,1,1057415,1058048,0,1
1,950,1,0,1,0,1,1,0,1061063,1062013,0,1
1,617,1,0,1,0,0,0,1,1064812,1065429,0,1
1,800,0,1,0,1,2,0,1,1068094,1068894,0,1
1,716,0,1,0,1,0,0,1,1071477,1072193,0,1
1,567,1,0,1,0,0,0,1,1075092,1075659,0,1
1,600,0,1,0,1,1,1,0,1078308,1078908,0,1
1,749,0,1,0,1,1,1,0,1081657,1082406,0,1
1,734,0,1,0,1,1,0,1,1085405,1086139,0,1
1,883,0,1,1,0,2,1,0,1089038,1089921,0,0
1,899,0,1,0,1,1,0,1,1092620,1093519,0,1
1,933,0,1,0,1,2,1,0,1096152,1097085,0,1
1,949,0,1,0,1,0,1,0,1099751,1100700,0,1
1,867,0,1,0,1,0,1,0,1103566,1104433,0,1
1,833,1,0,1,0,1,0,1,1107115,1107948,0,1
1,633,1,0,1,0,1,1,0,1110764,1111397,0,1
1,650,1,0,1,0,0,0,1,1114329,1114979,0,1
1,567,1,0,1,0,0,1,0,1117678,1118245,0,1
1,616,1,0,1,0,0,1,0,1120811,1121427,0,1
1,1066,1,0,1,0,2,1,0,1124393,1125459,0,1
1,634,0,1,0,1,0,0,1,1128041,1128675,0,1
1,833,1,0,1,0,2,1,0,1131690,1132523,0,1
1,816,1,0,1,0,0,0,1,1147176,1147992,0,1
1,633,0,1,1,0,1,0,1,1150825,1151458,0,0
1,584,1,0,1,0,0,0,1,1154240,1154824,0,1
1,600,0,1,0,1,0,0,1,1157389,1157989,0,1
1,717,0,1,0,1,1,0,1,1160988,1161705,0,1
1,550,1,0,1,0,2,1,0,1164304,1164854,0,1
1,750,1,0,1,0,1,1,0,1167386,1168136,0,1
1,533,0,1,1,0,0,0,1,1170718,1171251,0,0
1,716,0,1,0,1,0,0,1,1173934,1174650,0,1
1,550,1,0,1,0,0,0,1,1177449,1177999,0,1
1,600,0,1,0,1,1,1,0,1180798,1181398,0,1
1,616,0,1,0,1,1,0,1,1183964,1184580,0,1
1,683,0,1,0,1,1,1,0,1187246,1187929,0,1
1,783,1,0,1,0,1,0,1,1190862,1191645,0,1
1,649,0,1,0,1,1,0,1,1194211,1194860,0,1
1,783,0,1,0,1,1,1,0,1197476,1198259,0,1
1,666,0,1,0,1,0,0,1,1201042,1201708,0,1
1,816,0,1,0,1,1,0,1,1204241,1205057,0,1
1,616,1,0,1,0,0,0,1,1207973,1208589,0,1
1,733,1,0,1,0,1,1,0,1211238,1211971,0,1
1,584,0,1,0,1,1,1,0,1214770,1215354,0,1
1,750,1,0,1,0,0,1,0,1217969,1218719,0,1
1,650,0,1,0,1,1,0,1,1221385,1222035,0,1
1,800,0,1,0,1,1,1,0,1224884,1225684,0,1
1,633,1,0,1,0,2,0,1,1228266,1228899,0,1
1,1033,1,0,1,0,2,0,1,1231682,1232715,0,1
1,583,0,1,0,1,1,0,1,1235347,1235930,0,1
1,900,0,1,1,0,2,0,1,1238696,1239596,0,0
1,683,0,1,0,1,0,1,0,1242395,1243078,0,1
1,933,0,1,0,1,1,1,0,1246044,1246977,0,1
1,550,0,1,0,1,1,1,0,1249609,1250159,0,1
1,950,0,1,1,0,2,1,0,1252708,1253658,0,0
1,650,0,1,0,1,0,0,1,1256540,1257190,0,1
1,599,1,0,1,0,2,1,0,1260056,1260655,0,1
1,650,0,1,0,1,1,0,1,1263604,1264254,0,1
1,699,0,1,0,1,1,1,0,1267037,1267736,0,1
1,650,1,0,1,0,0,0,1,1270402,1271052,0,1
1,883,0,1,0,1,2,0,1,1273884,1274767,0,1
1,600,1,0,1,0,2,0,1,1277333,1277933,0,1
1,649,0,1,0,1,0,1,0,1280516,1281165,0,1
1,616,0,1,0,1,1,0,1,1283765,1284381,0,1
1,784,1,0,1,0,2,1,0,1287063,1287847,0,1
1,599,0,1,0,1,1,1,0,1290596,1291195,0,1
1,950,0,1,0,1,2,0,1,1294111,1295061,0,1
1,834,1,0,1,0,2,1,0,1298076,1298910,0,1
1,867,1,0,1,0,0,1,0,1301625,1302492,0,1
1,933,1,0,1,0,1,1,0,1305141,1306074,0,1
1,749,0,1,0,1,1,0,1,1308940,1309689,0,1
1,650,0,1,0,1,1,1,0,1312688,1313338,0,1
1,750,0,1,0,1,1,1,0,1316270,1317020,0,1
1,666,1,0,1,0,0,0,1,1319886,1320552,0,1
1,533,0,1,0,1,1,0,1,1323568,1324101,0,1
1,717,0,1,0,1,1,0,1,1326750,1327467,0,1
1,683,0,1,0,1,0,1,0,1330283,1330966,0,1
1,750,1,0,1,0,0,1,0,1333881,1334631,0,1
1,833,1,0,1,0,2,1,0,1337330,1338163,0,1
1,566,1,0,1,0,0,0,1,1340796,1341362,0,1
1,600,1,0,1,0,2,0,1,1344211,1344811,0,1
1,566,1,0,1,0,2,0,1,1347677,1348243,0,1
1,1250,1,0,1,0,0,1,0,1350992,1352242,0,1
1,600,1,0,1,0,2,1,0,1355258,1355858,0,1
1,683,1,0,1,0,1,1,0,1358390,1359073,0,1
1,567,0,1,0,1,0,0,1,1362005,1362572,0,1
1,850,1,0,1,0,2,1,0,1365371,1366221,0,1
1,833,0,1,0,1,0,1,0,1369120,1369953,0,1
1,600,1,0,1,0,2,0,1,1372935,1373535,0,1
1,683,0,1,0,1,1,0,1,1376501,1377184,0,1
1,850,0,1,0,1,0,1,0,1379883,1380733,0,1
1,734,1,0,1,0,2,0,1,1383598,1384332,0,1
2,566,0,1,0,1,0,1,0,11716,12282,0,1
2,499,1,0,1,0,1,1,0,14965,15464,0,1
2,1233,0,1,0,1,1,0,1,18263,19496,0,1
2,650,0,1,0,1,1,0,1,22129,22779,0,1
2,650,1,0,0,1,0,0,1,25628,26278,0,0
2,500,1,0,1,0,1,0,1,29210,29710,0,1
2,500,1,0,1,0,1,0,1,32292,32792,0,1
2,767,1,0,0,1,0,1,0,35574,36341,0,0
2,550,1,0,1,0,1,1,0,39290,39840,0,1
2,900,1,0,0,1,1,1,0,42472,43372,0,0
2,616,1,0,0,1,0,1,0,46088,46704,0,0
2,483,1,0,1,0,0,0,1,49603,50086,0,1
2,417,1,0,1,0,2,0,1,53085,53502,0,1
2,500,1,0,1,0,1,0,1,56518,57018,0,1
2,649,1,0,0,1,0,0,1,59567,60216,0,0
2,483,1,0,1,0,2,0,1,63149,63632,0,1
2,433,1,0,1,0,2,0,1,66431,66864,0,1
2,483,1,0,0,1,0,1,0,69397,69880,0,0
2,683,1,0,0,1,0,1,0,72829,73512,0,0
2,1183,1,0,0,1,2,1,0,76211,77394,0,0
2,450,1,0,1,0,2,0,1,80010,80460,0,1
2,450,1,0,1,0,2,1,0,83159,83609,0,1
2,683,0,1,0,1,1,0,1,86175,86858,0,1
2,600,0,1,0,1,1,1,0,89840,90440,0,1
2,416,1,0,1,0,2,1,0,93006,93422,0,1
2,517,0,1,0,1,1,1,0,95971,96488,0,1
2,564,1,0,0,1,0,1,0,99123,99687,0,0
2,500,1,0,1,0,2,0,1,102369,102869,0,1
2,433,1,0,1,0,2,1,0,105768,106201,0,1
2,600,0,1,0,1,0,1,0,109217,109817,0,1
2,766,0,1,0,1,1,1,0,112833,113599,0,1
2,916,0,1,0,1,0,1,0,116298,117214,0,1
2,483,1,0,1,0,2,1,0,119980,120463,0,1
2,666,0,1,0,1,0,0,1,123396,124062,0,1
2,499,1,0,1,0,1,0,1,127045,127544,0,1
2,517,1,0,1,0,2,1,0,130560,131077,0,1
2,1052,0,1,1,0,0,1,0,134076,135128,0,0
2,599,1,0,1,0,0,1,0,137958,138557,0,1
2,600,1,0,1,0,0,1,0,141273,141873,0,1
2,616,0,1,0,1,1,0,1,144639,145255,0,1
2,534,1,0,1,0,0,1,0,147854,148388,0,1
2,683,0,1,0,1,1,1,0,151120,151803,0,1
2,700,1,0,1,0,2,1,0,154802,155502,0,1
2,767,0,1,0,1,1,0,1,158134,158901,0,1
2,1000,0,1,1,0,2,1,0,161533,162533,0,0
2,533,0,1,0,1,1,1,0,165249,165782,0,1
2,566,1,0,1,0,0,0,1,168698,169264,0,1
2,534,1,0,1,0,1,0,1,172096,172630,0,1
2,583,1,0,1,0,1,1,0,175529,176112,0,1
2,633,0,1,0,1,1,1,0,178661,179294,0,1
2,717,0,1,0,1,0,0,1,182076,182793,0,1
2,650,0,1,0,1,0,0,1,185609,186259,0,1
2,616,0,1,0,1,1,0,1,188991,189607,0,1
2,1016,0,1,1,0,2,1,0,192207,193223,0,0
2,600,0,1,0,1,2,0,1,195805,196405,0,1
2,533,1,0,1,0,0,0,1,199404,199937,0,1
2,600,0,1,0,1,2,1,0,202553,203153,0,1
2,550,0,1,0,1,1,1,0,205735,206285,0,1
2,434,1,0,1,0,2,0,1,209134,209568,0,1
2,483,1,0,1,0,2,1,0,212317,212800,0,1
2,516,0,1,0,1,1,0,1,215516,216032,0,1
2,567,1,0,1,0,0,0,1,218631,219198,0,1
2,533,1,0,1,0,2,1,0,222080,222613,0,1
2,617,0,1,1,0,0,1,0,225179,225796,0,0
2,616,1,0,0,1,1,1,0,228428,229044,0,0
2,533,1,0,1,0,2,1,0,231710,232243,0,1
2,550,1,0,1,0,2,1,0,234859,235409,0,1
2,483,0,1,0,1,1,0,1,238025,238508,0,1
2,650,0,1,0,1,2,0,1,241057,241707,0,1
2,450,1,0,1,0,2,0,1,244523,244973,0,1
2,600,0,1,0,1,2,1,0,247522,248122,0,1
2,783,1,0,1,0,2,1,0,250821,251604,0,1
2,749,0,1,1,0,0,1,0,270077,270826,0,0
2,733,0,1,0,1,2,1,0,273542,274275,0,1
2,699,0,1,0,1,1,0,1,276958,277657,0,1
2,600,0,1,0,1,0,0,1,280423,281023,0,1
2,567,0,1,0,1,2,1,0,283772,284339,0,1
2,616,0,1,0,1,2,0,1,287321,287937,0,1
2,550,1,0,1,0,1,0,1,290903,291453,0,1
2,1250,1,0,1,0,1,0,1,294085,295335,0,1
2,566,0,1,1,0,1,1,0,298301,298867,0,0
2,417,1,0,1,0,2,0,1,301416,301833,0,1
2,500,1,0,1,0,0,0,1,304515,305015,0,1
2,550,0,1,0,1,2,0,1,307814,308364,0,1
2,567,1,0,1,0,0,0,1,310946,311513,0,1
2,666,0,1,0,1,1,1,0,314529,315195,0,1
2,616,1,0,1,0,0,1,0,317928,318544,0,1
2,500,1,0,1,0,2,0,1,321243,321743,0,1
2,666,0,1,0,1,1,1,0,324742,325408,0,1
2,583,1,0,1,0,0,0,1,328058,328641,0,1
2,449,1,0,1,0,0,0,1,331207,331656,0,1
2,533,0,1,0,1,0,1,0,334389,334922,0,1
2,583,0,1,0,1,1,0,1,337954,338537,0,1
2,483,0,1,0,1,1,0,1,341470,341953,0,1
2,500,1,0,1,0,1,0,1,344519,345019,0,1
2,617,0,1,0,1,0,0,1,347884,348501,0,1
2,516,0,1,0,1,2,0,1,351517,352033,0,1
2,533,0,1,0,1,2,1,0,354899,355432,0,1
2,550,1,0,1,0,1,1,0,358031,358581,0,1
2,450,0,1,0,1,2,1,0,361130,361580,0,1
2,550,1,0,1,0,1,1,0,364246,364796,0,1
2,716,1,0,1,0,2,1,0,367578,368294,0,1
2,783,0,1,0,1,1,1,0,371060,371843,0,1
2,567,0,1,0,1,1,0,1,374742,375309,0,1
2,499,0,1,0,1,1,1,0,378125,378624,0,1
2,617,0,1,0,1,0,1,0,381473,382090,0,1
2,649,0,1,0,1,2,1,0,384906,385555,0,1
2,584,0,1,0,1,0,0,1,388354,388938,0,1
2,799,1,0,1,0,0,1,0,391887,392686,0,1
2,750,0,1,0,1,0,1,0,395619,396369,0,1
2,533,1,0,1,0,1,0,1,399234,399767,0,1
2,566,0,1,0,1,1,1,0,402367,402933,0,1
2,433,1,0,1,0,2,0,1,405832,406265,0,1
2,583,1,0,1,0,1,1,0,409064,409647,0,1
2,483,1,0,1,0,2,1,0,412247,412730,0,1
2,900,1,0,1,0,0,1,0,415429,416329,0,1
2,650,0,1,0,1,0,0,1,419194,419844,0,1
2,1083,0,1,0,1,0,0,1,422543,423626,0,1
2,683,0,1,0,1,0,1,0,426559,427242,0,1
2,516,1,0,1,0,1,0,1,429791,430307,0,1
2,600,1,0,1,0,2,0,1,432956,433556,0,1
2,567,1,0,1,0,0,1,0,436305,436872,0,1
2,833,0,1,0,1,1,1,0,439638,440471,0,1
2,667,0,1,0,1,1,0,1,443236,443903,0,1
2,783,1,0,0,1,2,0,1,446802,447585,0,0
2,584,0,1,0,1,1,1,0,450217,450801,0,1
2,466,1,0,1,0,2,0,1,453350,453816,0,1
2,583,0,1,0,1,1,1,0,456749,457332,0,1
2,517,1,0,1,0,0,0,1,460064,460581,0,1
2,550,1,0,1,0,0,0,1,463513,464063,0,1
2,517,1,0,1,0,2,0,1,466862,467379,0,1
2,1133,1,0,0,1,0,0,1,469994,471127,0,0
2,517,1,0,1,0,0,1,0,473943,474460,0,1
2,549,0,1,0,1,0,0,1,477309,477858,0,1
2,484,1,0,1,0,2,0,1,480707,481191,0,1
2,783,0,1,0,1,1,0,1,483823,484606,0,1
2,583,0,1,0,1,0,0,1,487239,487822,0,1
2,500,1,0,1,0,2,0,1,490671,491171,0,1
2,567,1,0,1,0,0,0,1,493753,494320,0,1
2,550,0,1,0,1,2,0,1,496952,497502,0,1
2,883,0,1,0,1,2,0,1,500251,501134,0,1
2,583,0,1,0,1,0,1,0,503917,504500,0,1
2,533,1,0,1,0,0,0,1,507382,507915,0,1
2,517,1,0,1,0,0,0,1,510764,511281,0,1
2,584,1,0,1,0,1,0,1,514246,514830,0,1
2,517,0,1,0,1,1,1,0,533692,534209,0,1
2,567,0,1,0,1,1,0,1,536841,537408,0,1
2,633,1,0,1,0,2,0,1,540390,541023,0,1
2,716,0,1,0,1,1,1,0,544039,544755,0,1
2,517,0,1,0,1,1,0,1,547404,547921,0,1
2,484,1,0,1,0,0,0,1,550903,551387,0,1
2,633,0,1,1,0,2,0,1,554336,554969,0,0
2,433,1,0,1,0,2,1,0,557851,558284,0,1
2,450,1,0,1,0,2,1,0,560867,561317,0,1
2,450,0,1,0,1,0,0,1,563866,564316,0,1
2,566,1,0,1,0,0,1,0,567165,567731,0,1
2,549,1,0,1,0,2,0,1,570564,571113,0,1
2,500,1,0,1,0,0,1,0,573779,574279,0,1
2,750,0,1,0,1,0,0,1,577011,577761,0,1
2,667,0,1,0,1,2,1,0,580760,581427,0,1
2,767,0,1,0,1,1,0,1,584342,585109,0,1
2,550,1,0,1,0,0,1,0,588058,588608,0,1
2,566,0,1,0,1,2,1,0,591457,592023,0,1
2,683,0,1,0,1,2,0,1,594639,595322,0,1
2,683,0,1,0,1,2,1,0,598188,598871,0,1
2,500,1,0,1,0,0,0,1,601587,602087,0,1
2,566,0,1,0,1,1,1,0,604886,605452,0,1
2,516,1,0,1,0,1,0,1,608168,608684,0,1
2,667,1,0,1,0,1,0,1,611583,612250,0,1
2,667,0,1,0,1,0,1,0,615032,615699,0,1
2,583,0,1,0,1,0,0,1,618348,618931,0,1
2,584,0,1,0,1,2,1,0,621713,622297,0,1
2,667,0,1,1,0,2,1,0,625012,625679,0,0
2,516,1,0,1,0,0,0,1,628528,629044,0,1
2,500,1,0,1,0,2,1,0,631927,632427,0,1
2,816,0,1,0,1,2,1,0,635059,635875,0,1
2,600,1,0,1,0,1,1,0,638758,639358,0,1
2,833,0,1,0,1,0,0,1,642257,643090,0,1
2,567,1,0,1,0,0,1,0,646122,646689,0,1
2,600,1,0,1,0,2,1,0,649321,649921,0,1
2,650,0,1,0,1,1,1,0,652770,653420,0,1
2,767,0,1,0,1,2,0,1,656385,657152,0,1
2,599,0,1,0,1,2,1,0,660018,660617,0,1
2,634,0,1,0,1,1,1,0,663566,664200,0,1
2,417,1,0,1,0,1,0,1,666765,667182,0,1
2,566,1,0,1,0,0,0,1,670048,670614,0,1
2,549,1,0,1,0,2,1,0,673147,673696,0,1
2,800,0,1,0,1,1,1,0,676695,677495,0,1
2,617,0,1,0,1,1,1,0,680494,681111,0,1
2,534,1,0,1,0,2,0,1,683976,684510,0,1
2,534,1,0,1,0,2,0,1,687075,687609,0,1
2,633,1,0,1,0,0,0,1,690574,691207,0,1
2,1066,1,0,1,0,0,0,1,694023,695089,0,1
2,633,0,1,0,1,1,0,1,697905,698538,0,1
2,550,1,0,1,0,0,0,1,701104,701654,0,1
2,600,1,0,1,0,0,0,1,704603,705203,0,1
2,700,0,1,0,1,0,0,1,708252,708952,0,1
2,633,0,1,0,1,1,0,1,711484,712117,0,1
2,833,0,1,0,1,1,1,0,714916,715749,0,1
2,533,1,0,1,0,2,1,0,718682,719215,0,1
2,533,1,0,1,0,2,1,0,722114,722647,0,1
2,483,1,0,1,0,2,1,0,725446,725929,0,1
2,700,0,1,0,1,1,0,1,728878,729578,0,1
2,584,1,0,1,0,0,1,0,732460,733044,0,1
2,650,1,0,1,0,0,1,0,735809,736459,0,1
2,517,0,1,0,1,1,0,1,739291,739808,0,1
2,767,0,1,0,1,0,0,1,742640,743407,0,1
2,549,0,1,1,0,2,1,0,746073,746622,0,0
2,567,1,0,1,0,2,0,1,749471,750038,0,1
2,716,1,0,1,0,0,1,0,752704,753420,0,1
2,683,0,1,0,1,1,1,0,756053,756736,0,1
2,800,0,1,0,1,0,0,1,759335,760135,0,1
2,650,0,1,0,1,1,0,1,762967,763617,0,1
2,533,1,0,1,0,2,0,1,766433,766966,0,1
2,683,0,1,1,0,2,1,0,769965,770648,0,0
2,616,0,1,0,1,1,0,1,773564,774180,0,1
2,600,1,0,1,0,0,1,0,777146,777746,0,1
2,583,0,1,0,1,2,0,1,780761,781344,0,1
2,616,0,1,0,1,1,0,1,801994,802610,0,1
2,550,1,0,1,0,0,0,1,805159,805709,0,1
2,433,1,0,1,0,2,1,0,808292,808725,0,1
2,483,1,0,1,0,0,0,1,811557,812040,0,1
2,716,0,1,0,1,1,1,0,814973,815689,0,1
2,900,1,0,0,1,2,0,1,818688,819588,0,0
2,516,1,0,1,0,2,0,1,822554,823070,0,1
2,533,0,1,0,1,1,1,0,826036,826569,0,1
2,550,0,1,0,1,2,1,0,829135,829685,0,1
2,600,0,1,0,1,1,0,1,832234,832834,0,1
2,550,0,1,0,1,0,1,0,835549,836099,0,1
2,416,1,0,1,0,2,0,1,838732,839148,0,1
2,566,0,1,0,1,1,1,0,842114,842680,0,1
2,766,0,1,1,0,1,1,0,845646,846412,0,0
2,516,1,0,1,0,1,1,0,849295,849811,0,1
2,516,0,1,0,1,0,0,1,852344,852860,0,1
2,517,1,0,1,0,0,0,1,855626,856143,0,1
2,817,1,0,1,0,1,1,0,859108,859925,0,1
2,550,0,1,0,1,1,0,1,862524,863074,0,1
2,500,0,1,0,1,0,0,1,865956,866456,0,1
2,666,0,1,0,1,2,0,1,869405,870071,0,1
2,600,1,0,1,0,1,0,1,872654,873254,0,1
2,450,0,1,0,1,1,0,1,875819,876269,0,1
2,500,0,1,1,0,2,0,1,878835,879335,0,0
2,533,0,1,0,1,1,0,1,882051,882584,0,1
2,400,0,1,0,1,1,0,1,885183,885583,0,1
2,700,0,1,0,1,1,0,1,888265,888965,0,1
2,783,1,0,1,0,2,1,0,891914,892697,0,1
2,716,1,0,1,0,1,1,0,895230,895946,0,1
2,600,0,1,0,1,1,0,1,898762,899362,0,1
2,550,0,1,0,1,0,1,0,902144,902694,0,1
2,533,1,0,1,0,2,1,0,905593,906126,0,1
2,583,1,0,1,0,1,1,0,908775,909358,0,1
2,500,1,0,1,0,0,0,1,911991,912491,0,1
2,800,1,0,1,0,0,1,0,915090,915890,0,1
2,533,1,0,1,0,0,1,0,918905,919438,0,1
2,484,0,1,0,1,0,1,0,922437,922921,0,1
2,534,1,0,1,0,2,0,1,925636,926170,0,1
2,583,0,1,0,1,2,0,1,928919,929502,0,1
2,633,0,1,0,1,0,0,1,932168,932801,0,1
2,550,0,1,0,1,1,0,1,935500,936050,0,1
2,567,0,1,0,1,2,0,1,938782,939349,0,1
2,416,1,0,1,0,2,0,1,941998,942414,0,1
2,550,1,0,1,0,1,1,0,945063,945613,0,1
2,699,0,1,0,1,1,1,0,948446,949145,0,1
2,583,1,0,1,0,1,1,0,951711,952294,0,1
2,500,1,0,1,0,0,0,1,954843,955343,0,1
2,550,1,0,1,0,2,0,1,958109,958659,0,1
2,549,0,1,1,0,0,1,0,961475,962024,0,0
2,583,0,1,0,1,1,0,1,964890,965473,0,1
2,566,1,0,1,0,2,0,1,968256,968822,0,1
2,483,1,0,1,0,0,1,0,971705,972188,0,1
2,433,0,1,0,1,0,0,1,974920,975353,0,1
2,433,0,1,0,1,0,1,0,978269,978702,0,1
2,517,1,0,1,0,2,0,1,981701,982218,0,1
2,500,0,1,0,1,1,0,1,984900,985400,0,1
2,399,0,1,0,1,0,1,0,988033,988432,0,1
2,484,0,1,1,0,1,1,0,991381,991865,0,0
2,550,0,1,1,0,2,1,0,994397,994947,0,0
2,683,1,0,1,0,2,1,0,997829,998512,0,1
2,483,0,1,0,1,1,0,1,1001162,1001645,0,1
2,450,1,0,1,0,0,1,0,1004310,1004760,0,1
2,467,1,0,1,0,2,1,0,1007409,1007876,0,1
2,550,0,1,0,1,2,1,0,1010558,1011108,0,1
2,650,0,1,1,0,1,0,1,1013857,1014507,0,0
2,466,1,0,1,0,2,0,1,1017290,1017756,0,1
2,583,0,1,0,1,2,1,0,1020422,1021005,0,1
2,616,0,1,0,1,0,0,1,1023721,1024337,0,1
2,400,1,0,1,0,2,0,1,1027353,1027753,0,1
2,483,0,1,0,1,2,1,0,1030635,1031118,0,1
2,467,0,1,0,1,1,1,0,1033834,1034301,0,1
2,500,0,1,1,0,0,0,1,1037200,1037700,0,0
2,466,0,1,0,1,0,1,0,1040249,1040715,0,1
2,533,1,0,1,0,2,1,0,1056238,1056771,0,1
2,500,0,1,0,1,1,0,1,1059753,1060253,0,1
2,599,0,1,0,1,1,1,0,1063286,1063885,0,1
2,384,0,1,0,1,0,1,0,1066501,1066885,0,1
2,300,1,0,1,0,2,1,0,1069434,1069734,0,1
2,549,0,1,1,0,2,1,0,1072583,1073132,0,0
2,350,0,1,0,1,1,0,1,1075682,1076032,0,1
2,384,0,1,0,1,1,1,0,1078980,1079364,0,1
2,516,0,1,0,1,1,1,0,1081913,1082429,0,1
2,484,0,1,0,1,1,1,0,1085428,1085912,0,1
2,450,0,1,0,1,1,1,0,1088877,1089327,0,1
2,483,1,0,1,0,2,0,1,1092043,1092526,0,1
2,434,0,1,0,1,0,1,0,1095158,1095592,0,1
2,533,1,0,1,0,0,1,0,1098341,1098874,0,1
2,584,0,1,0,1,0,0,1,1101506,1102090,0,1
2,383,1,0,1,0,0,0,1,1105072,1105455,0,1
2,399,1,0,1,0,0,1,0,1108238,1108637,0,1
2,350,1,0,1,0,2,1,0,1111620,1111970,0,1
2,400,1,0,1,0,0,0,1,1114669,1115069,0,1
2,367,1,0,1,0,2,0,1,1117684,1118051,0,1
2,766,0,1,0,1,1,1,0,1121050,1121816,0,1
2,483,0,1,0,1,0,1,0,1124366,1124849,0,1
2,500,1,0,1,0,2,1,0,1127381,1127881,0,1
2,649,0,1,0,1,0,1,0,1130614,1131263,0,1
2,517,0,1,0,1,1,1,0,1133929,1134446,0,1
2,483,1,0,1,0,1,0,1,1137045,1137528,0,1
2,550,0,1,0,1,2,0,1,1140177,1140727,0,1
2,599,0,1,0,1,0,0,1,1143543,1144142,0,1
2,500,0,1,0,1,1,0,1,1146941,1147441,0,1
2,233,1,0,1,0,2,0,1,1150107,1150340,0,1
2,300,1,0,1,0,1,1,0,1152906,1153206,0,1
2,267,0,1,1,0,2,0,1,1155955,1156222,0,0
2,666,0,1,0,1,1,0,1,1158921,1159587,0,1
2,633,0,1,0,1,2,0,1,1162570,1163203,0,1
2,567,1,0,1,0,1,1,0,1166168,1166735,0,1
2,500,0,1,0,1,0,1,0,1169351,1169851,0,1
2,550,0,1,0,1,2,0,1,1172716,1173266,0,1
2,500,0,1,0,1,1,1,0,1176015,1176515,0,1
2,433,0,1,0,1,1,0,1,1179264,1179697,0,1
2,350,1,0,1,0,2,0,1,1182463,1182813,0,1
2,616,1,0,1,0,0,1,0,1185579,1186195,0,1
2,616,1,0,1,0,2,0,1,1188728,1189344,0,1
2,550,1,0,1,0,0,1,0,1192143,1192693,0,1
2,366,1,0,1,0,2,0,1,1195276,1195642,0,1
2,317,0,1,0,1,0,1,0,1198191,1198508,0,1
2,517,1,0,1,0,2,1,0,1201090,1201607,0,1
2,583,0,1,0,1,1,0,1,1204373,1204956,0,1
2,616,0,1,0,1,0,1,0,1207755,1208371,0,1
2,350,0,1,0,1,0,0,1,1211170,1211520,0,1
2,416,1,0,1,0,2,0,1,1214403,1214819,0,1
2,317,0,1,1,0,2,1,0,1217618,1217935,0,0
2,450,0,1,0,1,0,0,1,1220967,1221417,0,1
2,584,0,1,0,1,1,1,0,1224349,1224933,0,1
2,766,1,0,1,0,0,1,0,1227665,1228431,0,1
2,517,1,0,1,0,0,0,1,1231247,1231764,0,1
2,749,1,0,1,0,2,1,0,1234763,1235512,0,1
2,467,0,1,0,1,1,0,1,1238278,1238745,0,1
2,883,1,0,1,0,2,1,0,1241444,1242327,0,1
2,533,0,1,0,1,0,1,0,1245326,1245859,0,1
2,766,0,1,0,1,1,1,0,1248475,1249241,0,1
2,533,1,0,1,0,2,1,0,1252190,1252723,0,1
2,567,1,0,1,0,1,0,1,1255489,1256056,0,1
2,566,0,1,0,1,0,1,0,1258655,1259221,0,1
2,566,1,0,1,0,0,1,0,1261854,1262420,0,1
2,616,1,0,1,0,2,0,1,1265303,1265919,0,1
2,533,0,1,0,1,0,1,0,1268735,1269268,0,1
2,600,0,1,0,1,0,0,1,1271867,1272467,0,1
2,500,0,1,0,1,1,1,0,1275249,1275749,0,1
2,516,0,1,1,0,2,0,1,1278765,1279281,0,0
3,917,0,1,0,1,2,0,1,21398,22315,0,1
3,949,1,0,0,1,1,1,0,25031,25980,0,0
3,616,1,0,1,0,2,1,0,28963,29579,0,1
3,434,1,0,1,0,2,0,1,32461,32895,0,1
3,417,1,0,0,1,2,1,0,35660,36077,0,0
3,733,0,1,0,1,1,1,0,39093,39826,0,1
3,417,1,0,1,0,2,0,1,42408,42825,0,1
3,467,1,0,0,1,2,0,1,45640,46107,0,0
3,450,1,0,1,0,2,0,1,49089,49539,0,1
3,450,1,0,1,0,2,1,0,52405,52855,0,1
3,734,1,0,0,1,1,0,1,55870,56604,0,0
3,733,1,0,0,1,2,0,1,59369,60102,0,0
3,450,1,0,1,0,2,0,1,62701,63151,0,1
3,1166,1,0,1,0,0,0,1,65917,67083,0,1
3,1033,1,0,0,1,1,0,1,70082,71115,0,0
3,716,1,0,1,0,2,1,0,74048,74764,0,1
3,933,0,1,1,0,0,1,0,77680,78613,0,0
3,567,1,0,1,0,1,0,1,81462,82029,0,1
3,900,0,1,0,1,1,0,1,84761,85661,0,1
3,666,1,0,1,0,0,1,0,88660,89326,0,1
3,1100,0,1,0,1,0,1,0,92208,93308,0,1
3,1299,0,0,0,1,0,0,1,96324,97623,1,NaN
3,616,1,0,1,0,0,1,0,100406,101022,0,1
3,1050,0,1,0,1,0,0,1,103671,104721,0,1
3,817,0,1,0,1,0,0,1,107720,108537,0,1
3,816,1,0,0,1,2,1,0,111336,112152,0,0
3,1233,0,1,0,1,1,1,0,114951,116184,0,1
3,1083,1,0,1,0,1,1,0,119200,120283,0,1
3,1300,0,0,0,1,2,0,1,123015,124315,1,NaN
3,883,1,0,1,0,2,0,1,127447,128330,0,1
3,283,1,0,1,0,2,1,0,131079,131362,0,1
3,333,0,1,1,0,0,1,0,134228,134561,0,0
3,533,0,1,0,1,1,0,1,137444,137977,0,1
3,734,0,1,0,1,0,0,1,140992,141726,0,1
3,583,1,0,1,0,2,0,1,144708,145291,0,1
3,666,1,0,1,0,2,0,1,148074,148740,0,1
3,1200,0,1,0,1,0,0,1,151439,152639,0,1
3,534,1,0,1,0,2,1,0,155604,156138,0,1
3,917,1,0,0,1,1,0,1,159003,159920,0,0
3,650,1,0,1,0,0,0,1,162719,163369,0,1
3,616,0,1,0,1,0,0,1,166068,166684,0,1
3,1233,0,1,1,0,2,1,0,169466,170699,0,0
3,767,1,0,1,0,0,1,0,173515,174282,0,1
3,683,0,1,0,1,1,1,0,176864,177547,0,1
3,649,0,1,0,1,1,0,1,180430,181079,0,1
3,1033,1,0,1,0,0,0,1,183895,184928,0,1
3,600,1,0,1,0,0,0,1,187877,188477,0,1
3,750,0,1,0,1,1,1,0,191409,192159,0,1
3,766,0,1,1,0,0,1,0,195075,195841,0,0
3,700,0,1,0,1,1,0,1,198407,199107,0,1
3,849,1,0,1,0,0,1,0,201673,202522,0,1
3,534,1,0,1,0,0,0,1,205171,205705,0,1
3,700,1,0,1,0,0,1,0,208304,209004,0,1
3,1300,0,0,1,0,2,0,1,211586,212886,1,NaN
3,1299,0,0,0,1,0,1,0,215685,216984,1,NaN
3,1300,0,0,0,1,2,1,0,219733,221033,1,NaN
3,633,1,0,1,0,2,1,0,223832,224465,0,1
3,816,0,1,0,1,1,1,0,227198,228014,0,1
3,1299,0,0,1,0,2,1,0,230830,232129,1,NaN
3,617,1,0,1,0,1,0,1,234878,235495,0,1
3,700,0,1,0,1,1,1,0,238494,239194,0,1
3,683,1,0,1,0,0,0,1,242076,242759,0,1
3,533,1,0,1,0,2,0,1,245408,245941,0,1
3,417,1,0,1,0,2,1,0,248607,249024,0,1
3,883,0,1,0,1,1,0,1,251973,252856,0,1
3,484,1,0,1,0,2,1,0,255388,255872,0,1
3,683,0,1,0,1,0,0,1,258504,259187,0,1
3,600,1,0,1,0,0,1,0,261953,262553,0,1
3,866,1,0,1,0,1,1,0,265252,266118,0,1
3,516,0,1,1,0,1,0,1,268851,269367,0,0
3,899,0,1,0,1,1,0,1,271900,272799,0,1
3,750,0,1,0,1,0,0,1,275448,276198,0,1
3,733,0,1,0,1,2,0,1,299121,299854,0,1
3,534,0,1,1,0,1,0,1,302536,303070,0,0
3,600,0,1,0,1,1,0,1,305869,306469,0,1
3,433,1,0,1,0,2,0,1,309118,309551,0,1
3,500,1,0,1,0,2,1,0,312167,312667,0,1
3,900,0,1,0,1,1,0,1,315582,316482,0,1
3,1050,0,1,0,1,0,0,1,319031,320081,0,1
3,567,1,0,1,0,2,0,1,322946,323513,0,1
3,467,1,0,1,0,2,1,0,326162,326629,0,1
3,550,1,0,0,1,2,1,0,329161,329711,0,0
3,900,0,1,1,0,2,1,0,332593,333493,0,0
3,666,0,1,0,1,2,0,1,336059,336725,0,1
3,1050,0,1,1,0,2,1,0,339574,340624,0,0
3,883,0,1,0,1,1,1,0,343273,344156,0,1
3,767,0,1,0,1,1,0,1,346905,347672,0,1
3,633,1,0,1,0,2,1,0,350254,350887,0,1
3,767,1,0,1,0,2,1,0,353786,354553,0,1
3,783,0,1,0,1,0,0,1,357502,358285,0,1
3,700,0,1,0,1,1,0,1,361084,361784,0,1
3,567,1,0,0,1,0,1,0,364666,365233,0,0
3,1083,1,0,0,1,0,1,0,367798,368881,0,0
3,1000,0,1,0,1,0,0,1,371880,372880,0,1
3,833,0,1,1,0,2,0,1,375596,376429,0,0
3,1299,0,0,0,1,1,0,1,379345,380644,1,NaN
3,1299,0,0,0,1,2,1,0,383710,385009,1,NaN
3,1116,1,0,1,0,0,1,0,387842,388958,0,1
3,949,1,0,0,1,1,0,1,391591,392540,0,0
3,783,0,1,0,1,0,1,0,395273,396056,0,1
3,916,1,0,1,0,1,1,0,398772,399688,0,1
3,983,0,1,0,1,0,1,0,402620,403603,0,1
3,849,1,0,0,1,0,0,1,406536,407385,0,0
3,500,1,0,1,0,2,1,0,410251,410751,0,1
3,650,0,1,0,1,2,1,0,413483,414133,0,1
3,750,1,0,1,0,1,1,0,416899,417649,0,1
3,550,1,0,1,0,0,0,1,420398,420948,0,1
3,967,0,1,1,0,2,1,0,423863,424830,0,0
3,917,1,0,1,0,2,1,0,427412,428329,0,1
3,883,1,0,1,0,0,1,0,431094,431977,0,1
3,933,1,0,1,0,0,0,1,434810,435743,0,1
3,700,0,1,1,0,2,1,0,438475,439175,0,0
3,500,1,0,0,1,1,0,1,441757,442257,0,0
3,667,1,0,1,0,2,0,1,445006,445673,0,1
3,816,1,0,1,0,2,0,1,448322,449138,0,1
3,567,1,0,1,0,2,0,1,452154,452721,0,1
3,800,0,1,0,1,0,1,0,455403,456203,0,1
3,1299,0,0,0,1,0,1,0,459152,460451,1,NaN
3,500,1,0,1,0,0,0,1,463484,463984,0,1
3,1300,0,0,0,1,0,0,1,466699,467999,1,NaN
3,550,1,0,1,0,1,0,1,471048,471598,0,1
3,533,1,0,1,0,2,0,1,474164,474697,0,1
3,650,0,1,0,1,0,0,1,477696,478346,0,1
3,783,1,0,0,1,1,1,0,481178,481961,0,0
3,850,0,1,0,1,1,1,0,484760,485610,0,1
3,566,1,0,0,1,1,1,0,488609,489175,0,0
3,583,1,0,1,0,2,1,0,492141,492724,0,1
3,900,1,0,0,1,1,1,0,495656,496556,0,0
3,733,1,0,1,0,2,1,0,499122,499855,0,1
3,1066,1,0,0,1,0,1,0,502638,503704,0,0
3,683,1,0,1,0,2,1,0,506320,507003,0,1
3,817,0,1,0,1,1,1,0,509835,510652,0,1
3,633,0,1,0,1,1,0,1,513201,513834,0,1
3,1166,0,1,0,1,0,1,0,516800,517966,0,1
3,1300,0,0,1,0,0,1,0,520565,521865,1,NaN
3,800,1,0,0,1,2,0,1,524647,525447,0,0
3,533,1,0,1,0,2,0,1,528196,528729,0,1
3,849,0,1,0,1,2,1,0,531595,532444,0,1
3,633,1,0,1,0,2,0,1,535077,535710,0,1
3,566,1,0,1,0,2,1,0,538476,539042,0,1
3,716,1,0,1,0,2,0,1,541875,542591,0,1
3,650,1,0,1,0,1,0,1,545390,546040,0,1
3,650,0,1,0,1,1,1,0,548756,549406,0,1
3,683,0,1,0,1,2,0,1,552338,553021,0,1
3,633,1,0,1,0,0,0,1,555870,556503,0,1
3,1133,0,1,0,1,0,0,1,571963,573096,0,1
3,849,0,1,1,0,0,0,1,575995,576844,0,0
3,583,0,1,1,0,1,0,1,579843,580426,0,0
3,966,0,1,1,0,0,1,0,583209,584175,0,0
3,883,0,1,1,0,2,1,0,586808,587691,0,0
3,934,1,0,1,0,0,0,1,590456,591390,0,1
3,1216,0,1,0,1,2,0,1,594355,595571,0,1
3,700,1,0,1,0,1,1,0,598354,599054,0,1
3,766,1,0,1,0,0,1,0,601753,602519,0,1
3,917,1,0,1,0,2,0,1,605318,606235,0,1
3,950,1,0,0,1,0,0,1,609250,610200,0,0
3,933,0,1,0,1,1,1,0,612949,613882,0,1
3,583,1,0,1,0,2,1,0,616781,617364,0,1
3,700,0,1,0,1,0,1,0,619913,620613,0,1
3,1133,0,1,0,1,1,1,0,623229,624362,0,1
3,550,0,1,0,1,1,0,1,627061,627611,0,1
3,1199,1,0,0,1,0,1,0,630427,631626,0,0
3,733,0,1,0,1,2,0,1,634425,635158,0,1
3,467,1,0,1,0,2,0,1,637741,638208,0,1
3,466,1,0,1,0,2,0,1,641140,641606,0,1
3,617,0,1,0,1,0,1,0,644622,645239,0,1
3,733,1,0,1,0,2,1,0,648188,648921,0,1
3,1133,1,0,1,0,1,0,1,651653,652786,0,1
3,933,0,1,0,1,1,0,1,655618,656551,0,1
3,1250,1,0,1,0,2,0,1,659367,660617,0,1
3,1166,0,1,0,1,0,1,0,663599,664765,0,1
3,617,1,0,1,0,0,1,0,667731,668348,0,1
3,667,1,0,1,0,1,0,1,671363,672030,0,1
3,683,1,0,1,0,0,1,0,674929,675612,0,1
3,583,1,0,0,1,2,0,1,678311,678894,0,0
3,616,1,0,1,0,0,0,1,681577,682193,0,1
3,483,1,0,1,0,0,0,1,684892,685375,0,1
3,550,1,0,1,0,0,1,0,688041,688591,0,1
3,567,1,0,1,0,2,1,0,691573,692140,0,1
3,533,1,0,1,0,2,0,1,694806,695339,0,1
3,550,1,0,1,0,1,0,1,698188,698738,0,1
3,683,0,1,0,1,1,0,1,701437,702120,0,1
3,467,1,0,1,0,2,1,0,704902,705369,0,1
3,800,1,0,1,0,1,1,0,708368,709168,0,1
3,683,0,1,0,1,0,0,1,712017,712700,0,1
3,983,1,0,0,1,1,1,0,715399,716382,0,0
3,633,0,1,0,1,1,1,0,719314,719947,0,1
3,749,0,1,0,1,0,1,0,722680,723429,0,1
3,549,1,0,0,1,1,1,0,726079,726628,0,0
3,483,0,1,0,1,1,0,1,729378,729861,0,1
3,516,1,0,1,0,0,0,1,732410,732926,0,1
3,683,0,1,1,0,2,1,0,735792,736475,0,0
3,567,0,1,0,1,0,1,0,739024,739591,0,1
3,583,0,1,0,1,0,1,0,742357,742940,0,1
3,417,0,1,0,1,1,0,1,745755,746172,0,1
3,1300,0,0,0,1,1,0,1,749171,750471,1,NaN
3,750,1,0,1,0,1,0,1,753536,754286,0,1
3,550,0,1,0,1,0,1,0,757102,757652,0,1
3,883,0,1,0,1,0,0,1,760484,761367,0,1
3,633,0,1,0,1,0,0,1,763916,764549,0,1
3,500,0,1,0,1,1,0,1,767115,767615,0,1
3,783,1,0,1,0,0,1,0,770631,771414,0,1
3,749,0,1,0,1,1,1,0,773980,774729,0,1
3,766,0,1,0,1,2,1,0,777612,778378,0,1
3,383,1,0,0,1,2,1,0,781044,781427,0,0
3,517,1,0,1,0,0,0,1,784309,784826,0,1
3,834,0,1,0,1,1,1,0,787408,788242,0,1
3,700,1,0,1,0,0,1,0,791074,791774,0,1
3,617,0,1,0,1,1,0,1,794589,795206,0,1
3,867,0,1,0,1,0,1,0,797838,798705,0,1
3,550,0,1,0,1,1,1,0,801337,801887,0,1
3,517,1,0,1,0,2,0,1,804719,805236,0,1
3,667,0,1,0,1,0,1,0,807918,808585,0,1
3,533,0,1,0,1,0,0,1,811251,811784,0,1
3,817,1,0,1,0,0,1,0,814766,815583,0,1
3,633,1,0,1,0,2,1,0,818548,819181,0,1
3,866,1,0,0,1,0,0,1,821781,822647,0,0
3,500,1,0,1,0,0,0,1,825596,826096,0,1
3,850,1,0,1,0,2,1,0,843038,843888,0,1
3,600,0,1,0,1,1,0,1,846837,847437,0,1
3,550,0,1,1,0,1,1,0,850369,850919,0,0
3,533,0,1,0,1,1,1,0,853618,854151,0,1
3,483,0,1,1,0,1,1,0,856734,857217,0,0
3,433,1,0,1,0,2,0,1,859900,860333,0,1
3,517,0,1,0,1,1,1,0,863065,863582,0,1
3,700,1,0,1,0,1,1,0,866364,867064,0,1
3,749,0,1,0,1,2,1,0,869830,870579,0,1
3,466,1,0,1,0,1,1,0,873512,873978,0,1
3,617,0,1,0,1,2,0,1,876594,877211,0,1
3,500,0,1,0,1,1,1,0,879876,880376,0,1
3,883,0,1,0,1,1,1,0,882992,883875,0,1
3,850,1,0,0,1,0,0,1,886424,887274,0,0
3,467,0,1,0,1,1,1,0,890023,890490,0,1
3,433,1,0,0,1,2,0,1,893289,893722,0,0
3,450,0,1,1,0,1,0,1,896554,897004,0,0
3,933,1,0,0,1,1,1,0,899986,900919,0,0
3,883,1,0,0,1,2,0,1,903885,904768,0,0
3,366,0,1,0,1,1,0,1,907651,908017,0,1
3,584,1,0,1,0,2,1,0,910949,911533,0,1
3,1117,1,0,0,1,2,1,0,914248,915365,0,0
3,884,1,0,0,1,0,0,1,918080,918964,0,0
3,550,1,0,1,0,0,0,1,921829,922379,0,1
3,983,1,0,0,1,1,0,1,925361,926344,0,0
3,783,1,0,1,0,2,1,0,929177,929960,0,1
3,633,0,1,0,1,1,0,1,932926,933559,0,1
3,716,1,0,0,1,1,0,1,936358,937074,0,0
3,566,1,0,1,0,0,0,1,939957,940523,0,1
3,717,1,0,0,1,0,1,0,943505,944222,0,0
3,633,1,0,0,1,0,1,0,946954,947587,0,0
3,634,0,1,0,1,0,0,1,950586,951220,0,1
3,867,0,1,0,1,0,1,0,953835,954702,0,1
3,717,1,0,1,0,1,1,0,957684,958401,0,1
3,533,1,0,1,0,1,1,0,961300,961833,0,1
3,966,1,0,0,1,1,1,0,964765,965731,0,0
3,600,0,1,1,0,1,0,1,968580,969180,0,0
3,550,1,0,0,1,2,1,0,971846,972396,0,0
3,633,1,0,1,0,2,0,1,975228,975861,0,1
3,617,1,0,1,0,1,0,1,978810,979427,0,1
3,584,1,0,1,0,1,0,1,982159,982743,0,1
3,1000,0,1,0,1,0,1,0,985725,986725,0,1
3,683,0,1,0,1,0,1,0,989607,990290,0,1
3,467,1,0,1,0,2,0,1,992989,993456,0,1
3,683,0,1,0,1,1,1,0,996388,997071,0,1
3,533,1,0,1,0,0,1,0,999754,1000287,0,1
3,1050,0,1,1,0,2,1,0,1003169,1004219,0,0
3,850,1,0,0,1,2,1,0,1006901,1007751,0,0
3,533,1,0,1,0,0,0,1,1010500,1011033,0,1
3,516,1,0,1,0,0,0,1,1013949,1014465,0,1
3,850,0,1,1,0,1,1,0,1017298,1018148,0,0
3,499,1,0,1,0,2,0,1,1021097,1021596,0,1
3,650,1,0,1,0,2,1,0,1024329,1024979,0,1
3,799,0,1,0,1,1,0,1,1027778,1028577,0,1
3,816,1,0,0,1,1,1,0,1031427,1032243,0,0
3,716,0,1,0,1,2,0,1,1035242,1035958,0,1
3,766,1,0,1,0,0,1,0,1038491,1039257,0,1
3,933,0,1,0,1,1,1,0,1042256,1043189,0,1
3,600,1,0,0,1,1,1,0,1045988,1046588,0,0
3,700,1,0,1,0,2,0,1,1049604,1050304,0,1
3,600,1,0,1,0,0,0,1,1053003,1053603,0,1
3,583,1,0,0,1,1,1,0,1056352,1056935,0,0
3,716,1,0,1,0,1,0,1,1059784,1060500,0,1
3,567,1,0,1,0,0,1,0,1063449,1064016,0,1
3,550,1,0,1,0,0,1,0,1066748,1067298,0,1
3,534,1,0,0,1,1,0,1,1070180,1070714,0,0
3,517,1,0,1,0,0,0,1,1073596,1074113,0,1
3,683,1,0,1,0,1,1,0,1076895,1077578,0,1
3,650,0,1,0,1,0,1,0,1080294,1080944,0,1
3,866,0,1,0,1,1,0,1,1083826,1084692,0,1
3,716,1,0,1,0,2,0,1,1087275,1087991,0,1
3,933,1,0,0,1,1,0,1,1090774,1091707,0,0
3,667,1,0,1,0,0,0,1,1094722,1095389,0,1
3,650,0,1,0,1,1,1,0,1110421,1111071,0,1
3,550,1,0,1,0,1,1,0,1113987,1114537,0,1
3,600,0,1,1,0,2,0,1,1117419,1118019,0,0
3,983,0,1,1,0,1,0,1,1120918,1121901,0,0
3,566,1,0,1,0,2,0,1,1124667,1125233,0,1
3,717,0,1,0,1,1,0,1,1127832,1128549,0,1
3,450,0,1,0,1,1,0,1,1131548,1131998,0,1
3,516,1,0,1,0,1,0,1,1134614,1135130,0,1
3,1299,0,0,1,0,0,0,1,1137796,1139095,1,NaN
3,600,0,1,0,1,0,0,1,1141811,1142411,0,1
3,783,1,0,1,0,2,1,0,1145310,1146093,0,1
3,550,1,0,1,0,0,1,0,1149109,1149659,0,1
3,699,1,0,0,1,0,0,1,1152408,1153107,0,0
3,566,1,0,1,0,2,0,1,1155790,1156356,0,1
3,617,1,0,0,1,1,1,0,1159272,1159889,0,0
3,483,1,0,1,0,0,1,0,1162821,1163304,0,1
3,783,0,1,0,1,2,1,0,1165970,1166753,0,1
3,567,1,0,1,0,2,1,0,1169335,1169902,0,1
3,666,1,0,1,0,2,1,0,1172868,1173534,0,1
3,633,0,1,0,1,2,0,1,1176183,1176816,0,1
3,700,0,1,0,1,2,1,0,1179515,1180215,0,1
3,483,1,0,1,0,2,0,1,1182948,1183431,0,1
3,533,1,0,1,0,2,0,1,1186247,1186780,0,1
3,550,0,1,0,1,0,1,0,1189762,1190312,0,1
3,666,0,1,0,1,0,1,0,1192878,1193544,0,1
3,500,1,0,1,0,0,1,0,1196160,1196660,0,1
3,600,0,1,0,1,1,0,1,1199642,1200242,0,1
3,699,0,1,0,1,1,0,1,1203258,1203957,0,1
3,734,1,0,1,0,0,0,1,1206906,1207640,0,1
3,616,1,0,1,0,0,0,1,1210589,1211205,0,1
3,467,1,0,1,0,2,1,0,1214204,1214671,0,1
3,800,0,1,0,1,2,1,0,1217503,1218303,0,1
3,484,1,0,1,0,2,0,1,1221268,1221752,0,1
3,933,1,0,0,1,1,1,0,1224784,1225717,0,0
3,483,1,0,1,0,2,0,1,1228383,1228866,0,1
3,516,0,1,0,1,1,1,0,1231582,1232098,0,1
3,500,1,0,0,1,0,0,1,1235114,1235614,0,0
3,750,0,1,0,1,1,0,1,1238379,1239129,0,1
3,600,1,0,1,0,1,1,0,1241895,1242495,0,1
3,649,1,0,1,0,0,1,0,1245061,1245710,0,1
3,733,0,1,0,1,2,0,1,1248609,1249342,0,1
3,550,1,0,0,1,1,1,0,1252208,1252758,0,0
3,550,1,0,1,0,2,0,1,1255524,1256074,0,1
3,617,0,1,0,1,0,0,1,1259089,1259706,0,1
3,433,1,0,0,1,0,0,1,1262505,1262938,0,0
3,667,1,0,1,0,0,1,0,1265770,1266437,0,1
3,683,0,1,0,1,2,0,1,1269236,1269919,0,1
3,850,0,1,0,1,1,1,0,1272551,1273401,0,1
3,633,0,1,0,1,1,1,0,1276417,1277050,0,1
3,600,0,1,1,0,0,1,0,1279699,1280299,0,0
3,500,1,0,1,0,0,0,1,1282998,1283498,0,1
3,517,0,1,0,1,1,0,1,1286130,1286647,0,1
3,666,1,0,1,0,2,1,0,1289246,1289912,0,1
3,517,0,1,0,1,1,0,1,1292861,1293378,0,1
3,733,1,0,1,0,1,1,0,1296377,1297110,0,1
3,1050,1,0,1,0,2,1,0,1300042,1301092,0,1
3,550,0,1,0,1,1,1,0,1303841,1304391,0,1
3,867,1,0,0,1,0,1,0,1307040,1307907,0,0
3,567,1,0,1,0,2,0,1,1310572,1311139,0,1
3,999,1,0,1,0,1,1,0,1313755,1314754,0,1
3,583,1,0,1,0,0,0,1,1317603,1318186,0,1
3,633,1,0,1,0,2,0,1,1320902,1321535,0,1
3,566,1,0,0,1,0,0,1,1324518,1325084,0,0
3,500,1,0,1,0,0,0,1,1328100,1328600,0,1
3,517,1,0,1,0,2,0,1,1331515,1332032,0,1
3,733,1,0,0,1,2,1,0,1334914,1335647,0,0
3,517,1,0,0,1,0,1,0,1338313,1338830,0,0
3,433,1,0,0,1,2,1,0,1341562,1341995,0,0
3,934,0,1,0,1,1,0,1,1344594,1345528,0,1
4,617,0,1,0,1,1,0,1,29358,29975,0,1
4,466,0,1,0,1,1,1,0,32974,33440,0,1
4,650,1,0,1,0,0,0,1,36106,36756,0,1
4,650,0,1,0,1,1,1,0,39588,40238,0,1
4,816,0,1,0,1,1,0,1,43137,43953,0,1
4,1033,0,1,1,0,0,1,0,46852,47885,0,0
4,683,1,0,1,0,0,0,1,50701,51384,0,1
4,600,1,0,1,0,1,0,1,53917,54517,0,1
4,699,0,1,0,1,0,1,0,57416,58115,0,1
4,684,0,1,0,1,0,0,1,60964,61648,0,1
4,749,0,1,0,1,2,1,0,64647,65396,0,1
4,617,1,0,1,0,0,0,1,68295,68912,0,1
4,983,0,1,0,1,1,1,0,71528,72511,0,1
4,850,0,1,0,1,1,1,0,75210,76060,0,1
4,767,0,1,0,1,2,1,0,78775,79542,0,1
4,733,1,0,1,0,0,1,0,82524,83257,0,1
4,1083,1,0,1,0,1,1,0,86140,87223,0,1
4,1299,0,0,0,1,1,0,1,90172,91471,1,NaN
4,933,0,1,0,1,0,1,0,94354,95287,0,1
4,933,0,1,0,1,0,0,1,98236,99169,0,1
4,834,0,1,0,1,1,0,1,101884,102718,0,1
4,533,1,0,1,0,0,0,1,105500,106033,0,1
4,667,1,0,1,0,2,1,0,108932,109599,0,1
4,550,1,0,1,0,2,0,1,112581,113131,0,1
4,600,1,0,1,0,2,0,1,116113,116713,0,1
4,599,1,0,1,0,0,0,1,119479,120078,0,1
4,884,0,1,0,1,0,0,1,123077,123961,0,1
4,749,0,1,1,0,2,1,0,126860,127609,0,0
4,983,1,0,1,0,2,0,1,130358,131341,0,1
4,883,0,1,0,1,1,1,0,134157,135040,0,1
4,566,1,0,1,0,0,0,1,137856,138422,0,1
4,700,0,1,0,1,2,0,1,141188,141888,0,1
4,866,0,1,0,1,1,1,0,144837,145703,0,1
4,567,1,0,1,0,0,0,1,148469,149036,0,1
4,616,1,0,1,0,2,1,0,152035,152651,0,1
4,600,1,0,1,0,1,1,0,155567,156167,0,1
4,566,1,0,1,0,2,1,0,159199,159765,0,1
4,734,0,1,0,1,1,1,0,162764,163498,0,1
4,583,1,0,1,0,2,0,1,166413,166996,0,1
4,617,1,0,1,0,0,1,0,169995,170612,0,1
4,966,0,1,1,0,2,1,0,173628,174594,0,0
4,533,1,0,1,0,1,0,1,177460,177993,0,1
4,600,1,0,1,0,0,0,1,180842,181442,0,1
4,650,1,0,1,0,0,0,1,184107,184757,0,1
4,549,1,0,1,0,2,1,0,187740,188289,0,1
4,883,0,1,0,1,0,1,0,191322,192205,0,1
4,617,1,0,1,0,1,1,0,194987,195604,0,1
4,550,1,0,1,0,1,1,0,198453,199003,0,1
4,783,0,1,0,1,0,1,0,202002,202785,0,1
4,717,0,1,0,1,1,0,1,205750,206467,0,1
4,683,0,1,0,1,1,0,1,209183,209866,0,1
4,750,1,0,1,0,0,1,0,212798,213548,0,1
4,716,0,1,0,1,0,0,1,216214,216930,0,1
4,550,1,0,1,0,2,0,1,219712,220262,0,1
4,567,1,0,1,0,2,0,1,222811,223378,0,1
4,750,0,1,0,1,1,0,1,226060,226810,0,1
4,766,0,1,0,1,1,1,0,229643,230409,0,1
4,583,1,0,1,0,0,1,0,233408,233991,0,1
4,566,0,1,0,1,0,0,1,236574,237140,0,1
4,466,1,0,1,0,2,0,1,239723,240189,0,1
4,566,0,1,0,1,0,1,0,242905,243471,0,1
4,633,0,1,0,1,1,0,1,246204,246837,0,1
4,433,1,0,1,0,2,0,1,249536,249969,0,1
4,517,0,1,0,1,0,0,1,252518,253035,0,1
4,616,0,1,1,0,2,1,0,256051,256667,0,0
4,734,1,0,1,0,2,1,0,259249,259983,0,1
4,600,0,1,0,1,0,0,1,262682,263282,0,1
4,549,1,0,1,0,2,1,0,265931,266480,0,1
4,616,1,0,1,0,2,1,0,269213,269829,0,1
4,1050,0,1,0,1,2,0,1,272545,273595,0,1
4,666,1,0,1,0,2,1,0,276211,276877,0,1
4,1016,0,1,0,1,1,1,0,279893,280909,0,1
4,533,1,0,1,0,2,0,1,300342,300875,0,1
4,866,0,1,0,1,0,0,1,303474,304340,0,1
4,700,0,1,0,1,1,0,1,307373,308073,0,1
4,600,0,1,0,1,0,0,1,310838,311438,0,1
4,783,0,1,0,1,0,0,1,314037,314820,0,1
4,650,1,0,1,0,2,1,0,317603,318253,0,1
4,933,0,1,0,1,0,1,0,320802,321735,0,1
4,883,0,1,0,1,1,0,1,324517,325400,0,1
4,566,1,0,1,0,0,0,1,328116,328682,0,1
4,1017,1,0,1,0,1,1,0,331498,332515,0,1
4,633,1,0,1,0,2,1,0,335264,335897,0,1
4,600,1,0,1,0,1,1,0,338662,339262,0,1
4,716,0,1,0,1,0,0,1,342228,342944,0,1
4,466,1,0,1,0,2,0,1,345694,346160,0,1
4,483,1,0,1,0,2,0,1,348809,349292,0,1
4,916,0,1,0,1,0,1,0,352125,353041,0,1
4,483,1,0,1,0,2,0,1,355840,356323,0,1
4,600,0,1,0,1,1,1,0,359339,359939,0,1
4,683,0,1,0,1,0,0,1,362588,363271,0,1
4,1066,0,1,0,1,1,1,0,366220,367286,0,1
4,650,0,1,1,0,0,0,1,370252,370902,0,0
4,583,1,0,1,0,2,1,0,373618,374201,0,1
4,616,0,1,0,1,1,1,0,376750,377366,0,1
4,533,1,0,1,0,0,0,1,380349,380882,0,1
4,667,0,1,0,1,2,0,1,383714,384381,0,1
4,616,0,1,0,1,1,1,0,387180,387796,0,1
4,417,1,0,1,0,2,1,0,390812,391229,0,1
4,566,0,1,0,1,2,0,1,394028,394594,0,1
4,650,0,1,0,1,1,1,0,397576,398226,0,1
4,550,1,0,1,0,2,0,1,400859,401409,0,1
4,533,1,0,1,0,0,1,0,403991,404524,0,1
4,933,1,0,1,0,2,1,0,407157,408090,0,1
4,617,0,1,0,1,1,0,1,410855,411472,0,1
4,483,1,0,1,0,2,1,0,414171,414654,0,1
4,766,0,1,0,1,0,0,1,417187,417953,0,1
4,633,0,1,0,1,0,0,1,420969,421602,0,1
4,683,0,1,0,1,1,0,1,424551,425234,0,1
4,600,0,1,0,1,1,0,1,427900,428500,0,1
4,700,0,1,0,1,2,0,1,431149,431849,0,1
4,567,1,0,1,0,0,0,1,434381,434948,0,1
4,700,0,1,0,1,2,1,0,437963,438663,0,1
4,534,1,0,1,0,0,0,1,441395,441929,0,1
4,583,1,0,1,0,1,0,1,444878,445461,0,1
4,583,1,0,1,0,0,1,0,448160,448743,0,1
4,933,0,1,0,1,2,1,0,451709,452642,0,1
4,950,1,0,0,1,0,1,0,455507,456457,0,0
4,883,1,0,1,0,0,1,0,459456,460339,0,1
4,600,1,0,1,0,1,1,0,463238,463838,0,1
4,466,1,0,1,0,2,0,1,466521,466987,0,1
4,1300,0,0,1,0,0,1,0,469636,470936,1,NaN
4,616,1,0,1,0,2,1,0,474035,474651,0,1
4,1233,0,1,0,1,1,0,1,477284,478517,0,1
4,717,1,0,1,0,0,1,0,481249,481966,0,1
4,616,1,0,1,0,0,1,0,484498,485114,0,1
4,1166,0,1,0,1,1,1,0,487964,489130,0,1
4,1133,0,1,0,1,1,0,1,492145,493278,0,1
4,967,0,1,0,1,1,1,0,496194,497161,0,1
4,516,1,0,1,0,2,0,1,499910,500426,0,1
4,700,0,1,0,1,1,1,0,503242,503942,0,1
4,500,1,0,1,0,2,0,1,506691,507191,0,1
4,916,0,1,0,1,0,1,0,509773,510689,0,1
4,733,0,1,0,1,2,1,0,513372,514105,0,1
4,733,0,1,1,0,0,1,0,516754,517487,0,0
4,716,0,1,0,1,0,0,1,520153,520869,0,1
4,533,1,0,1,0,2,1,0,523835,524368,0,1
4,633,0,1,0,1,1,1,0,527384,528017,0,1
4,933,0,1,0,1,0,1,0,530550,531483,0,1
4,716,1,0,1,0,1,1,0,534065,534781,0,1
4,783,0,1,0,1,1,0,1,537647,538430,0,1
4,800,0,1,0,1,0,1,0,541346,542146,0,1
4,733,0,1,0,1,2,1,0,544762,545495,0,1
4,683,0,1,0,1,2,1,0,548027,548710,0,1
4,917,0,1,1,0,2,1,0,551359,552276,0,0
4,566,1,0,1,0,0,1,0,570282,570848,0,1
4,517,1,0,1,0,0,1,0,573614,574131,0,1
4,567,1,0,1,0,0,1,0,576763,577330,0,1
4,733,0,1,0,1,0,1,0,580162,580895,0,1
4,750,0,1,0,1,1,0,1,583444,584194,0,1
4,683,0,1,0,1,0,0,1,587210,587893,0,1
4,584,1,0,1,0,2,0,1,590858,591442,0,1
4,849,1,0,1,0,1,1,0,594091,594940,0,1
4,616,0,1,0,1,1,1,0,597873,598489,0,1
4,700,0,1,0,1,0,0,1,601388,602088,0,1
4,483,1,0,1,0,0,0,1,604954,605437,0,1
4,700,0,1,0,1,1,0,1,608236,608936,0,1
4,717,0,1,0,1,0,1,0,611818,612535,0,1
4,633,0,1,0,1,2,0,1,615317,615950,0,1
4,500,1,0,1,0,2,0,1,618483,618983,0,1
4,633,0,1,0,1,1,1,0,621998,622631,0,1
4,567,1,0,1,0,0,1,0,625580,626147,0,1
4,683,0,1,0,1,0,0,1,629046,629729,0,1
4,650,0,1,0,1,0,1,0,632328,632978,0,1
4,650,1,0,1,0,2,1,0,635660,636310,0,1
4,633,0,1,0,1,1,1,0,639193,639826,0,1
4,666,0,1,0,1,1,0,1,642775,643441,0,1
4,549,1,0,1,0,2,0,1,646174,646723,0,1
4,716,0,1,0,1,1,0,1,649706,650422,0,1
4,466,1,0,1,0,2,1,0,653438,653904,0,1
4,600,1,0,1,0,2,0,1,656470,657070,0,1
4,633,0,1,0,1,2,0,1,659719,660352,0,1
4,416,1,0,1,0,1,0,1,663185,663601,0,1
4,500,0,1,0,1,1,0,1,666317,666817,0,1
4,783,0,1,0,1,2,0,1,669433,670216,0,1
4,567,1,0,1,0,1,0,1,672898,673465,0,1
4,1133,1,0,1,0,0,0,1,676280,677413,0,1
4,999,0,1,0,1,2,0,1,679963,680962,0,1
4,650,1,0,1,0,0,1,0,683561,684211,0,1
4,517,1,0,1,0,2,1,0,687160,687677,0,1
4,600,1,0,1,0,1,1,0,690426,691026,0,1
4,783,0,1,0,1,1,0,1,693741,694524,0,1
4,750,0,1,0,1,1,0,1,697390,698140,0,1
4,583,1,0,1,0,0,0,1,700839,701422,0,1
4,533,1,0,1,0,2,0,1,704221,704754,0,1
4,633,0,1,0,1,1,1,0,707420,708053,0,1
4,683,0,1,0,1,2,1,0,710969,711652,0,1
4,417,1,0,1,0,2,0,1,714401,714818,0,1
4,667,0,1,0,1,1,0,1,717833,718500,0,1
4,1117,0,1,0,1,2,1,0,721132,722249,0,1
4,600,0,1,0,1,2,0,1,725031,725631,0,1
4,417,1,0,1,0,0,0,1,728330,728747,0,1
4,633,1,0,1,0,2,1,0,731662,732295,0,1
4,733,0,1,0,1,0,0,1,735211,735944,0,1
4,483,1,0,1,0,1,1,0,738593,739076,0,1
4,600,1,0,1,0,2,1,0,741992,742592,0,1
4,567,1,0,1,0,0,0,1,745291,745858,0,1
4,533,1,0,1,0,2,1,0,748723,749256,0,1
4,633,0,1,0,1,1,0,1,752172,752805,0,1
4,483,1,0,1,0,2,0,1,755754,756237,0,1
4,483,1,0,1,0,2,1,0,759253,759736,0,1
4,634,0,1,0,1,1,0,1,762585,763219,0,1
4,700,0,1,0,1,1,0,1,765784,766484,0,1
4,550,1,0,1,0,2,1,0,769233,769783,0,1
4,716,0,1,0,1,1,1,0,772732,773448,0,1
4,700,0,1,0,1,0,1,0,776031,776731,0,1
4,484,1,0,1,0,2,0,1,779746,780230,0,1
4,633,0,1,0,1,2,1,0,782912,783545,0,1
4,616,1,0,1,0,1,0,1,786161,786777,0,1
4,583,1,0,1,0,1,0,1,789343,789926,0,1
4,800,1,0,1,0,2,0,1,792509,793309,0,1
4,599,0,1,0,1,2,1,0,796308,796907,0,1
4,583,1,0,1,0,2,0,1,799823,800406,0,1
4,634,0,1,0,1,2,1,0,803205,803839,0,1
4,683,1,0,1,0,2,1,0,806738,807421,0,1
4,916,1,0,1,0,2,1,0,810220,811136,0,1
4,517,0,1,0,1,1,1,0,814018,814535,0,1
4,517,1,0,1,0,1,0,1,817134,817651,0,1
4,916,0,1,0,1,2,1,0,832000,832916,0,1
4,466,0,1,1,0,1,1,0,835749,836215,0,0
4,600,0,1,1,0,2,0,1,838964,839564,0,0
4,599,1,0,1,0,2,1,0,842297,842896,0,1
4,549,1,0,1,0,2,0,1,845746,846295,0,1
4,667,0,1,0,1,0,1,0,849294,849961,0,1
4,566,1,0,1,0,1,0,1,852560,853126,0,1
4,666,0,1,0,1,1,0,1,855909,856575,0,1
4,600,0,1,0,1,1,1,0,859458,860058,0,1
4,517,1,0,1,0,0,0,1,862640,863157,0,1
4,616,1,0,1,0,0,1,0,865789,866405,0,1
4,583,0,1,0,1,1,1,0,869371,869954,0,1
4,483,1,0,1,0,2,0,1,872787,873270,0,1
4,666,0,1,0,1,2,0,1,876186,876852,0,1
4,450,1,0,1,0,2,0,1,879684,880134,0,1
4,567,1,0,1,0,2,1,0,882800,883367,0,1
4,816,1,0,1,0,1,0,1,886099,886915,0,1
4,850,0,1,0,1,1,0,1,889498,890348,0,1
4,716,0,1,0,1,1,0,1,893097,893813,0,1
4,750,0,1,0,1,2,0,1,896762,897512,0,1
4,900,0,1,0,1,1,0,1,900244,901144,0,1
4,984,0,1,0,1,1,1,0,903726,904710,0,1
4,583,1,0,1,0,0,0,1,907509,908092,0,1
4,883,0,1,0,1,0,0,1,910891,911774,0,1
4,816,0,1,0,1,1,1,0,914623,915439,0,1
4,634,0,1,0,1,0,1,0,918288,918922,0,1
4,700,0,1,0,1,1,1,0,921637,922337,0,1
4,700,0,1,0,1,0,1,0,925369,926069,0,1
4,616,0,1,0,1,1,1,0,928952,929568,0,1
4,634,0,1,0,1,0,1,0,932550,933184,0,1
4,583,1,0,1,0,0,0,1,935899,936482,0,1
4,617,1,0,1,0,0,1,0,939481,940098,0,1
4,650,0,1,0,1,0,0,1,942680,943330,0,1
4,449,1,0,1,0,2,0,1,946263,946712,0,1
4,633,0,1,0,1,1,1,0,949245,949878,0,1
4,600,1,0,1,0,1,0,1,952860,953460,0,1
4,699,1,0,1,0,0,1,0,956443,957142,0,1
4,617,0,1,0,1,0,1,0,959791,960408,0,1
4,783,0,1,0,1,0,0,1,963124,963907,0,1
4,567,1,0,1,0,2,0,1,966922,967489,0,1
4,599,1,0,1,0,2,1,0,970405,971004,0,1
4,633,0,1,0,1,1,0,1,973687,974320,0,1
4,717,0,1,0,1,0,1,0,977102,977819,0,1
4,667,0,1,0,1,0,0,1,980784,981451,0,1
4,633,1,0,1,0,1,0,1,984000,984633,0,1
4,1300,0,0,1,0,0,1,0,987349,988649,1,NaN
4,583,0,1,0,1,1,1,0,991531,992114,0,1
4,683,0,1,0,1,1,1,0,994747,995430,0,1
4,584,1,0,1,0,2,0,1,998345,998929,0,1
4,1199,0,1,1,0,0,1,0,1001778,1002977,0,0
4,684,0,1,0,1,0,1,0,1005576,1006260,0,1
4,516,1,0,1,0,2,1,0,1009092,1009608,0,1
4,1250,0,1,0,1,0,1,0,1012257,1013507,0,1
4,650,0,1,0,1,1,1,0,1016523,1017173,0,1
4,983,0,1,1,0,0,1,0,1019772,1020755,0,0
4,584,0,1,0,1,1,1,0,1023620,1024204,0,1
4,633,0,1,1,0,2,1,0,1026753,1027386,0,0
4,550,1,0,1,0,2,1,0,1029935,1030485,0,1
4,633,1,0,1,0,0,0,1,1033117,1033750,0,1
4,583,1,0,1,0,0,0,1,1036566,1037149,0,1
4,749,0,1,0,1,2,1,0,1040032,1040781,0,1
4,616,1,0,1,0,2,1,0,1043764,1044380,0,1
4,550,1,0,1,0,2,1,0,1047379,1047929,0,1
4,567,0,1,0,1,1,1,0,1050878,1051445,0,1
4,767,0,1,0,1,1,0,1,1054010,1054777,0,1
4,583,1,0,1,0,1,0,1,1057409,1057992,0,1
4,983,0,1,0,1,1,1,0,1060625,1061608,0,1
4,633,0,1,0,1,2,1,0,1064407,1065040,0,1
4,633,0,1,0,1,0,1,0,1067973,1068606,0,1
4,517,1,0,1,0,2,1,0,1071571,1072088,0,1
4,666,1,0,1,0,0,1,0,1075087,1075753,0,1
4,766,0,1,0,1,1,1,0,1078619,1079385,0,1
4,550,1,0,1,0,0,0,1,1082401,1082951,0,1
4,783,0,1,0,1,1,0,1,1145980,1146763,0,1
4,583,0,1,0,1,0,1,0,1149529,1150112,0,1
4,549,0,1,1,0,0,1,0,1152795,1153344,0,0
4,550,0,1,0,1,1,0,1,1155877,1156427,0,1
4,433,1,0,1,0,2,0,1,1159093,1159526,0,1
4,716,0,1,0,1,0,1,0,1162225,1162941,0,1
4,500,1,0,1,0,1,1,0,1165640,1166140,0,1
4,533,1,0,1,0,1,0,1,1168856,1169389,0,1
4,499,0,1,0,1,1,1,0,1172422,1172921,0,1
4,433,1,0,1,0,2,0,1,1175504,1175937,0,1
4,683,0,1,0,1,2,1,0,1178603,1179286,0,1
4,550,1,0,1,0,1,1,0,1182052,1182602,0,1
4,499,1,0,1,0,0,0,1,1185451,1185950,0,1
4,533,0,1,0,1,1,1,0,1188766,1189299,0,1
4,850,1,0,1,0,2,1,0,1192065,1192915,0,1
4,483,1,0,1,0,0,1,0,1195681,1196164,0,1
4,533,1,0,1,0,2,0,1,1199163,1199696,0,1
4,733,0,1,0,1,0,0,1,1202478,1203211,0,1
4,433,1,0,1,0,2,0,1,1206227,1206660,0,1
4,583,0,1,0,1,0,0,1,1209193,1209776,0,1
4,533,1,0,1,0,0,1,0,1212692,1213225,0,1
4,533,1,0,1,0,2,0,1,1215841,1216374,0,1
4,584,0,1,0,1,2,0,1,1219339,1219923,0,1
4,700,0,1,0,1,1,0,1,1222738,1223438,0,1
4,517,1,0,1,0,2,1,0,1226287,1226804,0,1
4,600,0,1,0,1,1,0,1,1229536,1230136,0,1
4,516,1,0,1,0,1,0,1,1232885,1233401,0,1
4,583,0,1,0,1,0,0,1,1236001,1236584,0,1
4,500,1,0,1,0,2,0,1,1239499,1239999,0,1
4,516,1,0,1,0,0,0,1,1242532,1243048,0,1
4,450,1,0,1,0,2,0,1,1245781,1246231,0,1
4,583,0,1,0,1,0,0,1,1248880,1249463,0,1
4,583,1,0,1,0,1,1,0,1252329,1252912,0,1
4,684,0,1,0,1,0,0,1,1255927,1256611,0,1
4,517,1,0,1,0,2,0,1,1259193,1259710,0,1
4,616,0,1,0,1,1,0,1,1262409,1263025,0,1
4,599,0,1,0,1,2,0,1,1265558,1266157,0,1
4,617,1,0,1,0,1,0,1,1268806,1269423,0,1
4,500,1,0,1,0,2,0,1,1272005,1272505,0,1
4,566,1,0,1,0,0,1,0,1275288,1275854,0,1
4,783,0,1,0,1,2,1,0,1278470,1279253,0,1
4,550,1,0,1,0,1,0,1,1282035,1282585,0,1
4,600,1,0,1,0,1,0,1,1285484,1286084,0,1
4,633,0,1,0,1,1,0,1,1289100,1289733,0,1
4,667,0,1,0,1,2,0,1,1292265,1292932,0,1
4,634,0,1,0,1,0,0,1,1295464,1296098,0,1
4,599,0,1,0,1,0,1,0,1298747,1299346,0,1
4,500,1,0,1,0,1,1,0,1302312,1302812,0,1
4,616,1,0,1,0,1,1,0,1305678,1306294,0,1
4,599,0,1,0,1,0,1,0,1308927,1309526,0,1
4,700,0,1,0,1,0,0,1,1312459,1313159,0,1
4,599,1,0,1,0,0,1,0,1316158,1316757,0,1
4,1017,0,1,0,1,1,1,0,1319323,1320340,0,1
4,733,0,1,0,1,0,1,0,1322955,1323688,0,1
4,533,1,0,1,0,2,1,0,1326421,1326954,0,1
4,583,0,1,0,1,2,0,1,1329953,1330536,0,1
4,466,0,1,0,1,1,0,1,1333469,1333935,0,1
4,434,1,0,1,0,0,0,1,1336867,1337301,0,1
4,833,0,1,0,1,2,0,1,1340066,1340899,0,1
4,516,1,0,1,0,0,0,1,1343649,1344165,0,1
4,599,0,1,0,1,2,0,1,1346798,1347397,0,1
4,500,1,0,1,0,1,1,0,1350130,1350630,0,1
4,634,0,1,0,1,1,0,1,1353245,1353879,0,1
4,633,0,1,0,1,2,1,0,1356578,1357211,0,1
4,700,0,1,0,1,1,0,1,1360176,1360876,0,1
4,517,1,0,1,0,0,0,1,1363675,1364192,0,1
4,650,1,0,1,0,0,1,0,1367041,1367691,0,1
4,650,0,1,0,1,1,1,0,1370573,1371223,0,1
4,733,0,1,0,1,0,1,0,1374122,1374855,0,1
5,1100,0,1,0,1,0,1,0,13423,14523,0,1
5,1267,1,0,1,0,2,0,1,17305,18572,0,1
5,1299,0,0,1,0,1,1,0,21321,22620,1,NaN
5,1034,1,0,1,0,2,0,1,25369,26403,0,1
5,1049,0,1,0,1,1,1,0,29002,30051,0,1
5,650,1,0,1,0,0,0,1,32600,33250,0,1
5,1299,0,0,1,0,2,1,0,36233,37532,1,NaN
5,617,1,0,1,0,1,1,0,40281,40898,0,1
5,683,1,0,1,0,2,0,1,43647,44330,0,1
5,684,1,0,1,0,0,0,1,46962,47646,0,1
5,850,0,1,0,1,1,0,1,50228,51078,0,1
5,1300,0,0,1,0,0,1,0,54093,55393,1,NaN
5,634,1,0,1,0,0,0,1,58075,58709,0,1
5,733,0,1,0,1,2,0,1,61408,62141,0,1
5,1116,1,0,1,0,0,1,0,65107,66223,0,1
5,866,0,1,0,1,1,1,0,68939,69805,0,1
5,1250,0,1,0,1,0,1,0,72454,73704,0,1
5,1299,0,0,1,0,2,0,1,76253,77552,1,NaN
5,850,0,1,1,0,2,1,0,80651,81501,0,0
5,866,0,1,0,1,2,1,0,84267,85133,0,1
5,633,1,0,1,0,0,1,0,88082,88715,0,1
5,983,1,0,1,0,2,0,1,91315,92298,0,1
5,867,0,1,0,1,2,1,0,94830,95697,0,1
5,833,0,1,0,1,0,0,1,98712,99545,0,1
5,716,1,0,1,0,0,0,1,102461,103177,0,1
5,833,0,1,0,1,1,0,1,106193,107026,0,1
5,883,1,0,0,1,1,0,1,109825,110708,0,0
5,716,1,0,1,0,0,0,1,113341,114057,0,1
5,600,1,0,1,0,2,1,0,116656,117256,0,1
5,633,0,1,0,1,1,1,0,119939,120572,0,1
5,617,1,0,1,0,2,1,0,123537,124154,0,1
5,683,0,1,0,1,1,0,1,127036,127719,0,1
5,750,0,1,0,1,1,0,1,130735,131485,0,1
5,750,0,1,0,1,1,1,0,134400,135150,0,1
5,1200,0,1,1,0,2,1,0,137799,138999,0,0
5,650,1,0,1,0,2,0,1,141698,142348,0,1
5,583,1,0,1,0,2,1,0,145280,145863,0,1
5,717,1,0,1,0,0,0,1,148529,149246,0,1
5,750,1,0,0,1,1,1,0,151961,152711,0,0
5,1299,0,0,1,0,0,0,1,155544,156843,1,NaN
5,816,1,0,1,0,2,1,0,159859,160675,0,1
5,783,0,1,0,1,0,0,1,163324,164107,0,1
5,967,0,1,1,0,1,0,1,167006,167973,0,0
5,883,0,1,0,1,1,0,1,170905,171788,0,1
5,583,0,1,0,1,0,1,0,174404,174987,0,1
5,699,0,1,0,1,0,1,0,177670,178369,0,1
5,916,0,1,0,1,0,0,1,181052,181968,0,1
5,1299,0,0,1,0,1,0,1,184951,186250,1,NaN
5,816,1,0,1,0,2,1,0,189266,190082,0,1
5,717,0,1,0,1,2,0,1,193031,193748,0,1
5,867,0,1,0,1,2,0,1,196430,197297,0,1
5,849,0,1,0,1,1,0,1,200296,201145,0,1
5,683,0,1,1,0,0,1,0,203961,204644,0,0
5,700,0,1,0,1,1,1,0,207210,207910,0,1
5,750,0,1,0,1,1,0,1,210509,211259,0,1
5,633,1,0,1,0,0,0,1,213808,214441,0,1
5,633,0,1,0,1,2,1,0,217140,217773,0,1
5,616,0,1,0,1,0,0,1,220556,221172,0,1
5,684,1,0,1,0,0,0,1,224054,224738,0,1
5,634,0,1,1,0,0,1,0,227403,228037,0,0
5,733,0,1,0,1,1,1,0,230702,231435,0,1
5,733,1,0,1,0,1,0,1,234201,234934,0,1
5,667,1,0,1,0,0,1,0,237600,238267,0,1
5,600,0,1,1,0,1,1,0,240949,241549,0,0
5,683,0,1,1,0,2,1,0,244198,244881,0,0
5,650,1,0,1,0,2,1,0,247597,248247,0,1
5,850,0,1,0,1,2,1,0,251062,251912,0,1
5,800,0,1,1,0,2,0,1,254478,255278,0,0
5,833,1,0,1,0,0,1,0,257927,258760,0,1
5,766,0,1,0,1,1,0,1,261426,262192,0,1
5,1300,0,0,0,1,1,0,1,264791,266091,1,NaN
5,900,0,1,1,0,2,1,0,269156,270056,0,0
5,800,0,1,0,1,1,0,1,289482,290282,0,1
5,700,1,0,1,0,2,1,0,292948,293648,0,1
5,667,1,0,1,0,2,0,1,296413,297080,0,1
5,750,0,1,0,1,0,0,1,299929,300679,0,1
5,649,0,1,0,1,1,0,1,303628,304277,0,1
5,783,0,1,0,1,0,1,0,307226,308009,0,1
5,933,1,0,0,1,2,1,0,310609,311542,0,0
5,650,0,1,1,0,1,1,0,314191,314841,0,0
5,1133,1,0,0,1,1,1,0,317706,318839,0,0
5,783,0,1,0,1,0,1,0,321788,322571,0,1
5,700,0,1,0,1,1,0,1,325470,326170,0,1
5,717,1,0,1,0,2,0,1,329119,329836,0,1
5,483,1,0,0,1,2,1,0,332735,333218,0,0
5,600,1,0,1,0,0,0,1,335750,336350,0,1
5,617,1,0,1,0,1,0,1,338916,339533,0,1
5,700,1,0,1,0,2,0,1,342498,343198,0,1
5,567,1,0,1,0,0,0,1,345847,346414,0,1
5,599,0,1,0,1,1,1,0,349113,349712,0,1
5,683,0,1,0,1,1,0,1,352628,353311,0,1
5,1017,0,1,1,0,0,1,0,356160,357177,0,0
5,1116,0,1,0,1,0,1,0,359759,360875,0,1
5,1283,0,1,1,0,1,1,0,363791,365074,0,0
5,966,1,0,1,0,1,1,0,368040,369006,0,1
5,1299,0,0,0,1,1,0,1,371839,373138,1,NaN
5,550,1,0,1,0,2,0,1,376154,376704,0,1
5,733,1,0,1,0,0,1,0,379603,380336,0,1
5,750,1,0,0,1,0,1,0,382985,383735,0,0
5,650,1,0,1,0,0,1,0,386334,386984,0,1
5,600,1,0,1,0,2,0,1,389733,390333,0,1
5,633,1,0,1,0,1,1,0,393265,393898,0,1
5,700,1,0,1,0,2,0,1,396580,397280,0,1
5,683,0,1,0,1,0,1,0,400213,400896,0,1
5,767,0,1,0,1,1,1,0,403711,404478,0,1
5,500,1,0,1,0,0,1,0,407094,407594,0,1
5,600,0,1,0,1,0,1,0,410609,411209,0,1
5,699,0,1,0,1,1,0,1,414175,414874,0,1
5,1299,0,0,0,1,1,1,0,417507,418806,1,NaN
5,717,0,1,0,1,2,1,0,421905,422622,0,1
5,583,1,0,1,0,1,0,1,425621,426204,0,1
5,667,1,0,1,0,2,1,0,429136,429803,0,1
5,750,0,1,1,0,2,1,0,432369,433119,0,0
5,633,1,0,1,0,2,0,1,436018,436651,0,1
5,534,1,0,1,0,2,0,1,439366,439900,0,1
5,617,1,0,1,0,0,0,1,442665,443282,0,1
5,617,1,0,1,0,2,0,1,446064,446681,0,1
5,700,0,1,1,0,0,1,0,449496,450196,0,0
5,966,0,1,0,1,0,1,0,453079,454045,0,1
5,717,0,1,1,0,0,0,1,456644,457361,0,0
5,700,0,1,0,1,2,0,1,460376,461076,0,1
5,717,0,1,0,1,0,0,1,463858,464575,0,1
5,633,1,0,1,0,2,0,1,467141,467774,0,1
5,666,0,1,0,1,1,1,0,470323,470989,0,1
5,616,0,1,1,0,2,1,0,473589,474205,0,0
5,717,0,1,1,0,2,1,0,476954,477671,0,0
5,666,0,1,0,1,1,0,1,480320,480986,0,1
5,599,0,1,0,1,2,1,0,483719,484318,0,1
5,567,0,1,0,1,0,0,1,486934,487501,0,1
5,616,0,1,0,1,0,1,0,490400,491016,0,1
5,666,0,1,0,1,1,0,1,493782,494448,0,1
5,850,0,1,0,1,0,1,0,497347,498197,0,1
5,683,0,1,0,1,1,1,0,500780,501463,0,1
5,583,0,1,0,1,1,1,0,504145,504728,0,1
5,533,0,1,0,1,0,1,0,507461,507994,0,1
5,817,1,0,1,0,2,1,0,510726,511543,0,1
5,733,0,1,0,1,2,0,1,514109,514842,0,1
5,1183,0,1,0,1,1,1,0,517457,518640,0,1
5,650,0,1,1,0,2,0,1,521489,522139,0,0
5,633,0,1,0,1,1,1,0,525105,525738,0,1
5,617,0,1,1,0,2,1,0,528287,528904,0,0
5,817,0,1,0,1,0,0,1,531536,532353,0,1
5,650,1,0,1,0,0,1,0,534935,535585,0,1
5,650,0,1,0,1,1,1,0,538484,539134,0,1
5,1300,0,0,1,0,1,0,1,542149,543449,1,NaN
5,517,0,1,1,0,1,1,0,561888,562405,0,0
5,583,1,0,1,0,1,0,1,565154,565737,0,1
5,533,1,0,1,0,2,0,1,568486,569019,0,1
5,800,0,1,0,1,0,0,1,571735,572535,0,1
5,650,1,0,1,0,2,0,1,575384,576034,0,1
5,550,0,1,0,1,1,1,0,578883,579433,0,1
5,666,0,1,0,1,1,1,0,582215,582881,0,1
5,1133,1,0,1,0,0,1,0,585414,586547,0,1
5,584,1,0,1,0,0,0,1,589179,589763,0,1
5,949,0,1,0,1,0,1,0,592312,593261,0,1
5,817,1,0,1,0,2,1,0,596027,596844,0,1
5,1300,0,0,1,0,2,1,0,599859,601159,1,NaN
5,667,1,0,1,0,2,1,0,603841,604508,0,1
5,749,0,1,0,1,0,1,0,607457,608206,0,1
5,700,1,0,1,0,1,0,1,610872,611572,0,1
5,684,1,0,1,0,2,0,1,614204,614888,0,1
5,750,0,1,0,1,2,0,1,617820,618570,0,1
5,800,0,1,0,1,1,0,1,621452,622252,0,1
5,633,0,1,0,1,1,0,1,624968,625601,0,1
5,767,0,1,0,1,1,0,1,628383,629150,0,1
5,567,1,0,1,0,2,0,1,631882,632449,0,1
5,1050,1,0,0,1,1,1,0,635331,636381,0,0
5,849,1,0,1,0,0,0,1,639080,639929,0,1
5,634,1,0,1,0,2,1,0,642728,643362,0,1
5,667,1,0,1,0,0,1,0,646077,646744,0,1
5,500,0,1,0,1,1,0,1,649626,650126,0,1
5,633,1,0,1,0,2,0,1,652792,653425,0,1
5,733,1,0,0,1,2,1,0,656324,657057,0,0
5,633,0,1,1,0,0,1,0,659923,660556,0,0
5,767,0,1,0,1,0,0,1,663488,664255,0,1
5,650,0,1,0,1,0,0,1,667237,667887,0,1
5,667,0,1,0,1,1,1,0,670619,671286,0,1
5,583,0,1,0,1,1,0,1,673968,674551,0,1
5,816,1,0,1,0,0,0,1,677567,678383,0,1
5,550,0,1,0,1,1,0,1,681049,681599,0,1
5,1300,0,0,1,0,1,1,0,684581,685881,1,NaN
5,633,0,1,0,1,1,1,0,688797,689430,0,1
5,867,0,1,0,1,0,1,0,692245,693112,0,1
5,584,0,1,0,1,1,1,0,695744,696328,0,1
5,583,0,1,0,1,0,1,0,698877,699460,0,1
5,700,0,1,0,1,2,1,0,702475,703175,0,1
5,783,1,0,1,0,1,0,1,705874,706657,0,1
5,984,0,1,0,1,0,1,0,709656,710640,0,1
5,633,0,1,0,1,1,1,0,713372,714005,0,1
5,817,1,0,1,0,2,0,1,716704,717521,0,1
5,1083,0,1,0,1,1,1,0,720070,721153,0,1
5,817,0,1,0,1,1,1,0,723935,724752,0,1
5,1049,0,1,1,0,2,0,1,727651,728700,0,0
5,850,0,1,0,1,1,0,1,731649,732499,0,1
5,749,0,1,0,1,1,0,1,735515,736264,0,1
5,667,0,1,0,1,1,0,1,739213,739880,0,1
5,600,0,1,0,1,0,0,1,742879,743479,0,1
5,1050,0,1,1,0,1,0,1,746244,747294,0,0
5,700,0,1,0,1,1,1,0,750093,750793,0,1
5,616,1,0,1,0,1,0,1,753759,754375,0,1
5,634,0,1,0,1,2,1,0,757257,757891,0,1
5,567,1,0,1,0,0,0,1,760423,760990,0,1
5,533,0,1,0,1,1,0,1,763772,764305,0,1
5,616,0,1,0,1,0,1,0,767188,767804,0,1
5,467,0,1,0,1,0,0,1,770803,771270,0,1
5,483,1,0,1,0,1,0,1,773919,774402,0,1
5,716,0,1,0,1,2,1,0,777001,777717,0,1
5,650,0,1,0,1,1,1,0,780350,781000,0,1
5,566,0,1,0,1,0,1,0,784049,784615,0,1
5,633,0,1,0,1,0,1,0,787414,788047,0,1
5,516,0,1,0,1,2,0,1,790980,791496,0,1
5,533,0,1,0,1,1,1,0,794412,794945,0,1
5,450,0,1,1,0,2,0,1,797594,798044,0,0
5,417,0,1,0,1,0,0,1,800593,801010,0,1
5,416,0,1,0,1,1,0,1,803726,804142,0,1
5,483,0,1,1,0,0,0,1,807025,807508,0,0
5,700,1,0,1,0,1,0,1,810507,811207,0,1
5,633,1,0,1,0,0,1,0,813789,814422,0,1
5,817,0,1,0,1,0,0,1,833818,834635,0,1
5,434,1,0,1,0,2,1,0,837550,837984,0,1
5,866,0,1,0,1,2,1,0,840816,841682,0,1
5,866,0,1,0,1,2,1,0,844565,845431,0,1
5,583,0,1,0,1,0,1,0,848280,848863,0,1
5,683,1,0,1,0,2,0,1,851762,852445,0,1
5,650,1,0,1,0,0,1,0,855278,855928,0,1
5,567,1,0,1,0,2,1,0,858760,859327,0,1
5,616,0,1,0,1,2,1,0,862009,862625,0,1
5,750,1,0,1,0,2,1,0,865574,866324,0,1
5,1299,0,0,1,0,0,1,0,868857,870156,1,NaN
5,983,1,0,0,1,0,0,1,872989,873972,0,0
5,1050,0,1,1,0,1,0,1,876521,877571,0,0
5,683,1,0,1,0,0,0,1,880453,881136,0,1
5,700,0,1,0,1,0,0,1,883818,884518,0,1
5,566,1,0,1,0,1,0,1,887351,887917,0,1
5,516,1,0,1,0,0,0,1,890733,891249,0,1
5,700,1,0,1,0,1,1,0,893782,894482,0,1
5,617,0,1,1,0,2,1,0,897097,897714,0,0
5,583,1,0,1,0,2,0,1,900546,901129,0,1
5,550,1,0,1,0,0,0,1,903945,904495,0,1
5,484,1,0,1,0,2,0,1,907077,907561,0,1
5,834,1,0,0,1,1,1,0,910326,911160,0,0
5,499,0,1,0,1,1,1,0,913809,914308,0,1
5,549,1,0,0,1,1,0,1,917208,917757,0,0
5,650,1,0,1,0,2,0,1,920506,921156,0,1
5,566,1,0,1,0,2,1,0,924089,924655,0,1
5,566,1,0,1,0,2,0,1,927271,927837,0,1
5,500,1,0,0,1,0,1,0,930370,930870,0,0
5,1083,1,0,1,0,2,0,1,933452,934535,0,1
5,633,1,0,1,0,2,0,1,937284,937917,0,1
5,1000,0,1,0,1,0,0,1,940883,941883,0,1
5,600,0,1,0,1,0,1,0,944815,945415,0,1
5,499,0,1,1,0,2,1,0,948431,948930,0,0
5,500,0,1,0,1,2,0,1,951563,952063,0,1
5,667,0,1,1,0,0,1,0,954845,955512,0,0
5,484,0,1,0,1,1,1,0,958127,958611,0,1
5,849,1,0,0,1,2,0,1,961160,962009,0,0
5,633,1,0,1,0,1,0,1,964875,965508,0,1
5,600,0,1,0,1,2,0,1,968374,968974,0,1
5,483,1,0,1,0,2,0,1,971940,972423,0,1
5,1049,0,1,0,1,1,0,1,975422,976471,0,1
5,483,0,1,0,1,0,0,1,979287,979770,0,1
5,600,0,1,1,0,1,1,0,982553,983153,0,0
5,516,1,0,1,0,2,1,0,985952,986468,0,1
5,566,1,0,1,0,0,0,1,989251,989817,0,1
5,517,1,0,1,0,0,0,1,992366,992883,0,1
5,566,1,0,1,0,0,0,1,995782,996348,0,1
5,599,1,0,1,0,1,1,0,998931,999530,0,1
5,517,1,0,1,0,2,1,0,1002146,1002663,0,1
5,916,0,1,1,0,1,1,0,1005529,1006445,0,0
5,549,1,0,1,0,2,1,0,1009411,1009960,0,1
5,466,1,0,1,0,2,0,1,1012743,1013209,0,1
5,850,0,1,0,1,0,0,1,1016125,1016975,0,1
5,800,1,0,1,0,2,1,0,1019807,1020607,0,1
5,966,0,1,0,1,0,0,1,1023556,1024522,0,1
5,1066,0,1,1,0,1,1,0,1027238,1028304,0,0
5,633,1,0,1,0,2,0,1,1030937,1031570,0,1
5,850,1,0,1,0,1,1,0,1034202,1035052,0,1
5,817,0,1,0,1,2,0,1,1037751,1038568,0,1
5,700,0,1,1,0,0,1,0,1041483,1042183,0,0
5,666,0,1,0,1,0,0,1,1044766,1045432,0,1
5,666,0,1,1,0,0,1,0,1048048,1048714,0,0
5,600,0,1,1,0,0,0,1,1051613,1052213,0,0
5,516,0,1,1,0,2,0,1,1055179,1055695,0,0
5,750,0,1,0,1,2,1,0,1058711,1059461,0,1
5,1066,0,1,0,1,0,1,0,1062060,1063126,0,1
5,483,0,1,1,0,2,1,0,1066109,1066592,0,0
5,583,0,1,0,1,2,0,1,1069441,1070024,0,1
5,466,0,1,0,1,1,1,0,1072840,1073306,0,1
5,599,0,1,1,0,1,1,0,1076139,1076738,0,0
5,633,0,1,0,1,2,0,1,1079754,1080387,0,1
5,666,1,0,1,0,2,0,1,1083320,1083986,0,1
5,750,0,1,0,1,1,0,1,1100335,1101085,0,1
5,650,0,1,1,0,2,1,0,1103651,1104301,0,0
5,433,0,1,0,1,0,0,1,1106917,1107350,0,1
5,450,0,1,0,1,0,0,1,1110132,1110582,0,1
5,467,0,1,0,1,1,0,1,1113514,1113981,0,1
5,466,0,1,0,1,2,0,1,1116880,1117346,0,1
5,416,0,1,0,1,1,1,0,1120096,1120512,0,1
5,650,0,1,1,0,2,1,0,1123328,1123978,0,0
5,1067,0,1,1,0,2,1,0,1126610,1127677,0,0
5,683,1,0,1,0,1,0,1,1130209,1130892,0,1
5,900,0,1,0,1,1,1,0,1133574,1134474,0,1
5,766,0,1,0,1,2,0,1,1137390,1138156,0,1
5,633,1,0,1,0,2,0,1,1141189,1141822,0,1
5,684,0,1,1,0,0,1,0,1144537,1145221,0,0
5,850,0,1,0,1,1,0,1,1148103,1148953,0,1
5,600,1,0,1,0,2,0,1,1151918,1152518,0,1
5,583,1,0,1,0,2,1,0,1155351,1155934,0,1
5,683,1,0,1,0,0,1,0,1158666,1159349,0,1
5,800,1,0,1,0,0,0,1,1162315,1163115,0,1
5,400,0,1,0,1,1,0,1,1166014,1166414,0,1
5,433,0,1,0,1,0,1,0,1169046,1169479,0,1
5,450,0,1,0,1,1,0,1,1172412,1172862,0,1
5,700,1,0,1,0,0,0,1,1175727,1176427,0,1
5,650,0,1,0,1,1,0,1,1179359,1180009,0,1
5,400,0,1,0,1,0,0,1,1182975,1183375,0,1
5,367,0,1,0,1,1,1,0,1186207,1186574,0,1
5,333,0,1,0,1,1,1,0,1189323,1189656,0,1
5,400,0,1,0,1,1,1,0,1192388,1192788,0,1
5,350,0,1,0,1,2,0,1,1195571,1195921,0,1
5,400,0,1,1,0,2,1,0,1198853,1199253,0,0
5,749,0,1,1,0,0,0,1,1202119,1202868,0,0
5,434,1,0,1,0,2,0,1,1205717,1206151,0,1
5,817,1,0,1,0,0,0,1,1208816,1209633,0,1
5,400,0,1,0,1,0,1,0,1212482,1212882,0,1
5,467,0,1,0,1,2,1,0,1215464,1215931,0,1
5,450,0,1,1,0,2,0,1,1218730,1219180,0,0
5,500,1,0,1,0,2,1,0,1222012,1222512,0,1
5,500,1,0,1,0,1,0,1,1225128,1225628,0,1
5,850,0,1,0,1,2,0,1,1228343,1229193,0,1
5,667,0,1,0,1,1,0,1,1232125,1232792,0,1
5,666,0,1,0,1,0,0,1,1235608,1236274,0,1
5,517,0,1,0,1,0,0,1,1239123,1239640,0,1
5,566,0,1,0,1,2,0,1,1242439,1243005,0,1
5,366,0,1,0,1,1,0,1,1245771,1246137,0,1
5,466,0,1,0,1,0,1,0,1249070,1249536,0,1
5,416,0,1,0,1,0,1,0,1252369,1252785,0,1
5,566,0,1,1,0,0,1,0,1255668,1256234,0,0
5,416,0,1,0,1,2,1,0,1259200,1259616,0,1
5,467,0,1,0,1,1,1,0,1262465,1262932,0,1
5,400,0,1,0,1,1,1,0,1265914,1266314,0,1
5,899,1,0,1,0,0,1,0,1269247,1270146,0,1
5,917,0,1,0,1,1,0,1,1273195,1274112,0,1
5,483,0,1,0,1,0,0,1,1276644,1277127,0,1
5,733,1,0,1,0,0,0,1,1279960,1280693,0,1
5,500,0,1,0,1,0,0,1,1283575,1284075,0,1
5,717,1,0,1,0,0,1,0,1287007,1287724,0,1
5,500,0,1,0,1,1,1,0,1290456,1290956,0,1
5,716,1,0,1,0,1,1,0,1293639,1294355,0,1
5,634,1,0,1,0,0,1,0,1297187,1297821,0,1
5,883,1,0,1,0,2,1,0,1300370,1301253,0,1
5,799,1,0,1,0,2,1,0,1304252,1305051,0,1
5,817,1,0,1,0,0,1,0,1307967,1308784,0,1
5,1216,1,0,1,0,0,1,0,1311716,1312932,0,1
5,633,0,1,0,1,0,0,1,1315831,1316464,0,1
5,1000,0,1,0,1,1,0,1,1319313,1320313,0,1
5,667,1,0,1,0,2,1,0,1323145,1323812,0,1
5,683,0,1,0,1,1,1,0,1326511,1327194,0,1
5,383,0,1,0,1,1,0,1,1330110,1330493,0,1
5,1299,0,0,1,0,1,1,0,1333309,1334608,1,NaN
6,567,1,0,1,0,0,0,1,15896,16463,0,1
6,616,1,0,0,1,2,0,1,19362,19978,0,0
6,717,0,1,0,1,0,1,0,22527,23244,0,1
6,600,1,0,1,0,1,1,0,25893,26493,0,1
6,566,1,0,1,0,0,0,1,29459,30025,0,1
6,600,1,0,1,0,1,0,1,32841,33441,0,1
6,783,1,0,0,1,2,0,1,36040,36823,0,0
6,483,1,0,1,0,2,1,0,39505,39988,0,1
6,516,0,1,0,1,1,0,1,42521,43037,0,1
6,533,0,1,0,1,1,1,0,45737,46270,0,1
6,383,1,0,0,1,2,1,0,49102,49485,0,0
6,434,1,0,1,0,0,0,1,52384,52818,0,1
6,450,1,0,1,0,2,0,1,55483,55933,0,1
6,450,1,0,0,1,2,1,0,58682,59132,0,0
6,450,1,0,1,0,2,0,1,62081,62531,0,1
6,417,1,0,1,0,2,0,1,65413,65830,0,1
6,800,0,1,1,0,1,1,0,68679,69479,0,0
6,483,1,0,1,0,0,1,0,72345,72828,0,1
6,550,1,0,0,1,2,0,1,75660,76210,0,0
6,500,1,0,1,0,2,0,1,78876,79376,0,1
6,483,1,0,1,0,2,0,1,82391,82874,0,1
6,483,0,1,0,1,1,0,1,85440,85923,0,1
6,550,1,0,0,1,2,0,1,88889,89439,0,0
6,550,1,0,1,0,1,1,0,92021,92571,0,1
6,583,1,0,1,0,2,0,1,95404,95987,0,1
6,617,1,0,1,0,1,1,0,98719,99336,0,1
6,733,1,0,1,0,2,1,0,101935,102668,0,1
6,500,1,0,1,0,2,1,0,105284,105784,0,1
6,550,0,1,0,1,1,0,1,108499,109049,0,1
6,533,1,0,1,0,2,0,1,111798,112331,0,1
6,733,0,1,1,0,0,1,0,115047,115780,0,0
6,584,1,0,1,0,1,0,1,118729,119313,0,1
6,650,0,1,0,1,1,1,0,122295,122945,0,1
6,617,0,1,0,1,0,1,0,125577,126194,0,1
6,616,0,1,0,1,0,1,0,128793,129409,0,1
6,449,1,0,1,0,2,0,1,132292,132741,0,1
6,533,0,1,0,1,1,1,0,135274,135807,0,1
6,500,1,0,1,0,2,1,0,138589,139089,0,1
6,566,1,0,1,0,0,1,0,141722,142288,0,1
6,534,1,0,1,0,2,0,1,145037,145571,0,1
6,683,0,1,1,0,1,1,0,148386,149069,0,0
6,549,0,1,0,1,1,1,0,151719,152268,0,1
6,416,1,0,1,0,2,0,1,155051,155467,0,1
6,683,0,1,0,1,1,1,0,158283,158966,0,1
6,449,1,0,1,0,2,1,0,161849,162298,0,1
6,666,0,1,0,1,2,0,1,164848,165514,0,1
6,650,1,0,0,1,2,1,0,168213,168863,0,0
6,583,0,1,0,1,1,0,1,171895,172478,0,1
6,700,0,1,0,1,1,1,0,175227,175927,0,1
6,500,1,0,1,0,2,1,0,178476,178976,0,1
6,616,1,0,1,0,0,1,0,181609,182225,0,1
6,550,0,1,0,1,1,1,0,185091,185641,0,1
6,633,0,1,0,1,1,1,0,188423,189056,0,1
6,683,0,1,0,1,1,0,1,191739,192422,0,1
6,583,1,0,1,0,1,1,0,194971,195554,0,1
6,633,0,1,0,1,1,1,0,198153,198786,0,1
6,483,1,0,1,0,0,1,0,201486,201969,0,1
6,700,0,1,0,1,1,1,0,204884,205584,0,1
6,600,1,0,1,0,0,1,0,208250,208850,0,1
6,533,1,0,0,1,2,1,0,211649,212182,0,0
6,633,0,1,0,1,1,1,0,215048,215681,0,1
6,700,0,1,0,1,0,0,1,218213,218913,0,1
6,483,1,0,1,0,2,1,0,221746,222229,0,1
6,533,0,1,0,1,1,0,1,225128,225661,0,1
6,466,1,0,1,0,2,1,0,228227,228693,0,1
6,484,0,1,0,1,1,0,1,231542,232026,0,1
6,466,1,0,1,0,2,0,1,235008,235474,0,1
6,599,0,1,0,1,1,0,1,238174,238773,0,1
6,467,0,1,0,1,1,1,0,241789,242256,0,1
6,550,0,1,0,1,1,1,0,244821,245371,0,1
6,633,0,1,0,1,2,0,1,248220,248853,0,1
6,500,1,0,1,0,0,0,1,251486,251986,0,1
6,416,0,1,0,1,1,1,0,277812,278228,0,1
6,433,1,0,1,0,0,1,0,281194,281627,0,1
6,700,1,0,0,1,2,0,1,284243,284943,0,0
6,383,0,1,0,1,1,1,0,287809,288192,0,1
6,600,0,1,0,1,0,0,1,291091,291691,0,1
6,566,0,1,0,1,1,1,0,294490,295056,0,1
6,450,1,0,1,0,2,0,1,297689,298139,0,1
6,433,1,0,1,0,2,0,1,301071,301504,0,1
6,600,0,1,0,1,2,1,0,304320,304920,0,1
6,550,1,0,1,0,0,1,0,307685,308235,0,1
6,700,0,1,0,1,0,0,1,310851,311551,0,1
6,433,1,0,1,0,0,0,1,314400,314833,0,1
6,400,1,0,1,0,2,0,1,317865,318265,0,1
6,533,1,0,1,0,1,1,0,321198,321731,0,1
6,567,1,0,1,0,0,0,1,324513,325080,0,1
6,500,1,0,1,0,2,0,1,327929,328429,0,1
6,583,0,1,0,1,0,1,0,331244,331827,0,1
6,583,0,1,0,1,2,1,0,334727,335310,0,1
6,683,0,1,0,1,2,0,1,337842,338525,0,1
6,466,1,0,1,0,2,0,1,341158,341624,0,1
6,450,1,0,1,0,2,0,1,344357,344807,0,1
6,483,1,0,1,0,0,0,1,347672,348155,0,1
6,500,0,1,0,1,1,1,0,350938,351438,0,1
6,466,0,1,0,1,1,1,0,354437,354903,0,1
6,500,1,0,1,0,0,0,1,357619,358119,0,1
6,716,1,0,1,0,1,1,0,360768,361484,0,1
6,517,1,0,1,0,2,0,1,364300,364817,0,1
6,950,0,1,1,0,1,1,0,367582,368532,0,0
6,766,0,1,0,1,1,1,0,371148,371914,0,1
6,684,0,1,0,1,2,1,0,374813,375497,0,1
6,983,0,1,0,1,0,0,1,378462,379445,0,1
6,483,1,0,1,0,0,1,0,382361,382844,0,1
6,616,0,1,0,1,0,0,1,385860,386476,0,1
6,483,1,0,1,0,2,1,0,389159,389642,0,1
6,700,1,0,1,0,0,0,1,392424,393124,0,1
6,550,1,0,1,0,1,0,1,395990,396540,0,1
6,400,1,0,1,0,2,1,0,399272,399672,0,1
6,433,1,0,1,0,2,1,0,402521,402954,0,1
6,583,0,1,0,1,0,0,1,405770,406353,0,1
6,567,0,1,0,1,1,0,1,409302,409869,0,1
6,584,0,1,0,1,0,1,0,412534,413118,0,1
6,633,0,1,0,1,0,0,1,415717,416350,0,1
6,717,0,1,0,1,0,0,1,419332,420049,0,1
6,650,0,1,0,1,1,0,1,422864,423514,0,1
6,749,0,1,0,1,1,0,1,426047,426796,0,1
6,500,1,0,1,0,1,0,1,429529,430029,0,1
6,600,0,1,0,1,2,0,1,432861,433461,0,1
6,533,1,0,1,0,0,0,1,436193,436726,0,1
6,516,1,0,1,0,0,0,1,439326,439842,0,1
6,466,1,0,1,0,2,1,0,442408,442874,0,1
6,583,0,1,0,1,2,1,0,445590,446173,0,1
6,533,1,0,1,0,0,1,0,448739,449272,0,1
6,583,0,1,0,1,0,0,1,451955,452538,0,1
6,450,1,0,1,0,1,0,1,455404,455854,0,1
6,583,1,0,1,0,2,0,1,458536,459119,0,1
6,516,1,0,1,0,0,0,1,462035,462551,0,1
6,467,1,0,1,0,2,1,0,465567,466034,0,1
6,583,0,1,0,1,0,1,0,468933,469516,0,1
6,500,1,0,1,0,0,0,1,472231,472731,0,1
6,466,1,0,1,0,0,0,1,475464,475930,0,1
6,483,1,0,1,0,1,0,1,478613,479096,0,1
6,483,0,1,0,1,1,0,1,481712,482195,0,1
6,583,0,1,0,1,1,1,0,484894,485477,0,1
6,450,1,0,1,0,2,1,0,488376,488826,0,1
6,617,1,0,1,0,0,0,1,491425,492042,0,1
6,600,0,1,0,1,0,0,1,494957,495557,0,1
6,450,1,0,1,0,2,1,0,498456,498906,0,1
6,517,0,1,0,1,0,1,0,501605,502122,0,1
6,450,0,1,0,1,1,1,0,504937,505387,0,1
6,433,1,0,1,0,2,0,1,508253,508686,0,1
6,434,1,0,1,0,1,1,0,511718,512152,0,1
6,567,0,1,0,1,0,1,0,514867,515434,0,1
6,484,0,1,0,1,1,1,0,518166,518650,0,1
6,483,0,1,0,1,1,1,0,580839,581322,0,1
6,533,1,0,1,0,2,1,0,584055,584588,0,1
6,517,1,0,1,0,0,0,1,587370,587887,0,1
6,483,0,1,0,1,1,1,0,590619,591102,0,1
6,483,0,1,0,1,1,1,0,593668,594151,0,1
6,533,0,1,0,1,0,1,0,597167,597700,0,1
6,583,0,1,0,1,0,1,0,600249,600832,0,1
6,533,0,1,0,1,1,1,0,603415,603948,0,1
6,450,1,0,1,0,1,0,1,606530,606980,0,1
6,533,0,1,0,1,0,0,1,609663,610196,0,1
6,400,1,0,1,0,0,0,1,613028,613428,0,1
6,533,0,1,0,1,0,1,0,616144,616677,0,1
6,517,0,1,0,1,2,0,1,619276,619793,0,1
6,549,0,1,0,1,2,1,0,622759,623308,0,1
6,484,1,0,1,0,0,1,0,626107,626591,0,1
6,550,0,1,0,1,2,1,0,629256,629806,0,1
6,649,0,1,0,1,2,1,0,632689,633338,0,1
6,550,0,1,0,1,2,1,0,636121,636671,0,1
6,500,1,0,1,0,0,1,0,639520,640020,0,1
6,550,0,1,0,1,1,0,1,642835,643385,0,1
6,483,1,0,1,0,0,0,1,646034,646517,0,1
6,533,1,0,1,0,1,1,0,649433,649966,0,1
6,434,1,0,1,0,0,0,1,652965,653399,0,1
6,666,0,1,0,1,2,0,1,656231,656897,0,1
6,417,1,0,1,0,1,0,1,659496,659913,0,1
6,433,1,0,1,0,1,0,1,662612,663045,0,1
6,583,0,1,0,1,0,1,0,665911,666494,0,1
6,650,0,1,0,1,0,1,0,669160,669810,0,1
6,500,1,0,1,0,2,0,1,672725,673225,0,1
6,783,1,0,1,0,1,1,0,676008,676791,0,1
6,650,0,1,0,1,2,0,1,679423,680073,0,1
6,466,1,0,1,0,2,1,0,682689,683155,0,1
6,500,0,1,0,1,1,1,0,685754,686254,0,1
6,500,1,0,1,0,1,0,1,689253,689753,0,1
6,467,1,0,1,0,1,1,0,692602,693069,0,1
6,500,0,1,0,1,1,0,1,696018,696518,0,1
6,550,0,1,0,1,0,0,1,699100,699650,0,1
6,400,1,0,1,0,2,0,1,702266,702666,0,1
6,517,1,0,1,0,1,1,0,705448,705965,0,1
6,549,0,1,0,1,0,0,1,708764,709313,0,1
6,466,1,0,1,0,1,0,1,711863,712329,0,1
6,483,0,1,1,0,1,1,0,715245,715728,0,0
6,433,1,0,1,0,2,0,1,718477,718910,0,1
6,483,1,0,1,0,0,1,0,721526,722009,0,1
6,517,1,0,1,0,2,0,1,724808,725325,0,1
6,516,1,0,1,0,0,1,0,728141,728657,0,1
6,616,0,1,0,1,2,1,0,731623,732239,0,1
6,683,0,1,0,1,1,0,1,735005,735688,0,1
6,666,1,0,1,0,2,1,0,738554,739220,0,1
6,700,1,0,1,0,1,1,0,741836,742536,0,1
6,517,1,0,1,0,1,0,1,745268,745785,0,1
6,566,0,1,1,0,1,0,1,748551,749117,0,0
6,600,0,1,0,1,2,0,1,751983,752583,0,1
6,633,1,0,1,0,2,0,1,755565,756198,0,1
6,534,0,1,0,1,0,0,1,759030,759564,0,1
6,549,0,1,0,1,0,0,1,762463,763012,0,1
6,583,1,0,1,0,1,1,0,766028,766611,0,1
6,550,0,1,1,0,2,1,0,769377,769927,0,0
6,449,1,0,1,0,2,1,0,772743,773192,0,1
6,534,0,1,0,1,1,1,0,776041,776575,0,1
6,434,0,1,0,1,1,0,1,779440,779874,0,1
6,450,1,0,1,0,0,1,0,782523,782973,0,1
6,550,0,1,0,1,0,1,0,785588,786138,0,1
6,449,0,1,0,1,0,0,1,788921,789370,0,1
6,500,0,1,0,1,0,1,0,791986,792486,0,1
6,449,1,0,1,0,2,1,0,795119,795568,0,1
6,533,0,1,1,0,2,0,1,798384,798917,0,0
6,533,1,0,1,0,1,0,1,801533,802066,0,1
6,584,0,1,0,1,2,0,1,804915,805499,0,1
6,633,0,1,0,1,0,1,0,808431,809064,0,1
6,583,0,1,0,1,0,0,1,811930,812513,0,1
6,566,0,1,0,1,2,0,1,815412,815978,0,1
6,517,1,0,1,0,2,1,0,818777,819294,0,1
6,533,1,0,1,0,0,1,0,838587,839120,0,1
6,433,0,1,0,1,0,0,1,841869,842302,0,1
6,483,1,0,1,0,1,0,1,845301,845784,0,1
6,534,0,1,0,1,0,0,1,848533,849067,0,1
6,567,0,1,0,1,1,1,0,852032,852599,0,1
6,517,1,0,0,1,2,0,1,855431,855948,0,0
6,850,1,0,0,1,2,0,1,858780,859630,0,0
6,549,0,1,0,1,0,0,1,862246,862795,0,1
6,400,0,1,0,1,2,0,1,865528,865928,0,1
6,517,1,0,0,1,0,0,1,868793,869310,0,0
6,483,0,1,0,1,0,1,0,872292,872775,0,1
6,450,1,0,1,0,0,0,1,875724,876174,0,1
6,467,1,0,1,0,0,1,0,878873,879340,0,1
6,616,1,0,0,1,1,0,1,882056,882672,0,0
6,500,0,1,0,1,2,1,0,885238,885738,0,1
6,499,1,0,1,0,0,1,0,888404,888903,0,1
6,433,1,0,1,0,0,0,1,891469,891902,0,1
6,483,0,1,0,1,1,0,1,894552,895035,0,1
6,483,0,1,0,1,1,0,1,898017,898500,0,1
6,500,1,0,0,1,1,1,0,901049,901549,0,0
6,649,0,1,0,1,0,1,0,904482,905131,0,1
6,583,0,1,0,1,2,0,1,907964,908547,0,1
6,466,0,1,0,1,2,0,1,911363,911829,0,1
6,583,1,0,0,1,2,0,1,914728,915311,0,0
6,633,1,0,1,0,2,1,0,917944,918577,0,1
6,467,1,0,1,0,2,0,1,921376,921843,0,1
6,466,0,1,0,1,1,1,0,924542,925008,0,1
6,799,0,1,0,1,1,1,0,927991,928790,0,1
6,516,0,1,0,1,0,1,0,931473,931989,0,1
6,517,1,0,1,0,2,0,1,934888,935405,0,1
6,467,1,0,1,0,0,0,1,938237,938704,0,1
6,516,0,1,0,1,2,0,1,941403,941919,0,1
6,500,0,1,0,1,1,0,1,944602,945102,0,1
6,516,1,0,1,0,2,1,0,947751,948267,0,1
6,500,0,1,0,1,2,0,1,951050,951550,0,1
6,549,1,0,1,0,0,1,0,954199,954748,0,1
6,567,1,0,1,0,2,1,0,957697,958264,0,1
6,583,0,1,0,1,2,1,0,961163,961746,0,1
6,516,1,0,1,0,2,1,0,964329,964845,0,1
6,466,1,0,1,0,0,1,0,967628,968094,0,1
6,467,1,0,1,0,0,1,0,971093,971560,0,1
6,450,1,0,1,0,1,0,1,974109,974559,0,1
6,500,1,0,1,0,0,0,1,977541,978041,0,1
6,583,0,1,0,1,2,1,0,980690,981273,0,1
6,684,0,1,0,1,2,0,1,984005,984689,0,1
6,700,0,1,0,1,0,0,1,987288,987988,0,1
6,616,0,1,0,1,0,1,0,990887,991503,0,1
6,533,0,1,0,1,0,0,1,994469,995002,0,1
6,883,0,1,0,1,2,0,1,997618,998501,0,1
6,483,1,0,1,0,2,1,0,1001233,1001716,0,1
6,584,0,1,0,1,2,1,0,1004365,1004949,0,1
6,617,1,0,1,0,2,0,1,1007664,1008281,0,1
6,549,1,0,1,0,1,0,1,1011197,1011746,0,1
6,617,0,1,0,1,1,1,0,1014512,1015129,0,1
6,700,0,1,0,1,1,0,1,1018044,1018744,0,1
6,583,0,1,0,1,0,0,1,1021610,1022193,0,1
6,583,0,1,0,1,2,1,0,1024759,1025342,0,1
6,617,0,1,0,1,0,0,1,1028124,1028741,0,1
6,733,0,1,1,0,2,1,0,1031290,1032023,0,0
6,600,1,0,1,0,1,0,1,1034989,1035589,0,1
6,483,1,0,1,0,1,0,1,1038188,1038671,0,1
6,533,1,0,1,0,0,0,1,1041637,1042170,0,1
6,516,0,1,0,1,0,1,0,1044769,1045285,0,1
6,533,0,1,0,1,0,1,0,1048218,1048751,0,1
6,533,0,1,0,1,0,1,0,1051617,1052150,0,1
6,517,0,1,1,0,2,1,0,1055032,1055549,0,0
6,550,1,0,1,0,1,1,0,1058564,1059114,0,1
6,616,0,1,0,1,0,0,1,1061697,1062313,0,1
6,516,0,1,0,1,2,1,0,1065229,1065745,0,1
7,533,1,0,1,0,1,0,1,17209,17742,0,1
7,850,0,1,0,1,0,0,1,20641,21491,0,1
7,667,1,0,1,0,1,1,0,24473,25140,0,1
7,500,1,0,1,0,0,0,1,27805,28305,0,1
7,617,1,0,1,0,2,0,1,31304,31921,0,1
7,733,1,0,1,0,2,1,0,34703,35436,0,1
7,916,0,1,0,1,0,1,0,38219,39135,0,1
7,1099,0,1,0,1,2,1,0,42101,43200,0,1
7,1266,1,0,0,1,1,0,1,45750,47016,0,0
7,933,1,0,1,0,0,1,0,49665,50598,0,1
7,1283,1,0,0,1,0,0,1,53430,54713,0,0
7,1300,0,0,1,0,2,0,1,57662,58962,1,NaN
7,1299,0,0,1,0,0,1,0,62028,63327,1,NaN
7,1017,1,0,1,0,0,0,1,66126,67143,0,1
7,617,1,0,1,0,2,0,1,69725,70342,0,1
7,767,1,0,1,0,2,0,1,72907,73674,0,1
7,1183,1,0,0,1,2,1,0,76406,77589,0,0
7,917,1,0,1,0,2,1,0,80388,81305,0,1
7,1299,0,0,0,1,1,1,0,84204,85503,1,NaN
7,750,1,0,1,0,2,0,1,88519,89269,0,1
7,1034,0,1,0,1,1,0,1,91884,92918,0,1
7,1083,0,1,0,1,1,0,1,95483,96566,0,1
7,1233,0,1,0,1,1,1,0,99115,100348,0,1
7,767,1,0,1,0,0,0,1,103147,103914,0,1
7,933,1,0,0,1,2,0,1,106730,107663,0,0
7,650,1,0,1,0,2,0,1,110495,111145,0,1
7,1233,0,1,0,1,2,1,0,113927,115160,0,1
7,533,1,0,1,0,2,1,0,118076,118609,0,1
7,999,1,0,0,1,2,1,0,121142,122141,0,0
7,1300,0,0,0,1,1,1,0,124740,126040,1,NaN
7,950,0,1,0,1,0,1,0,129189,130139,0,1
7,1133,0,1,0,1,2,0,1,133004,134137,0,1
7,850,1,0,1,0,0,0,1,136936,137786,0,1
7,983,0,1,0,1,0,1,0,140319,141302,0,1
7,1116,1,0,0,1,2,1,0,143901,145017,0,0
7,800,1,0,1,0,2,0,1,147583,148383,0,1
7,783,0,1,0,1,1,1,0,151248,152031,0,1
7,883,0,1,1,0,1,1,0,154764,155647,0,0
7,716,1,0,1,0,2,1,0,158463,159179,0,1
7,400,1,0,1,0,2,0,1,161778,162178,0,1
7,549,0,1,0,1,1,1,0,164811,165360,0,1
7,533,1,0,1,0,2,1,0,168060,168593,0,1
7,583,1,0,1,0,2,0,1,171142,171725,0,1
7,500,1,0,1,0,2,1,0,174691,175191,0,1
7,1299,0,0,0,1,1,1,0,177940,179239,1,NaN
7,1299,0,0,0,1,1,0,1,182122,183421,1,NaN
7,1183,0,1,0,1,1,0,1,186154,187337,0,1
7,600,1,0,1,0,0,0,1,190202,190802,0,1
7,583,1,0,1,0,1,0,1,193501,194084,0,1
7,983,0,1,0,1,1,0,1,196767,197750,0,1
7,950,1,0,1,0,2,0,1,200765,201715,0,1
7,883,0,1,0,1,0,1,0,204714,205597,0,1
7,717,1,0,1,0,2,1,0,208213,208930,0,1
7,583,1,0,1,0,0,1,0,211762,212345,0,1
7,650,1,0,1,0,0,1,0,215111,215761,0,1
7,799,0,1,0,1,0,0,1,218660,219459,0,1
7,900,0,1,0,1,2,0,1,222325,223225,0,1
7,949,0,1,0,1,1,1,0,225791,226740,0,1
7,816,0,1,0,1,0,1,0,229723,230539,0,1
7,666,0,1,1,0,0,0,1,233555,234221,0,0
7,717,0,1,0,1,0,0,1,236770,237487,0,1
7,666,1,0,1,0,2,1,0,240203,240869,0,1
7,550,1,0,1,0,0,0,1,243651,244201,0,1
7,566,0,1,1,0,2,1,0,247167,247733,0,0
7,933,0,1,1,0,0,1,0,250366,251299,0,0
7,700,1,0,1,0,2,1,0,254148,254848,0,1
7,533,1,0,1,0,2,1,0,257464,257997,0,1
7,833,1,0,1,0,0,1,0,260546,261379,0,1
7,1299,0,0,1,0,0,1,0,264395,265694,1,NaN
7,799,0,1,0,1,1,0,1,268477,269276,0,1
7,1199,0,1,0,1,2,1,0,272026,273225,0,1
7,583,1,0,1,0,2,1,0,275758,276341,0,1
7,716,0,1,0,1,1,0,1,293427,294143,0,1
7,417,1,0,1,0,2,0,1,296992,297409,0,1
7,533,1,0,1,0,1,0,1,300125,300658,0,1
7,450,1,0,1,0,0,0,1,303224,303674,0,1
7,684,0,1,0,1,0,1,0,306289,306973,0,1
7,467,1,0,1,0,1,1,0,309588,310055,0,1
7,467,1,0,1,0,0,0,1,312637,313104,0,1
7,516,1,0,1,0,2,0,1,316070,316586,0,1
7,783,1,0,1,0,2,1,0,319585,320368,0,1
7,549,1,0,1,0,0,1,0,323301,323850,0,1
7,583,0,1,0,1,2,1,0,326749,327332,0,1
7,483,1,0,1,0,0,0,1,329982,330465,0,1
7,567,0,1,0,1,1,0,1,333347,333914,0,1
7,483,1,0,1,0,2,0,1,336813,337296,0,1
7,517,1,0,1,0,2,0,1,340128,340645,0,1
7,666,0,1,0,1,1,0,1,343211,343877,0,1
7,467,1,0,1,0,0,0,1,346726,347193,0,1
7,600,1,0,0,1,1,1,0,350075,350675,0,0
7,533,0,1,0,1,1,0,1,353374,353907,0,1
7,799,0,1,0,1,2,1,0,356790,357589,0,1
7,650,0,1,0,1,1,1,0,360288,360938,0,1
7,500,1,0,1,0,2,1,0,363787,364287,0,1
7,517,1,0,1,0,0,0,1,366886,367403,0,1
7,533,1,0,1,0,2,1,0,370019,370552,0,1
7,600,0,1,0,1,0,1,0,373434,374034,0,1
7,683,0,1,0,1,1,1,0,376950,377633,0,1
7,600,0,1,0,1,0,1,0,380332,380932,0,1
7,700,0,1,1,0,2,1,0,383697,384397,0,0
7,533,1,0,1,0,1,1,0,387296,387829,0,1
7,600,0,1,0,1,0,0,1,390612,391212,0,1
7,483,1,0,1,0,0,0,1,394211,394694,0,1
7,666,0,1,0,1,2,0,1,397593,398259,0,1
7,583,0,1,0,1,1,1,0,401192,401775,0,1
7,499,0,1,1,0,1,1,0,404691,405190,0,0
7,633,0,1,0,1,1,1,0,407906,408539,0,1
7,517,0,1,0,1,0,1,0,411405,411922,0,1
7,650,1,0,1,0,0,1,0,414854,415504,0,1
7,383,1,0,1,0,2,1,0,418286,418669,0,1
7,434,1,0,1,0,2,1,0,421218,421652,0,1
7,584,0,1,0,1,0,0,1,424217,424801,0,1
7,533,1,0,1,0,0,0,1,427350,427883,0,1
7,767,1,0,1,0,1,0,1,430815,431582,0,1
7,599,0,1,1,0,0,1,0,434248,434847,0,0
7,516,1,0,1,0,1,0,1,437630,438146,0,1
7,667,0,1,0,1,0,1,0,440845,441512,0,1
7,783,0,1,0,1,1,0,1,444494,445277,0,1
7,683,0,1,0,1,1,1,0,447976,448659,0,1
7,399,1,0,1,0,2,0,1,451509,451908,0,1
7,666,0,1,0,1,1,1,0,454658,455324,0,1
7,600,0,1,0,1,2,1,0,458090,458690,0,1
7,716,1,0,1,0,1,1,0,461439,462155,0,1
7,634,1,0,1,0,1,1,0,465037,465671,0,1
7,617,1,0,1,0,0,0,1,468686,469303,0,1
7,484,1,0,1,0,2,0,1,472268,472752,0,1
7,700,0,1,1,0,0,0,1,475634,476334,0,0
7,567,1,0,1,0,2,0,1,478966,479533,0,1
7,617,1,0,1,0,0,1,0,482448,483065,0,1
7,883,1,0,1,0,2,1,0,485797,486680,0,1
7,667,0,1,0,1,1,0,1,489529,490196,0,1
7,550,1,0,1,0,0,1,0,492795,493345,0,1
7,633,0,1,0,1,1,0,1,495894,496527,0,1
7,800,0,1,0,1,0,0,1,499409,500209,0,1
7,616,1,0,1,0,2,0,1,502842,503458,0,1
7,650,0,1,0,1,1,1,0,506307,506957,0,1
7,650,0,1,0,1,0,1,0,509706,510356,0,1
7,700,0,1,0,1,0,0,1,513238,513938,0,1
7,650,0,1,0,1,2,0,1,516737,517387,0,1
7,583,0,1,1,0,2,1,0,520403,520986,0,0
7,634,0,1,0,1,0,0,1,523951,524585,0,1
7,933,0,1,0,1,2,0,1,527450,528383,0,1
7,616,0,1,0,1,0,0,1,531166,531782,0,1
7,483,1,0,1,0,0,0,1,534365,534848,0,1
7,650,0,1,0,1,0,0,1,537847,538497,0,1
7,650,0,1,0,1,2,0,1,556569,557219,0,1
7,599,1,0,1,0,0,1,0,560002,560601,0,1
7,517,1,0,1,0,0,0,1,563317,563834,0,1
7,500,1,0,1,0,2,0,1,566516,567016,0,1
7,900,0,1,0,1,2,0,1,569632,570532,0,1
7,483,1,0,1,0,2,1,0,573064,573547,0,1
7,799,0,1,0,1,0,1,0,576180,576979,0,1
7,650,1,0,1,0,2,0,1,579978,580628,0,1
7,583,1,0,1,0,2,1,0,583444,584027,0,1
7,650,0,1,0,1,2,1,0,586943,587593,0,1
7,550,1,0,1,0,2,0,1,590425,590975,0,1
7,567,1,0,1,0,0,0,1,593507,594074,0,1
7,700,1,0,1,0,1,1,0,596956,597656,0,1
7,583,0,1,0,1,2,0,1,600538,601121,0,1
7,700,0,1,0,1,0,1,0,603837,604537,0,1
7,717,0,1,0,1,0,0,1,607169,607886,0,1
7,617,0,1,0,1,1,1,0,610535,611152,0,1
7,633,0,1,0,1,1,1,0,614117,614750,0,1
7,567,0,1,0,1,1,1,0,617466,618033,0,1
7,866,0,1,0,1,1,1,0,620682,621548,0,1
7,983,0,1,1,0,1,1,0,624264,625247,0,0
7,717,0,1,0,1,2,1,0,628129,628846,0,1
7,516,1,0,1,0,2,0,1,631412,631928,0,1
7,583,0,1,0,1,1,0,1,634577,635160,0,1
7,683,0,1,0,1,0,0,1,638159,638842,0,1
7,649,0,1,0,1,2,0,1,641392,642041,0,1
7,517,1,0,1,0,1,0,1,644740,645257,0,1
7,517,0,1,0,1,2,0,1,648106,648623,0,1
7,584,1,0,1,0,2,0,1,651238,651822,0,1
7,650,0,1,0,1,1,0,1,654754,655404,0,1
7,516,0,1,0,1,1,1,0,658253,658769,0,1
7,483,1,0,1,0,2,0,1,661785,662268,0,1
7,550,0,1,1,0,2,0,1,665034,665584,0,0
7,667,0,1,0,1,1,1,0,668349,669016,0,1
7,667,0,1,0,1,0,1,0,671548,672215,0,1
7,750,0,1,0,1,2,1,0,675047,675797,0,1
7,617,0,1,0,1,0,0,1,678646,679263,0,1
7,933,1,0,1,0,2,1,0,682228,683161,0,1
7,733,0,1,0,1,1,0,1,686160,686893,0,1
7,833,0,1,0,1,1,1,0,689809,690642,0,1
7,699,0,1,0,1,1,0,1,693225,693924,0,1
7,633,0,1,0,1,1,1,0,696840,697473,0,1
7,683,0,1,0,1,2,0,1,700306,700989,0,1
7,700,0,1,0,1,1,1,0,703871,704571,0,1
7,700,0,1,0,1,0,0,1,707103,707803,0,1
7,683,1,0,1,0,0,1,0,710736,711419,0,1
7,484,1,0,1,0,1,1,0,714434,714918,0,1
7,616,0,1,0,1,0,1,0,717500,718116,0,1
7,500,1,0,1,0,2,0,1,720849,721349,0,1
7,667,0,1,0,1,2,0,1,724264,724931,0,1
7,616,0,1,0,1,1,0,1,727947,728563,0,1
7,533,1,0,1,0,2,1,0,731329,731862,0,1
7,633,0,1,0,1,1,0,1,734744,735377,0,1
7,566,0,1,0,1,2,0,1,738260,738826,0,1
7,716,1,0,1,0,0,1,0,741409,742125,0,1
7,500,0,1,0,1,1,1,0,744991,745491,0,1
7,567,0,1,1,0,2,1,0,748473,749040,0,0
7,533,1,0,1,0,0,1,0,751922,752455,0,1
7,367,0,1,0,1,1,1,0,755304,755671,0,1
7,549,1,0,1,0,2,1,0,758337,758886,0,1
7,850,0,1,0,1,1,0,1,761669,762519,0,1
7,433,1,0,1,0,0,0,1,765468,765901,0,1
7,1000,0,1,0,1,0,1,0,768866,769866,0,1
7,666,0,1,0,1,0,0,1,772699,773365,0,1
7,867,0,1,0,1,0,0,1,775997,776864,0,1
7,1000,0,1,0,1,2,1,0,779813,780813,0,1
7,833,0,1,0,1,0,0,1,783695,784528,0,1
7,633,0,1,0,1,1,0,1,787244,787877,0,1
7,883,1,0,1,0,1,1,0,790593,791476,0,1
7,883,1,0,1,0,0,1,0,794042,794925,0,1
7,1300,0,0,0,1,0,1,0,797690,798990,1,NaN
7,1050,0,1,0,1,2,1,0,802172,803222,0,1
7,649,1,0,1,0,2,0,1,806038,806687,0,1
7,666,1,0,1,0,0,1,0,827917,828583,0,1
7,650,0,1,0,1,1,0,1,831182,831832,0,1
7,933,0,1,0,1,1,0,1,834448,835381,0,1
7,683,0,1,0,1,1,1,0,838030,838713,0,1
7,733,1,0,1,0,0,1,0,841329,842062,0,1
7,600,1,0,1,0,2,0,1,844961,845561,0,1
7,1116,0,1,0,1,1,1,0,848377,849493,0,1
7,783,0,1,0,1,2,1,0,852309,853092,0,1
7,499,1,0,1,0,2,1,0,855908,856407,0,1
7,600,1,0,1,0,2,1,0,859123,859723,0,1
7,533,1,0,1,0,0,1,0,862489,863022,0,1
7,467,1,0,1,0,2,1,0,865604,866071,0,1
7,533,1,0,1,0,2,0,1,868620,869153,0,1
7,517,1,0,1,0,1,1,0,871852,872369,0,1
7,983,0,1,1,0,0,1,0,874918,875901,0,0
7,483,1,0,1,0,2,0,1,878750,879233,0,1
7,883,0,1,0,1,0,1,0,882232,883115,0,1
7,883,0,1,0,1,0,0,1,885981,886864,0,1
7,950,0,1,0,1,2,0,1,889530,890480,0,1
7,883,0,1,0,1,1,0,1,893462,894345,0,1
7,617,1,0,1,0,0,1,0,897344,897961,0,1
7,383,1,0,1,0,2,0,1,900760,901143,0,1
7,516,1,0,1,0,1,1,0,903709,904225,0,1
7,899,0,1,0,1,2,0,1,906808,907707,0,1
7,783,0,1,0,1,0,0,1,910290,911073,0,1
7,617,1,0,1,0,2,1,0,913905,914522,0,1
7,567,1,0,1,0,2,1,0,917054,917621,0,1
7,467,1,0,1,0,2,0,1,920453,920920,0,1
7,899,0,1,0,1,1,0,1,923869,924768,0,1
7,816,0,1,0,1,1,0,1,927368,928184,0,1
7,983,0,1,0,1,0,0,1,930850,931833,0,1
7,583,1,0,1,0,0,0,1,934632,935215,0,1
7,650,0,1,0,1,0,0,1,938064,938714,0,1
7,933,0,1,0,1,2,1,0,941380,942313,0,1
7,566,1,0,1,0,0,0,1,945295,945861,0,1
7,600,1,0,1,0,1,0,1,948627,949227,0,1
7,717,0,1,0,1,0,0,1,951776,952493,0,1
7,783,0,1,0,1,0,1,0,955308,956091,0,1
7,1299,0,0,1,0,1,1,0,958974,960273,1,NaN
7,583,1,0,1,0,0,0,1,963306,963889,0,1
7,617,0,1,0,1,1,0,1,966821,967438,0,1
7,1150,0,1,0,1,1,0,1,970070,971220,0,1
7,550,1,0,1,0,2,1,0,974069,974619,0,1
7,584,1,0,1,0,2,0,1,977184,977768,0,1
7,783,0,1,0,1,0,1,0,980500,981283,0,1
7,516,1,0,1,0,1,0,1,984049,984565,0,1
7,583,1,0,1,0,0,0,1,987265,987848,0,1
7,666,0,1,0,1,0,0,1,990697,991363,0,1
7,550,1,0,1,0,1,0,1,994362,994912,0,1
7,716,0,1,0,1,1,0,1,997778,998494,0,1
7,949,0,1,0,1,1,0,1,1001227,1002176,0,1
7,600,1,0,1,0,1,1,0,1004825,1005425,0,1
7,416,1,0,1,0,2,1,0,1008158,1008574,0,1
7,416,1,0,1,0,2,1,0,1011590,1012006,0,1
7,483,1,0,1,0,0,0,1,1014672,1015155,0,1
7,733,0,1,0,1,1,0,1,1018021,1018754,0,1
7,616,1,0,1,0,0,0,1,1021470,1022086,0,1
7,533,1,0,1,0,0,1,0,1025019,1025552,0,1
7,550,1,0,1,0,0,1,0,1028368,1028918,0,1
7,617,1,0,1,0,0,0,1,1031783,1032400,0,1
7,1066,0,1,0,1,1,1,0,1034966,1036032,0,1
7,550,1,0,1,0,1,0,1,1038864,1039414,0,1
7,600,1,0,0,1,0,1,0,1042363,1042963,0,0
7,517,1,0,1,0,2,0,1,1045945,1046462,0,1
7,600,1,0,1,0,2,0,1,1049211,1049811,0,1
7,484,1,0,1,0,1,1,0,1052426,1052910,0,1
7,450,1,0,1,0,1,0,1,1055509,1055959,0,1
7,700,0,1,0,1,1,1,0,1058924,1059624,0,1
7,584,0,1,0,1,1,0,1,1062606,1063190,0,1
7,667,0,1,0,1,0,1,0,1065772,1066439,0,1
7,599,0,1,0,1,0,1,0,1069338,1069937,0,1
7,867,0,1,0,1,1,0,1,1072803,1073670,0,1
7,567,0,1,0,1,0,1,0,1076252,1076819,0,1
7,599,1,0,1,0,2,1,0,1094875,1095474,0,1
7,633,1,0,1,0,1,0,1,1098390,1099023,0,1
7,517,1,0,1,0,0,1,0,1101572,1102089,0,1
7,500,1,0,1,0,1,1,0,1104838,1105338,0,1
7,583,0,1,0,1,2,0,1,1108137,1108720,0,1
7,516,1,0,1,0,2,0,1,1111253,1111769,0,1
7,783,0,1,1,0,2,1,0,1114368,1115151,0,0
7,750,0,1,0,1,1,1,0,1117817,1118567,0,1
7,700,1,0,1,0,0,0,1,1121266,1121966,0,1
7,650,0,1,1,0,1,0,1,1124515,1125165,0,0
7,500,1,0,1,0,2,0,1,1127730,1128230,0,1
7,616,1,0,1,0,0,1,0,1130813,1131429,0,1
7,550,1,0,1,0,0,1,0,1134312,1134862,0,1
7,516,1,0,1,0,0,1,0,1137411,1137927,0,1
7,549,1,0,1,0,2,0,1,1140760,1141309,0,1
7,700,0,1,0,1,2,1,0,1144058,1144758,0,1
7,517,1,0,1,0,1,0,1,1147507,1148024,0,1
7,600,0,1,0,1,1,1,0,1150756,1151356,0,1
7,567,0,1,0,1,1,1,0,1154255,1154822,0,1
7,533,1,0,1,0,2,1,0,1157371,1157904,0,1
7,450,1,0,1,0,2,0,1,1160903,1161353,0,1
7,533,0,1,0,1,0,0,1,1164285,1164818,0,1
7,600,0,1,0,1,1,1,0,1167517,1168117,0,1
7,616,0,1,0,1,1,0,1,1170983,1171599,0,1
7,900,0,1,0,1,0,0,1,1174398,1175298,0,1
7,850,0,1,1,0,2,0,1,1177864,1178714,0,0
7,867,0,1,0,1,0,1,0,1181479,1182346,0,1
7,766,0,1,0,1,0,1,0,1185212,1185978,0,1
7,750,1,0,1,0,0,0,1,1188577,1189327,0,1
7,650,0,1,0,1,0,0,1,1192009,1192659,0,1
7,1216,0,1,0,1,1,1,0,1195642,1196858,0,1
7,716,0,1,0,1,1,0,1,1199774,1200490,0,1
7,633,0,1,0,1,0,1,0,1203289,1203922,0,1
7,533,1,0,1,0,2,0,1,1206755,1207288,0,1
7,617,0,1,0,1,0,0,1,1210003,1210620,0,1
7,600,0,1,0,1,0,1,0,1213269,1213869,0,1
7,633,0,1,0,1,2,1,0,1216801,1217434,0,1
7,534,0,1,0,1,1,0,1,1220233,1220767,0,1
7,517,1,0,1,0,2,1,0,1223499,1224016,0,1
7,867,0,1,0,1,0,1,0,1226931,1227798,0,1
7,684,0,1,0,1,1,1,0,1230513,1231197,0,1
7,616,1,0,1,0,0,0,1,1233829,1234445,0,1
7,600,0,1,0,1,1,1,0,1237378,1237978,0,1
7,600,1,0,1,0,2,1,0,1240693,1241293,0,1
7,699,0,1,0,1,1,0,1,1244076,1244775,0,1
7,617,1,0,1,0,1,0,1,1247691,1248308,0,1
7,717,0,1,0,1,1,0,1,1250873,1251590,0,1
7,1249,0,1,1,0,1,1,0,1254456,1255705,0,0
7,867,1,0,1,0,2,1,0,1258704,1259571,0,1
7,633,0,1,0,1,0,0,1,1262536,1263169,0,1
7,1017,0,1,0,1,0,1,0,1265918,1266935,0,1
7,917,0,1,1,0,0,1,0,1269617,1270534,0,0
7,583,0,1,0,1,1,1,0,1273483,1274066,0,1
7,700,0,1,0,1,1,0,1,1276598,1277298,0,1
7,633,1,0,1,0,0,1,0,1280164,1280797,0,1
7,849,1,0,1,0,2,1,0,1283713,1284562,0,1
7,1083,0,1,0,1,1,0,1,1287578,1288661,0,1
7,1050,0,1,0,1,1,1,0,1291193,1292243,0,1
7,699,0,1,0,1,2,0,1,1294826,1295525,0,1
7,783,1,0,1,0,1,0,1,1298308,1299091,0,1
7,1016,1,0,1,0,1,0,1,1301807,1302823,0,1
7,700,0,1,0,1,1,1,0,1305455,1306155,0,1
7,583,1,0,1,0,2,1,0,1309104,1309687,0,1
7,833,0,1,0,1,0,0,1,1312270,1313103,0,1
7,584,0,1,0,1,1,1,0,1315885,1316469,0,1
7,766,0,1,0,1,1,1,0,1319368,1320134,0,1
7,517,1,0,1,0,2,0,1,1323033,1323550,0,1
7,666,0,1,0,1,1,0,1,1326099,1326765,0,1
7,649,1,0,1,0,1,0,1,1329348,1329997,0,1
8,800,0,1,0,1,1,0,1,16097,16897,0,1
8,1300,0,0,1,0,2,1,0,19462,20762,1,NaN
8,1083,1,0,1,0,2,1,0,23861,24944,0,1
8,866,0,1,1,0,0,0,1,27743,28609,0,0
8,1066,1,0,1,0,2,1,0,31525,32591,0,1
8,1033,0,1,0,1,2,0,1,35141,36174,0,1
8,1300,0,0,0,1,2,1,0,38889,40189,1,NaN
8,1300,0,0,0,1,2,0,1,43138,44438,1,NaN
8,1299,0,0,0,1,1,1,0,47487,48786,1,NaN
8,899,0,1,1,0,2,1,0,51619,52518,0,0
8,1299,0,0,0,1,2,0,1,55501,56800,1,NaN
8,650,1,0,1,0,2,0,1,59932,60582,0,1
8,550,1,0,0,1,1,0,1,63448,63998,0,0
8,683,0,1,0,1,1,1,0,66530,67213,0,1
8,600,1,0,1,0,2,0,1,70112,70712,0,1
8,1017,0,1,0,1,0,0,1,73561,74578,0,1
8,1300,0,0,0,1,2,1,0,77293,78593,1,NaN
8,617,1,0,1,0,2,0,1,81725,82342,0,1
8,683,1,0,1,0,0,0,1,84874,85557,0,1
8,1083,1,0,0,1,1,0,1,88440,89523,0,0
8,567,1,0,1,0,1,0,1,92388,92955,0,1
8,567,1,0,1,0,2,1,0,95887,96454,0,1
8,566,1,0,1,0,0,0,1,99403,99969,0,1
8,684,1,0,1,0,2,1,0,102918,103602,0,1
8,849,1,0,1,0,0,1,0,106501,107350,0,1
8,650,1,0,1,0,0,1,0,109916,110566,0,1
8,666,1,0,1,0,2,1,0,113365,114031,0,1
8,966,1,0,1,0,1,0,1,116964,117930,0,1
8,1083,0,1,1,0,0,1,0,120496,121579,0,0
8,1283,1,0,1,0,1,0,1,124528,125811,0,1
8,533,1,0,1,0,2,0,1,128577,129110,0,1
8,850,1,0,0,1,0,1,0,131659,132509,0,0
8,816,1,0,1,0,2,1,0,135358,136174,0,1
8,799,1,0,1,0,2,0,1,138757,139556,0,1
8,1066,0,1,0,1,1,1,0,142539,143605,0,1
8,800,0,1,0,1,2,0,1,146504,147304,0,1
8,700,0,1,0,1,1,1,0,149903,150603,0,1
8,650,1,0,1,0,2,0,1,153385,154035,0,1
8,733,1,0,0,1,1,1,0,156684,157417,0,0
8,916,0,1,0,1,1,0,1,160383,161299,0,1
8,517,1,0,1,0,2,0,1,164098,164615,0,1
8,549,1,0,0,1,1,0,1,167631,168180,0,0
8,633,0,1,0,1,1,1,0,171113,171746,0,1
8,633,0,1,0,1,1,0,1,174295,174928,0,1
8,1183,1,0,1,0,1,1,0,177511,178694,0,1
8,799,1,0,1,0,2,0,1,181593,182392,0,1
8,1066,0,1,0,1,1,0,1,185308,186374,0,1
8,1033,1,0,1,0,2,1,0,189240,190273,0,1
8,584,1,0,0,1,0,1,0,193255,193839,0,0
8,766,0,1,0,1,0,1,0,196438,197204,0,1
8,583,1,0,0,1,2,1,0,199870,200453,0,0
8,634,0,1,0,1,0,0,1,203385,204019,0,1
8,316,1,0,0,1,0,1,0,206918,207234,0,0
8,550,1,0,1,0,2,1,0,209900,210450,0,1
8,466,1,0,1,0,2,0,1,213116,213582,0,1
8,683,1,0,1,0,1,1,0,216148,216831,0,1
8,850,0,1,0,1,0,0,1,219797,220647,0,1
8,650,0,1,0,1,0,1,0,223212,223862,0,1
8,783,0,1,1,0,2,1,0,226828,227611,0,0
8,633,0,1,0,1,1,1,0,230527,231160,0,1
8,600,0,1,0,1,1,1,0,234042,234642,0,1
8,733,1,0,1,0,0,0,1,237658,238391,0,1
8,550,1,0,1,0,0,0,1,241106,241656,0,1
8,499,1,0,1,0,2,0,1,244639,245138,0,1
8,549,0,1,1,0,0,0,1,247838,248387,0,0
8,567,0,1,0,1,1,0,1,251086,251653,0,1
8,500,1,0,1,0,0,0,1,254619,255119,0,1
8,650,1,0,1,0,1,0,1,257984,258634,0,1
8,867,1,0,1,0,0,1,0,261516,262383,0,1
8,1050,0,1,0,1,0,1,0,264982,266032,0,1
8,933,0,1,1,0,0,1,0,268781,269714,0,0
8,666,1,0,1,0,0,0,1,272713,273379,0,1
8,750,0,1,0,1,1,0,1,293332,294082,0,1
8,583,0,1,0,1,0,1,0,297014,297597,0,1
8,533,1,0,1,0,2,0,1,300296,300829,0,1
8,649,1,0,1,0,2,0,1,303479,304128,0,1
8,634,1,0,1,0,2,0,1,306877,307511,0,1
8,616,1,0,1,0,0,0,1,310393,311009,0,1
8,817,0,1,0,1,1,0,1,314008,314825,0,1
8,700,1,0,1,0,1,0,1,317524,318224,0,1
8,933,0,1,0,1,0,0,1,320840,321773,0,1
8,616,0,1,0,1,0,0,1,324505,325121,0,1
8,783,0,1,0,1,1,1,0,327687,328470,0,1
8,816,1,0,1,0,1,1,0,331403,332219,0,1
8,666,0,1,0,1,0,1,0,334952,335618,0,1
8,716,0,1,0,1,0,0,1,338484,339200,0,1
8,900,0,1,0,1,2,0,1,342116,343016,0,1
8,766,0,1,0,1,1,0,1,346015,346781,0,1
8,700,1,0,1,0,0,1,0,349530,350230,0,1
8,800,0,1,0,1,1,0,1,352912,353712,0,1
8,833,0,1,0,1,0,1,0,356661,357494,0,1
8,833,0,1,0,1,2,1,0,360277,361110,0,1
8,750,0,1,1,0,2,1,0,363975,364725,0,0
8,750,0,1,0,1,0,0,1,367524,368274,0,1
8,600,1,0,1,0,2,0,1,371156,371756,0,1
8,933,1,0,1,0,2,1,0,374622,375555,0,1
8,600,0,1,0,1,1,0,1,378187,378787,0,1
8,916,1,0,1,0,2,1,0,381703,382619,0,1
8,667,1,0,1,0,2,0,1,385218,385885,0,1
8,1233,0,1,0,1,0,1,0,388567,389800,0,1
8,983,0,1,0,1,0,1,0,392716,393699,0,1
8,899,0,1,0,1,0,0,1,396365,397264,0,1
8,850,0,1,0,1,0,1,0,400230,401080,0,1
8,900,0,1,1,0,1,1,0,404029,404929,0,0
8,600,1,0,1,0,1,0,1,407944,408544,0,1
8,900,1,0,1,0,1,1,0,411493,412393,0,1
8,950,0,1,1,0,0,1,0,415292,416242,0,0
8,983,1,0,1,0,2,1,0,419224,420207,0,1
8,933,0,1,1,0,0,1,0,422806,423739,0,0
8,900,0,1,0,1,0,0,1,426305,427205,0,1
8,767,0,1,1,0,2,1,0,429737,430504,0,0
8,699,1,0,1,0,0,0,1,433153,433852,0,1
8,666,1,0,1,0,2,0,1,436402,437068,0,1
8,483,1,0,1,0,0,1,0,439717,440200,0,1
8,833,0,1,0,1,0,1,0,443116,443949,0,1
8,817,1,0,1,0,1,1,0,446698,447515,0,1
8,767,0,1,0,1,1,1,0,450430,451197,0,1
8,533,0,1,0,1,0,0,1,454146,454679,0,1
8,783,1,0,1,0,2,0,1,457395,458178,0,1
8,633,0,1,0,1,2,0,1,460794,461427,0,1
8,933,1,0,1,0,0,1,0,464126,465059,0,1
8,1033,1,0,1,0,0,0,1,467841,468874,0,1
8,733,0,1,0,1,0,0,1,471823,472556,0,1
8,767,1,0,1,0,2,0,1,475322,476089,0,1
8,683,0,1,0,1,0,0,1,478838,479521,0,1
8,550,1,0,1,0,2,1,0,482153,482703,0,1
8,733,1,0,1,0,1,0,1,485419,486152,0,1
8,850,1,0,1,0,2,1,0,489084,489934,0,1
8,933,1,0,0,1,0,0,1,492750,493683,0,0
8,1299,0,0,1,0,2,1,0,496582,497881,1,NaN
8,1233,0,1,0,1,1,0,1,500681,501914,0,1
8,783,0,1,0,1,0,0,1,504596,505379,0,1
8,1300,0,0,1,0,0,1,0,508061,509361,1,NaN
8,767,1,0,1,0,0,0,1,512343,513110,0,1
8,767,0,1,0,1,2,0,1,516042,516809,0,1
8,783,0,1,1,0,1,1,0,519358,520141,0,0
8,767,1,0,1,0,0,0,1,522773,523540,0,1
8,667,1,0,1,0,2,1,0,526122,526789,0,1
8,916,1,0,1,0,2,0,1,529488,530404,0,1
8,1133,1,0,1,0,2,0,1,533370,534503,0,1
8,1300,0,0,0,1,1,0,1,537335,538635,1,NaN
8,667,0,1,1,0,0,1,0,541367,542034,0,0
8,750,0,1,1,0,2,0,1,544716,545466,0,0
8,433,1,0,0,1,1,1,0,548482,548915,0,0
8,583,0,1,0,1,1,0,1,551797,552380,0,1
8,1049,0,1,0,1,0,0,1,571500,572549,0,1
8,517,0,1,1,0,0,1,0,575265,575782,0,0
8,716,0,1,0,1,1,0,1,578731,579447,0,1
8,650,1,0,1,0,2,0,1,582446,583096,0,1
8,966,1,0,0,1,1,0,1,585712,586678,0,0
8,917,0,1,0,1,2,1,0,589460,590377,0,1
8,983,0,1,0,1,1,1,0,593176,594159,0,1
8,750,0,1,0,1,1,0,1,596691,597441,0,1
8,934,0,1,0,1,0,0,1,600373,601307,0,1
8,633,1,0,1,0,0,1,0,603956,604589,0,1
8,1299,0,0,1,0,2,0,1,607388,608687,1,NaN
8,633,1,0,1,0,0,1,0,611670,612303,0,1
8,650,0,1,0,1,1,1,0,615102,615752,0,1
8,750,0,1,1,0,1,1,0,618767,619517,0,0
8,967,0,1,0,1,1,0,1,622166,623133,0,1
8,516,1,0,1,0,0,0,1,626032,626548,0,1
8,566,1,0,1,0,2,1,0,629581,630147,0,1
8,500,1,0,1,0,2,1,0,633129,633629,0,1
8,800,0,1,0,1,1,0,1,636278,637078,0,1
8,966,0,1,0,1,0,1,0,639761,640727,0,1
8,783,0,1,1,0,2,1,0,643743,644526,0,0
8,850,0,1,1,0,2,1,0,647225,648075,0,0
8,666,1,0,1,0,1,0,1,650824,651490,0,1
8,700,1,0,1,0,0,0,1,654422,655122,0,1
8,1199,0,1,1,0,1,0,1,657805,659004,0,0
8,783,0,1,0,1,1,1,0,661687,662470,0,1
8,633,1,0,1,0,2,1,0,665102,665735,0,1
8,750,0,1,0,1,0,0,1,668351,669101,0,1
8,699,0,1,0,1,0,1,0,671867,672566,0,1
8,733,1,0,1,0,0,0,1,675499,676232,0,1
8,717,1,0,1,0,2,0,1,678831,679548,0,1
8,783,1,0,1,0,0,0,1,682363,683146,0,1
8,666,1,0,1,0,1,1,0,685879,686545,0,1
8,699,0,1,0,1,1,0,1,689178,689877,0,1
8,683,1,0,1,0,0,0,1,692760,693443,0,1
8,517,1,0,1,0,0,0,1,696125,696642,0,1
8,567,1,0,1,0,2,0,1,699374,699941,0,1
8,683,1,0,1,0,1,1,0,702940,703623,0,1
8,599,1,0,1,0,1,1,0,706639,707238,0,1
8,716,1,0,1,0,1,0,1,709838,710554,0,1
8,767,0,1,0,1,0,1,0,713536,714303,0,1
8,650,0,1,0,1,0,1,0,717218,717868,0,1
8,733,1,0,1,0,2,0,1,720684,721417,0,1
8,800,0,1,0,1,0,0,1,724233,725033,0,1
8,566,1,0,1,0,0,0,1,727932,728498,0,1
8,534,1,0,1,0,1,1,0,731380,731914,0,1
8,550,1,0,1,0,2,0,1,734813,735363,0,1
8,683,0,1,0,1,1,1,0,738145,738828,0,1
8,766,0,1,0,1,1,1,0,741361,742127,0,1
8,650,1,0,1,0,2,0,1,744893,745543,0,1
8,766,0,1,1,0,2,1,0,748425,749191,0,0
8,767,0,1,0,1,0,0,1,751990,752757,0,1
8,616,1,0,1,0,2,1,0,755306,755922,0,1
8,649,0,1,0,1,2,0,1,758572,759221,0,1
8,617,0,1,1,0,2,1,0,761987,762604,0,0
8,616,0,1,0,1,2,1,0,765153,765769,0,1
8,633,0,1,0,1,1,1,0,768718,769351,0,1
8,616,0,1,0,1,1,0,1,772184,772800,0,1
8,666,0,1,0,1,1,1,0,775533,776199,0,1
8,700,1,0,1,0,2,1,0,779015,779715,0,1
8,567,0,1,0,1,2,1,0,782597,783164,0,1
8,666,0,1,0,1,0,0,1,786113,786779,0,1
8,683,0,1,0,1,2,0,1,789595,790278,0,1
8,650,1,0,1,0,0,1,0,793060,793710,0,1
8,649,1,0,1,0,0,1,0,796243,796892,0,1
8,816,0,1,1,0,2,1,0,799625,800441,0,0
8,550,1,0,1,0,2,0,1,802990,803540,0,1
8,1282,0,1,0,1,1,1,0,806473,807755,0,1
8,700,0,1,0,1,1,1,0,810421,811121,0,1
8,916,1,0,1,0,2,1,0,813987,814903,0,1
8,733,0,1,0,1,1,1,0,817486,818219,0,1
8,683,1,0,1,0,0,0,1,821168,821851,0,1
8,667,1,0,1,0,2,0,1,824716,825383,0,1
8,667,0,1,0,1,2,0,1,845202,845869,0,1
8,583,0,1,0,1,0,1,0,848668,849251,0,1
8,533,1,0,1,0,1,1,0,852117,852650,0,1
8,566,0,1,0,1,1,0,1,855516,856082,0,1
8,550,1,0,1,0,0,1,0,858864,859414,0,1
8,683,1,0,1,0,0,0,1,862330,863013,0,1
8,600,0,1,1,0,2,1,0,865629,866229,0,0
8,750,0,1,0,1,0,0,1,869061,869811,0,1
8,600,0,1,0,1,0,1,0,872510,873110,0,1
8,750,1,0,1,0,2,0,1,876009,876759,0,1
8,684,0,1,0,1,1,0,1,879324,880008,0,1
8,983,1,0,1,0,1,0,1,882890,883873,0,1
8,800,0,1,0,1,1,0,1,886505,887305,0,1
8,1033,0,1,0,1,2,0,1,889871,890904,0,1
8,600,0,1,0,1,0,1,0,893670,894270,0,1
8,617,0,1,0,1,2,0,1,896802,897419,0,1
8,549,0,1,0,1,1,1,0,900068,900617,0,1
8,533,0,1,1,0,2,1,0,903283,903816,0,0
8,833,0,1,0,1,1,1,0,906549,907382,0,1
8,600,0,1,0,1,1,0,1,910181,910781,0,1
8,699,0,1,1,0,0,1,0,913497,914196,0,0
8,833,0,1,0,1,1,1,0,917029,917862,0,1
8,750,1,0,1,0,2,0,1,920411,921161,0,1
8,783,0,1,1,0,1,0,1,924060,924843,0,0
8,716,1,0,1,0,0,1,0,927609,928325,0,1
8,683,0,1,0,1,0,1,0,931124,931807,0,1
8,800,0,1,0,1,2,1,0,934656,935456,0,1
8,733,0,1,0,1,2,1,0,938438,939171,0,1
8,700,0,1,0,1,0,0,1,941754,942454,0,1
8,633,0,1,0,1,1,0,1,945136,945769,0,1
8,600,0,1,1,0,0,1,0,948402,949002,0,0
8,583,0,1,1,0,1,1,0,951834,952417,0,0
8,583,0,1,0,1,1,0,1,955166,955749,0,1
8,683,0,1,0,1,0,0,1,958748,959431,0,1
8,616,0,1,1,0,2,1,0,962114,962730,0,0
8,667,1,0,1,0,2,0,1,965579,966246,0,1
8,599,0,1,0,1,1,1,0,969062,969661,0,1
8,517,0,1,0,1,1,0,1,972610,973127,0,1
8,633,0,1,0,1,1,0,1,976043,976676,0,1
8,717,1,0,1,0,1,0,1,979641,980358,0,1
8,649,0,1,1,0,2,0,1,983174,983823,0,0
8,733,0,1,0,1,1,1,0,986806,987539,0,1
8,567,1,0,1,0,0,1,0,990188,990755,0,1
8,567,0,1,0,1,1,1,0,993570,994137,0,1
8,700,1,0,1,0,2,1,0,996736,997436,0,1
8,583,1,0,1,0,1,0,1,999985,1000568,0,1
8,533,1,0,1,0,1,1,0,1003317,1003850,0,1
8,750,0,1,0,1,0,1,0,1006599,1007349,0,1
8,500,1,0,1,0,2,0,1,1010315,1010815,0,1
8,783,1,0,0,1,1,1,0,1013464,1014247,0,0
8,550,0,1,0,1,2,0,1,1017046,1017596,0,1
8,416,0,1,1,0,1,0,1,1020295,1020711,0,0
8,567,1,0,1,0,2,1,0,1023427,1023994,0,1
8,616,1,0,1,0,0,0,1,1026543,1027159,0,1
8,600,0,1,0,1,2,1,0,1030008,1030608,0,1
8,650,0,1,0,1,0,0,1,1033274,1033924,0,1
8,517,0,1,0,1,1,0,1,1036689,1037206,0,1
8,617,0,1,1,0,1,1,0,1040188,1040805,0,0
8,650,0,1,1,0,0,1,0,1043604,1044254,0,0
8,783,0,1,0,1,2,0,1,1047203,1047986,0,1
8,884,1,0,1,0,0,1,0,1050551,1051435,0,1
8,616,0,1,0,1,1,0,1,1053984,1054600,0,1
8,466,1,0,1,0,1,0,1,1057366,1057832,0,1
8,616,0,1,0,1,2,0,1,1060382,1060998,0,1
8,533,1,0,1,0,2,0,1,1063897,1064430,0,1
8,533,0,1,0,1,1,1,0,1067196,1067729,0,1
8,533,0,1,0,1,2,1,0,1070595,1071128,0,1
8,467,0,1,0,1,1,1,0,1074060,1074527,0,1
8,633,1,0,1,0,0,0,1,1077326,1077959,0,1
8,650,1,0,1,0,1,0,1,1080758,1081408,0,1
8,700,0,1,0,1,1,0,1,1084157,1084857,0,1
8,483,0,1,0,1,1,0,1,1087656,1088139,0,1
8,666,0,1,0,1,0,1,0,1090805,1091471,0,1
8,767,1,0,1,0,2,1,0,1112634,1113401,0,1
8,633,1,0,1,0,0,0,1,1116366,1116999,0,1
8,1066,0,1,0,1,1,1,0,1119932,1120998,0,1
8,749,0,1,0,1,1,1,0,1123531,1124280,0,1
8,617,0,1,0,1,1,0,1,1127146,1127763,0,1
8,616,1,0,1,0,2,1,0,1130662,1131278,0,1
8,617,1,0,1,0,2,0,1,1133810,1134427,0,1
8,1083,0,1,0,1,1,0,1,1136959,1138042,0,1
8,616,1,0,1,0,0,0,1,1140625,1141241,0,1
8,633,0,1,0,1,1,0,1,1143774,1144407,0,1
8,816,0,1,0,1,2,1,0,1147023,1147839,0,1
8,733,0,1,0,1,2,1,0,1150838,1151571,0,1
8,800,0,1,0,1,1,1,0,1154337,1155137,0,1
8,583,0,1,0,1,1,0,1,1158119,1158702,0,1
8,567,0,1,0,1,0,0,1,1161318,1161885,0,1
8,566,0,1,0,1,1,1,0,1164884,1165450,0,1
8,583,0,1,0,1,1,1,0,1168066,1168649,0,1
8,667,0,1,0,1,2,0,1,1171331,1171998,0,1
8,517,0,1,0,1,1,1,0,1174780,1175297,0,1
8,600,1,0,1,0,0,1,0,1177829,1178429,0,1
8,667,0,1,1,0,1,0,1,1181278,1181945,0,0
8,633,1,0,1,0,2,1,0,1184627,1185260,0,1
8,650,0,1,1,0,1,1,0,1187943,1188593,0,0
8,616,0,1,0,1,0,1,0,1191492,1192108,0,1
8,583,0,1,0,1,1,0,1,1195057,1195640,0,1
8,567,1,0,1,0,0,1,0,1198339,1198906,0,1
8,717,0,1,0,1,2,1,0,1201488,1202205,0,1
8,500,1,0,1,0,0,1,0,1205004,1205504,0,1
8,450,1,0,1,0,0,0,1,1208103,1208553,0,1
8,683,0,1,0,1,0,1,0,1211235,1211918,0,1
8,866,0,1,0,1,2,1,0,1214834,1215700,0,1
8,550,1,0,1,0,2,1,0,1218483,1219033,0,1
8,466,1,0,1,0,2,0,1,1221665,1222131,0,1
8,667,0,1,0,1,2,0,1,1224997,1225664,0,1
8,733,0,1,0,1,0,1,0,1228529,1229262,0,1
8,683,0,1,0,1,1,1,0,1232178,1232861,0,1
8,816,0,1,0,1,1,1,0,1235727,1236543,0,1
8,550,0,1,0,1,1,1,0,1239259,1239809,0,1
8,567,1,0,1,0,0,0,1,1242391,1242958,0,1
8,866,0,1,0,1,1,0,1,1245707,1246573,0,1
8,534,0,1,1,0,2,1,0,1249372,1249906,0,0
8,933,0,1,1,0,1,1,0,1252821,1253754,0,0
8,517,1,0,1,0,2,0,1,1256770,1257287,0,1
8,599,1,0,1,0,2,0,1,1260136,1260735,0,1
8,634,0,1,0,1,0,0,1,1263684,1264318,0,1
8,733,0,1,0,1,0,0,1,1267350,1268083,0,1
8,700,0,1,0,1,1,1,0,1270615,1271315,0,1
8,666,0,1,0,1,2,1,0,1274231,1274897,0,1
8,566,0,1,0,1,2,0,1,1277780,1278346,0,1
8,884,0,1,0,1,0,1,0,1280895,1281779,0,1
8,983,1,0,1,0,0,1,0,1284328,1285311,0,1
8,600,0,1,0,1,0,0,1,1288126,1288726,0,1
8,616,1,0,1,0,2,1,0,1291309,1291925,0,1
8,616,0,1,0,1,1,0,1,1294841,1295457,0,1
8,916,0,1,0,1,0,1,0,1298340,1299256,0,1
8,483,0,1,0,1,0,0,1,1301955,1302438,0,1
8,1083,1,0,1,0,2,0,1,1305071,1306154,0,1
8,550,0,1,0,1,0,1,0,1309069,1309619,0,1
8,500,0,1,1,0,0,1,0,1312252,1312752,0,0
8,733,1,0,1,0,0,1,0,1315617,1316350,0,1
8,667,0,1,0,1,2,1,0,1319116,1319783,0,1
8,583,0,1,0,1,1,1,0,1322615,1323198,0,1
8,1067,0,1,1,0,0,0,1,1325847,1326914,0,0
8,733,1,0,1,0,0,0,1,1329613,1330346,0,1
8,533,0,1,0,1,0,0,1,1333062,1333595,0,1
8,617,0,1,0,1,2,1,0,1336127,1336744,0,1
8,600,1,0,1,0,2,0,1,1339593,1340193,0,1
8,667,0,1,0,1,0,1,0,1342925,1343592,0,1
8,667,0,1,0,1,1,1,0,1346157,1346824,0,1
9,400,0,1,0,1,1,1,0,18688,19088,0,1
9,617,1,0,0,1,0,0,1,21987,22604,0,0
9,700,1,0,0,1,1,0,1,25619,26319,0,0
9,733,1,0,0,1,1,1,0,29018,29751,0,0
9,583,1,0,1,0,0,0,1,32450,33033,0,1
9,883,0,1,1,0,0,1,0,36016,36899,0,0
9,500,1,0,1,0,2,1,0,39748,40248,0,1
9,683,1,0,0,1,1,0,1,42814,43497,0,0
9,666,1,0,1,0,1,1,0,46196,46862,0,1
9,583,1,0,0,1,1,0,1,49428,50011,0,0
9,650,1,0,1,0,1,0,1,52927,53577,0,1
9,533,1,0,0,1,1,1,0,56276,56809,0,0
9,516,1,0,1,0,1,0,1,59675,60191,0,1
9,450,1,0,1,0,2,0,1,63007,63457,0,1
9,583,1,0,0,1,1,0,1,66073,66656,0,0
9,567,1,0,1,0,0,0,1,69588,70155,0,1
9,550,1,0,1,0,2,1,0,72987,73537,0,1
9,616,1,0,0,1,2,0,1,76086,76702,0,0
9,983,0,1,1,0,0,1,0,79735,80718,0,0
9,783,0,1,0,1,0,0,1,83467,84250,0,1
9,667,0,1,0,1,1,0,1,86899,87566,0,1
9,966,0,1,0,1,2,1,0,90398,91364,0,1
9,916,0,1,1,0,1,1,0,93947,94863,0,0
9,583,1,0,1,0,0,0,1,97529,98112,0,1
9,917,1,0,0,1,1,1,0,100944,101861,0,0
9,633,1,0,1,0,0,0,1,104693,105326,0,1
9,1116,1,0,1,0,1,0,1,108142,109258,0,1
9,533,1,0,1,0,1,1,0,111891,112424,0,1
9,467,1,0,0,1,1,1,0,115423,115890,0,0
9,616,1,0,1,0,0,0,1,118689,119305,0,1
9,800,1,0,0,1,0,0,1,121871,122671,0,0
9,517,1,0,1,0,0,0,1,125353,125870,0,1
9,433,1,0,1,0,0,1,0,128469,128902,0,1
9,384,1,0,1,0,0,0,1,131634,132018,0,1
9,750,0,1,1,0,0,1,0,134983,135733,0,0
9,716,0,1,0,1,1,0,1,138699,139415,0,1
9,600,1,0,0,1,1,0,1,142081,142681,0,0
9,550,1,0,1,0,2,1,0,145580,146130,0,1
9,666,1,0,1,0,0,1,0,149129,149795,0,1
9,400,1,0,1,0,2,0,1,152727,153127,0,1
9,1016,0,1,0,1,1,1,0,156060,157076,0,1
9,433,1,0,1,0,0,1,0,159675,160108,0,1
9,500,1,0,1,0,0,1,0,162674,163174,0,1
9,567,0,1,0,1,1,1,0,166006,166573,0,1
9,733,0,1,0,1,0,0,1,169289,170022,0,1
9,516,1,0,1,0,2,0,1,172888,173404,0,1
9,533,0,1,0,1,1,1,0,176403,176936,0,1
9,416,1,0,1,0,0,0,1,179952,180368,0,1
9,400,1,0,1,0,2,0,1,183151,183551,0,1
9,683,0,1,1,0,0,1,0,186533,187216,0,0
9,583,1,0,0,1,1,0,1,190015,190598,0,0
9,583,0,1,0,1,1,1,0,193198,193781,0,1
9,650,0,1,0,1,1,1,0,196696,197346,0,1
9,417,1,0,1,0,2,1,0,200162,200579,0,1
9,700,0,1,0,1,2,0,1,203244,203944,0,1
9,667,1,0,1,0,2,0,1,206676,207343,0,1
9,516,1,0,1,0,1,0,1,210309,210825,0,1
9,899,0,1,1,0,2,1,0,213708,214607,0,0
9,916,1,0,1,0,2,1,0,217623,218539,0,1
9,766,0,1,0,1,1,0,1,221522,222288,0,1
9,616,0,1,0,1,1,1,0,224854,225470,0,1
9,684,0,1,0,1,0,0,1,228019,228703,0,1
9,1000,0,1,1,0,1,0,1,231385,232385,0,0
9,550,1,0,1,0,0,0,1,235150,235700,0,1
9,584,1,0,1,0,0,1,0,238299,238883,0,1
9,516,1,0,1,0,2,1,0,241632,242148,0,1
9,467,1,0,1,0,2,0,1,244947,245414,0,1
9,584,0,1,0,1,2,0,1,248429,249013,0,1
9,650,0,1,0,1,1,0,1,251712,252362,0,1
9,733,0,1,0,1,0,1,0,255027,255760,0,1
9,516,1,0,1,0,1,1,0,258443,258959,0,1
9,967,0,1,1,0,2,1,0,261858,262825,0,0
9,516,1,0,1,0,2,0,1,285881,286397,0,1
9,417,1,0,1,0,2,1,0,289246,289663,0,1
9,733,1,0,1,0,0,0,1,292612,293345,0,1
9,533,0,1,0,1,1,1,0,295878,296411,0,1
9,483,1,0,1,0,2,1,0,299193,299676,0,1
9,484,1,0,1,0,2,0,1,302375,302859,0,1
9,584,0,1,0,1,1,0,1,305524,306108,0,1
9,433,1,0,0,1,1,0,1,308840,309273,0,0
9,683,0,1,0,1,1,1,0,311989,312672,0,1
9,849,0,1,0,1,2,0,1,315538,316387,0,1
9,517,1,0,1,0,0,1,0,319336,319853,0,1
9,1116,0,1,1,0,2,0,1,322602,323718,0,0
9,916,0,1,0,1,1,1,0,326268,327184,0,1
9,717,0,1,0,1,2,1,0,329916,330633,0,1
9,683,0,1,0,1,1,0,1,333282,333965,0,1
9,567,1,0,1,0,1,0,1,336647,337214,0,1
9,783,0,1,0,1,2,0,1,340046,340829,0,1
9,767,0,1,0,1,1,1,0,343828,344595,0,1
9,700,0,1,0,1,2,1,0,347244,347944,0,1
9,800,0,1,0,1,0,1,0,350926,351726,0,1
9,1300,0,0,1,0,0,0,1,354408,355708,1,NaN
9,783,0,1,0,1,2,1,0,358507,359290,0,1
9,317,1,0,1,0,2,0,1,362039,362356,0,1
9,633,0,1,1,0,0,1,0,365038,365671,0,0
9,566,1,0,1,0,2,0,1,368254,368820,0,1
9,833,0,1,1,0,1,0,1,371619,372452,0,0
9,617,0,1,0,1,0,0,1,375218,375835,0,1
9,600,1,0,1,0,0,1,0,378450,379050,0,1
9,1033,0,1,0,1,2,1,0,381616,382649,0,1
9,650,1,0,1,0,2,1,0,385315,385965,0,1
9,883,0,1,0,1,0,1,0,388814,389697,0,1
9,633,1,0,1,0,1,1,0,392629,393262,0,1
9,650,0,1,0,1,0,1,0,396028,396678,0,1
9,700,0,1,0,1,2,0,1,399560,400260,0,1
9,666,0,1,0,1,1,1,0,402876,403542,0,1
9,766,0,1,0,1,1,0,1,406208,406974,0,1
9,634,0,1,0,1,2,0,1,409723,410357,0,1
9,400,1,0,1,0,2,0,1,413372,413772,0,1
9,533,1,0,1,0,2,0,1,416388,416921,0,1
9,517,1,0,1,0,1,0,1,419920,420437,0,1
9,467,1,0,1,0,2,0,1,423219,423686,0,1
9,733,0,1,1,0,2,0,1,426701,427434,0,0
9,1050,0,1,0,1,2,0,1,430150,431200,0,1
9,467,0,1,1,0,2,0,1,433965,434432,0,0
9,500,1,0,1,0,2,0,1,437198,437698,0,1
9,567,1,0,1,0,2,0,1,440280,440847,0,1
9,1067,0,1,0,1,1,1,0,443762,444829,0,1
9,866,0,1,0,1,1,1,0,447711,448577,0,1
9,717,0,1,0,1,2,0,1,451476,452193,0,1
9,683,0,1,0,1,0,1,0,455175,455858,0,1
9,600,0,1,0,1,1,1,0,458391,458991,0,1
9,634,0,1,1,0,1,1,0,461856,462490,0,0
9,500,1,0,1,0,2,1,0,465172,465672,0,1
9,700,0,1,0,1,1,1,0,468304,469004,0,1
9,617,0,1,0,1,1,0,1,471686,472303,0,1
9,900,0,1,0,1,0,0,1,475302,476202,0,1
9,1233,0,1,0,1,1,0,1,478834,480067,0,1
9,434,1,0,1,0,2,0,1,482899,483333,0,1
9,717,0,1,0,1,0,1,0,485965,486682,0,1
9,633,1,0,1,0,1,0,1,489464,490097,0,1
9,783,0,1,0,1,1,0,1,492830,493613,0,1
9,783,0,1,0,1,0,1,0,496528,497311,0,1
9,750,1,0,1,0,2,1,0,500010,500760,0,1
9,900,0,1,0,1,0,1,0,503576,504476,0,1
9,767,1,0,1,0,0,1,0,507258,508025,0,1
9,617,0,1,0,1,0,0,1,510790,511407,0,1
9,866,0,1,0,1,1,0,1,514156,515022,0,1
9,583,1,0,1,0,1,0,1,518005,518588,0,1
9,700,0,1,0,1,0,1,0,521470,522170,0,1
9,999,1,0,1,0,2,1,0,524736,525735,0,1
9,967,1,0,0,1,0,0,1,528434,529401,0,0
9,1083,0,1,1,0,1,1,0,532367,533450,0,0
9,833,0,1,0,1,1,0,1,536282,537115,0,1
9,1183,0,1,0,1,1,1,0,553361,554544,0,1
9,683,0,1,0,1,1,0,1,557426,558109,0,1
9,516,1,0,1,0,1,0,1,560942,561458,0,1
9,417,1,0,1,0,2,1,0,564174,564591,0,1
9,550,0,1,0,1,1,0,1,567123,567673,0,1
9,583,1,0,0,1,1,0,1,570522,571105,0,0
9,867,0,1,0,1,0,0,1,573754,574621,0,1
9,483,1,0,1,0,2,1,0,577620,578103,0,1
9,850,1,0,1,0,2,1,0,580752,581602,0,1
9,550,1,0,1,0,0,0,1,584501,585051,0,1
9,549,1,0,1,0,0,0,1,588000,588549,0,1
9,483,1,0,1,0,0,0,1,591315,591798,0,1
9,550,1,0,1,0,2,0,1,594564,595114,0,1
9,467,1,0,1,0,2,1,0,598063,598530,0,1
9,450,1,0,1,0,2,1,0,601512,601962,0,1
9,617,0,1,0,1,0,0,1,604844,605461,0,1
9,1000,0,1,0,1,0,1,0,608476,609476,0,1
9,600,0,1,0,1,0,1,0,612142,612742,0,1
9,567,1,0,1,0,0,1,0,615607,616174,0,1
9,1083,0,1,0,1,1,0,1,618823,619906,0,1
9,1283,0,1,0,1,2,0,1,622472,623755,0,1
9,533,1,0,1,0,0,0,1,626754,627287,0,1
9,1117,0,1,0,1,0,0,1,630302,631419,0,1
9,917,0,1,1,0,0,0,1,634234,635151,0,0
9,567,1,0,1,0,2,1,0,637883,638450,0,1
9,1100,0,1,0,1,1,1,0,640982,642082,0,1
9,933,1,0,0,1,2,1,0,644881,645814,0,0
9,767,1,0,1,0,0,1,0,648513,649280,0,1
9,667,0,1,0,1,1,0,1,652228,652895,0,1
9,733,0,1,0,1,0,0,1,655494,656227,0,1
9,567,1,0,1,0,0,1,0,658876,659443,0,1
9,1216,0,1,0,1,1,0,1,662425,663641,0,1
9,866,1,0,1,0,0,0,1,666291,667157,0,1
9,733,0,1,0,1,1,0,1,669756,670489,0,1
9,766,1,0,1,0,1,1,0,673272,674038,0,1
9,650,0,1,0,1,0,0,1,676587,677237,0,1
9,684,0,1,0,1,2,0,1,679919,680603,0,1
9,883,0,1,0,1,1,1,0,683318,684201,0,1
9,1216,1,0,0,1,2,0,1,686934,688150,0,0
9,1299,0,0,1,0,1,0,1,690683,691982,1,NaN
9,900,0,1,0,1,1,1,0,695114,696014,0,1
9,550,1,0,1,0,2,0,1,698880,699430,0,1
9,950,1,0,1,0,2,1,0,702295,703245,0,1
9,650,1,0,1,0,2,0,1,706211,706861,0,1
9,534,1,0,1,0,2,0,1,709526,710060,0,1
9,1167,1,0,0,1,1,0,1,712825,713992,0,0
9,1299,0,0,0,1,2,1,0,716874,718173,1,NaN
9,616,1,0,1,0,2,1,0,721223,721839,0,1
9,484,1,0,1,0,2,0,1,724421,724905,0,1
9,483,1,0,1,0,2,0,1,727737,728220,0,1
9,1016,0,1,0,1,0,0,1,731203,732219,0,1
9,816,1,0,1,0,0,1,0,735135,735951,0,1
9,467,1,0,1,0,2,0,1,738750,739217,0,1
9,933,0,1,0,1,0,0,1,741866,742799,0,1
9,1016,1,0,1,0,1,1,0,745698,746714,0,1
9,583,1,0,1,0,0,1,0,749413,749996,0,1
9,1266,0,1,0,1,1,1,0,752762,754028,0,1
9,783,0,1,0,1,1,0,1,756994,757777,0,1
9,516,0,1,1,0,1,1,0,760593,761109,0,0
9,917,0,1,0,1,0,1,0,763958,764875,0,1
9,1017,0,1,0,1,2,1,0,767557,768574,0,1
9,866,0,1,0,1,0,0,1,771273,772139,0,1
9,600,1,0,1,0,0,0,1,774988,775588,0,1
9,1000,1,0,1,0,2,0,1,778520,779520,0,1
9,817,0,1,0,1,2,0,1,782402,783219,0,1
9,583,1,0,1,0,2,1,0,786018,786601,0,1
9,750,0,1,0,1,1,0,1,789450,790200,0,1
9,1049,0,1,0,1,1,1,0,792966,794015,0,1
9,583,0,1,0,1,1,0,1,797031,797614,0,1
9,916,0,1,0,1,1,0,1,800147,801063,0,1
9,566,1,0,1,0,2,0,1,803962,804528,0,1
9,1016,0,1,0,1,0,0,1,807211,808227,0,1
9,666,1,0,1,0,1,1,0,810993,811659,0,1
9,650,1,0,1,0,2,0,1,824502,825152,0,1
9,550,1,0,1,0,0,0,1,827718,828268,0,1
9,517,1,0,1,0,1,0,1,831000,831517,0,1
9,516,1,0,1,0,2,0,1,834166,834682,0,1
9,550,1,0,1,0,2,0,1,837648,838198,0,1
9,967,0,1,0,1,0,1,0,840963,841930,0,1
9,700,0,1,0,1,0,1,0,844695,845395,0,1
9,1299,0,0,1,0,1,1,0,848328,849627,1,NaN
9,700,0,1,0,1,0,1,0,852326,853026,0,1
9,1099,1,0,0,1,0,1,0,855992,857091,0,0
9,800,0,1,0,1,0,1,0,859940,860740,0,1
9,1283,0,1,0,1,1,0,1,863606,864889,0,1
9,1299,0,0,0,1,2,1,0,867855,869154,1,NaN
9,617,1,0,1,0,2,1,0,872286,872903,0,1
9,517,1,0,1,0,1,1,0,875685,876202,0,1
9,533,1,0,0,1,0,0,1,879051,879584,0,0
9,999,0,1,0,1,0,1,0,882450,883449,0,1
9,666,0,1,0,1,0,0,1,885999,886665,0,1
9,633,1,0,1,0,1,1,0,889614,890247,0,1
9,866,0,1,0,1,2,1,0,893180,894046,0,1
9,1000,0,1,0,1,1,1,0,896928,897928,0,1
9,717,0,1,0,1,1,0,1,900727,901444,0,1
9,650,0,1,0,1,1,1,0,904059,904709,0,1
9,1300,0,0,1,0,2,1,0,907608,908908,1,NaN
9,1066,0,1,0,1,0,1,0,911640,912706,0,1
9,900,0,1,1,0,2,1,0,915272,916172,0,0
9,666,1,0,1,0,0,0,1,918838,919504,0,1
9,717,1,0,1,0,2,1,0,922053,922770,0,1
9,899,0,1,0,1,0,0,1,925436,926335,0,1
9,600,0,1,0,1,0,0,1,929268,929868,0,1
9,817,1,0,1,0,0,1,0,932683,933500,0,1
9,733,0,1,0,1,0,0,1,936415,937148,0,1
9,649,1,0,1,0,1,0,1,939698,940347,0,1
9,1300,0,0,1,0,0,1,0,943213,944513,1,NaN
9,717,1,0,1,0,2,1,0,947278,947995,0,1
9,666,0,1,0,1,0,1,0,950744,951410,0,1
9,667,1,0,1,0,2,1,0,954426,955093,0,1
9,816,1,0,0,1,2,0,1,958075,958891,0,0
9,983,0,1,0,1,1,0,1,961807,962790,0,1
9,983,0,1,1,0,2,1,0,965739,966722,0,0
9,1300,0,0,0,1,2,1,0,969471,970771,1,NaN
9,733,0,1,0,1,0,0,1,973920,974653,0,1
9,700,0,1,0,1,2,1,0,977435,978135,0,1
9,1250,0,1,0,1,2,0,1,981067,982317,0,1
9,1100,1,0,1,0,0,1,0,984966,986066,0,1
9,1083,0,1,0,1,0,0,1,989065,990148,0,1
9,734,0,1,0,1,0,1,0,992763,993497,0,1
9,450,1,0,1,0,2,0,1,996112,996562,0,1
9,650,1,0,1,0,0,1,0,999561,1000211,0,1
9,550,1,0,1,0,0,0,1,1002977,1003527,0,1
9,716,0,1,0,1,0,1,0,1006459,1007175,0,1
9,867,1,0,1,0,2,0,1,1009874,1010741,0,1
9,650,1,0,1,0,0,1,0,1013390,1014040,0,1
9,716,0,1,0,1,1,1,0,1016839,1017555,0,1
9,783,0,1,0,1,2,1,0,1020271,1021054,0,1
9,984,0,1,0,1,0,1,0,1023936,1024920,0,1
9,866,0,1,0,1,0,1,0,1027569,1028435,0,1
9,650,0,1,1,0,2,1,0,1031184,1031834,0,0
9,650,1,0,1,0,0,1,0,1034400,1035050,0,1
9,750,0,1,0,1,1,1,0,1037582,1038332,0,1
9,950,0,1,1,0,0,1,0,1041314,1042264,0,0
9,783,1,0,1,0,2,1,0,1045146,1045929,0,1
9,634,1,0,1,0,2,0,1,1048728,1049362,0,1
9,750,1,0,0,1,2,0,1,1052360,1053110,0,0
9,600,1,0,1,0,1,0,1,1055959,1056559,0,1
9,1300,0,0,1,0,0,1,0,1059108,1060408,1,NaN
9,1300,0,0,0,1,1,0,1,1063490,1064790,1,NaN
9,934,0,1,0,1,1,1,0,1067705,1068639,0,1
9,650,1,0,1,0,2,1,0,1071204,1071854,0,1
9,566,1,0,1,0,2,1,0,1074670,1075236,0,1
9,700,1,0,1,0,0,0,1,1077985,1078685,0,1
9,933,0,1,0,1,1,1,0,1081601,1082534,0,1
9,1300,0,0,0,1,2,1,0,1085133,1086433,1,NaN
9,950,0,1,0,1,0,1,0,1103775,1104725,0,1
9,1016,0,1,0,1,1,1,0,1107391,1108407,0,1
9,1016,0,1,0,1,1,0,1,1110973,1111989,0,1
9,550,1,0,1,0,2,0,1,1114672,1115222,0,1
9,1000,0,1,0,1,1,0,1,1117937,1118937,0,1
9,484,1,0,1,0,2,1,0,1121469,1121953,0,1
9,467,0,1,1,0,1,0,1,1124668,1125135,0,0
9,500,1,0,1,0,0,0,1,1128034,1128534,0,1
9,600,1,0,1,0,0,0,1,1131233,1131833,0,1
9,750,0,1,0,1,1,1,0,1134482,1135232,0,1
9,583,1,0,1,0,0,1,0,1137831,1138414,0,1
9,600,1,0,1,0,2,0,1,1140980,1141580,0,1
9,550,1,0,1,0,0,1,0,1144295,1144845,0,1
9,550,1,0,1,0,0,0,1,1147444,1147994,0,1
9,650,0,1,0,1,1,0,1,1150610,1151260,0,1
9,1049,1,0,1,0,2,0,1,1154059,1155108,0,1
9,666,1,0,0,1,1,1,0,1157891,1158557,0,0
9,616,1,0,1,0,0,0,1,1161340,1161956,0,1
9,1300,0,0,1,0,1,1,0,1164805,1166105,1,NaN
9,599,1,0,1,0,1,0,1,1168821,1169420,0,1
9,983,1,0,0,1,2,1,0,1172119,1173102,0,0
9,983,0,1,0,1,1,1,0,1175835,1176818,0,1
9,533,1,0,1,0,2,1,0,1179700,1180233,0,1
9,483,1,0,1,0,2,0,1,1183149,1183632,0,1
9,1067,1,0,0,1,0,0,1,1186581,1187648,0,0
9,534,1,0,1,0,2,1,0,1190363,1190897,0,1
9,750,1,0,1,0,0,1,0,1193579,1194329,0,1
9,466,1,0,1,0,0,0,1,1197278,1197744,0,1
9,500,1,0,1,0,2,0,1,1200377,1200877,0,1
9,916,0,1,0,1,0,0,1,1203709,1204625,0,1
9,450,1,0,1,0,2,1,0,1207291,1207741,0,1
9,967,1,0,1,0,0,0,1,1210423,1211390,0,1
9,649,1,0,1,0,2,1,0,1214056,1214705,0,1
9,600,1,0,1,0,2,0,1,1217604,1218204,0,1
9,1066,0,1,0,1,1,1,0,1221170,1222236,0,1
9,1217,0,1,0,1,0,0,1,1224935,1226152,0,1
9,783,0,1,0,1,0,1,0,1229084,1229867,0,1
9,834,0,1,0,1,0,1,0,1232849,1233683,0,1
9,650,0,1,0,1,1,0,1,1236398,1237048,0,1
9,683,0,1,0,1,1,1,0,1239631,1240314,0,1
9,583,1,0,1,0,1,0,1,1243296,1243879,0,1
9,883,0,1,0,1,0,1,0,1246578,1247461,0,1
9,683,0,1,0,1,1,0,1,1250127,1250810,0,1
9,783,1,0,1,0,0,0,1,1253809,1254592,0,1
9,850,1,0,1,0,1,1,0,1257141,1257991,0,1
9,1017,1,0,1,0,2,1,0,1260840,1261857,0,1
9,616,1,0,1,0,2,0,1,1264506,1265122,0,1
9,700,1,0,1,0,1,1,0,1267821,1268521,0,1
9,1066,0,1,0,1,0,0,1,1271187,1272253,0,1
9,650,1,0,1,0,2,1,0,1275152,1275802,0,1
9,1066,1,0,1,0,1,1,0,1278651,1279717,0,1
9,1233,0,1,0,1,1,1,0,1282666,1283899,0,1
9,900,0,1,0,1,1,0,1,1286515,1287415,0,1
9,984,0,1,0,1,1,1,0,1290430,1291414,0,1
9,516,1,0,1,0,2,0,1,1294013,1294529,0,1
9,700,0,1,0,1,2,0,1,1297478,1298178,0,1
9,634,0,1,0,1,2,1,0,1300910,1301544,0,1
9,1000,0,1,0,1,1,1,0,1304559,1305559,0,1
9,966,0,1,0,1,2,0,1,1308308,1309274,0,1
9,850,0,1,0,1,0,0,1,1311873,1312723,0,1
9,850,0,1,0,1,0,1,0,1315522,1316372,0,1
9,833,0,1,0,1,1,1,0,1319221,1320054,0,1
9,1066,0,1,1,0,2,1,0,1322737,1323803,0,0
9,1133,0,1,0,1,1,0,1,1326502,1327635,0,1
9,1149,0,1,0,1,0,1,0,1330601,1331750,0,1
9,600,1,0,1,0,0,1,0,1334299,1334899,0,1
9,567,1,0,1,0,0,0,1,1337465,1338032,0,1
9,700,0,1,0,1,2,1,0,1340597,1341297,0,1
9,700,0,1,0,1,2,1,0,1343896,1344596,0,1
10,566,1,0,1,0,0,0,1,23437,24003,0,1
10,483,1,0,1,0,0,1,0,26969,27452,0,1
10,450,1,0,1,0,0,1,0,30451,30901,0,1
10,483,1,0,0,1,1,0,1,33917,34400,0,0
10,450,1,0,0,1,0,0,1,37349,37799,0,0
10,466,1,0,1,0,1,0,1,40781,41247,0,1
10,417,1,0,1,0,1,1,0,44013,44430,0,1
10,433,1,0,1,0,2,0,1,47062,47495,0,1
10,333,1,0,1,0,2,0,1,50478,50811,0,1
10,850,0,1,0,1,1,0,1,53477,54327,0,1
10,600,0,1,0,1,1,0,1,56892,57492,0,1
10,400,1,0,1,0,2,1,0,60125,60525,0,1
10,599,1,0,0,1,1,0,1,63174,63773,0,0
10,733,0,1,0,1,0,0,1,66373,67106,0,1
10,534,1,0,1,0,0,0,1,69721,70255,0,1
10,417,1,0,1,0,1,0,1,73287,73704,0,1
10,416,1,0,1,0,0,0,1,76536,76952,0,1
10,450,1,0,1,0,0,1,0,79635,80085,0,1
10,583,1,0,1,0,1,0,1,83084,83667,0,1
10,500,1,0,1,0,0,0,1,86633,87133,0,1
10,716,0,1,0,1,1,1,0,89682,90398,0,1
10,500,1,0,1,0,2,1,0,93147,93647,0,1
10,816,1,0,1,0,1,1,0,96263,97079,0,1
10,350,1,0,1,0,0,1,0,99795,100145,0,1
10,366,1,0,1,0,2,1,0,103044,103410,0,1
10,383,1,0,1,0,0,1,0,106276,106659,0,1
10,549,0,1,0,1,0,0,1,109259,109808,0,1
10,633,0,1,0,1,1,1,0,112341,112974,0,1
10,500,1,0,1,0,2,1,0,115806,116306,0,1
10,550,0,1,0,1,0,0,1,118889,119439,0,1
10,383,0,1,0,1,0,0,1,122121,122504,0,1
10,500,0,1,0,1,1,1,0,125153,125653,0,1
10,350,0,1,1,0,1,1,0,128536,128886,0,0
10,350,1,0,1,0,2,1,0,131718,132068,0,1
10,485,0,1,0,1,1,0,1,134784,135269,0,1
10,300,1,0,0,1,0,1,0,138232,138532,0,0
10,450,1,0,1,0,0,0,1,141248,141698,0,1
10,617,0,1,0,1,2,1,0,144580,145197,0,1
10,716,1,0,1,0,0,0,1,147896,148612,0,1
10,534,0,1,1,0,0,0,1,151511,152045,0,0
10,500,0,1,0,1,1,1,0,154827,155327,0,1
10,683,0,1,0,1,0,0,1,157926,158609,0,1
10,550,0,1,0,1,0,1,0,161508,162058,0,1
10,750,1,0,1,0,1,1,0,164757,165507,0,1
10,549,0,1,0,1,1,1,0,168073,168622,0,1
10,367,0,1,0,1,1,0,1,171188,171555,0,1
10,549,1,0,1,0,2,0,1,174321,174870,0,1
10,650,0,1,1,0,0,1,0,177719,178369,0,0
10,450,1,0,1,0,2,0,1,181385,181835,0,1
10,583,0,1,0,1,0,1,0,184817,185400,0,1
10,784,0,1,0,1,2,1,0,187949,188733,0,1
10,549,0,1,1,0,0,1,0,191732,192281,0,0
10,567,0,1,0,1,2,0,1,195147,195714,0,1
10,683,0,1,1,0,1,0,1,198363,199046,0,0
10,600,0,1,1,0,0,1,0,201795,202395,0,0
10,416,1,0,1,0,2,0,1,204994,205410,0,1
10,500,0,1,0,1,2,1,0,208043,208543,0,1
10,734,0,1,0,1,1,0,1,211308,212042,0,1
10,583,0,1,0,1,0,1,0,214941,215524,0,1
10,717,0,1,0,1,1,1,0,218156,218873,0,1
10,483,0,1,0,1,0,1,0,221555,222038,0,1
10,350,1,0,1,0,2,0,1,224954,225304,0,1
10,616,0,1,1,0,1,1,0,227870,228486,0,0
10,516,0,1,0,1,1,0,1,231302,231818,0,1
10,533,0,1,0,1,0,1,0,234601,235134,0,1
10,716,1,0,0,1,1,0,1,237667,238383,0,0
10,366,1,0,1,0,2,0,1,240999,241365,0,1
10,634,0,1,0,1,1,0,1,244314,244948,0,1
10,583,1,0,1,0,0,0,1,247647,248230,0,1
10,433,1,0,1,0,0,1,0,250762,251195,0,1
10,483,0,1,1,0,2,1,0,253928,254411,0,0
10,767,0,1,0,1,2,1,0,257393,258160,0,1
10,883,1,0,1,0,2,1,0,279853,280736,0,1
10,700,0,1,0,1,1,1,0,283335,284035,0,1
10,550,1,0,1,0,2,1,0,286600,287150,0,1
10,600,1,0,1,0,1,0,1,289899,290499,0,1
10,450,1,0,1,0,2,0,1,293431,293881,0,1
10,450,0,1,0,1,1,0,1,296714,297164,0,1
10,583,1,0,1,0,0,0,1,300146,300729,0,1
10,550,1,0,1,0,1,1,0,303528,304078,0,1
10,516,0,1,0,1,0,0,1,307027,307543,0,1
10,616,1,0,1,0,2,0,1,310076,310692,0,1
10,567,1,0,1,0,0,1,0,313491,314058,0,1
10,566,0,1,0,1,2,1,0,316824,317390,0,1
10,383,0,1,0,1,0,0,1,320373,320756,0,1
10,483,1,0,1,0,1,0,1,323688,324171,0,1
10,700,0,1,1,0,0,1,0,327170,327870,0,0
10,350,1,0,1,0,2,1,0,330403,330753,0,1
10,383,1,0,1,0,2,0,1,333385,333768,0,1
10,617,0,1,0,1,2,0,1,336717,337334,0,1
10,550,0,1,0,1,0,1,0,339966,340516,0,1
10,583,1,0,1,0,2,1,0,343482,344065,0,1
10,534,0,1,1,0,2,1,0,346597,347131,0,0
10,566,1,0,0,1,1,1,0,349880,350446,0,0
10,416,0,1,1,0,1,1,0,353362,353778,0,0
10,700,1,0,1,0,2,0,1,356311,357011,0,1
10,534,0,1,0,1,1,0,1,359676,360210,0,1
10,600,0,1,0,1,0,0,1,362842,363442,0,1
10,567,0,1,0,1,0,1,0,366174,366741,0,1
10,566,0,1,0,1,1,1,0,369340,369906,0,1
10,333,1,0,0,1,2,1,0,372872,373205,0,0
10,584,1,0,1,0,0,1,0,376054,376638,0,1
10,833,0,1,0,1,1,1,0,379520,380353,0,1
10,617,1,0,1,0,0,0,1,383085,383702,0,1
10,650,0,1,1,0,2,1,0,386651,387301,0,0
10,584,1,0,1,0,0,0,1,390266,390850,0,1
10,433,1,0,1,0,2,0,1,393699,394132,0,1
10,950,0,1,0,1,1,1,0,396814,397764,0,1
10,599,1,0,1,0,2,1,0,400730,401329,0,1
10,733,0,1,1,0,0,0,1,404045,404778,0,0
10,616,0,1,0,1,2,1,0,407311,407927,0,1
10,566,0,1,1,0,0,1,0,410793,411359,0,0
10,450,0,1,0,1,1,0,1,414258,414708,0,1
10,500,1,0,1,0,2,0,1,417541,418041,0,1
10,750,0,1,1,0,1,0,1,420623,421373,0,0
10,466,0,1,1,0,2,1,0,424239,424705,0,0
10,850,1,0,1,0,0,1,0,427537,428387,0,1
10,600,0,1,1,0,0,0,1,431053,431653,0,0
10,583,0,1,0,1,0,1,0,434335,434918,0,1
10,600,0,1,0,1,1,1,0,437901,438501,0,1
10,400,0,1,1,0,1,1,0,441233,441633,0,0
10,516,1,0,1,0,0,0,1,444249,444765,0,1
10,667,1,0,1,0,1,1,0,447664,448331,0,1
10,617,1,0,1,0,2,0,1,451063,451680,0,1
10,433,1,0,1,0,1,0,1,454262,454695,0,1
10,867,0,1,0,1,2,1,0,457244,458111,0,1
10,767,0,1,0,1,1,0,1,460693,461460,0,1
10,733,1,0,1,0,0,1,0,464009,464742,0,1
10,567,0,1,0,1,0,0,1,467541,468108,0,1
10,700,1,0,1,0,2,1,0,471023,471723,0,1
10,633,0,1,0,1,1,1,0,474472,475105,0,1
10,749,0,1,1,0,2,1,0,477688,478437,0,0
10,550,0,1,0,1,1,1,0,481070,481620,0,1
10,483,0,1,0,1,1,1,0,484219,484702,0,1
10,533,0,1,0,1,0,1,0,487318,487851,0,1
10,784,1,0,1,0,1,1,0,490783,491567,0,1
10,483,0,1,0,1,1,1,0,494099,494582,0,1
10,550,1,0,1,0,0,0,1,497198,497748,0,1
10,716,0,1,1,0,0,0,1,500547,501263,0,0
10,567,0,1,0,1,0,0,1,503929,504496,0,1
10,683,1,0,0,1,1,1,0,507278,507961,0,0
10,583,0,1,0,1,1,1,0,510877,511460,0,1
10,633,0,1,0,1,0,1,0,514109,514742,0,1
10,349,0,1,1,0,1,1,0,517725,518074,0,0
10,567,1,0,1,0,2,0,1,520690,521257,0,1
10,583,1,0,1,0,2,0,1,538926,539509,0,1
10,533,0,1,0,1,2,0,1,542225,542758,0,1
10,699,1,0,1,0,2,1,0,545741,546440,0,1
10,833,1,0,1,0,2,1,0,549190,550023,0,1
10,650,1,0,1,0,0,1,0,552722,553372,0,1
10,549,0,1,0,1,0,0,1,556321,556870,0,1
10,600,1,0,1,0,2,0,1,559769,560369,0,1
10,583,1,0,0,1,1,0,1,563318,563901,0,0
10,633,0,1,0,1,2,0,1,566467,567100,0,1
10,616,1,0,1,0,1,0,1,569933,570549,0,1
10,749,1,0,1,0,2,0,1,573432,574181,0,1
10,434,0,1,0,1,1,1,0,577130,577564,0,1
10,533,1,0,1,0,0,0,1,580429,580962,0,1
10,850,0,1,1,0,2,1,0,583961,584811,0,0
10,600,0,1,1,0,0,1,0,587360,587960,0,0
10,517,0,1,0,1,1,1,0,590559,591076,0,1
10,583,1,0,1,0,2,0,1,593958,594541,0,1
10,717,0,1,0,1,1,1,0,597157,597874,0,1
10,583,1,0,1,0,0,1,0,600506,601089,0,1
10,517,1,0,1,0,1,0,1,603705,604222,0,1
10,650,1,0,1,0,2,1,0,607054,607704,0,1
10,584,1,0,1,0,0,0,1,610519,611103,0,1
10,533,0,1,1,0,2,1,0,613968,614501,0,0
10,683,0,1,0,1,0,1,0,617367,618050,0,1
10,717,0,1,0,1,2,1,0,620866,621583,0,1
10,534,0,1,0,1,0,1,0,624531,625065,0,1
10,634,1,0,0,1,1,0,1,627930,628564,0,0
10,516,1,0,1,0,2,0,1,631446,631962,0,1
10,550,1,0,1,0,0,1,0,634811,635361,0,1
10,599,0,1,0,1,1,1,0,638294,638893,0,1
10,600,0,1,0,1,1,1,0,641892,642492,0,1
10,566,0,1,0,1,1,1,0,645425,645991,0,1
10,466,1,0,1,0,2,1,0,648657,649123,0,1
10,667,1,0,1,0,0,0,1,652089,652756,0,1
10,600,1,0,0,1,2,0,1,655721,656321,0,0
10,483,1,0,1,0,2,1,0,658870,659353,0,1
10,750,0,1,0,1,0,1,0,662036,662786,0,1
10,600,0,1,0,1,2,1,0,665451,666051,0,1
10,534,0,1,0,1,2,0,1,668750,669284,0,1
10,516,0,1,0,1,0,0,1,671983,672499,0,1
10,600,1,0,1,0,2,1,0,675398,675998,0,1
10,567,0,1,0,1,0,0,1,678830,679397,0,1
10,467,0,1,0,1,1,0,1,682129,682596,0,1
10,566,0,1,0,1,1,1,0,685412,685978,0,1
10,566,1,0,1,0,2,0,1,688944,689510,0,1
10,533,0,1,0,1,1,0,1,692459,692992,0,1
10,450,0,1,0,1,2,0,1,695958,696408,0,1
10,567,0,1,0,1,1,0,1,699207,699774,0,1
10,533,0,1,0,1,2,1,0,702389,702922,0,1
10,1066,1,0,1,0,0,1,0,705572,706638,0,1
10,750,0,1,0,1,0,1,0,709187,709937,0,1
10,600,1,0,1,0,2,1,0,712669,713269,0,1
10,483,0,1,0,1,0,0,1,716118,716601,0,1
10,650,0,1,0,1,0,1,0,719167,719817,0,1
10,567,0,1,0,1,1,1,0,722599,723166,0,1
10,616,0,1,0,1,1,1,0,725982,726598,0,1
10,700,0,1,0,1,2,0,1,729280,729980,0,1
10,600,0,1,0,1,1,0,1,732746,733346,0,1
10,616,0,1,1,0,1,0,1,736012,736628,0,0
10,449,0,1,1,0,1,1,0,739261,739710,0,0
10,516,0,1,0,1,0,1,0,742343,742859,0,1
10,333,1,0,0,1,2,1,0,745492,745825,0,0
10,483,1,0,0,1,0,0,1,748374,748857,0,0
10,983,0,1,1,0,2,1,0,751823,752806,0,0
10,483,0,1,1,0,1,1,0,755339,755822,0,0
10,483,0,1,1,0,1,0,1,758721,759204,0,0
10,566,1,0,1,0,0,0,1,761820,762386,0,1
10,550,0,1,1,0,0,1,0,764969,765519,0,0
10,550,0,1,0,1,1,1,0,768251,768801,0,1
10,533,0,1,0,1,0,1,0,771683,772216,0,1
10,667,0,1,1,0,0,1,0,774865,775532,0,0
10,583,1,0,1,0,2,0,1,778148,778731,0,1
10,600,0,1,0,1,1,1,0,781363,781963,0,1
10,633,1,0,1,0,2,0,1,800809,801442,0,1
10,799,0,1,0,1,2,1,0,804192,804991,0,1
10,500,0,1,0,1,1,0,1,807724,808224,0,1
10,450,0,1,1,0,2,0,1,810956,811406,0,0
10,533,0,1,0,1,1,0,1,814055,814588,0,1
10,483,0,1,0,1,2,1,0,817154,817637,0,1
10,483,1,0,1,0,2,1,0,820320,820803,0,1
10,533,1,0,0,1,2,0,1,823835,824368,0,0
10,517,1,0,1,0,0,0,1,827034,827551,0,1
10,550,1,0,1,0,0,1,0,830200,830750,0,1
10,450,0,1,0,1,1,0,1,833432,833882,0,1
10,567,0,1,0,1,1,1,0,836614,837181,0,1
10,516,0,1,0,1,1,0,1,839830,840346,0,1
10,450,0,1,0,1,2,0,1,842979,843429,0,1
10,517,1,0,1,0,0,1,0,846294,846811,0,1
10,600,1,0,1,0,0,0,1,849477,850077,0,1
10,483,0,1,0,1,0,0,1,852909,853392,0,1
10,631,0,1,0,1,1,0,1,856177,856808,0,1
10,550,0,1,0,1,0,1,0,859440,859990,0,1
10,483,0,1,0,1,1,1,0,862822,863305,0,1
10,516,0,1,0,1,2,0,1,866088,866604,0,1
10,350,0,1,1,0,2,0,1,869503,869853,0,0
10,416,1,0,1,0,2,0,1,872736,873152,0,1
10,467,1,0,1,0,0,0,1,875851,876318,0,1
10,584,0,1,0,1,0,0,1,878900,879484,0,1
10,617,1,0,1,0,0,0,1,882499,883116,0,1
10,600,0,1,0,1,1,0,1,885831,886431,0,1
10,567,1,0,1,0,2,0,1,889097,889664,0,1
10,600,0,1,0,1,0,1,0,892696,893296,0,1
10,649,0,1,0,1,1,0,1,896295,896944,0,1
10,633,0,1,0,1,2,1,0,899644,900277,0,1
10,583,0,1,0,1,0,1,0,902826,903409,0,1
10,533,0,1,0,1,1,0,1,906358,906891,0,1
10,650,1,0,1,0,1,0,1,909790,910440,0,1
10,667,0,1,0,1,0,1,0,913272,913939,0,1
10,517,0,1,1,0,2,1,0,916538,917055,0,0
10,600,0,1,0,1,1,0,1,920070,920670,0,1
10,567,0,1,0,1,1,0,1,923419,923986,0,1
10,567,1,0,1,0,1,1,0,926551,927118,0,1
10,566,0,1,0,1,1,0,1,929967,930533,0,1
10,500,0,1,0,1,2,0,1,933316,933816,0,1
10,584,0,1,1,0,2,1,0,936681,937265,0,0
10,400,1,0,1,0,2,1,0,939964,940364,0,1
10,867,0,1,1,0,1,0,1,943079,943946,0,0
10,750,0,1,0,1,1,0,1,946845,947595,0,1
10,516,0,1,0,1,2,1,0,950527,951043,0,1
10,450,1,0,1,0,2,0,1,953609,954059,0,1
10,467,0,1,0,1,1,0,1,956758,957225,0,1
10,533,1,0,1,0,0,0,1,959924,960457,0,1
10,433,1,0,1,0,0,0,1,963373,963806,0,1
10,666,0,1,0,1,0,0,1,966405,967071,0,1
10,516,0,1,0,1,0,1,0,969904,970420,0,1
10,550,1,0,1,0,2,0,1,973436,973986,0,1
10,550,1,0,1,0,2,0,1,976718,977268,0,1
10,650,0,1,1,0,2,1,0,979984,980634,0,0
10,717,0,1,1,0,2,1,0,983266,983983,0,0
10,583,0,1,0,1,1,0,1,986648,987231,0,1
10,717,1,0,1,0,2,1,0,989797,990514,0,1
10,534,0,1,0,1,1,0,1,993379,993913,0,1
10,417,1,0,1,0,2,0,1,996528,996945,0,1
10,583,0,1,0,1,2,0,1,999961,1000544,0,1
10,633,0,1,0,1,1,0,1,1003143,1003776,0,1
10,466,1,0,0,1,0,1,0,1006442,1006908,0,0
10,584,0,1,1,0,1,1,0,1009907,1010491,0,0
10,549,0,1,0,1,0,1,0,1013140,1013689,0,1
10,616,0,1,0,1,0,1,0,1016289,1016905,0,1
10,367,0,1,0,1,1,0,1,1019504,1019871,0,1
10,416,0,1,0,1,1,0,1,1022587,1023003,0,1
10,516,0,1,0,1,0,0,1,1025769,1026285,0,1
10,400,0,1,1,0,0,1,0,1029251,1029651,0,0
10,450,0,1,0,1,1,1,0,1032500,1032950,0,1
10,499,0,1,0,1,0,0,1,1035566,1036065,0,1
10,433,0,1,1,0,2,1,0,1038715,1039148,0,0
10,533,0,1,0,1,1,1,0,1058554,1059087,0,1
10,533,0,1,1,0,2,0,1,1061853,1062386,0,0
10,450,0,1,0,1,0,0,1,1065168,1065618,0,1
10,499,1,0,1,0,0,0,1,1068601,1069100,0,1
10,900,0,1,1,0,2,0,1,1071916,1072816,0,0
10,433,0,1,0,1,1,1,0,1075365,1075798,0,1
10,633,0,1,0,1,0,0,1,1078381,1079014,0,1
10,399,0,1,0,1,1,0,1,1081680,1082079,0,1
10,384,0,1,1,0,2,1,0,1084645,1085029,0,0
10,433,0,1,0,1,0,1,0,1087728,1088161,0,1
10,883,0,1,1,0,2,1,0,1091010,1091893,0,0
10,533,0,1,0,1,2,0,1,1094792,1095325,0,1
10,384,0,1,0,1,1,0,1,1098157,1098541,0,1
10,400,0,1,0,1,0,1,0,1101540,1101940,0,1
10,483,1,0,1,0,0,0,1,1104772,1105255,0,1
10,550,0,1,0,1,0,1,0,1107838,1108388,0,1
10,583,0,1,0,1,1,1,0,1111203,1111786,0,1
10,450,0,1,0,1,2,1,0,1114485,1114935,0,1
10,433,0,1,1,0,1,0,1,1117768,1118201,0,0
10,450,1,0,1,0,0,0,1,1120967,1121417,0,1
10,450,0,1,0,1,2,0,1,1124299,1124749,0,1
10,500,0,1,1,0,2,0,1,1127498,1127998,0,0
10,600,0,1,0,1,1,1,0,1130980,1131580,0,1
10,467,0,1,1,0,0,1,0,1134462,1134929,0,0
10,483,0,1,0,1,2,0,1,1137661,1138144,0,1
10,433,0,1,1,0,2,1,0,1141027,1141460,0,0
10,550,0,1,0,1,0,0,1,1144192,1144742,0,1
10,516,1,0,1,0,0,0,1,1147725,1148241,0,1
10,517,0,1,0,1,1,1,0,1151090,1151607,0,1
10,533,0,1,1,0,1,1,0,1154622,1155155,0,0
10,1299,0,0,1,0,1,1,0,1157805,1159104,1,NaN
10,633,0,1,0,1,0,0,1,1162003,1162636,0,1
10,550,1,0,1,0,2,0,1,1165219,1165769,0,1
10,616,1,0,1,0,2,0,1,1168618,1169234,0,1
10,533,0,1,0,1,1,0,1,1171867,1172400,0,1
10,599,0,1,0,1,0,0,1,1174966,1175565,0,1
10,533,0,1,0,1,1,0,1,1178298,1178831,0,1
10,517,0,1,0,1,1,1,0,1181430,1181947,0,1
10,584,1,0,1,0,2,0,1,1184912,1185496,0,1
10,483,0,1,1,0,2,1,0,1188245,1188728,0,0
10,566,1,0,1,0,1,0,1,1191394,1191960,0,1
10,600,1,0,1,0,0,1,0,1194992,1195592,0,1
10,599,1,0,1,0,1,1,0,1198425,1199024,0,1
10,534,0,1,0,1,2,0,1,1201823,1202357,0,1
10,733,1,0,1,0,2,1,0,1205322,1206055,0,1
10,600,0,1,0,1,1,1,0,1208954,1209554,0,1
10,600,0,1,1,0,2,0,1,1212453,1213053,0,0
10,733,0,1,1,0,1,0,1,1215619,1216352,0,0
10,1066,1,0,1,0,0,1,0,1218885,1219951,0,1
10,517,0,1,0,1,0,1,0,1222533,1223050,0,1
10,566,0,1,0,1,1,1,0,1225766,1226332,0,1
10,583,1,0,1,0,2,0,1,1229198,1229781,0,1
10,516,0,1,1,0,0,1,0,1232697,1233213,0,0
10,434,0,1,1,0,1,0,1,1236195,1236629,0,0
10,466,0,1,0,1,1,1,0,1239528,1239994,0,1
10,667,0,1,1,0,2,0,1,1242793,1243460,0,0
10,434,1,0,1,0,2,1,0,1246425,1246859,0,1
10,383,1,0,0,1,2,0,1,1249491,1249874,0,0
10,367,0,1,0,1,1,1,0,1252590,1252957,0,1
10,750,0,1,1,0,2,1,0,1255906,1256656,0,0
10,649,0,1,0,1,2,1,0,1259305,1259954,0,1
10,650,0,1,0,1,0,0,1,1262970,1263620,0,1
10,433,1,0,1,0,2,1,0,1266452,1266885,0,1
10,483,0,1,0,1,0,0,1,1269501,1269984,0,1
10,816,0,1,1,0,2,0,1,1272817,1273633,0,0
10,766,0,1,1,0,2,0,1,1276599,1277365,0,0
10,584,0,1,0,1,0,0,1,1280214,1280798,0,1
10,500,1,0,1,0,0,1,0,1283763,1284263,0,1
10,483,0,1,0,1,0,0,1,1287112,1287595,0,1
11,583,1,0,1,0,2,1,0,6566,7149,0,1
11,1016,0,1,1,0,0,1,0,9982,10998,0,0
11,716,1,0,1,0,0,0,1,13714,14430,0,1
11,683,0,1,0,1,2,0,1,17196,17879,0,1
11,817,1,0,1,0,0,1,0,20628,21445,0,1
11,683,1,0,1,0,2,0,1,24394,25077,0,1
11,600,1,0,0,1,0,1,0,27626,28226,0,0
11,717,0,1,0,1,1,1,0,30808,31525,0,1
11,1233,0,1,0,1,0,1,0,34540,35773,0,1
11,600,0,1,0,1,1,1,0,38539,39139,0,1
11,667,1,0,1,0,2,1,0,41838,42505,0,1
11,683,1,0,1,0,2,0,1,45137,45820,0,1
11,733,0,1,0,1,0,0,1,48769,49502,0,1
11,850,1,0,1,0,2,1,0,52501,53351,0,1
11,967,1,0,1,0,2,1,0,55983,56950,0,1
11,1299,0,0,0,1,1,0,1,59516,60815,1,NaN
11,866,1,0,1,0,0,1,0,63648,64514,0,1
11,766,0,1,0,1,1,1,0,67413,68179,0,1
11,633,1,0,1,0,1,1,0,70912,71545,0,1
11,750,1,0,1,0,2,0,1,74427,75177,0,1
11,516,0,1,0,1,0,1,0,77743,78259,0,1
11,1067,1,0,0,1,1,0,1,81225,82292,0,0
11,534,1,0,1,0,2,0,1,85290,85824,0,1
11,833,0,1,0,1,1,1,0,88606,89439,0,1
11,617,0,1,1,0,2,0,1,92088,92705,0,0
11,916,0,1,0,1,0,1,0,95304,96220,0,1
11,816,0,1,0,1,0,0,1,98986,99802,0,1
11,750,1,0,1,0,2,0,1,102701,103451,0,1
11,767,1,0,1,0,0,0,1,106200,106967,0,1
11,1249,1,0,1,0,0,1,0,109616,110865,0,1
11,1216,1,0,0,1,0,0,1,113748,114964,0,0
11,1300,0,0,0,1,1,0,1,117813,119113,1,NaN
11,733,1,0,1,0,1,1,0,122212,122945,0,1
11,1066,1,0,0,1,0,1,0,125711,126777,0,0
11,649,1,0,1,0,1,0,1,129593,130242,0,1
11,1300,0,0,1,0,0,0,1,133141,134441,1,NaN
11,950,1,0,1,0,2,0,1,137240,138190,0,1
11,616,1,0,1,0,1,1,0,141189,141805,0,1
11,567,1,0,1,0,0,1,0,144371,144938,0,1
11,733,1,0,1,0,0,0,1,147920,148653,0,1
11,850,0,1,0,1,2,1,0,151502,152352,0,1
11,683,1,0,0,1,2,1,0,154968,155651,0,0
11,916,0,1,0,1,1,0,1,158600,159516,0,1
11,633,1,0,1,0,2,0,1,162415,163048,0,1
11,650,1,0,1,0,0,0,1,165847,166497,0,1
11,833,0,1,0,1,1,1,0,169096,169929,0,1
11,950,1,0,0,1,2,1,0,172928,173878,0,0
11,917,1,0,1,0,0,1,0,176760,177677,0,1
11,867,0,1,0,1,1,0,1,180559,181426,0,1
11,833,0,1,0,1,1,0,1,184441,185274,0,1
11,633,1,0,1,0,1,1,0,188107,188740,0,1
11,933,0,1,0,1,2,0,1,191722,192655,0,1
11,783,0,1,0,1,1,0,1,195654,196437,0,1
11,800,1,0,0,1,2,0,1,199386,200186,0,0
11,649,1,0,1,0,2,0,1,202769,203418,0,1
11,650,1,0,1,0,0,0,1,206151,206801,0,1
11,700,0,1,0,1,0,0,1,209433,210133,0,1
11,616,0,1,0,1,1,1,0,212799,213415,0,1
11,850,1,0,1,0,0,1,0,216181,217031,0,1
11,817,0,1,0,1,0,0,1,220046,220863,0,1
11,1299,0,0,0,1,1,1,0,223712,225011,1,NaN
11,1033,0,1,0,1,0,1,0,227960,228993,0,1
11,717,0,1,0,1,2,0,1,231959,232676,0,1
11,550,0,1,0,1,0,0,1,235591,236141,0,1
11,734,1,0,1,0,2,0,1,238823,239557,0,1
11,916,1,0,1,0,1,0,1,242539,243455,0,1
11,983,0,1,0,1,1,1,0,246354,247337,0,1
11,1133,0,1,0,1,1,0,1,250270,251403,0,1
11,750,0,1,0,1,2,1,0,253952,254702,0,1
11,1300,0,0,1,0,0,1,0,257567,258867,1,NaN
11,850,0,1,0,1,1,0,1,261949,262799,0,1
11,1149,1,0,1,0,2,1,0,265615,266764,0,1
11,666,0,1,0,1,0,0,1,284114,284780,0,1
11,866,0,1,0,1,1,1,0,287346,288212,0,1
11,550,1,0,1,0,2,1,0,291211,291761,0,1
11,783,0,1,0,1,1,1,0,294527,295310,0,1
11,983,0,1,0,1,1,1,0,298242,299225,0,1
11,667,1,0,1,0,0,0,1,302041,302708,0,1
11,783,1,0,1,0,2,1,0,305540,306323,0,1
11,684,1,0,1,0,2,0,1,309305,309989,0,1
11,833,0,1,0,1,1,1,0,312654,313487,0,1
11,816,0,1,0,1,1,0,1,316020,316836,0,1
11,816,1,0,0,1,2,0,1,319719,320535,0,0
11,700,1,0,1,0,0,0,1,323484,324184,0,1
11,700,1,0,1,0,0,0,1,326816,327516,0,1
11,1083,1,0,0,1,1,0,1,330149,331232,0,0
11,666,1,0,1,0,1,0,1,334214,334880,0,1
11,584,0,1,1,0,2,1,0,337829,338413,0,0
11,617,1,0,1,0,2,0,1,341178,341795,0,1
11,649,0,1,0,1,0,0,1,344611,345260,0,1
11,716,0,1,0,1,0,1,0,348276,348992,0,1
11,1300,0,0,0,1,2,0,1,351808,353108,1,NaN
11,750,1,0,1,0,2,1,0,356223,356973,0,1
11,716,0,1,0,1,0,1,0,359639,360355,0,1
11,716,1,0,1,0,2,0,1,362905,363621,0,1
11,900,1,0,1,0,2,1,0,366420,367320,0,1
11,850,0,1,0,1,1,0,1,369969,370819,0,1
11,1300,0,0,1,0,2,1,0,373634,374934,1,NaN
11,650,1,0,1,0,0,1,0,377633,378283,0,1
11,583,1,0,1,0,2,1,0,380899,381482,0,1
11,900,0,1,0,1,1,0,1,384064,384964,0,1
11,566,1,0,1,0,0,0,1,387830,388396,0,1
11,516,1,0,1,0,2,1,0,391079,391595,0,1
11,617,0,1,0,1,1,0,1,394394,395011,0,1
11,1150,1,0,1,0,2,1,0,397926,399076,0,1
11,933,0,1,0,1,0,0,1,401908,402841,0,1
11,1166,1,0,1,0,0,1,0,405807,406973,0,1
11,1299,0,0,1,0,1,1,0,409606,410905,1,NaN
11,1299,0,0,1,0,2,0,1,413688,414987,1,NaN
11,700,0,1,0,1,1,1,0,417703,418403,0,1
11,1283,0,1,0,1,0,1,0,421285,422568,0,1
11,766,0,1,0,1,1,1,0,425334,426100,0,1
11,983,1,0,1,0,1,0,1,428716,429699,0,1
11,750,1,0,1,0,0,1,0,432348,433098,0,1
11,750,0,1,0,1,2,0,1,436030,436780,0,1
11,1100,1,0,1,0,0,0,1,439779,440879,0,1
11,483,1,0,0,1,2,1,0,443678,444161,0,0
11,500,1,0,1,0,2,1,0,447160,447660,0,1
11,1184,0,1,0,1,0,0,1,450192,451376,0,1
11,966,1,0,0,1,1,1,0,454075,455041,0,0
11,784,1,0,1,0,0,0,1,457573,458357,0,1
11,533,0,1,0,1,0,0,1,461022,461555,0,1
11,867,1,0,1,0,0,1,0,464471,465338,0,1
11,833,0,1,0,1,0,1,0,467970,468803,0,1
11,1299,0,0,1,0,2,0,1,471536,472835,1,NaN
11,783,0,1,1,0,1,1,0,475751,476534,0,0
11,717,1,0,1,0,2,0,1,479466,480183,0,1
11,684,0,1,0,1,1,1,0,482998,483682,0,1
11,883,0,1,0,1,0,1,0,486481,487364,0,1
11,650,0,1,0,1,0,0,1,490263,490913,0,1
11,1300,0,0,0,1,2,0,1,493445,494745,1,NaN
11,766,0,1,1,0,0,1,0,497877,498643,0,0
11,749,0,1,0,1,0,0,1,501476,502225,0,1
11,1083,0,1,0,1,1,1,0,505191,506274,0,1
11,699,1,0,1,0,2,0,1,508907,509606,0,1
11,1200,0,1,0,1,0,0,1,512272,513472,0,1
11,1000,0,1,0,1,0,0,1,516354,517354,0,1
11,766,1,0,1,0,0,0,1,520353,521119,0,1
11,650,0,1,0,1,2,1,0,523985,524635,0,1
11,733,0,1,0,1,0,0,1,527234,527967,0,1
11,650,0,1,0,1,0,1,0,530666,531316,0,1
11,683,1,0,1,0,0,0,1,534232,534915,0,1
11,650,1,0,1,0,2,0,1,537580,538230,0,1
11,484,0,1,0,1,2,0,1,540979,541463,0,1
11,1283,0,1,0,1,1,1,0,544262,545545,0,1
11,750,0,1,1,0,0,1,0,564997,565747,0,0
11,800,0,1,0,1,0,0,1,568496,569296,0,1
11,516,0,1,0,1,1,0,1,571995,572511,0,1
11,483,1,0,1,0,1,0,1,575494,575977,0,1
11,633,0,1,0,1,1,0,1,578843,579476,0,1
11,750,1,0,1,0,0,1,0,582358,583108,0,1
11,849,0,1,0,1,1,1,0,585774,586623,0,1
11,683,0,1,0,1,1,1,0,589556,590239,0,1
11,1166,1,0,1,0,2,0,1,593038,594204,0,1
11,800,1,0,1,0,1,0,1,596820,597620,0,1
11,500,1,0,1,0,2,1,0,600402,600902,0,1
11,700,0,1,0,1,1,1,0,603568,604268,0,1
11,1300,0,0,1,0,0,1,0,607083,608383,1,NaN
11,1299,0,0,0,1,0,1,0,611149,612448,1,NaN
11,466,0,1,0,1,1,1,0,615431,615897,0,1
11,633,1,0,1,0,2,1,0,618846,619479,0,1
11,800,0,1,0,1,1,0,1,622112,622912,0,1
11,667,1,0,1,0,2,1,0,625577,626244,0,1
11,967,0,1,1,0,0,1,0,629076,630043,0,0
11,716,1,0,1,0,2,0,1,632592,633308,0,1
11,816,0,1,0,1,1,0,1,635891,636707,0,1
11,716,1,0,0,1,1,1,0,639523,640239,0,0
11,900,1,0,1,0,0,1,0,643088,643988,0,1
11,783,0,1,0,1,2,1,0,646687,647470,0,1
11,766,1,0,1,0,0,1,0,650053,650819,0,1
11,750,0,1,0,1,2,0,1,653835,654585,0,1
11,749,0,1,0,1,0,1,0,657284,658033,0,1
11,1300,0,0,0,1,1,1,0,660982,662282,1,NaN
11,466,1,0,1,0,2,1,0,665431,665897,0,1
11,550,0,1,1,0,1,1,0,668746,669296,0,0
11,883,0,1,0,1,0,1,0,672179,673062,0,1
11,717,1,0,1,0,2,0,1,675744,676461,0,1
11,850,0,1,0,1,1,0,1,679393,680243,0,1
11,733,1,0,1,0,1,1,0,683125,683858,0,1
11,716,0,1,0,1,2,0,1,686474,687190,0,1
11,783,1,0,1,0,0,0,1,690073,690856,0,1
11,666,1,0,1,0,2,1,0,693572,694238,0,1
11,766,0,1,0,1,1,0,1,697104,697870,0,1
11,1300,0,0,0,1,0,0,1,700786,702086,1,NaN
11,533,1,0,0,1,1,0,1,705151,705684,0,0
11,750,1,0,1,0,2,1,0,708283,709033,0,1
11,1267,0,1,1,0,1,0,1,711682,712949,0,0
11,650,1,0,1,0,0,0,1,715614,716264,0,1
11,550,1,0,1,0,2,1,0,719213,719763,0,1
11,933,0,1,0,1,1,0,1,722629,723562,0,1
11,667,0,1,1,0,2,1,0,726477,727144,0,0
11,533,0,1,0,1,0,0,1,729793,730326,0,1
11,583,0,1,0,1,1,1,0,733225,733808,0,1
11,850,1,0,0,1,1,0,1,736391,737241,0,0
11,850,1,0,1,0,0,0,1,739906,740756,0,1
11,833,1,0,1,0,1,1,0,743289,744122,0,1
11,783,1,0,0,1,1,0,1,746671,747454,0,0
11,633,1,0,1,0,2,0,1,750070,750703,0,1
11,833,1,0,0,1,2,0,1,753335,754168,0,0
11,816,1,0,1,0,0,0,1,757051,757867,0,1
11,849,0,1,0,1,1,1,0,760550,761399,0,1
11,1300,0,0,0,1,2,1,0,764115,765415,1,NaN
11,784,0,1,0,1,1,1,0,768130,768914,0,1
11,1299,0,0,0,1,0,0,1,771863,773162,1,NaN
11,1299,0,0,0,1,2,1,0,776078,777377,1,NaN
11,900,1,0,1,0,0,0,1,780260,781160,0,1
11,650,1,0,1,0,2,1,0,784142,784792,0,1
11,700,0,1,0,1,1,1,0,787407,788107,0,1
11,1300,0,0,1,0,2,1,0,790773,792073,1,NaN
11,234,1,0,0,1,1,1,0,794888,795122,0,0
11,317,1,0,1,0,1,0,1,797854,798171,0,1
11,334,0,1,1,0,0,1,0,800886,801220,0,0
11,800,0,1,0,1,1,0,1,803802,804602,0,1
11,334,1,0,1,0,2,1,0,807234,807568,0,1
11,383,0,1,0,1,1,0,1,810317,810700,0,1
11,666,0,1,0,1,0,0,1,813699,814365,0,1
11,550,1,0,1,0,2,0,1,817098,817648,0,1
11,450,0,1,1,0,0,1,0,820397,820847,0,0
11,567,0,1,0,1,1,0,1,836729,837296,0,1
11,650,1,0,1,0,0,0,1,839945,840595,0,1
11,650,0,1,0,1,1,0,1,843260,843910,0,1
11,849,0,1,0,1,0,1,0,846743,847592,0,1
11,916,1,0,0,1,2,1,0,850308,851224,0,0
11,1300,0,0,1,0,2,1,0,854073,855373,1,NaN
11,850,0,1,0,1,0,1,0,858122,858972,0,1
11,1299,0,0,0,1,0,1,0,861538,862837,1,NaN
11,550,1,0,1,0,2,0,1,865736,866286,0,1
11,617,0,1,0,1,0,0,1,868985,869602,0,1
11,1300,0,0,1,0,1,1,0,872534,873834,1,NaN
11,700,1,0,1,0,0,0,1,876799,877499,0,1
11,667,1,0,1,0,2,0,1,880098,880765,0,1
11,1066,0,1,0,1,2,1,0,883664,884730,0,1
11,584,0,1,0,1,1,1,0,887662,888246,0,1
11,850,0,1,1,0,1,1,0,891211,892061,0,0
11,783,1,0,1,0,2,1,0,895060,895843,0,1
11,833,0,1,0,1,1,0,1,898392,899225,0,1
11,800,1,0,1,0,2,0,1,902124,902924,0,1
11,833,1,0,1,0,1,0,1,905740,906573,0,1
11,983,1,0,1,0,2,0,1,909222,910205,0,1
11,1299,0,0,0,1,1,0,1,912788,914087,1,NaN
11,1300,0,0,0,1,2,1,0,917036,918336,1,NaN
11,700,1,0,1,0,2,0,1,921251,921951,0,1
11,567,1,0,1,0,2,1,0,924850,925417,0,1
11,483,0,1,0,1,1,1,0,928399,928882,0,1
11,1233,1,0,0,1,0,1,0,931798,933031,0,0
11,716,1,0,1,0,2,1,0,935830,936546,0,1
11,700,1,0,1,0,1,0,1,939379,940079,0,1
11,1300,0,0,0,1,2,0,1,942811,944111,1,NaN
11,417,1,0,1,0,2,0,1,947126,947543,0,1
11,949,0,1,0,1,1,0,1,950109,951058,0,1
11,1299,0,0,0,1,0,1,0,953641,954940,1,NaN
11,700,1,0,1,0,0,1,0,957723,958423,0,1
11,717,0,1,0,1,1,1,0,960988,961705,0,1
11,566,1,0,1,0,0,0,1,964554,965120,0,1
11,617,1,0,0,1,2,1,0,967836,968453,0,0
11,783,1,0,1,0,0,0,1,971268,972051,0,1
11,984,1,0,1,0,1,1,0,974800,975784,0,1
11,966,0,1,0,1,1,1,0,978366,979332,0,1
11,566,1,0,1,0,2,1,0,982115,982681,0,1
11,1000,1,0,0,1,2,0,1,985397,986397,0,0
11,683,1,0,1,0,1,0,1,989346,990029,0,1
11,917,1,0,1,0,2,1,0,993044,993961,0,1
11,550,0,1,0,1,1,0,1,996693,997243,0,1
11,483,1,0,1,0,0,1,0,999876,1000359,0,1
11,983,1,0,1,0,1,1,0,1002925,1003908,0,1
11,666,1,0,1,0,0,1,0,1006757,1007423,0,1
11,533,0,1,0,1,1,0,1,1010139,1010672,0,1
11,1300,0,0,0,1,0,1,0,1013704,1015004,1,NaN
11,567,1,0,1,0,0,1,0,1017936,1018503,0,1
11,766,1,0,1,0,1,0,1,1021402,1022168,0,1
11,783,0,1,0,1,1,0,1,1024734,1025517,0,1
11,650,1,0,1,0,2,1,0,1028333,1028983,0,1
11,634,1,0,0,1,0,0,1,1031748,1032382,0,0
11,783,0,1,0,1,1,0,1,1035231,1036014,0,1
11,400,1,0,1,0,2,0,1,1038796,1039196,0,1
11,500,1,0,0,1,2,0,1,1041962,1042462,0,0
11,216,1,0,0,1,2,1,0,1045011,1045227,0,0
11,450,0,1,1,0,0,1,0,1048176,1048626,0,0
11,1300,0,0,1,0,2,1,0,1051425,1052725,1,NaN
11,666,0,1,0,1,0,0,1,1055624,1056290,0,1
11,1299,0,0,1,0,2,0,1,1058973,1060272,1,NaN
11,600,0,1,0,1,0,1,0,1063005,1063605,0,1
11,683,1,0,1,0,2,0,1,1066437,1067120,0,1
11,733,0,1,0,1,0,0,1,1069703,1070436,0,1
11,1000,1,0,1,0,1,0,1,1073118,1074118,0,1
11,599,0,1,0,1,0,1,0,1076734,1077333,0,1
11,617,0,1,0,1,0,1,0,1079949,1080566,0,1
11,667,1,0,1,0,2,0,1,1083098,1083765,0,1
11,616,0,1,0,1,1,1,0,1086364,1086980,0,1
11,750,0,1,0,1,0,1,0,1089979,1090729,0,1
11,1033,1,0,1,0,2,0,1,1093278,1094311,0,1
11,550,0,1,0,1,1,0,1,1110874,1111424,0,1
11,549,1,0,1,0,2,0,1,1114040,1114589,0,1
11,600,1,0,1,0,2,0,1,1117255,1117855,0,1
11,517,1,0,1,0,0,1,0,1120804,1121321,0,1
11,466,1,0,1,0,2,0,1,1123920,1124386,0,1
11,567,0,1,1,0,0,0,1,1127135,1127702,0,0
11,500,0,1,1,0,1,0,1,1130567,1131067,0,0
11,1300,0,0,0,1,0,0,1,1134033,1135333,1,NaN
11,534,1,0,1,0,1,1,0,1138048,1138582,0,1
11,533,1,0,1,0,2,0,1,1141514,1142047,0,1
11,534,1,0,1,0,2,1,0,1144629,1145163,0,1
11,683,1,0,1,0,2,1,0,1148095,1148778,0,1
11,1299,0,0,0,1,2,0,1,1151594,1152893,1,NaN
11,484,0,1,1,0,0,1,0,1155892,1156376,0,0
11,550,1,0,1,0,2,1,0,1159058,1159608,0,1
11,1150,0,1,0,1,1,0,1,1162540,1163690,0,1
11,483,1,0,1,0,0,0,1,1166339,1166822,0,1
11,967,0,1,0,1,1,0,1,1169671,1170638,0,1
11,750,1,0,1,0,1,1,0,1173237,1173987,0,1
11,1000,0,1,0,1,2,1,0,1176852,1177852,0,1
11,850,1,0,1,0,2,1,0,1180751,1181601,0,1
11,1300,0,0,0,1,2,0,1,1184333,1185633,1,NaN
11,650,1,0,1,0,0,0,1,1188698,1189348,0,1
11,1299,0,0,0,1,0,0,1,1192031,1193330,1,NaN
11,1133,1,0,1,0,2,1,0,1196096,1197229,0,1
11,1299,0,0,0,1,2,0,1,1200095,1201394,1,NaN
11,616,0,1,0,1,1,1,0,1204277,1204893,0,1
11,1133,1,0,1,0,0,0,1,1207775,1208908,0,1
11,1016,0,1,0,1,0,0,1,1211774,1212790,0,1
11,883,1,0,1,0,0,0,1,1215373,1216256,0,1
11,850,0,1,0,1,0,1,0,1218888,1219738,0,1
11,1050,0,1,0,1,1,1,0,1222687,1223737,0,1
11,633,0,1,1,0,1,1,0,1226719,1227352,0,0
11,683,1,0,1,0,0,0,1,1230368,1231051,0,1
11,583,1,0,1,0,2,1,0,1233617,1234200,0,1
11,616,1,0,1,0,1,1,0,1237016,1237632,0,1
11,800,0,1,0,1,0,1,0,1240498,1241298,0,1
11,933,0,1,0,1,1,1,0,1244247,1245180,0,1
11,700,0,1,0,1,1,0,1,1247929,1248629,0,1
11,716,0,1,0,1,1,1,0,1251228,1251944,0,1
11,816,0,1,0,1,1,0,1,1254727,1255543,0,1
11,1116,1,0,1,0,2,1,0,1258459,1259575,0,1
11,1299,0,0,0,1,0,1,0,1262541,1263840,1,NaN
11,750,1,0,1,0,1,1,0,1266706,1267456,0,1
11,650,1,0,0,1,0,1,0,1270388,1271038,0,0
11,816,1,0,1,0,0,1,0,1273637,1274453,0,1
11,800,1,0,1,0,1,0,1,1277252,1278052,0,1
11,699,0,1,0,1,1,0,1,1280835,1281534,0,1
11,1300,0,0,0,1,1,1,0,1284400,1285700,1,NaN
11,566,1,0,0,1,1,1,0,1288549,1289115,0,0
11,667,1,0,1,0,0,1,0,1291881,1292548,0,1
11,799,0,1,0,1,2,1,0,1295097,1295896,0,1
11,384,1,0,0,1,2,1,0,1298845,1299229,0,0
11,467,1,0,1,0,2,1,0,1302094,1302561,0,1
11,516,0,1,0,1,1,0,1,1305577,1306093,0,1
11,367,1,0,1,0,2,0,1,1308992,1309359,0,1
11,766,0,1,0,1,0,0,1,1312108,1312874,0,1
11,633,0,1,0,1,0,0,1,1315873,1316506,0,1
11,833,0,1,0,1,2,1,0,1319039,1319872,0,1
11,1167,0,1,0,1,0,1,0,1322804,1323971,0,1
11,749,1,0,1,0,0,0,1,1326970,1327719,0,1
11,699,0,1,0,1,1,1,0,1330552,1331251,0,1
11,733,1,0,1,0,2,0,1,1334151,1334884,0,1
11,1149,1,0,1,0,2,0,1,1337483,1338632,0,1
11,817,1,0,1,0,1,0,1,1341198,1342015,0,1
11,717,1,0,1,0,1,0,1,1344580,1345297,0,1
11,1182,0,1,0,1,1,1,0,1348263,1349445,0,1
11,699,1,0,1,0,1,0,1,1352045,1352744,0,1
11,817,1,0,1,0,2,0,1,1355560,1356377,0,1
12,766,0,1,1,0,0,0,1,19306,20072,0,0
12,400,1,0,1,0,2,0,1,23055,23455,0,1
12,516,0,1,0,1,0,1,0,26004,26520,0,1
12,499,1,0,1,0,0,0,1,29353,29852,0,1
12,633,1,0,1,0,1,1,0,32385,33018,0,1
12,467,1,0,1,0,2,1,0,35700,36167,0,1
12,650,1,0,1,0,2,1,0,39049,39699,0,1
12,434,0,1,0,1,1,1,0,42298,42732,0,1
12,417,1,0,0,1,2,1,0,45347,45764,0,0
12,500,1,0,1,0,0,0,1,48546,49046,0,1
12,499,1,0,1,0,0,1,0,51579,52078,0,1
12,766,0,1,0,1,0,1,0,55011,55777,0,1
12,650,0,1,0,1,0,0,1,58693,59343,0,1
12,450,1,0,1,0,0,0,1,61925,62375,0,1
12,516,0,1,0,1,0,1,0,65391,65907,0,1
12,433,1,0,1,0,0,0,1,68440,68873,0,1
12,583,0,1,0,1,1,1,0,71539,72122,0,1
12,434,1,0,1,0,0,0,1,74854,75288,0,1
12,466,1,0,0,1,0,0,1,78037,78503,0,0
12,566,1,0,1,0,0,0,1,81269,81835,0,1
12,483,0,1,0,1,0,0,1,84801,85284,0,1
12,466,1,0,1,0,0,0,1,87917,88383,0,1
12,783,0,1,0,1,1,0,1,90999,91782,0,1
12,399,1,0,1,0,2,1,0,94315,94714,0,1
12,400,1,0,0,1,2,0,1,97580,97980,0,0
12,533,1,0,1,0,0,1,0,100746,101279,0,1
12,650,1,0,1,0,1,0,1,104011,104661,0,1
12,383,0,1,0,1,1,1,0,107227,107610,0,1
12,666,0,1,1,0,1,1,0,110293,110959,0,0
12,533,1,0,1,0,2,0,1,113658,114191,0,1
12,616,0,1,0,1,0,0,1,116841,117457,0,1
12,650,0,1,1,0,2,1,0,120423,121073,0,0
12,550,1,0,1,0,1,1,0,123805,124355,0,1
12,533,1,0,1,0,2,1,0,127204,127737,0,1
12,533,1,0,1,0,2,0,1,130636,131169,0,1
12,600,0,1,1,0,2,1,0,133868,134468,0,0
12,450,0,1,0,1,0,1,0,137450,137900,0,1
12,617,0,1,0,1,2,1,0,140899,141516,0,1
12,566,1,0,1,0,1,0,1,144415,144981,0,1
12,483,1,0,1,0,0,0,1,147664,148147,0,1
12,616,0,1,1,0,0,0,1,150813,151429,0,0
12,917,0,1,0,1,0,0,1,154228,155145,0,1
12,450,1,0,1,0,1,1,0,157777,158227,0,1
12,700,0,1,0,1,0,1,0,160809,161509,0,1
12,400,0,1,0,1,1,1,0,164075,164475,0,1
12,466,1,0,1,0,2,0,1,167041,167507,0,1
12,450,0,1,0,1,1,1,0,170223,170673,0,1
12,550,1,0,1,0,0,1,0,173272,173822,0,1
12,449,1,0,1,0,0,1,0,176838,177287,0,1
12,483,0,1,1,0,1,0,1,179870,180353,0,0
12,450,0,1,0,1,1,0,1,183019,183469,0,1
12,1050,0,1,0,1,0,0,1,186351,187401,0,1
12,433,1,0,1,0,2,0,1,190250,190683,0,1
12,633,0,1,0,1,2,1,0,193432,194065,0,1
12,383,0,1,0,1,1,1,0,196998,197381,0,1
12,549,1,0,1,0,0,1,0,200197,200746,0,1
12,733,0,1,0,1,1,0,1,203512,204245,0,1
12,750,0,1,1,0,0,0,1,207194,207944,0,0
12,400,0,1,0,1,1,1,0,210576,210976,0,1
12,500,1,0,1,0,1,1,0,213509,214009,0,1
12,533,1,0,1,0,1,1,0,216908,217441,0,1
12,634,1,0,0,1,2,0,1,220073,220707,0,0
12,500,1,0,1,0,2,1,0,223406,223906,0,1
12,699,0,1,0,1,1,1,0,226655,227354,0,1
12,816,1,0,0,1,0,1,0,230137,230953,0,0
12,467,1,0,1,0,2,0,1,233752,234219,0,1
12,616,1,0,1,0,0,1,0,236768,237384,0,1
12,500,0,1,1,0,0,1,0,240133,240633,0,0
12,583,0,1,1,0,0,1,0,243599,244182,0,0
12,866,0,1,0,1,1,1,0,246815,247681,0,1
12,733,1,0,1,0,2,0,1,250680,251413,0,1
12,717,0,1,1,0,1,0,1,254012,254729,0,0
12,633,1,0,1,0,2,1,0,266785,267418,0,1
12,533,0,1,1,0,1,1,0,270034,270567,0,0
12,433,1,0,1,0,2,0,1,273316,273749,0,1
12,417,0,1,0,1,1,0,1,276748,277165,0,1
12,450,0,1,0,1,1,1,0,279914,280364,0,1
12,550,0,1,1,0,1,0,1,283246,283796,0,0
12,450,1,0,1,0,2,1,0,286445,286895,0,1
12,433,0,1,0,1,0,0,1,289611,290044,0,1
12,699,0,1,0,1,1,0,1,292760,293459,0,1
12,433,1,0,1,0,2,0,1,295992,296425,0,1
12,484,0,1,0,1,1,0,1,299407,299891,0,1
12,383,0,1,0,1,1,1,0,302540,302923,0,1
12,466,0,1,0,1,1,0,1,305839,306305,0,1
12,383,0,1,0,1,1,0,1,309171,309554,0,1
12,583,0,1,0,1,2,1,0,312253,312836,0,1
12,567,0,1,0,1,0,1,0,315652,316219,0,1
12,717,0,1,1,0,0,0,1,318934,319651,0,0
12,534,0,1,0,1,0,1,0,322183,322717,0,1
12,549,1,0,0,1,2,0,1,325566,326115,0,0
12,616,1,0,1,0,0,1,0,328998,329614,0,1
12,516,0,1,0,1,0,1,0,332347,332863,0,1
12,1083,1,0,1,0,2,1,0,335579,336662,0,1
12,434,0,1,1,0,1,1,0,339294,339728,0,0
12,567,0,1,0,1,1,0,1,342343,342910,0,1
12,599,0,1,1,0,0,1,0,345926,346525,0,0
12,566,0,1,1,0,2,1,0,349458,350024,0,0
12,366,1,0,1,0,2,1,0,352990,353356,0,1
12,367,0,1,0,1,1,1,0,355972,356339,0,1
12,466,1,0,1,0,2,0,1,359038,359504,0,1
12,600,1,0,1,0,1,1,0,362420,363020,0,1
12,466,1,0,1,0,2,1,0,365986,366452,0,1
12,783,0,1,0,1,0,0,1,369268,370051,0,1
12,500,0,1,0,1,1,0,1,372900,373400,0,1
12,650,0,1,0,1,0,0,1,375932,376582,0,1
12,600,0,1,1,0,2,1,0,379131,379731,0,0
12,450,1,0,1,0,2,0,1,382280,382730,0,1
12,616,1,0,0,1,0,1,0,385696,386312,0,0
12,600,1,0,1,0,1,1,0,388895,389495,0,1
12,517,1,0,1,0,0,1,0,392360,392877,0,1
12,633,0,1,0,1,2,0,1,395709,396342,0,1
12,767,0,1,0,1,1,0,1,398941,399708,0,1
12,616,0,1,0,1,0,1,0,402507,403123,0,1
12,884,0,1,0,1,2,0,1,406022,406906,0,1
12,566,0,1,0,1,2,0,1,409505,410071,0,1
12,699,1,0,1,0,0,1,0,413004,413703,0,1
12,817,0,1,0,1,1,0,1,416319,417136,0,1
12,616,0,1,0,1,0,0,1,420135,420751,0,1
12,500,1,0,1,0,0,0,1,423750,424250,0,1
12,533,1,0,1,0,1,0,1,427132,427665,0,1
12,584,1,0,1,0,0,1,0,430564,431148,0,1
12,600,1,0,0,1,2,0,1,433930,434530,0,0
12,466,1,0,1,0,2,0,1,437146,437612,0,1
12,467,1,0,1,0,2,1,0,440361,440828,0,1
12,583,1,0,1,0,2,1,0,443610,444193,0,1
12,516,1,0,1,0,0,1,0,447076,447592,0,1
12,599,0,1,0,1,2,1,0,450225,450824,0,1
12,716,0,1,1,0,2,0,1,453557,454273,0,0
12,550,1,0,1,0,1,0,1,457189,457739,0,1
12,700,0,1,0,1,0,0,1,460738,461438,0,1
12,600,0,1,0,1,0,1,0,464387,464987,0,1
12,483,1,0,1,0,2,0,1,467902,468385,0,1
12,600,0,1,0,1,0,1,0,471101,471701,0,1
12,483,0,1,0,1,0,1,0,474650,475133,0,1
12,450,1,0,1,0,0,0,1,477832,478282,0,1
12,483,1,0,1,0,2,1,0,481198,481681,0,1
12,583,0,1,0,1,1,0,1,484297,484880,0,1
12,633,0,1,0,1,0,0,1,487596,488229,0,1
12,499,1,0,1,0,0,0,1,491145,491644,0,1
12,750,1,0,1,0,0,1,0,494310,495060,0,1
12,616,0,1,0,1,0,0,1,497826,498442,0,1
12,567,1,0,1,0,2,0,1,501341,501908,0,1
12,500,0,1,0,1,1,1,0,504640,505140,0,1
12,733,0,1,1,0,0,1,0,507706,508439,0,0
12,517,0,1,0,1,1,1,0,526398,526915,0,1
12,433,1,0,1,0,2,1,0,529831,530264,0,1
12,483,1,0,1,0,2,0,1,533013,533496,0,1
12,600,1,0,1,0,1,1,0,536428,537028,0,1
12,583,1,0,1,0,1,0,1,540011,540594,0,1
12,799,1,0,0,1,2,1,0,543543,544342,0,0
12,600,0,1,0,1,0,1,0,547258,547858,0,1
12,467,0,1,0,1,0,1,0,550607,551074,0,1
12,467,0,1,0,1,1,0,1,553706,554173,0,1
12,333,0,1,0,1,1,0,1,556772,557105,0,1
12,483,1,0,1,0,1,0,1,560121,560604,0,1
12,583,1,0,1,0,2,1,0,563586,564169,0,1
12,600,0,1,1,0,0,1,0,567135,567735,0,0
12,567,1,0,1,0,0,0,1,570700,571267,0,1
12,467,1,0,1,0,2,0,1,573866,574333,0,1
12,500,1,0,1,0,2,1,0,576965,577465,0,1
12,634,0,1,0,1,2,0,1,580297,580931,0,1
12,433,0,1,0,1,1,0,1,583613,584046,0,1
12,650,0,1,0,1,2,1,0,586845,587495,0,1
12,500,1,0,1,0,2,1,0,590244,590744,0,1
12,434,1,0,1,0,2,0,1,593476,593910,0,1
12,600,1,0,1,0,1,1,0,596842,597442,0,1
12,633,0,1,0,1,1,0,1,600124,600757,0,1
12,566,0,1,0,1,1,1,0,603590,604156,0,1
12,550,1,0,1,0,0,0,1,607022,607572,0,1
12,634,0,1,0,1,0,1,0,610387,611021,0,1
12,516,0,1,0,1,1,0,1,613720,614236,0,1
12,466,1,0,1,0,2,0,1,617052,617518,0,1
12,516,0,1,0,1,0,1,0,620301,620817,0,1
12,567,1,0,1,0,1,0,1,623683,624250,0,1
12,533,0,1,0,1,1,1,0,627199,627732,0,1
12,566,0,1,1,0,2,0,1,630448,631014,0,0
12,449,1,0,1,0,2,0,1,633547,633996,0,1
12,500,0,1,0,1,1,1,0,636895,637395,0,1
12,534,0,1,0,1,0,1,0,639994,640528,0,1
12,516,0,1,0,1,0,1,0,643127,643643,0,1
12,600,0,1,0,1,2,1,0,646292,646892,0,1
12,583,0,1,1,0,0,1,0,649791,650374,0,0
12,450,0,1,0,1,1,1,0,652973,653423,0,1
12,416,0,1,0,1,1,0,1,656156,656572,0,1
12,383,0,1,0,1,1,1,0,659288,659671,0,1
12,417,0,1,0,1,1,1,0,662587,663004,0,1
12,333,0,1,0,1,1,1,0,665953,666286,0,1
12,516,1,0,1,0,2,1,0,668885,669401,0,1
12,633,0,1,1,0,1,0,1,671984,672617,0,0
12,667,1,0,1,0,2,0,1,675349,676016,0,1
12,450,1,0,1,0,0,0,1,678615,679065,0,1
12,517,0,1,0,1,1,1,0,681914,682431,0,1
12,383,0,1,0,1,1,1,0,685013,685396,0,1
12,416,0,1,0,1,1,0,1,688112,688528,0,1
12,366,1,0,1,0,2,0,1,691178,691544,0,1
12,566,0,1,0,1,2,0,1,694377,694943,0,1
12,667,1,0,1,0,0,1,0,697675,698342,0,1
12,617,0,1,0,1,0,0,1,700974,701591,0,1
12,449,1,0,1,0,2,1,0,704307,704756,0,1
12,450,0,1,0,1,1,1,0,707472,707922,0,1
12,584,1,0,1,0,2,1,0,710904,711488,0,1
12,583,1,0,1,0,2,1,0,714020,714603,0,1
12,450,1,0,1,0,2,0,1,717386,717836,0,1
12,533,0,1,0,1,2,1,0,720468,721001,0,1
12,450,1,0,1,0,0,1,0,723717,724167,0,1
12,534,1,0,1,0,2,0,1,726932,727466,0,1
12,600,0,1,0,1,0,0,1,730415,731015,0,1
12,500,0,1,0,1,0,0,1,733614,734114,0,1
12,716,0,1,0,1,0,0,1,736896,737612,0,1
12,650,1,0,1,0,0,1,0,740478,741128,0,1
12,416,1,0,1,0,2,0,1,744094,744510,0,1
12,550,1,0,1,0,2,1,0,747492,748042,0,1
12,566,0,1,0,1,1,0,1,751008,751574,0,1
12,350,1,0,1,0,2,0,1,754507,754857,0,1
12,666,0,1,0,1,0,1,0,757689,758355,0,1
12,683,0,1,0,1,0,0,1,761021,761704,0,1
12,550,0,1,0,1,1,1,0,764670,765220,0,1
12,483,1,0,1,0,0,0,1,785899,786382,0,1
12,467,0,1,0,1,0,0,1,789148,789615,0,1
12,600,1,0,1,0,2,1,0,792380,792980,0,1
12,484,1,0,1,0,0,0,1,795629,796113,0,1
12,533,1,0,1,0,1,1,0,798878,799411,0,1
12,650,1,0,1,0,2,1,0,802427,803077,0,1
12,566,1,0,1,0,0,0,1,805643,806209,0,1
12,566,1,0,1,0,1,0,1,808992,809558,0,1
12,416,1,0,1,0,1,0,1,812191,812607,0,1
12,400,1,0,1,0,2,1,0,815373,815773,0,1
12,383,0,1,0,1,1,0,1,818405,818788,0,1
12,417,1,0,1,0,1,1,0,821454,821871,0,1
12,700,0,1,1,0,2,1,0,824886,825586,0,0
12,517,1,0,1,0,1,0,1,828135,828652,0,1
12,500,1,0,1,0,1,1,0,831351,831851,0,1
12,500,0,1,0,1,0,1,0,834850,835350,0,1
12,783,0,1,0,1,0,1,0,838249,839032,0,1
12,433,0,1,0,1,1,1,0,841698,842131,0,1
12,417,1,0,1,0,0,0,1,844863,845280,0,1
12,416,1,0,1,0,2,1,0,847846,848262,0,1
12,450,1,0,1,0,0,0,1,850878,851328,0,1
12,433,1,0,0,1,2,1,0,854027,854460,0,0
12,484,0,1,0,1,0,0,1,857242,857726,0,1
12,467,0,1,0,1,1,0,1,860491,860958,0,1
12,484,0,1,0,1,0,1,0,863690,864174,0,1
12,549,0,1,0,1,0,1,0,866823,867372,0,1
12,500,0,1,0,1,0,0,1,870271,870771,0,1
12,550,1,0,1,0,2,0,1,873754,874304,0,1
12,499,0,1,0,1,1,1,0,877203,877702,0,1
12,516,0,1,0,1,1,1,0,880735,881251,0,1
12,466,0,1,0,1,1,0,1,884267,884733,0,1
12,483,1,0,1,0,2,0,1,887616,888099,0,1
12,483,0,1,0,1,1,0,1,890998,891481,0,1
12,567,1,0,1,0,0,0,1,894147,894714,0,1
12,500,1,0,1,0,2,0,1,897329,897829,0,1
12,500,0,1,0,1,1,1,0,900778,901278,0,1
12,550,1,0,1,0,0,0,1,903910,904460,0,1
12,583,1,0,0,1,1,0,1,907326,907909,0,0
12,450,0,1,0,1,1,0,1,910825,911275,0,1
12,433,0,1,0,1,1,1,0,914007,914440,0,1
12,384,0,1,0,1,1,1,0,917239,917623,0,1
12,616,1,0,1,0,0,1,0,920172,920788,0,1
12,517,0,1,0,1,1,0,1,923354,923871,0,1
12,417,0,1,1,0,1,1,0,926886,927303,0,0
12,483,0,1,1,0,0,1,0,929885,930368,0,0
12,483,0,1,0,1,1,1,0,933084,933567,0,1
12,433,1,0,1,0,2,0,1,936383,936816,0,1
12,500,0,1,0,1,1,0,1,939415,939915,0,1
12,616,0,1,0,1,2,0,1,942781,943397,0,1
12,517,1,0,1,0,1,0,1,946013,946530,0,1
12,667,1,0,1,0,2,1,0,949512,950179,0,1
12,550,1,0,1,0,0,1,0,952894,953444,0,1
12,499,0,1,0,1,0,0,1,956177,956676,0,1
12,650,0,1,0,1,1,1,0,959542,960192,0,1
12,633,1,0,1,0,0,0,1,963158,963791,0,1
12,483,1,0,1,0,2,0,1,966457,966940,0,1
12,567,1,0,1,0,0,1,0,969922,970489,0,1
12,466,1,0,1,0,2,0,1,973438,973904,0,1
12,550,0,1,0,1,0,1,0,976653,977203,0,1
12,683,0,1,0,1,2,0,1,979902,980585,0,1
12,533,0,1,0,1,1,0,1,983301,983834,0,1
12,633,0,1,0,1,2,1,0,986617,987250,0,1
12,500,0,1,0,1,1,1,0,989782,990282,0,1
12,533,1,0,1,0,2,0,1,993198,993731,0,1
12,616,1,0,1,0,1,1,0,996447,997063,0,1
12,533,0,1,0,1,2,1,0,999646,1000179,0,1
12,584,0,1,0,1,1,1,0,1003194,1003778,0,1
12,566,0,1,0,1,0,0,1,1006577,1007143,0,1
12,383,1,0,1,0,2,0,1,1010059,1010442,0,1
12,650,0,1,0,1,0,1,0,1013241,1013891,0,1
12,616,0,1,0,1,0,0,1,1016457,1017073,0,1
12,799,1,0,0,1,2,0,1,1020006,1020805,0,0
12,834,0,1,0,1,2,1,0,1023354,1024188,0,1
12,384,0,1,0,1,1,1,0,1041910,1042294,0,1
12,416,0,1,0,1,1,0,1,1045143,1045559,0,1
12,667,0,1,0,1,2,0,1,1048258,1048925,0,1
12,483,0,1,0,1,0,0,1,1051574,1052057,0,1
12,950,0,1,0,1,1,0,1,1054956,1055906,0,1
12,567,1,0,1,0,1,0,1,1058671,1059238,0,1
12,533,0,1,0,1,2,1,0,1062187,1062720,0,1
12,600,1,0,1,0,2,1,0,1065619,1066219,0,1
12,550,0,1,0,1,1,1,0,1069118,1069668,0,1
12,617,0,1,0,1,1,1,0,1072700,1073317,0,1
12,350,1,0,1,0,2,0,1,1076332,1076682,0,1
12,616,0,1,0,1,0,1,0,1079398,1080014,0,1
12,550,0,1,0,1,1,0,1,1082697,1083247,0,1
12,617,1,0,1,0,2,0,1,1086112,1086729,0,1
12,533,1,0,1,0,2,0,1,1089645,1090178,0,1
12,567,1,0,1,0,0,1,0,1093160,1093727,0,1
12,550,1,0,1,0,1,0,1,1096409,1096959,0,1
12,567,0,1,0,1,0,0,1,1099691,1100258,0,1
12,450,0,1,0,1,1,0,1,1102940,1103390,0,1
12,450,1,0,0,1,2,1,0,1106339,1106789,0,0
12,517,0,1,0,1,2,0,1,1109788,1110305,0,1
12,550,1,0,1,0,2,0,1,1112870,1113420,0,1
12,450,1,0,1,0,2,1,0,1116336,1116786,0,1
12,600,1,0,1,0,0,1,0,1119335,1119935,0,1
12,533,0,1,1,0,2,1,0,1122917,1123450,0,0
12,550,0,1,1,0,1,1,0,1126249,1126799,0,0
12,650,0,1,0,1,0,0,1,1129415,1130065,0,1
12,500,0,1,0,1,2,0,1,1132814,1133314,0,1
12,500,1,0,1,0,1,0,1,1135929,1136429,0,1
12,583,0,1,0,1,1,0,1,1139045,1139628,0,1
12,617,0,1,0,1,1,0,1,1142577,1143194,0,1
12,433,0,1,0,1,1,1,0,1146076,1146509,0,1
12,933,1,0,1,0,2,0,1,1149058,1149991,0,1
12,516,0,1,0,1,2,1,0,1152674,1153190,0,1
12,684,0,1,0,1,0,1,0,1155939,1156623,0,1
12,500,0,1,0,1,1,0,1,1159655,1160155,0,1
12,599,1,0,1,0,0,1,0,1162821,1163420,0,1
12,567,0,1,0,1,2,0,1,1166419,1166986,0,1
12,500,0,1,0,1,1,1,0,1169668,1170168,0,1
12,533,0,1,0,1,0,1,0,1173017,1173550,0,1
12,500,1,0,1,0,0,0,1,1176516,1177016,0,1
12,517,1,0,1,0,2,1,0,1179598,1180115,0,1
12,516,0,1,0,1,0,0,1,1182864,1183380,0,1
12,666,0,1,0,1,1,0,1,1185930,1186596,0,1
12,633,1,0,1,0,2,0,1,1189612,1190245,0,1
12,550,0,1,0,1,1,0,1,1192877,1193427,0,1
12,533,1,0,1,0,2,0,1,1196176,1196709,0,1
12,717,1,0,1,0,2,1,0,1199425,1200142,0,1
12,650,1,0,1,0,2,1,0,1202974,1203624,0,1
12,617,0,1,0,1,1,0,1,1206639,1207256,0,1
12,633,0,1,0,1,2,0,1,1210055,1210688,0,1
12,566,0,1,0,1,2,1,0,1213604,1214170,0,1
12,516,1,0,1,0,0,0,1,1217053,1217569,0,1
12,500,0,1,0,1,2,1,0,1220435,1220935,0,1
12,549,1,0,1,0,0,0,1,1223601,1224150,0,1
12,583,1,0,1,0,2,1,0,1226816,1227399,0,1
12,434,0,1,0,1,1,0,1,1230098,1230532,0,1
12,500,1,0,1,0,0,0,1,1233114,1233614,0,1
12,516,1,0,1,0,2,1,0,1236580,1237096,0,1
12,617,1,0,1,0,0,1,0,1239895,1240512,0,1
12,600,0,1,0,1,1,1,0,1243194,1243794,0,1
12,600,0,1,0,1,2,0,1,1246393,1246993,0,1
12,599,0,1,0,1,1,1,0,1249709,1250308,0,1
12,633,1,0,1,0,2,1,0,1253074,1253707,0,1
12,749,1,0,1,0,0,1,0,1256690,1257439,0,1
12,467,0,1,0,1,0,0,1,1260005,1260472,0,1
12,767,0,1,0,1,0,0,1,1263054,1263821,0,1
12,500,1,0,1,0,2,1,0,1266453,1266953,0,1
12,534,0,1,0,1,1,0,1,1269635,1270169,0,1
13,1100,0,1,1,0,1,0,1,10731,11831,0,0
13,816,0,1,0,1,0,1,0,14397,15213,0,1
13,983,1,0,1,0,2,0,1,17796,18779,0,1
13,633,1,0,1,0,1,0,1,21728,22361,0,1
13,599,1,0,1,0,0,1,0,24977,25576,0,1
13,483,1,0,1,0,2,0,1,28159,28642,0,1
13,667,1,0,1,0,1,0,1,31324,31991,0,1
13,616,1,0,1,0,2,1,0,34957,35573,0,1
13,600,1,0,1,0,0,1,0,38372,38972,0,1
13,650,1,0,0,1,0,1,0,41621,42271,0,0
13,649,1,0,1,0,2,1,0,45287,45936,0,1
13,633,0,1,0,1,0,0,1,48852,49485,0,1
13,566,1,0,1,0,2,0,1,52318,52884,0,1
13,433,0,1,1,0,0,1,0,55783,56216,0,0
13,666,0,1,1,0,2,1,0,59232,59898,0,0
13,466,1,0,1,0,2,1,0,62498,62964,0,1
13,450,1,0,1,0,2,1,0,65880,66330,0,1
13,966,0,1,0,1,1,0,1,68979,69945,0,1
13,617,1,0,1,0,2,1,0,72794,73411,0,1
13,750,1,0,1,0,1,0,1,76310,77060,0,1
13,683,1,0,0,1,1,1,0,80059,80742,0,0
13,683,0,1,0,1,1,0,1,83591,84274,0,1
13,549,0,1,1,0,2,0,1,86940,87489,0,0
13,500,1,0,1,0,0,0,1,90455,90955,0,1
13,416,1,0,1,0,2,0,1,93871,94287,0,1
13,549,0,1,0,1,0,1,0,97220,97769,0,1
13,583,0,1,1,0,0,1,0,100535,101118,0,0
13,483,1,0,1,0,2,1,0,104051,104534,0,1
13,599,0,1,0,1,0,0,1,107550,108149,0,1
13,450,0,1,1,0,0,0,1,110965,111415,0,0
13,516,1,0,1,0,0,0,1,114431,114947,0,1
13,533,1,0,1,0,0,1,0,117913,118446,0,1
13,533,1,0,1,0,2,1,0,121212,121745,0,1
13,384,1,0,0,1,2,0,1,124477,124861,0,0
13,400,0,1,0,1,1,0,1,127610,128010,0,1
13,433,0,1,1,0,0,1,0,130659,131092,0,0
13,1049,0,1,0,1,1,1,0,133958,135007,0,1
13,484,0,1,0,1,0,1,0,137706,138190,0,1
13,400,1,0,0,1,2,0,1,140789,141189,0,0
13,466,1,0,1,0,2,0,1,144038,144504,0,1
13,466,1,0,1,0,2,0,1,147270,147736,0,1
13,517,0,1,0,1,1,1,0,150685,151202,0,1
13,567,1,0,1,0,0,0,1,153884,154451,0,1
13,450,1,0,1,0,0,0,1,157400,157850,0,1
13,466,0,1,1,0,0,1,0,160499,160965,0,0
13,450,1,0,1,0,2,1,0,163781,164231,0,1
13,533,0,1,1,0,2,1,0,166980,167513,0,0
13,450,0,1,1,0,2,1,0,170162,170612,0,0
13,350,1,0,1,0,0,0,1,173428,173778,0,1
13,583,0,1,0,1,1,1,0,176494,177077,0,1
13,550,1,0,1,0,2,1,0,179709,180259,0,1
13,550,0,1,1,0,0,1,0,183008,183558,0,0
13,384,1,0,0,1,0,0,1,186190,186574,0,0
13,567,0,1,0,1,0,0,1,189406,189973,0,1
13,533,0,1,0,1,1,0,1,192805,193338,0,1
13,567,1,0,1,0,2,0,1,195987,196554,0,1
13,400,1,0,1,0,2,0,1,199486,199886,0,1
13,600,0,1,0,1,1,0,1,202552,203152,0,1
13,583,0,1,0,1,2,0,1,206084,206667,0,1
13,533,0,1,0,1,0,0,1,209483,210016,0,1
13,617,0,1,1,0,2,1,0,212648,213265,0,0
13,550,1,0,1,0,2,0,1,216014,216564,0,1
13,499,0,1,0,1,2,0,1,219330,219829,0,1
13,483,1,0,0,1,1,1,0,222529,223012,0,0
13,483,1,0,1,0,1,0,1,225711,226194,0,1
13,633,1,0,1,0,2,1,0,228993,229626,0,1
13,583,0,1,1,0,2,0,1,232242,232825,0,0
13,617,1,0,1,0,0,0,1,235824,236441,0,1
13,500,1,0,1,0,2,0,1,239256,239756,0,1
13,583,1,0,1,0,2,1,0,242689,243272,0,1
13,516,1,0,1,0,1,1,0,246021,246537,0,1
13,500,1,0,1,0,1,0,1,249320,249820,0,1
13,483,0,1,0,1,1,1,0,268916,269399,0,1
13,500,0,1,1,0,0,1,0,272231,272731,0,0
13,483,1,0,1,0,0,1,0,275597,276080,0,1
13,350,0,1,1,0,1,0,1,278979,279329,0,0
13,583,0,1,0,1,1,0,1,282145,282728,0,1
13,467,0,1,1,0,1,1,0,285560,286027,0,0
13,717,1,0,0,1,1,0,1,288559,289276,0,0
13,683,0,1,1,0,2,1,0,291958,292641,0,0
13,633,1,0,0,1,1,1,0,295224,295857,0,0
13,633,0,1,0,1,1,1,0,298723,299356,0,1
13,666,0,1,0,1,1,0,1,302222,302888,0,1
13,716,1,0,1,0,1,1,0,305804,306520,0,1
13,983,0,1,1,0,0,1,0,309486,310469,0,0
13,450,1,0,0,1,2,1,0,313451,313901,0,0
13,483,0,1,0,1,1,1,0,316850,317333,0,1
13,483,1,0,1,0,0,0,1,320316,320799,0,1
13,534,0,1,0,1,1,0,1,323764,324298,0,1
13,483,1,0,1,0,1,1,0,327280,327763,0,1
13,450,1,0,1,0,1,1,0,330679,331129,0,1
13,517,1,0,1,0,0,1,0,333811,334328,0,1
13,584,0,1,0,1,1,0,1,337093,337677,0,1
13,450,1,0,1,0,1,0,1,340309,340759,0,1
13,567,1,0,1,0,2,1,0,343408,343975,0,1
13,500,1,0,1,0,0,0,1,346657,347157,0,1
13,533,1,0,0,1,1,1,0,350156,350689,0,0
13,534,0,1,1,0,2,1,0,353221,353755,0,0
13,566,1,0,1,0,2,0,1,356604,357170,0,1
13,883,1,0,0,1,1,1,0,359869,360752,0,0
13,483,0,1,1,0,2,1,0,363335,363818,0,0
13,384,1,0,0,1,1,0,1,366700,367084,0,0
13,617,1,0,1,0,2,0,1,369699,370316,0,1
13,550,0,1,1,0,2,0,1,372882,373432,0,0
13,433,1,0,0,1,0,0,1,376447,376880,0,0
13,700,0,1,0,1,1,0,1,379829,380529,0,1
13,517,1,0,1,0,0,0,1,383478,383995,0,1
13,883,0,1,0,1,2,1,0,386594,387477,0,1
13,1300,0,0,1,0,1,1,0,390059,391359,1,NaN
13,500,1,0,0,1,1,1,0,394291,394791,0,0
13,400,1,0,1,0,0,1,0,397340,397740,0,1
13,567,0,1,0,1,1,1,0,400456,401023,0,1
13,484,0,1,0,1,2,0,1,403738,404222,0,1
13,566,0,1,0,1,0,1,0,407121,407687,0,1
13,650,1,0,0,1,0,1,0,410436,411086,0,0
13,450,1,0,1,0,0,0,1,413918,414368,0,1
13,550,0,1,0,1,1,0,1,416934,417484,0,1
13,666,0,1,1,0,0,1,0,420283,420949,0,0
13,517,0,1,1,0,0,0,1,423548,424065,0,0
13,500,1,0,1,0,1,1,0,426731,427231,0,1
13,417,1,0,1,0,2,0,1,430163,430580,0,1
13,533,0,1,0,1,0,1,0,433512,434045,0,1
13,666,0,1,0,1,1,1,0,436611,437277,0,1
13,733,0,1,0,1,1,0,1,440010,440743,0,1
13,434,1,0,1,0,0,0,1,443525,443959,0,1
13,633,0,1,1,0,1,1,0,446708,447341,0,0
13,617,0,1,0,1,0,0,1,450323,450940,0,1
13,583,1,0,1,0,1,0,1,453905,454488,0,1
13,500,0,1,0,1,0,0,1,457487,457987,0,1
13,467,1,0,1,0,0,0,1,460553,461020,0,1
13,549,0,1,0,1,0,0,1,463819,464368,0,1
13,350,1,0,1,0,0,1,0,466934,467284,0,1
13,516,0,1,1,0,0,1,0,470317,470833,0,0
13,516,1,0,1,0,1,0,1,473799,474315,0,1
13,617,0,1,0,1,1,1,0,477114,477731,0,1
13,683,0,1,0,1,0,0,1,480263,480946,0,1
13,483,1,0,1,0,0,0,1,483762,484245,0,1
13,517,1,0,1,0,2,0,1,487011,487528,0,1
13,517,0,1,0,1,1,1,0,490093,490610,0,1
13,600,0,1,0,1,1,1,0,493159,493759,0,1
13,516,0,1,1,0,0,0,1,496708,497224,0,0
13,683,0,1,0,1,0,1,0,499807,500490,0,1
13,717,1,0,1,0,0,1,0,503472,504189,0,1
13,566,0,1,1,0,2,1,0,506955,507521,0,0
13,683,0,1,0,1,0,1,0,510270,510953,0,1
13,633,0,1,0,1,1,0,1,533976,534609,0,1
13,1066,0,1,0,1,2,1,0,537475,538541,0,1
13,483,1,0,1,0,0,0,1,541374,541857,0,1
13,616,1,0,1,0,1,1,0,544406,545022,0,1
13,483,0,1,0,1,2,0,1,547638,548121,0,1
13,566,0,1,1,0,0,1,0,550754,551320,0,0
13,617,0,1,0,1,0,0,1,554319,554936,0,1
13,483,1,0,0,1,0,1,0,557818,558301,0,0
13,450,1,0,0,1,2,0,1,561017,561467,0,0
13,467,0,1,1,0,2,1,0,564166,564633,0,0
13,433,1,0,1,0,2,0,1,567415,567848,0,1
13,666,1,0,1,0,2,1,0,570864,571530,0,1
13,516,0,1,0,1,1,0,1,574213,574729,0,1
13,633,0,1,0,1,1,0,1,577612,578245,0,1
13,433,1,0,1,0,2,0,1,580811,581244,0,1
13,517,1,0,1,0,1,1,0,584076,584593,0,1
13,567,0,1,0,1,0,1,0,587608,588175,0,1
13,583,0,1,0,1,1,0,1,590991,591574,0,1
13,549,0,1,0,1,2,0,1,594290,594839,0,1
13,566,1,0,0,1,1,0,1,597389,597955,0,0
13,533,0,1,0,1,1,0,1,600754,601287,0,1
13,716,0,1,0,1,0,0,1,604270,604986,0,1
13,483,1,0,1,0,2,0,1,607569,608052,0,1
13,533,1,0,1,0,1,0,1,610684,611217,0,1
13,650,1,0,1,0,2,1,0,613866,614516,0,1
13,666,0,1,0,1,0,0,1,617049,617715,0,1
13,534,1,0,1,0,2,0,1,620364,620898,0,1
13,584,0,1,1,0,0,0,1,623513,624097,0,0
13,750,0,1,1,0,0,0,1,626729,627479,0,0
13,600,0,1,0,1,1,0,1,630478,631078,0,1
13,550,0,1,0,1,1,1,0,633843,634393,0,1
13,567,0,1,0,1,1,1,0,637375,637942,0,1
13,633,1,0,1,0,2,0,1,640874,641507,0,1
13,450,0,1,1,0,1,1,0,644456,644906,0,0
13,616,0,1,0,1,0,0,1,647789,648405,0,1
13,617,0,1,0,1,1,0,1,651254,651871,0,1
13,516,1,0,1,0,1,0,1,654770,655286,0,1
13,517,0,1,0,1,0,0,1,657985,658502,0,1
13,500,0,1,0,1,0,1,0,661434,661934,0,1
13,633,0,1,0,1,2,0,1,664933,665566,0,1
13,616,0,1,0,1,1,0,1,668482,669098,0,1
13,883,0,1,0,1,2,0,1,671798,672681,0,1
13,450,1,0,1,0,0,1,0,675263,675713,0,1
13,433,1,0,1,0,2,1,0,678695,679128,0,1
13,500,1,0,1,0,2,1,0,681911,682411,0,1
13,600,0,1,0,1,1,1,0,685043,685643,0,1
13,400,1,0,0,1,1,0,1,688675,689075,0,0
13,617,0,1,0,1,0,0,1,691624,692241,0,1
13,600,0,1,0,1,1,0,1,695123,695723,0,1
13,567,0,1,1,0,2,1,0,698322,698889,0,0
13,700,1,0,1,0,0,1,0,701671,702371,0,1
13,533,0,1,0,1,0,1,0,704920,705453,0,1
13,566,1,0,0,1,2,1,0,708336,708902,0,0
13,566,0,1,0,1,0,0,1,711468,712034,0,1
13,450,1,0,0,1,2,1,0,714950,715400,0,0
13,566,0,1,0,1,2,0,1,718116,718682,0,1
13,616,1,0,1,0,1,0,1,721498,722114,0,1
13,633,0,1,0,1,2,0,1,724847,725480,0,1
13,550,0,1,0,1,1,1,0,728029,728579,0,1
13,550,0,1,0,1,2,1,0,731361,731911,0,1
13,583,1,0,1,0,2,0,1,734577,735160,0,1
13,649,0,1,1,0,0,1,0,737843,738492,0,0
13,450,1,0,1,0,2,0,1,741508,741958,0,1
13,616,0,1,0,1,1,1,0,744774,745390,0,1
13,567,0,1,0,1,1,1,0,748389,748956,0,1
13,466,1,0,1,0,2,0,1,751905,752371,0,1
13,516,1,0,1,0,2,1,0,755287,755803,0,1
13,517,0,1,0,1,2,1,0,758352,758869,0,1
13,566,0,1,0,1,2,0,1,761735,762301,0,1
13,617,1,0,1,0,1,1,0,765000,765617,0,1
13,649,0,1,0,1,1,1,0,768483,769132,0,1
13,483,1,0,1,0,0,0,1,771698,772181,0,1
13,833,0,1,0,1,0,0,1,775014,775847,0,1
13,633,0,1,0,1,1,1,0,793073,793706,0,1
13,500,0,1,0,1,1,0,1,796455,796955,0,1
13,516,0,1,0,1,0,1,0,799971,800487,0,1
13,566,0,1,0,1,2,1,0,803303,803869,0,1
13,667,0,1,0,1,0,1,0,806818,807485,0,1
13,683,0,1,0,1,1,0,1,810251,810934,0,1
13,683,0,1,0,1,1,0,1,813516,814199,0,1
13,633,1,0,1,0,0,1,0,817215,817848,0,1
13,583,0,1,0,1,0,1,0,820864,821447,0,1
13,900,0,1,0,1,1,0,1,824296,825196,0,1
13,450,1,0,0,1,0,0,1,828111,828561,0,0
13,450,1,0,1,0,2,0,1,831177,831627,0,1
13,500,0,1,0,1,0,0,1,834526,835026,0,1
13,450,1,0,1,0,1,0,1,837791,838241,0,1
13,483,1,0,1,0,2,0,1,840841,841324,0,1
13,567,1,0,1,0,1,1,0,844206,844773,0,1
13,583,1,0,1,0,2,0,1,847755,848338,0,1
13,583,1,0,0,1,1,1,0,851021,851604,0,0
13,649,0,1,0,1,1,1,0,854603,855252,0,1
13,617,1,0,1,0,2,0,1,858068,858685,0,1
13,634,1,0,0,1,0,1,0,861700,862334,0,0
13,633,1,0,1,0,0,0,1,864866,865499,0,1
13,750,1,0,1,0,0,1,0,868048,868798,0,1
13,617,0,1,0,1,1,0,1,871547,872164,0,1
13,634,1,0,0,1,0,0,1,874929,875563,0,0
13,633,1,0,1,0,0,1,0,878112,878745,0,1
13,633,1,0,1,0,2,0,1,881577,882210,0,1
13,734,0,1,0,1,2,1,0,884809,885543,0,1
13,767,1,0,1,0,2,1,0,888158,888925,0,1
13,650,0,1,0,1,1,1,0,891840,892490,0,1
13,617,1,0,1,0,1,0,1,895156,895773,0,1
13,533,0,1,0,1,1,0,1,898522,899055,0,1
13,1283,0,1,1,0,0,0,1,902070,903353,0,0
13,733,0,1,0,1,0,1,0,906269,907002,0,1
13,899,0,1,1,0,1,0,1,909585,910484,0,0
13,650,1,0,1,0,2,1,0,913217,913867,0,1
13,567,0,1,0,1,1,1,0,916732,917299,0,1
13,500,1,0,1,0,2,0,1,920314,920814,0,1
13,833,0,1,0,1,1,1,0,923497,924330,0,1
13,633,0,1,1,0,2,1,0,927146,927779,0,0
13,617,0,1,0,1,1,0,1,930361,930978,0,1
13,567,0,1,0,1,2,0,1,933943,934510,0,1
13,550,0,1,0,1,1,0,1,937159,937709,0,1
13,566,0,1,0,1,0,0,1,940608,941174,0,1
13,517,1,0,1,0,0,0,1,944073,944590,0,1
13,533,0,1,0,1,1,0,1,947556,948089,0,1
13,500,1,0,1,0,2,0,1,950838,951338,0,1
13,500,1,0,1,0,0,1,0,954053,954553,0,1
13,599,0,1,0,1,2,0,1,957536,958135,0,1
13,633,1,0,1,0,2,1,0,960718,961351,0,1
13,566,0,1,1,0,2,1,0,964017,964583,0,0
13,600,0,1,0,1,2,0,1,967182,967782,0,1
13,550,0,1,0,1,0,1,0,970381,970931,0,1
13,583,0,1,0,1,1,1,0,973664,974247,0,1
13,517,0,1,1,0,1,1,0,976979,977496,0,0
13,516,0,1,0,1,0,0,1,980495,981011,0,1
13,600,1,0,1,0,2,0,1,983577,984177,0,1
13,567,0,1,0,1,0,1,0,986776,987343,0,1
13,683,0,1,1,0,2,0,1,989942,990625,0,0
13,566,0,1,0,1,2,1,0,993291,993857,0,1
13,850,0,1,1,0,2,0,1,996423,997273,0,0
13,566,0,1,0,1,0,1,0,999822,1000388,0,1
13,600,0,1,0,1,2,1,0,1003337,1003937,0,1
13,650,0,1,0,1,1,1,0,1006769,1007419,0,1
13,649,0,1,0,1,0,0,1,1010302,1010951,0,1
13,583,0,1,0,1,1,1,0,1013834,1014417,0,1
13,683,1,0,1,0,1,1,0,1017266,1017949,0,1
13,584,1,0,1,0,0,0,1,1020931,1021515,0,1
13,700,1,0,1,0,0,1,0,1024497,1025197,0,1
13,617,1,0,1,0,0,1,0,1028112,1028729,0,1
13,617,1,0,1,0,2,0,1,1031428,1032045,0,1
13,516,0,1,0,1,0,1,0,1034777,1035293,0,1
13,617,0,1,1,0,2,1,0,1038059,1038676,0,0
13,900,0,1,1,0,0,1,0,1054038,1054938,0,0
13,900,1,0,1,0,0,0,1,1057737,1058637,0,1
13,499,0,1,0,1,1,1,0,1061603,1062102,0,1
13,599,0,1,0,1,2,1,0,1064702,1065301,0,1
13,550,1,0,1,0,2,1,0,1067967,1068517,0,1
13,467,0,1,0,1,0,1,0,1071399,1071866,0,1
13,733,1,0,1,0,0,1,0,1074682,1075415,0,1
13,533,0,1,0,1,1,1,0,1078164,1078697,0,1
13,567,0,1,0,1,1,0,1,1081679,1082246,0,1
13,567,0,1,0,1,1,0,1,1085178,1085745,0,1
13,550,0,1,0,1,1,1,0,1088660,1089210,0,1
13,633,1,0,1,0,2,1,0,1092159,1092792,0,1
13,600,0,1,0,1,1,1,0,1095325,1095925,0,1
13,817,1,0,1,0,2,0,1,1098640,1099457,0,1
13,466,0,1,0,1,1,1,0,1102423,1102889,0,1
13,483,1,0,1,0,1,0,1,1105438,1105921,0,1
13,466,1,0,1,0,0,0,1,1108571,1109037,0,1
13,617,1,0,1,0,2,1,0,1111986,1112603,0,1
13,550,0,1,0,1,2,1,0,1115568,1116118,0,1
13,550,1,0,1,0,0,0,1,1118784,1119334,0,1
13,600,0,1,0,1,1,1,0,1122216,1122816,0,1
13,566,0,1,0,1,2,0,1,1125582,1126148,0,1
13,700,0,1,0,1,2,1,0,1129097,1129797,0,1
13,616,0,1,0,1,1,0,1,1132463,1133079,0,1
13,633,0,1,1,0,2,0,1,1135628,1136261,0,0
13,750,0,1,1,0,0,1,0,1138894,1139644,0,0
13,400,1,0,1,0,1,1,0,1142176,1142576,0,1
13,584,0,1,1,0,2,1,0,1145308,1145892,0,0
13,533,1,0,1,0,2,1,0,1148907,1149440,0,1
13,600,1,0,1,0,0,0,1,1152023,1152623,0,1
13,600,0,1,0,1,0,0,1,1155555,1156155,0,1
13,567,0,1,1,0,2,1,0,1158704,1159271,0,0
13,583,1,0,0,1,0,0,1,1161903,1162486,0,0
13,699,0,1,0,1,1,0,1,1165169,1165868,0,1
13,517,0,1,0,1,0,1,0,1168584,1169101,0,1
13,584,0,1,0,1,0,0,1,1172016,1172600,0,1
13,616,0,1,0,1,2,1,0,1175449,1176065,0,1
13,683,0,1,0,1,0,1,0,1178681,1179364,0,1
13,600,0,1,0,1,0,0,1,1182180,1182780,0,1
13,533,0,1,0,1,1,0,1,1185362,1185895,0,1
13,733,1,0,1,0,2,1,0,1188911,1189644,0,1
13,517,0,1,0,1,2,1,0,1192543,1193060,0,1
13,650,0,1,1,0,0,0,1,1195875,1196525,0,0
13,550,0,1,0,1,1,0,1,1199374,1199924,0,1
13,567,0,1,0,1,1,0,1,1202856,1203423,0,1
13,616,1,0,0,1,0,1,0,1206089,1206705,0,0
13,600,0,1,0,1,2,1,0,1209371,1209971,0,1
13,600,0,1,1,0,2,0,1,1212953,1213553,0,0
13,634,0,1,0,1,1,1,0,1216568,1217202,0,1
13,616,1,0,1,0,2,1,0,1220034,1220650,0,1
13,534,1,0,1,0,2,0,1,1223599,1224133,0,1
13,616,1,0,1,0,0,0,1,1227115,1227731,0,1
13,600,0,1,0,1,1,0,1,1230547,1231147,0,1
13,517,1,0,1,0,1,1,0,1233779,1234296,0,1
13,650,1,0,1,0,2,1,0,1237145,1237795,0,1
13,883,0,1,0,1,0,0,1,1240461,1241344,0,1
13,583,1,0,1,0,1,0,1,1244326,1244909,0,1
13,700,0,1,0,1,0,1,0,1247608,1248308,0,1
13,617,1,0,0,1,1,1,0,1251240,1251857,0,0
13,583,0,1,0,1,2,1,0,1254723,1255306,0,1
13,817,0,1,0,1,0,1,0,1258271,1259088,0,1
13,716,0,1,0,1,1,1,0,1261804,1262520,0,1
13,534,1,0,1,0,2,0,1,1265302,1265836,0,1
13,767,0,1,0,1,0,1,0,1268451,1269218,0,1
13,616,0,1,0,1,0,1,0,1272117,1272733,0,1
13,799,1,0,1,0,1,1,0,1275616,1276415,0,1
13,583,1,0,1,0,2,0,1,1279248,1279831,0,1
13,534,0,1,0,1,0,0,1,1282813,1283347,0,1
13,600,0,1,0,1,2,0,1,1285962,1286562,0,1
14,650,1,0,1,0,2,0,1,14481,15131,0,1
14,500,1,0,0,1,1,0,1,17747,18247,0,0
14,750,1,0,0,1,0,0,1,20912,21662,0,0
14,1000,0,1,1,0,2,1,0,24378,25378,0,0
14,650,1,0,1,0,2,0,1,27960,28610,0,1
14,817,1,0,1,0,2,0,1,31592,32409,0,1
14,816,0,1,1,0,0,0,1,35258,36074,0,0
14,683,1,0,0,1,0,0,1,38823,39506,0,0
14,616,1,0,1,0,2,1,0,42289,42905,0,1
14,766,1,0,0,1,0,1,0,45788,46554,0,0
14,683,1,0,1,0,1,0,1,49570,50253,0,1
14,733,1,0,1,0,2,0,1,52869,53602,0,1
14,700,1,0,0,1,0,0,1,56534,57234,0,0
14,700,1,0,1,0,1,0,1,59966,60666,0,1
14,983,1,0,0,1,0,1,0,63565,64548,0,0
14,933,0,1,0,1,1,0,1,67131,68064,0,1
14,784,0,1,1,0,0,1,0,70729,71513,0,0
14,700,1,0,1,0,0,0,1,74428,75128,0,1
14,634,1,0,0,1,1,1,0,77810,78444,0,0
14,749,1,0,0,1,2,1,0,80993,81742,0,0
14,733,0,1,0,1,1,0,1,84542,85275,0,1
14,733,0,1,0,1,0,1,0,88224,88957,0,1
14,667,1,0,1,0,0,0,1,91589,92256,0,1
14,683,1,0,1,0,0,1,0,95088,95771,0,1
14,716,1,0,1,0,0,0,1,98604,99320,0,1
14,966,1,0,0,1,1,0,1,102286,103252,0,0
14,916,1,0,0,1,0,0,1,106268,107184,0,0
14,749,1,0,1,0,2,1,0,109817,110566,0,1
14,733,1,0,1,0,0,1,0,113282,114015,0,1
14,800,0,1,1,0,2,0,1,116914,117714,0,0
14,867,1,0,1,0,2,1,0,120396,121263,0,1
14,783,1,0,0,1,1,0,1,123845,124628,0,0
14,867,1,0,1,0,1,1,0,127194,128061,0,1
14,733,1,0,1,0,1,1,0,130893,131626,0,1
14,750,0,1,0,1,1,0,1,134525,135275,0,1
14,700,1,0,1,0,2,0,1,138124,138824,0,1
14,766,1,0,0,1,1,0,1,141540,142306,0,0
14,667,0,1,1,0,0,0,1,145338,146005,0,0
14,600,1,0,1,0,2,0,1,148854,149454,0,1
14,700,0,1,0,1,2,1,0,152319,153019,0,1
14,667,1,0,1,0,0,0,1,155868,156535,0,1
14,999,1,0,1,0,0,0,1,159434,160433,0,1
14,750,1,0,1,0,2,0,1,163199,163949,0,1
14,933,1,0,0,1,2,0,1,166598,167531,0,0
14,833,1,0,0,1,0,1,0,170197,171030,0,0
14,717,0,1,0,1,0,0,1,174012,174729,0,1
14,734,0,1,0,1,1,0,1,177394,178128,0,1
14,166,0,1,0,1,0,0,1,180827,180993,0,1
14,633,1,0,1,0,2,1,0,183859,184492,0,1
14,617,1,0,1,0,2,1,0,187141,187758,0,1
14,733,1,0,0,1,1,1,0,190707,191440,0,0
14,650,1,0,1,0,2,0,1,194472,195122,0,1
14,650,1,0,1,0,1,1,0,197721,198371,0,1
14,750,1,0,1,0,2,0,1,201087,201837,0,1
14,717,1,0,0,1,1,0,1,204452,205169,0,0
14,700,0,1,0,1,0,1,0,207951,208651,0,1
14,634,0,1,0,1,1,0,1,211383,212017,0,1
14,733,0,1,0,1,1,1,0,214716,215449,0,1
14,633,1,0,1,0,1,1,0,218281,218914,0,1
14,667,1,0,1,0,2,1,0,221913,222580,0,1
14,833,1,0,0,1,0,1,0,225445,226278,0,0
14,833,0,1,0,1,0,1,0,229261,230094,0,1
14,1033,0,1,0,1,0,0,1,232710,233743,0,1
14,833,1,0,0,1,1,1,0,236392,237225,0,0
14,699,1,0,1,0,1,0,1,240091,240790,0,1
14,650,1,0,1,0,0,1,0,243589,244239,0,1
14,650,1,0,1,0,2,0,1,247055,247705,0,1
14,600,1,0,1,0,0,1,0,250554,251154,0,1
14,666,1,0,1,0,2,1,0,253953,254619,0,1
14,633,1,0,1,0,2,0,1,257468,258101,0,1
14,650,1,0,1,0,2,0,1,260850,261500,0,1
14,883,1,0,0,1,1,0,1,264483,265366,0,0
14,683,1,0,1,0,1,0,1,285045,285728,0,1
14,667,1,0,1,0,0,0,1,288627,289294,0,1
14,716,0,1,0,1,0,0,1,292093,292809,0,1
14,716,0,1,0,1,1,0,1,295725,296441,0,1
14,650,1,0,1,0,0,0,1,299090,299740,0,1
14,866,1,0,0,1,1,1,0,302706,303572,0,0
14,867,0,1,1,0,0,1,0,306371,307238,0,0
14,733,0,1,0,1,1,1,0,309837,310570,0,1
14,684,0,1,1,0,1,1,0,313152,313836,0,0
14,667,0,1,0,1,2,0,1,316601,317268,0,1
14,667,1,0,1,0,0,1,0,319900,320567,0,1
14,600,1,0,1,0,1,1,0,323582,324182,0,1
14,617,1,0,1,0,2,1,0,327081,327698,0,1
14,716,1,0,0,1,0,1,0,330647,331363,0,0
14,699,1,0,0,1,2,1,0,334296,334995,0,0
14,650,1,0,1,0,0,0,1,337994,338644,0,1
14,766,0,1,1,0,0,1,0,341210,341976,0,0
14,633,1,0,1,0,2,0,1,344792,345425,0,1
14,616,1,0,1,0,2,1,0,347958,348574,0,1
14,883,1,0,0,1,2,1,0,351407,352290,0,0
14,666,1,0,1,0,2,0,1,354989,355655,0,1
14,666,0,1,0,1,0,1,0,358571,359237,0,1
14,650,0,1,0,1,1,1,0,362120,362770,0,1
14,684,0,1,0,1,0,1,0,365385,366069,0,1
14,700,1,0,1,0,2,0,1,369001,369701,0,1
14,750,0,1,0,1,0,1,0,372566,373316,0,1
14,783,0,1,0,1,1,1,0,376165,376948,0,1
14,650,1,0,1,0,0,1,0,379547,380197,0,1
14,683,0,1,0,1,0,1,0,383146,383829,0,1
14,583,1,0,1,0,2,1,0,386762,387345,0,1
14,616,1,0,1,0,2,1,0,390211,390827,0,1
14,667,0,1,0,1,2,1,0,393759,394426,0,1
14,717,0,1,0,1,1,1,0,397058,397775,0,1
14,633,1,0,1,0,1,0,1,400757,401390,0,1
14,650,1,0,1,0,0,0,1,404356,405006,0,1
14,800,1,0,0,1,0,1,0,408005,408805,0,0
14,617,0,1,0,1,1,0,1,411753,412370,0,1
14,767,1,0,0,1,1,1,0,415352,416119,0,0
14,683,0,1,0,1,1,1,0,418668,419351,0,1
14,633,1,0,1,0,1,0,1,422150,422783,0,1
14,666,0,1,0,1,1,0,1,425416,426082,0,1
14,683,0,1,0,1,1,0,1,428965,429648,0,1
14,700,0,1,0,1,1,1,0,432180,432880,0,1
14,684,0,1,0,1,1,0,1,435462,436146,0,1
14,649,1,0,1,0,0,1,0,438895,439544,0,1
14,666,1,0,1,0,0,1,0,442327,442993,0,1
14,616,1,0,1,0,2,1,0,445826,446442,0,1
14,667,0,1,0,1,0,0,1,449141,449808,0,1
14,583,1,0,1,0,2,1,0,452640,453223,0,1
14,650,0,1,0,1,0,1,0,455922,456572,0,1
14,650,1,0,1,0,0,0,1,459521,460171,0,1
14,633,1,0,1,0,2,1,0,462787,463420,0,1
14,650,1,0,1,0,2,0,1,466252,466902,0,1
14,684,0,1,0,1,1,0,1,469734,470418,0,1
14,899,1,0,1,0,0,1,0,473167,474066,0,1
14,733,1,0,1,0,2,0,1,476849,477582,0,1
14,899,0,1,0,1,1,1,0,480198,481097,0,1
14,733,1,0,1,0,0,0,1,483880,484613,0,1
14,733,1,0,1,0,0,1,0,487629,488362,0,1
14,683,0,1,0,1,1,0,1,491261,491944,0,1
14,833,0,1,1,0,2,0,1,494976,495809,0,0
14,716,0,1,0,1,2,1,0,498692,499408,0,1
14,783,0,1,0,1,0,0,1,502107,502890,0,1
14,850,0,1,0,1,1,0,1,505473,506323,0,1
14,750,0,1,0,1,2,1,0,509205,509955,0,1
14,800,0,1,0,1,1,1,0,512554,513354,0,1
14,800,0,1,0,1,2,1,0,516219,517019,0,1
14,950,0,1,0,1,1,1,0,519768,520718,0,1
14,683,0,1,0,1,1,0,1,523250,523933,0,1
14,867,0,1,0,1,0,0,1,526832,527699,0,1
14,649,1,0,1,0,0,0,1,530265,530914,0,1
14,1000,1,0,0,1,2,1,0,533597,534597,0,0
14,983,1,0,0,1,0,1,0,537396,538379,0,0
14,783,0,1,0,1,1,0,1,551071,551854,0,1
14,849,0,1,0,1,1,0,1,554554,555403,0,1
14,700,1,0,1,0,2,0,1,558202,558902,0,1
14,717,1,0,1,0,0,0,1,561651,562368,0,1
14,700,1,0,1,0,2,0,1,565083,565783,0,1
14,783,0,1,0,1,0,0,1,568516,569299,0,1
14,900,0,1,0,1,0,1,0,572314,573214,0,1
14,733,1,0,1,0,0,0,1,576030,576763,0,1
14,634,1,0,1,0,0,1,0,579495,580129,0,1
14,933,1,0,0,1,1,1,0,582811,583744,0,0
14,716,0,1,0,1,1,1,0,586310,587026,0,1
14,716,0,1,0,1,1,0,1,589609,590325,0,1
14,733,1,0,1,0,2,1,0,593174,593907,0,1
14,666,1,0,1,0,0,0,1,596823,597489,0,1
14,700,1,0,1,0,2,0,1,600072,600772,0,1
14,850,0,1,0,1,1,1,0,603671,604521,0,1
14,683,0,1,0,1,2,1,0,607486,608169,0,1
14,666,1,0,1,0,0,0,1,611135,611801,0,1
14,699,1,0,1,0,0,0,1,614451,615150,0,1
14,1050,0,1,1,0,2,1,0,618116,619166,0,0
14,783,1,0,1,0,1,1,0,621765,622548,0,1
14,899,1,0,1,0,1,0,1,625114,626013,0,1
14,683,1,0,1,0,2,1,0,628796,629479,0,1
14,783,0,1,0,1,1,1,0,632261,633044,0,1
14,783,0,1,1,0,1,0,1,635927,636710,0,0
14,766,1,0,1,0,1,0,1,639576,640342,0,1
14,700,0,1,0,1,1,1,0,642991,643691,0,1
14,1300,0,0,0,1,0,0,1,646223,647523,1,NaN
14,700,1,0,1,0,2,0,1,650489,651189,0,1
14,900,0,1,0,1,0,1,0,653854,654754,0,1
14,1033,1,0,1,0,1,0,1,657753,658786,0,1
14,750,1,0,1,0,0,1,0,661535,662285,0,1
14,800,0,1,0,1,1,0,1,665034,665834,0,1
14,1283,0,1,0,1,1,1,0,668433,669716,0,1
14,1100,0,1,0,1,0,1,0,672631,673731,0,1
14,1133,1,0,1,0,0,1,0,676747,677880,0,1
14,1300,0,0,0,1,1,1,0,680662,681962,1,NaN
14,983,0,1,0,1,1,1,0,684944,685927,0,1
14,1299,0,0,1,0,2,0,1,688460,689759,1,NaN
14,1050,0,1,0,1,0,1,0,692708,693758,0,1
14,966,1,0,1,0,2,1,0,696524,697490,0,1
14,1049,1,0,1,0,2,1,0,700206,701255,0,1
14,800,0,1,0,1,1,0,1,704154,704954,0,1
14,767,1,0,1,0,1,0,1,707903,708670,0,1
14,700,0,1,0,1,0,1,0,711369,712069,0,1
14,783,0,1,0,1,1,1,0,714634,715417,0,1
14,1217,0,1,0,1,1,0,1,717983,719200,0,1
14,717,1,0,1,0,0,1,0,722065,722782,0,1
14,783,0,1,0,1,1,1,0,725714,726497,0,1
14,700,1,0,1,0,0,1,0,729379,730079,0,1
14,816,0,1,0,1,0,0,1,732845,733661,0,1
14,699,1,0,1,0,0,0,1,736411,737110,0,1
14,850,1,0,0,1,2,1,0,739976,740826,0,0
14,816,0,1,0,1,2,0,1,743492,744308,0,1
14,717,1,0,1,0,0,1,0,746957,747674,0,1
14,716,0,1,0,1,1,0,1,750306,751022,0,1
14,999,0,1,0,1,0,1,0,753572,754571,0,1
14,750,1,0,1,0,0,0,1,757387,758137,0,1
14,783,0,1,0,1,1,0,1,760736,761519,0,1
14,767,0,1,0,1,1,1,0,764501,765268,0,1
14,750,1,0,1,0,2,1,0,768267,769017,0,1
14,650,1,0,1,0,2,0,1,771932,772582,0,1
14,983,1,0,1,0,1,1,0,775564,776547,0,1
14,1183,0,1,0,1,0,0,1,779263,780446,0,1
14,1117,0,1,0,1,2,0,1,783045,784162,0,1
14,949,1,0,0,1,2,0,1,786711,787660,0,0
14,1000,1,0,0,1,1,1,0,790576,791576,0,0
14,734,1,0,1,0,2,0,1,794441,795175,0,1
14,717,1,0,1,0,0,0,1,797807,798524,0,1
14,1300,0,0,0,1,1,0,1,801156,802456,1,NaN
14,649,1,0,1,0,2,0,1,805405,806054,0,1
14,684,1,0,1,0,1,0,1,808853,809537,0,1
14,783,1,0,1,0,1,1,0,812336,813119,0,1
14,667,1,0,1,0,2,1,0,833391,834058,0,1
14,833,1,0,1,0,0,0,1,837024,837857,0,1
14,733,0,1,0,1,0,0,1,840522,841255,0,1
14,884,0,1,0,1,2,1,0,844204,845088,0,1
14,667,1,0,1,0,2,1,0,847620,848287,0,1
14,816,0,1,0,1,0,1,0,850969,851785,0,1
14,667,1,0,1,0,2,0,1,854501,855168,0,1
14,666,0,1,0,1,1,0,1,858050,858716,0,1
14,734,0,1,0,1,0,0,1,861715,862449,0,1
14,783,1,0,1,0,1,1,0,865031,865814,0,1
14,633,1,0,1,0,1,1,0,868580,869213,0,1
14,700,1,0,1,0,2,1,0,872212,872912,0,1
14,650,0,1,0,1,0,0,1,875827,876477,0,1
14,700,0,1,0,1,0,0,1,879110,879810,0,1
14,667,0,1,0,1,0,0,1,882575,883242,0,1
14,717,1,0,1,0,1,0,1,886174,886891,0,1
14,900,0,1,1,0,2,1,0,889673,890573,0,0
14,850,1,0,1,0,0,1,0,893122,893972,0,1
14,650,1,0,1,0,2,1,0,896554,897204,0,1
14,766,0,1,0,1,1,1,0,899803,900569,0,1
14,684,0,1,0,1,0,0,1,903468,904152,0,1
14,666,0,1,0,1,0,0,1,906984,907650,0,1
14,899,1,0,0,1,0,1,0,910633,911532,0,0
14,816,1,0,0,1,2,0,1,914315,915131,0,0
14,683,0,1,0,1,1,0,1,918147,918830,0,1
14,717,1,0,1,0,1,1,0,921512,922229,0,1
14,750,1,0,1,0,2,1,0,924761,925511,0,1
14,766,1,0,1,0,1,0,1,928427,929193,0,1
14,767,0,1,1,0,0,0,1,931809,932576,0,0
14,650,0,1,0,1,1,1,0,935474,936124,0,1
14,800,0,1,0,1,1,1,0,939023,939823,0,1
14,933,0,1,0,1,2,1,0,942472,943405,0,1
14,899,1,0,0,1,2,0,1,945988,946887,0,0
14,733,0,1,0,1,0,0,1,949570,950303,0,1
14,867,0,1,0,1,1,1,0,953235,954102,0,1
14,817,1,0,1,0,1,1,0,956734,957551,0,1
14,717,1,0,1,0,2,1,0,960366,961083,0,1
14,849,0,1,0,1,0,1,0,963649,964498,0,1
14,850,0,1,0,1,0,0,1,967197,968047,0,1
14,767,1,0,1,0,0,0,1,971029,971796,0,1
14,833,0,1,0,1,1,1,0,974445,975278,0,1
14,816,0,1,0,1,1,0,1,978194,979010,0,1
14,800,1,0,1,0,2,0,1,982009,982809,0,1
14,783,0,1,0,1,1,1,0,985425,986208,0,1
14,1017,1,0,1,0,2,1,0,989090,990107,0,1
14,849,0,1,0,1,1,0,1,993006,993855,0,1
14,700,0,1,0,1,1,1,0,996488,997188,0,1
14,1066,0,1,0,1,0,1,0,1000020,1001086,0,1
14,833,0,1,0,1,1,0,1,1003752,1004585,0,1
14,733,1,0,1,0,0,1,0,1007168,1007901,0,1
14,700,1,0,1,0,0,0,1,1010783,1011483,0,1
14,733,0,1,0,1,1,1,0,1014082,1014815,0,1
14,699,1,0,1,0,2,1,0,1017548,1018247,0,1
14,716,1,0,1,0,0,1,0,1021263,1021979,0,1
14,683,0,1,0,1,0,0,1,1024845,1025528,0,1
14,699,0,1,0,1,1,0,1,1028411,1029110,0,1
14,799,1,0,1,0,1,1,0,1031710,1032509,0,1
14,717,1,0,1,0,0,0,1,1035058,1035775,0,1
14,800,1,0,1,0,2,1,0,1038341,1039141,0,1
14,1033,1,0,1,0,1,1,0,1042106,1043139,0,1
14,683,1,0,1,0,1,0,1,1046105,1046788,0,1
14,733,0,1,1,0,0,1,0,1049387,1050120,0,0
14,700,1,0,1,0,2,0,1,1052669,1053369,0,1
14,983,1,0,0,1,2,0,1,1056085,1057068,0,0
14,800,0,1,0,1,1,1,0,1059617,1060417,0,1
14,800,1,0,1,0,1,1,0,1063366,1064166,0,1
14,616,1,0,1,0,2,0,1,1067048,1067664,0,1
14,1000,1,0,0,1,2,1,0,1070430,1071430,0,0
14,766,1,0,1,0,1,0,1,1074246,1075012,0,1
14,1083,0,1,1,0,0,1,0,1077711,1078794,0,0
14,750,0,1,0,1,2,0,1,1081710,1082460,0,1
14,849,0,1,0,1,1,1,0,1085259,1086108,0,1
14,717,1,0,1,0,2,0,1,1088707,1089424,0,1
14,799,0,1,0,1,1,0,1,1100937,1101736,0,1
14,766,1,0,1,0,0,0,1,1104586,1105352,0,1
14,866,0,1,0,1,0,1,0,1108168,1109034,0,1
14,700,1,0,1,0,0,0,1,1111666,1112366,0,1
14,767,1,0,1,0,1,0,1,1114932,1115699,0,1
14,749,0,1,0,1,0,0,1,1118298,1119047,0,1
14,683,0,1,0,1,1,0,1,1121680,1122363,0,1
14,700,0,1,0,1,1,0,1,1125229,1125929,0,1
14,700,1,0,1,0,2,0,1,1128911,1129611,0,1
14,750,0,1,0,1,1,1,0,1132376,1133126,0,1
14,1249,1,0,1,0,2,1,0,1135859,1137108,0,1
14,933,0,1,0,1,1,1,0,1140024,1140957,0,1
14,783,1,0,1,0,2,1,0,1143673,1144456,0,1
14,950,0,1,0,1,0,1,0,1147205,1148155,0,1
14,799,1,0,1,0,2,1,0,1150704,1151503,0,1
14,800,0,1,0,1,2,0,1,1154086,1154886,0,1
14,716,1,0,1,0,2,1,0,1157485,1158201,0,1
14,999,1,0,0,1,0,1,0,1161134,1162133,0,0
14,699,0,1,0,1,2,0,1,1164916,1165615,0,1
14,883,0,1,0,1,1,1,0,1168581,1169464,0,1
14,766,1,0,1,0,2,0,1,1172380,1173146,0,1
14,899,1,0,1,0,0,1,0,1176029,1176928,0,1
14,1267,0,1,1,0,2,1,0,1179627,1180894,0,0
14,1299,0,0,0,1,2,0,1,1183660,1184959,1,NaN
14,750,1,0,0,1,2,1,0,1188058,1188808,0,0
14,750,1,0,1,0,2,1,0,1191557,1192307,0,1
14,1200,1,0,1,0,2,1,0,1195089,1196289,0,1
14,1033,0,1,0,1,2,1,0,1199038,1200071,0,1
14,933,1,0,0,1,2,0,1,1203070,1204003,0,0
14,816,1,0,1,0,2,0,1,1206552,1207368,0,1
14,667,0,1,0,1,2,1,0,1210067,1210734,0,1
14,683,0,1,0,1,2,0,1,1213700,1214383,0,1
14,633,0,1,0,1,2,0,1,1217065,1217698,0,1
14,700,0,1,0,1,0,0,1,1220597,1221297,0,1
14,749,0,1,0,1,1,0,1,1223830,1224579,0,1
14,667,1,0,1,0,2,1,0,1227395,1228062,0,1
14,733,1,0,1,0,0,1,0,1230611,1231344,0,1
14,1116,1,0,1,0,0,1,0,1233893,1235009,0,1
14,1300,0,0,1,0,2,0,1,1237708,1239008,1,NaN
14,699,0,1,0,1,1,1,0,1241924,1242623,0,1
14,1300,0,0,1,0,2,1,0,1245189,1246489,1,NaN
14,950,0,1,0,1,0,1,0,1249654,1250604,0,1
14,800,0,1,0,1,0,0,1,1253370,1254170,0,1
14,1133,1,0,1,0,2,0,1,1256869,1258002,0,1
14,700,1,0,1,0,2,0,1,1260801,1261501,0,1
14,683,1,0,1,0,2,0,1,1264450,1265133,0,1
14,700,1,0,1,0,0,0,1,1267948,1268648,0,1
14,1000,1,0,0,1,2,1,0,1271464,1272464,0,0
14,717,1,0,1,0,0,1,0,1275479,1276196,0,1
14,817,1,0,1,0,0,1,0,1279211,1280028,0,1
14,749,1,0,1,0,2,1,0,1282944,1283693,0,1
14,633,0,1,0,1,1,0,1,1286576,1287209,0,1
14,983,1,0,0,1,2,0,1,1290208,1291191,0,0
14,666,0,1,0,1,0,1,0,1294107,1294773,0,1
14,650,1,0,1,0,1,1,0,1297672,1298322,0,1
14,1299,0,0,1,0,1,0,1,1301171,1302470,1,NaN
14,633,1,0,1,0,2,1,0,1305186,1305819,0,1
14,966,0,1,0,1,1,1,0,1308352,1309318,0,1
14,866,0,1,0,1,0,0,1,1312334,1313200,0,1
14,734,0,1,0,1,0,0,1,1315799,1316533,0,1
14,683,1,0,1,0,2,0,1,1319232,1319915,0,1
14,750,0,1,1,0,1,1,0,1322714,1323464,0,0
14,899,0,1,0,1,2,0,1,1326363,1327262,0,1
14,667,1,0,1,0,2,0,1,1330128,1330795,0,1
14,666,0,1,0,1,1,0,1,1333344,1334010,0,1
14,1149,0,1,0,1,2,0,1,1336593,1337742,0,1
14,767,1,0,1,0,0,1,0,1340291,1341058,0,1
14,583,1,0,1,0,2,0,1,1343724,1344307,0,1
14,1049,0,1,0,1,1,0,1,1347206,1348255,0,1
15,1100,1,0,1,0,0,1,0,23991,25091,0,1
15,650,1,0,0,1,1,1,0,28006,28656,0,0
15,617,1,0,1,0,2,1,0,31205,31822,0,1
15,1250,1,0,1,0,0,1,0,34437,35687,0,1
15,600,1,0,1,0,0,1,0,38536,39136,0,1
15,833,1,0,0,1,2,0,1,41885,42718,0,0
15,533,1,0,0,1,1,1,0,45684,46217,0,0
15,550,1,0,0,1,1,1,0,49199,49749,0,0
15,1300,0,0,0,1,1,0,1,52698,53998,1,NaN
15,867,1,0,1,0,1,0,1,56813,57680,0,1
15,1299,0,0,0,1,0,0,1,60696,61995,1,NaN
15,750,1,0,1,0,1,0,1,65161,65911,0,1
15,733,0,1,0,1,0,0,1,68743,69476,0,1
15,566,1,0,1,0,0,0,1,72292,72858,0,1
15,1299,0,0,1,0,0,0,1,75541,76840,1,NaN
15,1299,0,0,1,0,2,1,0,79723,81022,1,NaN
15,1066,1,0,0,1,1,0,1,83755,84821,0,0
15,1183,1,0,1,0,0,1,0,87553,88736,0,1
15,850,1,0,1,0,2,1,0,91535,92385,0,1
15,649,1,0,1,0,1,0,1,94968,95617,0,1
15,683,1,0,1,0,2,0,1,98633,99316,0,1
15,950,1,0,1,0,1,0,1,101932,102882,0,1
15,1299,0,0,0,1,0,1,0,105681,106980,1,NaN
15,716,1,0,1,0,0,0,1,110013,110729,0,1
15,1150,1,0,1,0,2,1,0,113295,114445,0,1
15,1299,0,0,1,0,1,1,0,117244,118543,1,NaN
15,849,1,0,0,1,0,0,1,121226,122075,0,0
15,1283,1,0,0,1,0,0,1,124691,125974,0,0
15,650,1,0,1,0,2,0,1,128740,129390,0,1
15,1300,0,0,0,1,1,0,1,131922,133222,1,NaN
15,783,1,0,1,0,0,0,1,136321,137104,0,1
15,1300,0,0,0,1,1,1,0,139636,140936,1,NaN
15,1233,1,0,0,1,1,0,1,143768,145001,0,0
15,1017,1,0,0,1,1,1,0,147550,148567,0,0
15,1000,1,0,1,0,1,1,0,151432,152432,0,1
15,1299,0,0,0,1,1,0,1,155148,156447,1,NaN
15,1299,0,0,0,1,1,0,1,159497,160796,1,NaN
15,534,1,0,1,0,2,1,0,163878,164412,0,1
15,650,1,0,1,0,2,0,1,167194,167844,0,1
15,1250,1,0,1,0,2,1,0,170526,171776,0,1
15,617,1,0,1,0,2,1,0,174408,175025,0,1
15,667,0,1,0,1,1,0,1,178057,178724,0,1
15,1049,0,1,0,1,1,0,1,181673,182722,0,1
15,616,1,0,1,0,0,0,1,185538,186154,0,1
15,933,0,1,0,1,1,1,0,189070,190003,0,1
15,616,1,0,1,0,0,0,1,192669,193285,0,1
15,700,0,1,0,1,2,1,0,196251,196951,0,1
15,783,0,1,0,1,1,0,1,199733,200516,0,1
15,1233,0,1,0,1,2,0,1,203449,204682,0,1
15,650,1,0,1,0,0,1,0,207397,208047,0,1
15,667,0,1,0,1,1,0,1,210663,211330,0,1
15,483,1,0,0,1,0,1,0,214195,214678,0,0
15,633,1,0,1,0,1,0,1,217261,217894,0,1
15,484,0,1,0,1,2,0,1,220826,221310,0,1
15,650,0,1,0,1,0,1,0,224192,224842,0,1
15,666,0,1,0,1,0,0,1,227558,228224,0,1
15,849,0,1,1,0,0,1,0,231190,232039,0,0
15,633,0,1,0,1,1,1,0,234705,235338,0,1
15,750,1,0,0,1,2,1,0,237954,238704,0,0
15,666,0,1,0,1,1,0,1,241353,242019,0,1
15,666,1,0,1,0,2,0,1,244602,245268,0,1
15,1000,0,1,0,1,2,1,0,247951,248951,0,1
15,800,0,1,0,1,0,1,0,251516,252316,0,1
15,783,0,1,0,1,1,1,0,255032,255815,0,1
15,817,0,1,0,1,1,1,0,258464,259281,0,1
15,750,0,1,0,1,0,1,0,262296,263046,0,1
15,1133,0,1,0,1,1,0,1,265878,267011,0,1
15,816,1,0,1,0,0,0,1,269544,270360,0,1
15,1266,0,1,1,0,1,1,0,273343,274609,0,0
15,850,0,1,0,1,0,0,1,277358,278208,0,1
15,833,0,1,0,1,1,1,0,280990,281823,0,1
15,749,1,0,1,0,1,0,1,284456,285205,0,1
15,800,1,0,1,0,0,1,0,302295,303095,0,1
15,517,1,0,1,0,2,1,0,305860,306377,0,1
15,866,0,1,0,1,1,0,1,309076,309942,0,1
15,650,1,0,0,1,0,0,1,312708,313358,0,0
15,899,0,1,0,1,1,0,1,316174,317073,0,1
15,766,1,0,1,0,0,1,0,319939,320705,0,1
15,817,1,0,1,0,2,0,1,323421,324238,0,1
15,933,1,0,1,0,0,1,0,326987,327920,0,1
15,1167,0,1,0,1,1,0,1,330685,331852,0,1
15,717,0,1,0,1,0,1,0,334484,335201,0,1
15,583,1,0,1,0,0,1,0,337950,338533,0,1
15,833,0,1,0,1,2,1,0,341132,341965,0,1
15,833,0,1,0,1,1,0,1,344664,345497,0,1
15,599,1,0,1,0,2,0,1,348480,349079,0,1
15,1050,0,1,0,1,1,0,1,351662,352712,0,1
15,583,0,1,0,1,1,1,0,355394,355977,0,1
15,650,0,1,0,1,2,1,0,358543,359193,0,1
15,683,0,1,0,1,1,0,1,361859,362542,0,1
15,450,0,1,0,1,1,0,1,365541,365991,0,1
15,1266,0,1,0,1,0,1,0,368890,370156,0,1
15,583,0,1,0,1,1,1,0,372988,373571,0,1
15,633,0,1,0,1,0,0,1,376337,376970,0,1
15,650,1,0,1,0,2,0,1,379686,380336,0,1
15,767,0,1,0,1,2,1,0,382918,383685,0,1
15,1299,0,0,0,1,0,0,1,386401,387700,1,NaN
15,700,1,0,1,0,2,0,1,390849,391549,0,1
15,1250,0,1,1,0,1,0,1,394281,395531,0,0
15,617,1,0,1,0,0,0,1,398463,399080,0,1
15,700,0,1,0,1,1,1,0,401829,402529,0,1
15,550,1,0,1,0,0,0,1,405094,405644,0,1
15,617,0,1,0,1,2,0,1,408260,408877,0,1
15,566,1,0,1,0,2,0,1,411476,412042,0,1
15,650,0,1,0,1,0,1,0,414658,415308,0,1
15,450,1,0,1,0,2,1,0,418007,418457,0,1
15,583,0,1,0,1,1,0,1,421139,421722,0,1
15,684,1,0,1,0,2,1,0,424521,425205,0,1
15,1116,1,0,1,0,0,1,0,428004,429120,0,1
15,733,1,0,1,0,2,0,1,431736,432469,0,1
15,583,1,0,1,0,1,1,0,435018,435601,0,1
15,1067,0,1,0,1,0,1,0,438433,439500,0,1
15,750,0,1,0,1,0,1,0,442465,443215,0,1
15,783,0,1,0,1,2,0,1,445948,446731,0,1
15,483,1,0,1,0,0,0,1,449713,450196,0,1
15,666,0,1,0,1,0,0,1,452779,453445,0,1
15,999,0,1,0,1,1,1,0,456278,457277,0,1
15,1033,1,0,1,0,2,1,0,460293,461326,0,1
15,1049,0,1,0,1,2,1,0,464092,465141,0,1
15,700,0,1,0,1,0,1,0,468140,468840,0,1
15,1033,1,0,1,0,0,1,0,471423,472456,0,1
15,717,0,1,0,1,2,1,0,475171,475888,0,1
15,616,1,0,1,0,2,1,0,478837,479453,0,1
15,717,0,1,0,1,1,0,1,482252,482969,0,1
15,767,0,1,0,1,1,1,0,485851,486618,0,1
15,583,0,1,0,1,1,1,0,489367,489950,0,1
15,699,0,1,1,0,1,0,1,492866,493565,0,0
15,567,1,0,1,0,2,0,1,496281,496848,0,1
15,1049,1,0,0,1,0,0,1,499797,500846,0,0
15,650,1,0,1,0,2,0,1,503745,504395,0,1
15,733,0,1,0,1,1,1,0,507244,507977,0,1
15,983,1,0,1,0,1,1,0,510560,511543,0,1
15,900,0,1,0,1,2,1,0,514542,515442,0,1
15,666,0,1,0,1,0,0,1,518324,518990,0,1
15,617,0,1,0,1,2,0,1,521706,522323,0,1
15,550,0,1,1,0,1,1,0,524988,525538,0,0
15,483,1,0,1,0,1,1,0,528537,529020,0,1
15,733,0,1,0,1,0,1,0,531853,532586,0,1
15,634,1,0,1,0,0,1,0,535218,535852,0,1
15,650,0,1,0,1,1,0,1,538567,539217,0,1
15,466,1,0,1,0,2,1,0,542233,542699,0,1
15,700,1,0,1,0,2,1,0,545715,546415,0,1
15,433,0,1,1,0,2,1,0,549414,549847,0,0
15,666,0,1,0,1,0,0,1,552763,553429,0,1
15,483,1,0,1,0,2,0,1,556228,556711,0,1
15,550,1,0,1,0,2,1,0,578624,579174,0,1
15,500,1,0,1,0,2,0,1,582006,582506,0,1
15,583,0,1,0,1,1,0,1,585205,585788,0,1
15,566,0,1,1,0,2,1,0,588671,589237,0,0
15,534,1,0,1,0,0,1,0,591836,592370,0,1
15,750,0,1,0,1,1,1,0,594919,595669,0,1
15,583,1,0,1,0,2,0,1,598501,599084,0,1
15,866,0,1,0,1,0,0,1,602050,602916,0,1
15,500,1,0,1,0,1,0,1,605565,606065,0,1
15,567,0,1,0,1,1,1,0,608764,609331,0,1
15,600,0,1,0,1,0,1,0,611996,612596,0,1
15,600,0,1,0,1,0,0,1,615495,616095,0,1
15,633,0,1,0,1,0,0,1,618761,619394,0,1
15,1133,1,0,0,1,0,0,1,621993,623126,0,0
15,583,0,1,1,0,1,0,1,625809,626392,0,0
15,583,1,0,1,0,2,0,1,629374,629957,0,1
15,534,0,1,0,1,1,0,1,632606,633140,0,1
15,583,0,1,1,0,0,1,0,635822,636405,0,0
15,667,0,1,0,1,0,1,0,639304,639971,0,1
15,600,0,1,0,1,1,1,0,642836,643436,0,1
15,616,0,1,1,0,2,0,1,646069,646685,0,0
15,500,1,0,1,0,2,0,1,649501,650001,0,1
15,767,1,0,1,0,2,1,0,652533,653300,0,1
15,516,1,0,1,0,2,0,1,656282,656798,0,1
15,566,0,1,0,1,1,1,0,659598,660164,0,1
15,733,0,1,0,1,0,1,0,663180,663913,0,1
15,533,0,1,0,1,0,1,0,666612,667145,0,1
15,417,0,1,0,1,1,0,1,669994,670411,0,1
15,600,0,1,1,0,2,1,0,673293,673893,0,0
15,600,0,1,0,1,1,1,0,676675,677275,0,1
15,583,0,1,0,1,2,1,0,680291,680874,0,1
15,683,0,1,0,1,2,0,1,683506,684189,0,1
15,650,1,0,1,0,2,0,1,686772,687422,0,1
15,566,1,0,1,0,0,0,1,689988,690554,0,1
15,650,1,0,1,0,2,0,1,693203,693853,0,1
15,600,1,0,1,0,1,0,1,696652,697252,0,1
15,850,1,0,1,0,2,1,0,700034,700884,0,1
15,899,0,1,0,1,0,1,0,703750,704649,0,1
15,567,1,0,1,0,1,0,1,707448,708015,0,1
15,767,0,1,0,1,1,0,1,710897,711664,0,1
15,550,0,1,0,1,1,0,1,714313,714863,0,1
15,484,1,0,1,0,1,0,1,717578,718062,0,1
15,734,0,1,0,1,2,0,1,720827,721561,0,1
15,517,1,0,1,0,0,0,1,724226,724743,0,1
15,533,0,1,0,1,1,1,0,727692,728225,0,1
15,983,0,1,0,1,0,0,1,730891,731874,0,1
15,650,0,1,0,1,2,0,1,734806,735456,0,1
15,500,0,1,0,1,0,0,1,738188,738688,0,1
15,667,0,1,0,1,0,1,0,741304,741971,0,1
15,467,0,1,0,1,1,1,0,744969,745436,0,1
15,700,1,0,1,0,0,0,1,748335,749035,0,1
15,599,1,0,1,0,2,1,0,751651,752250,0,1
15,583,0,1,0,1,0,1,0,754950,755533,0,1
15,667,1,0,1,0,0,1,0,758415,759082,0,1
15,500,1,0,1,0,2,0,1,761697,762197,0,1
15,766,0,1,0,1,0,1,0,764863,765629,0,1
15,483,0,1,0,1,1,0,1,768262,768745,0,1
15,833,1,0,1,0,0,1,0,771411,772244,0,1
15,566,0,1,1,0,0,1,0,774943,775509,0,0
15,616,0,1,0,1,1,0,1,778192,778808,0,1
15,683,0,1,0,1,0,1,0,781674,782357,0,1
15,783,1,0,1,0,2,0,1,785140,785923,0,1
15,617,1,0,1,0,1,1,0,788838,789455,0,1
15,766,1,0,1,0,2,0,1,792454,793220,0,1
15,650,0,1,0,1,1,1,0,795753,796403,0,1
15,783,1,0,1,0,0,0,1,799302,800085,0,1
15,616,1,0,1,0,1,0,1,802651,803267,0,1
15,650,1,0,1,0,2,1,0,805883,806533,0,1
15,750,1,0,1,0,2,1,0,809165,809915,0,1
15,767,0,1,0,1,1,1,0,812930,813697,0,1
15,600,1,0,1,0,0,0,1,816729,817329,0,1
15,633,1,0,1,0,2,0,1,820278,820911,0,1
15,900,0,1,0,1,1,1,0,823627,824527,0,1
15,567,1,0,1,0,0,0,1,838696,839263,0,1
15,633,1,0,1,0,0,0,1,842078,842711,0,1
15,667,0,1,0,1,1,0,1,845677,846344,0,1
15,617,0,1,0,1,1,0,1,849259,849876,0,1
15,566,0,1,1,0,1,1,0,852475,853041,0,0
15,583,0,1,0,1,1,0,1,855657,856240,0,1
15,450,1,0,1,0,2,1,0,858923,859373,0,1
15,433,0,1,0,1,1,0,1,862305,862738,0,1
15,583,1,0,0,1,0,1,0,865554,866137,0,0
15,666,1,0,1,0,2,1,0,868853,869519,0,1
15,517,1,0,1,0,2,0,1,872368,872885,0,1
15,649,0,1,0,1,1,0,1,875701,876350,0,1
15,617,0,1,0,1,1,1,0,879266,879883,0,1
15,516,1,0,1,0,1,0,1,882532,883048,0,1
15,366,0,1,1,0,2,1,0,885881,886247,0,0
15,716,0,1,0,1,1,0,1,889163,889879,0,1
15,466,1,0,1,0,2,1,0,892562,893028,0,1
15,1083,1,0,1,0,2,1,0,895777,896860,0,1
15,767,1,0,1,0,1,1,0,899426,900193,0,1
15,650,1,0,1,0,2,1,0,902808,903458,0,1
15,716,0,1,0,1,1,1,0,906124,906840,0,1
15,550,0,1,0,1,1,0,1,909806,910356,0,1
15,533,1,0,1,0,0,0,1,913072,913605,0,1
15,600,0,1,0,1,1,0,1,916554,917154,0,1
15,1016,0,1,1,0,2,1,0,919786,920802,0,0
15,616,0,1,0,1,2,1,0,923552,924168,0,1
15,717,0,1,0,1,0,0,1,927100,927817,0,1
15,666,0,1,1,0,0,1,0,930766,931432,0,0
15,617,0,1,0,1,1,1,0,933981,934598,0,1
15,500,1,0,1,0,2,1,0,937530,938030,0,1
15,600,0,1,1,0,0,1,0,940679,941279,0,0
15,1000,1,0,1,0,2,1,0,944078,945078,0,1
15,500,1,0,1,0,1,0,1,948043,948543,0,1
15,866,0,1,0,1,2,1,0,951459,952325,0,1
15,866,0,1,0,1,1,0,1,955308,956174,0,1
15,966,1,0,1,0,0,1,0,959140,960106,0,1
15,616,1,0,1,0,0,0,1,962822,963438,0,1
15,533,1,0,1,0,2,0,1,966088,966621,0,1
15,516,1,0,1,0,0,0,1,969170,969686,0,1
15,983,0,1,1,0,1,1,0,972319,973302,0,0
15,666,1,0,1,0,1,0,1,975951,976617,0,1
15,583,0,1,0,1,2,0,1,979367,979950,0,1
15,867,1,0,1,0,2,0,1,982815,983682,0,1
15,900,0,1,0,1,1,0,1,986697,987597,0,1
15,617,0,1,0,1,0,0,1,990146,990763,0,1
15,583,0,1,0,1,2,0,1,993579,994162,0,1
15,550,0,1,1,0,2,0,1,997177,997727,0,0
15,616,0,1,0,1,0,0,1,1000310,1000926,0,1
15,850,1,0,1,0,2,0,1,1003625,1004475,0,1
15,566,0,1,1,0,0,1,0,1007091,1007657,0,0
15,900,1,0,1,0,0,1,0,1010473,1011373,0,1
15,833,1,0,1,0,2,1,0,1014172,1015005,0,1
15,499,0,1,0,1,2,1,0,1017621,1018120,0,1
15,450,0,1,0,1,0,1,0,1020986,1021436,0,1
15,1299,0,0,0,1,2,0,1,1024402,1025701,1,NaN
15,617,0,1,0,1,1,1,0,1028550,1029167,0,1
15,733,1,0,1,0,1,1,0,1032183,1032916,0,1
15,733,1,0,1,0,1,1,0,1035931,1036664,0,1
15,700,0,1,0,1,0,1,0,1039597,1040297,0,1
15,633,1,0,0,1,2,0,1,1043229,1043862,0,0
15,550,0,1,0,1,2,1,0,1046561,1047111,0,1
15,616,0,1,0,1,0,0,1,1049927,1050543,0,1
15,700,1,0,1,0,2,0,1,1053392,1054092,0,1
15,750,1,0,1,0,2,0,1,1057124,1057874,0,1
15,583,0,1,0,1,0,0,1,1060540,1061123,0,1
15,633,0,1,0,1,0,1,0,1063872,1064505,0,1
15,683,0,1,0,1,1,0,1,1067221,1067904,0,1
15,866,1,0,1,0,2,1,0,1070637,1071503,0,1
15,833,1,0,1,0,0,1,0,1074235,1075068,0,1
15,1300,0,0,0,1,1,1,0,1077784,1079084,1,NaN
15,983,0,1,0,1,0,1,0,1082216,1083199,0,1
15,633,1,0,1,0,0,1,0,1085998,1086631,0,1
15,666,1,0,1,0,0,0,1,1089647,1090313,0,1
15,683,0,1,0,1,1,0,1,1104103,1104786,0,1
15,483,0,1,0,1,1,1,0,1107535,1108018,0,1
15,584,1,0,1,0,2,0,1,1110850,1111434,0,1
15,500,0,1,1,0,1,1,0,1114449,1114949,0,0
15,566,1,0,1,0,1,1,0,1117832,1118398,0,1
15,534,1,0,1,0,0,0,1,1121030,1121564,0,1
15,450,1,0,1,0,1,1,0,1124579,1125029,0,1
15,616,0,1,0,1,2,0,1,1127712,1128328,0,1
15,450,1,0,1,0,0,1,0,1130977,1131427,0,1
15,500,0,1,0,1,0,0,1,1134176,1134676,0,1
15,650,0,1,0,1,0,0,1,1137242,1137892,0,1
15,533,1,0,1,0,2,0,1,1140541,1141074,0,1
15,650,0,1,0,1,0,1,0,1143873,1144523,0,1
15,583,0,1,1,0,2,1,0,1147289,1147872,0,0
15,600,0,1,0,1,1,1,0,1150554,1151154,0,1
15,483,0,1,0,1,1,1,0,1154036,1154519,0,1
15,550,0,1,1,0,2,1,0,1157202,1157752,0,0
15,700,1,0,1,0,0,0,1,1160484,1161184,0,1
15,767,1,0,1,0,2,1,0,1163716,1164483,0,1
15,799,0,1,1,0,2,1,0,1167349,1168148,0,0
15,500,0,1,0,1,0,0,1,1171081,1171581,0,1
15,516,0,1,1,0,0,1,0,1174330,1174846,0,0
15,666,0,1,0,1,1,1,0,1177762,1178428,0,1
15,817,0,1,0,1,2,1,0,1181227,1182044,0,1
15,783,1,0,1,0,2,0,1,1184793,1185576,0,1
15,575,0,1,0,1,0,1,0,1188233,1188808,0,1
15,566,1,0,1,0,0,0,1,1191591,1192157,0,1
15,517,0,1,0,1,2,0,1,1194706,1195223,0,1
15,667,0,1,0,1,1,1,0,1198238,1198905,0,1
15,600,0,1,1,0,0,1,0,1201454,1202054,0,0
15,533,0,1,0,1,0,1,0,1204786,1205319,0,1
15,600,1,0,1,0,2,0,1,1207852,1208452,0,1
15,499,0,1,0,1,0,0,1,1211068,1211567,0,1
15,483,0,1,1,0,1,1,0,1214117,1214600,0,0
15,900,0,1,0,1,1,0,1,1217299,1218199,0,1
15,567,1,0,1,0,2,1,0,1220914,1221481,0,1
15,750,1,0,1,0,0,1,0,1224413,1225163,0,1
15,500,0,1,0,1,1,1,0,1228045,1228545,0,1
15,750,0,1,0,1,1,1,0,1231261,1232011,0,1
15,717,1,0,1,0,1,0,1,1234726,1235443,0,1
15,449,1,0,1,0,2,0,1,1238359,1238808,0,1
15,533,1,0,1,0,0,0,1,1241574,1242107,0,1
15,600,1,0,1,0,2,0,1,1244773,1245373,0,1
15,583,0,1,0,1,1,1,0,1248089,1248672,0,1
15,633,1,0,1,0,2,1,0,1251271,1251904,0,1
15,566,1,0,1,0,2,1,0,1254770,1255336,0,1
15,600,0,1,1,0,2,0,1,1258035,1258635,0,0
15,983,0,1,0,1,2,0,1,1261284,1262267,0,1
15,650,1,0,1,0,2,0,1,1265000,1265650,0,1
15,616,1,0,1,0,0,0,1,1268632,1269248,0,1
15,1117,1,0,1,0,0,1,0,1271864,1272981,0,1
15,567,1,0,1,0,2,1,0,1275613,1276180,0,1
15,616,0,1,0,1,2,1,0,1279029,1279645,0,1
15,749,0,1,0,1,2,0,1,1282661,1283410,0,1
15,600,1,0,1,0,0,0,1,1286293,1286893,0,1
15,600,1,0,1,0,0,0,1,1289608,1290208,0,1
15,616,0,1,0,1,1,1,0,1293224,1293840,0,1
15,767,1,0,1,0,0,0,1,1296406,1297173,0,1
15,733,0,1,0,1,2,1,0,1299888,1300621,0,1
15,1050,0,1,0,1,2,1,0,1303404,1304454,0,1
15,583,1,0,1,0,0,0,1,1307186,1307769,0,1
15,499,0,1,0,1,0,1,0,1310452,1310951,0,1
15,967,0,1,0,1,1,1,0,1313850,1314817,0,1
15,583,0,1,0,1,0,0,1,1317399,1317982,0,1
15,533,1,0,1,0,2,0,1,1320648,1321181,0,1
15,484,0,1,0,1,2,0,1,1324130,1324614,0,1
15,683,0,1,0,1,0,0,1,1327229,1327912,0,1
15,566,1,0,1,0,2,0,1,1330895,1331461,0,1
15,667,0,1,1,0,1,1,0,1334177,1334844,0,0
16,650,0,1,0,1,0,1,0,11572,12222,0,1
16,517,0,1,1,0,1,0,1,14804,15321,0,0
16,767,1,0,1,0,2,1,0,18253,19020,0,1
16,766,1,0,1,0,1,1,0,21952,22718,0,1
16,1133,1,0,1,0,2,0,1,25384,26517,0,1
16,1150,0,1,0,1,0,0,1,29166,30316,0,1
16,1249,0,1,0,1,2,1,0,33032,34281,0,1
16,717,1,0,1,0,2,1,0,37030,37747,0,1
16,667,1,0,0,1,1,1,0,40579,41246,0,0
16,849,1,0,1,0,2,1,0,44045,44894,0,1
16,1300,0,0,0,1,1,0,1,47460,48760,1,NaN
16,850,0,1,1,0,2,1,0,51642,52492,0,0
16,700,1,0,1,0,0,0,1,55241,55941,0,1
16,833,0,1,0,1,2,1,0,58573,59406,0,1
16,733,1,0,1,0,2,1,0,62339,63072,0,1
16,766,0,1,0,1,0,1,0,65838,66604,0,1
16,850,0,1,0,1,1,0,1,69303,70153,0,1
16,717,0,1,0,1,1,0,1,72685,73402,0,1
16,667,0,1,0,1,1,1,0,76384,77051,0,1
16,783,0,1,0,1,0,0,1,79750,80533,0,1
16,783,0,1,0,1,1,0,1,83265,84048,0,1
16,1299,0,0,0,1,1,1,0,86731,88030,1,NaN
16,600,1,0,1,0,0,0,1,90713,91313,0,1
16,1300,0,0,1,0,0,0,1,94145,95445,1,NaN
16,666,1,0,1,0,0,0,1,98594,99260,0,1
16,749,1,0,1,0,2,1,0,102226,102975,0,1
16,650,1,0,1,0,0,0,1,105958,106608,0,1
16,650,0,1,0,1,2,1,0,109373,110023,0,1
16,1016,1,0,0,1,0,0,1,113039,114055,0,0
16,683,1,0,1,0,2,1,0,117004,117687,0,1
16,833,1,0,0,1,1,1,0,120636,121469,0,0
16,700,0,1,0,1,0,0,1,124135,124835,0,1
16,733,1,0,0,1,1,0,1,127551,128284,0,0
16,667,1,0,1,0,2,0,1,131266,131933,0,1
16,1016,0,1,0,1,0,0,1,134515,135531,0,1
16,799,1,0,0,1,1,1,0,138381,139180,0,0
16,900,0,1,0,1,1,1,0,142196,143096,0,1
16,667,1,0,1,0,0,0,1,145961,146628,0,1
16,766,1,0,1,0,2,0,1,149177,149943,0,1
16,900,1,0,0,1,2,0,1,152809,153709,0,0
16,766,1,0,1,0,0,1,0,156725,157491,0,1
16,933,1,0,1,0,2,1,0,160407,161340,0,1
16,684,1,0,1,0,2,0,1,164005,164689,0,1
16,766,1,0,1,0,2,1,0,167621,168387,0,1
16,616,1,0,1,0,0,1,0,171120,171736,0,1
16,600,1,0,1,0,2,0,1,174302,174902,0,1
16,733,1,0,1,0,0,0,1,177818,178551,0,1
16,666,0,1,1,0,2,1,0,181117,181783,0,0
16,617,0,1,1,0,2,0,1,184482,185099,0,0
16,717,0,1,0,1,1,0,1,187914,188631,0,1
16,733,0,1,0,1,1,0,1,191363,192096,0,1
16,633,0,1,0,1,0,1,0,195112,195745,0,1
16,1300,0,0,0,1,2,0,1,198644,199944,1,NaN
16,700,1,0,1,0,0,0,1,202843,203543,0,1
16,700,0,1,0,1,1,0,1,206475,207175,0,1
16,833,0,1,0,1,1,1,0,209857,210690,0,1
16,850,0,1,0,1,1,0,1,213389,214239,0,1
16,600,0,1,0,1,1,0,1,217071,217671,0,1
16,733,0,1,0,1,1,1,0,220237,220970,0,1
16,633,1,0,1,0,0,0,1,223753,224386,0,1
16,666,1,0,1,0,1,0,1,227385,228051,0,1
16,1050,0,1,0,1,0,1,0,230700,231750,0,1
16,1067,0,1,1,0,1,1,0,234299,235366,0,0
16,700,1,0,1,0,2,0,1,237948,238648,0,1
16,650,1,0,1,0,2,0,1,241447,242097,0,1
16,717,0,1,0,1,2,1,0,244762,245479,0,1
16,633,0,1,0,1,1,1,0,248311,248944,0,1
16,633,1,0,1,0,0,0,1,251760,252393,0,1
16,700,1,0,1,0,2,1,0,255026,255726,0,1
16,633,0,1,0,1,1,1,0,258558,259191,0,1
16,817,0,1,1,0,2,1,0,262173,262990,0,0
16,816,1,0,1,0,1,0,1,265756,266572,0,1
16,683,0,1,1,0,1,1,0,287595,288278,0,0
16,650,1,0,1,0,2,0,1,291077,291727,0,1
16,600,0,1,0,1,1,1,0,294326,294926,0,1
16,566,0,1,1,0,1,1,0,297575,298141,0,0
16,583,0,1,1,0,1,0,1,301024,301607,0,0
16,883,0,1,0,1,1,0,1,304156,305039,0,1
16,700,1,0,1,0,1,0,1,307921,308621,0,1
16,917,0,1,0,1,1,1,0,311220,312137,0,1
16,717,1,0,1,0,2,0,1,314969,315686,0,1
16,600,0,1,0,1,0,1,0,318368,318968,0,1
16,717,1,0,1,0,2,1,0,321750,322467,0,1
16,766,0,1,0,1,1,0,1,325366,326132,0,1
16,1049,0,1,0,1,2,0,1,329015,330064,0,1
16,750,1,0,1,0,0,1,0,332663,333413,0,1
16,883,0,1,1,0,2,1,0,336262,337145,0,0
16,666,1,0,1,0,2,1,0,339678,340344,0,1
16,683,0,1,1,0,0,1,0,342943,343626,0,0
16,600,1,0,1,0,2,0,1,346492,347092,0,1
16,616,0,1,0,1,2,0,1,350008,350624,0,1
16,649,0,1,0,1,1,0,1,353357,354006,0,1
16,667,0,1,0,1,1,0,1,356572,357239,0,1
16,650,0,1,0,1,0,0,1,360004,360654,0,1
16,549,1,0,1,0,0,0,1,363387,363936,0,1
16,850,1,0,1,0,0,1,0,366852,367702,0,1
16,667,1,0,1,0,2,0,1,370384,371051,0,1
16,667,0,1,0,1,1,0,1,374016,374683,0,1
16,700,1,0,1,0,1,1,0,377382,378082,0,1
16,766,1,0,0,1,0,0,1,380831,381597,0,0
16,650,1,0,1,0,0,0,1,384163,384813,0,1
16,700,1,0,1,0,2,1,0,387595,388295,0,1
16,683,1,0,1,0,2,1,0,391028,391711,0,1
16,650,1,0,1,0,2,1,0,394460,395110,0,1
16,683,1,0,1,0,1,1,0,397909,398592,0,1
16,1017,1,0,0,1,1,0,1,401174,402191,0,0
16,866,1,0,1,0,2,1,0,404790,405656,0,1
16,767,1,0,0,1,2,0,1,408205,408972,0,0
16,816,0,1,0,1,0,1,0,411971,412787,0,1
16,666,1,0,1,0,2,1,0,415320,415986,0,1
16,717,1,0,1,0,1,1,0,418668,419385,0,1
16,866,0,1,0,1,0,0,1,422084,422950,0,1
16,750,1,0,1,0,0,0,1,425833,426583,0,1
16,733,1,0,1,0,0,0,1,429382,430115,0,1
16,816,0,1,0,1,1,0,1,432864,433680,0,1
16,667,1,0,1,0,2,0,1,436629,437296,0,1
16,700,0,1,0,1,0,0,1,440311,441011,0,1
16,616,0,1,0,1,1,1,0,443927,444543,0,1
16,600,0,1,0,1,1,0,1,447459,448059,0,1
16,583,0,1,0,1,0,0,1,450625,451208,0,1
16,616,0,1,0,1,2,0,1,454124,454740,0,1
16,533,0,1,0,1,1,0,1,457389,457922,0,1
16,600,0,1,0,1,1,0,1,460538,461138,0,1
16,466,0,1,0,1,1,0,1,463704,464170,0,1
16,600,0,1,1,0,2,1,0,466753,467353,0,0
16,733,0,1,0,1,1,0,1,469968,470701,0,1
16,500,0,1,1,0,1,1,0,473534,474034,0,0
16,567,0,1,1,0,0,1,0,476599,477166,0,0
16,550,0,1,0,1,1,0,1,479715,480265,0,1
16,517,0,1,0,1,1,0,1,483097,483614,0,1
16,583,0,1,1,0,2,1,0,486330,486913,0,0
16,600,0,1,1,0,0,1,0,489662,490262,0,0
16,500,0,1,0,1,1,0,1,492844,493344,0,1
16,600,0,1,0,1,1,1,0,495960,496560,0,1
16,617,0,1,0,1,0,1,0,499442,500059,0,1
16,483,0,1,0,1,2,0,1,502591,503074,0,1
16,833,0,1,1,0,1,0,1,505873,506706,0,0
16,617,0,1,1,0,1,0,1,509422,510039,0,0
16,1000,0,1,0,1,0,0,1,512821,513821,0,1
16,866,0,1,0,1,2,0,1,516753,517619,0,1
16,350,0,1,1,0,2,0,1,520202,520552,0,0
16,867,0,1,1,0,2,1,0,523467,524334,0,0
16,850,1,0,1,0,2,0,1,527233,528083,0,1
16,816,0,1,0,1,0,1,0,530915,531731,0,1
16,966,1,0,1,0,2,0,1,534531,535497,0,1
16,766,1,0,1,0,0,0,1,553813,554579,0,1
16,667,0,1,1,0,0,1,0,557428,558095,0,0
16,566,0,1,0,1,0,1,0,560861,561427,0,1
16,600,1,0,1,0,1,0,1,564393,564993,0,1
16,700,1,0,1,0,2,0,1,567925,568625,0,1
16,700,0,1,0,1,1,0,1,571357,572057,0,1
16,717,1,0,1,0,2,1,0,574639,575356,0,1
16,633,0,1,0,1,2,0,1,577955,578588,0,1
16,683,1,0,1,0,1,1,0,581254,581937,0,1
16,583,0,1,0,1,2,1,0,584786,585369,0,1
16,683,1,0,1,0,2,0,1,588385,589068,0,1
16,616,1,0,1,0,2,0,1,591684,592300,0,1
16,667,1,0,1,0,0,1,0,595099,595766,0,1
16,999,0,1,0,1,1,1,0,598482,599481,0,1
16,850,0,1,1,0,0,1,0,602480,603330,0,0
16,650,1,0,1,0,2,1,0,605996,606646,0,1
16,933,0,1,1,0,2,0,1,609178,610111,0,0
16,650,1,0,1,0,1,0,1,612827,613477,0,1
16,817,1,0,1,0,1,1,0,616409,617226,0,1
16,716,0,1,0,1,1,1,0,620175,620891,0,1
16,734,0,1,0,1,2,1,0,623673,624407,0,1
16,933,1,0,1,0,0,1,0,626972,627905,0,1
16,700,1,0,1,0,1,0,1,630821,631521,0,1
16,683,0,1,0,1,0,0,1,634420,635103,0,1
16,750,1,0,1,0,2,0,1,637719,638469,0,1
16,683,0,1,1,0,2,0,1,641318,642001,0,0
16,866,1,0,0,1,0,1,0,644750,645616,0,0
16,633,1,0,1,0,1,0,1,648282,648915,0,1
16,799,0,1,0,1,0,0,1,651498,652297,0,1
16,766,1,0,0,1,1,1,0,655130,655896,0,0
16,766,1,0,1,0,2,0,1,658562,659328,0,1
16,1000,1,0,1,0,0,0,1,662327,663327,0,1
16,733,0,1,0,1,2,0,1,665993,666726,0,1
16,700,1,0,1,0,2,0,1,669308,670008,0,1
16,616,1,0,1,0,2,0,1,672924,673540,0,1
16,617,1,0,1,0,2,0,1,676356,676973,0,1
16,817,1,0,0,1,0,1,0,679838,680655,0,0
16,600,1,0,1,0,0,1,0,683537,684137,0,1
16,633,1,0,1,0,0,1,0,686869,687502,0,1
16,583,1,0,1,0,2,1,0,690152,690735,0,1
16,684,1,0,1,0,0,0,1,693550,694234,0,1
16,967,0,1,0,1,1,0,1,696799,697766,0,1
16,550,1,0,1,0,0,1,0,700565,701115,0,1
16,733,1,0,1,0,2,1,0,703897,704630,0,1
16,667,1,0,1,0,2,0,1,707329,707996,0,1
16,666,0,1,0,1,1,1,0,710545,711211,0,1
16,733,0,1,0,1,2,1,0,714194,714927,0,1
16,599,1,0,1,0,0,0,1,717543,718142,0,1
16,850,0,1,0,1,0,0,1,720875,721725,0,1
16,766,0,1,0,1,1,1,0,724607,725373,0,1
16,767,1,0,1,0,1,0,1,728039,728806,0,1
16,583,1,0,1,0,1,0,1,731805,732388,0,1
16,850,0,1,0,1,0,1,0,735037,735887,0,1
16,683,0,1,0,1,1,1,0,738569,739252,0,1
16,1116,0,1,1,0,0,1,0,742085,743201,0,0
16,583,0,1,0,1,1,1,0,745933,746516,0,1
16,616,0,1,0,1,1,0,1,749066,749682,0,1
16,1084,0,1,0,1,2,0,1,752364,753448,0,1
16,667,0,1,0,1,2,1,0,756113,756780,0,1
16,666,1,0,1,0,1,0,1,759346,760012,0,1
16,600,0,1,0,1,0,0,1,762694,763294,0,1
16,650,0,1,1,0,2,1,0,765893,766543,0,0
16,633,0,1,0,1,2,0,1,769276,769909,0,1
16,616,0,1,0,1,2,1,0,772508,773124,0,1
16,634,1,0,1,0,0,1,0,775873,776507,0,1
16,766,0,1,0,1,2,1,0,779406,780172,0,1
16,684,0,1,0,1,1,1,0,782854,783538,0,1
16,1149,0,1,1,0,0,1,0,786287,787436,0,0
16,766,0,1,0,1,1,0,1,790402,791168,0,1
16,667,0,1,1,0,2,1,0,794034,794701,0,0
16,700,0,1,0,1,0,0,1,797416,798116,0,1
16,867,0,1,1,0,2,1,0,800765,801632,0,0
16,850,0,1,0,1,0,1,0,804214,805064,0,1
16,733,0,1,0,1,1,1,0,825520,826253,0,1
16,617,0,1,0,1,0,0,1,828852,829469,0,1
16,617,1,0,1,0,2,1,0,832484,833101,0,1
16,566,1,0,1,0,1,0,1,836050,836616,0,1
16,617,0,1,0,1,1,1,0,839382,839999,0,1
16,633,0,1,0,1,2,1,0,842748,843381,0,1
16,600,1,0,1,0,0,1,0,846330,846930,0,1
16,550,0,1,0,1,2,1,0,849679,850229,0,1
16,566,1,0,1,0,2,0,1,853228,853794,0,1
16,750,1,0,1,0,2,1,0,856776,857526,0,1
16,749,0,1,0,1,1,0,1,860509,861258,0,1
16,583,0,1,0,1,2,0,1,864224,864807,0,1
16,733,0,1,0,1,0,0,1,867773,868506,0,1
16,650,0,1,0,1,0,1,0,871388,872038,0,1
16,567,1,0,1,0,2,0,1,874837,875404,0,1
16,633,1,0,1,0,1,1,0,878203,878836,0,1
16,583,1,0,1,0,2,1,0,881518,882101,0,1
16,534,1,0,1,0,1,0,1,885000,885534,0,1
16,700,0,1,0,1,0,1,0,888216,888916,0,1
16,616,1,0,1,0,2,0,1,891932,892548,0,1
16,633,0,1,0,1,0,1,0,895414,896047,0,1
16,717,0,1,0,1,0,0,1,898729,899446,0,1
16,850,0,1,0,1,1,0,1,902078,902928,0,1
16,633,1,0,0,1,1,0,1,905644,906277,0,0
16,666,0,1,0,1,2,1,0,908976,909642,0,1
16,750,0,1,0,1,0,1,0,912491,913241,0,1
16,600,0,1,0,1,1,0,1,915940,916540,0,1
16,633,1,0,1,0,1,1,0,919406,920039,0,1
16,750,1,0,1,0,2,1,0,922988,923738,0,1
16,633,0,1,0,1,1,0,1,926337,926970,0,1
16,533,1,0,1,0,0,0,1,929669,930202,0,1
16,716,0,1,0,1,1,1,0,932785,933501,0,1
16,566,1,0,1,0,0,1,0,936334,936900,0,1
16,617,0,1,0,1,2,1,0,939882,940499,0,1
16,550,0,1,0,1,0,0,1,943481,944031,0,1
16,817,0,1,0,1,0,1,0,946680,947497,0,1
16,617,0,1,0,1,1,1,0,950179,950796,0,1
16,616,0,1,1,0,1,1,0,953495,954111,0,0
16,616,1,0,1,0,0,1,0,956777,957393,0,1
16,700,1,0,1,0,2,1,0,960276,960976,0,1
16,566,1,0,1,0,0,1,0,963958,964524,0,1
16,683,0,1,0,1,1,0,1,967390,968073,0,1
16,717,0,1,0,1,1,0,1,970922,971639,0,1
16,683,0,1,0,1,0,1,0,974271,974954,0,1
16,716,0,1,0,1,2,0,1,977887,978603,0,1
16,716,0,1,1,0,0,1,0,981269,981985,0,0
16,834,0,1,0,1,0,1,0,984684,985518,0,1
16,733,0,1,0,1,1,1,0,988450,989183,0,1
16,700,0,1,0,1,0,0,1,991899,992599,0,1
16,1116,0,1,1,0,0,1,0,995481,996597,0,0
16,650,0,1,0,1,1,0,1,999246,999896,0,1
16,834,0,1,0,1,1,0,1,1002828,1003662,0,1
16,750,0,1,1,0,0,1,0,1006194,1006944,0,0
16,633,1,0,1,0,0,1,0,1009776,1010409,0,1
16,766,1,0,0,1,2,1,0,1013342,1014108,0,0
16,699,0,1,0,1,0,1,0,1016691,1017390,0,1
16,633,1,0,1,0,0,1,0,1020256,1020889,0,1
16,633,0,1,0,1,0,1,0,1023922,1024555,0,1
16,583,1,0,1,0,1,0,1,1027104,1027687,0,1
16,734,0,1,0,1,0,0,1,1030319,1031053,0,1
16,583,1,0,0,1,0,0,1,1033852,1034435,0,0
16,633,1,0,1,0,2,1,0,1037067,1037700,0,1
16,617,1,0,1,0,0,0,1,1040349,1040966,0,1
16,616,1,0,1,0,0,1,0,1043965,1044581,0,1
16,550,1,0,1,0,2,1,0,1047597,1048147,0,1
16,683,1,0,0,1,1,1,0,1051063,1051746,0,0
16,583,1,0,1,0,2,0,1,1054528,1055111,0,1
16,667,0,1,0,1,2,1,0,1057677,1058344,0,1
16,600,1,0,1,0,0,0,1,1061059,1061659,0,1
16,600,0,1,0,1,1,1,0,1064192,1064792,0,1
16,517,1,0,1,0,0,0,1,1067807,1068324,0,1
16,767,0,1,0,1,1,0,1,1071189,1071956,0,1
16,684,1,0,1,0,2,1,0,1074821,1075505,0,1
16,733,0,1,0,1,1,1,0,1097061,1097794,0,1
16,566,0,1,0,1,0,1,0,1100493,1101059,0,1
16,533,0,1,0,1,1,1,0,1103625,1104158,0,1
16,500,1,0,1,0,0,0,1,1107157,1107657,0,1
16,667,1,0,1,0,2,0,1,1110556,1111223,0,1
16,667,0,1,0,1,0,0,1,1114188,1114855,0,1
16,650,0,1,0,1,2,1,0,1117820,1118470,0,1
16,633,1,0,1,0,2,1,0,1121003,1121636,0,1
16,683,0,1,0,1,1,0,1,1124518,1125201,0,1
16,583,0,1,0,1,2,0,1,1127767,1128350,0,1
16,534,1,0,1,0,1,0,1,1131199,1131733,0,1
16,550,1,0,1,0,2,0,1,1134615,1135165,0,1
16,617,1,0,1,0,0,0,1,1137980,1138597,0,1
16,717,0,1,0,1,2,0,1,1141179,1141896,0,1
16,733,1,0,1,0,0,1,0,1144878,1145611,0,1
16,833,1,0,1,0,2,1,0,1148227,1149060,0,1
16,566,1,0,1,0,0,0,1,1152076,1152642,0,1
16,700,0,1,0,1,1,1,0,1155441,1156141,0,1
16,499,1,0,1,0,0,0,1,1158974,1159473,0,1
16,1066,0,1,0,1,0,1,0,1162323,1163389,0,1
16,900,0,1,0,1,0,1,0,1165971,1166871,0,1
16,866,1,0,1,0,2,0,1,1169687,1170553,0,1
16,717,0,1,0,1,0,1,0,1173352,1174069,0,1
16,1116,1,0,1,0,1,1,0,1176751,1177867,0,1
16,616,0,1,0,1,1,0,1,1180417,1181033,0,1
16,583,0,1,0,1,1,1,0,1183732,1184315,0,1
16,634,0,1,0,1,1,1,0,1186864,1187498,0,1
16,584,1,0,1,0,0,0,1,1190263,1190847,0,1
16,667,0,1,1,0,2,0,1,1193462,1194129,0,0
16,566,1,0,1,0,2,0,1,1197078,1197644,0,1
16,617,1,0,1,0,2,0,1,1200260,1200877,0,1
16,633,0,1,1,0,1,1,0,1203526,1204159,0,0
16,666,0,1,0,1,2,1,0,1206958,1207624,0,1
16,584,1,0,1,0,0,1,0,1210423,1211007,0,1
16,550,0,1,0,1,0,1,0,1213772,1214322,0,1
16,617,0,1,0,1,0,0,1,1217304,1217921,0,1
16,567,0,1,1,0,0,1,0,1220853,1221420,0,0
16,633,1,0,1,0,2,1,0,1224452,1225085,0,1
16,717,1,0,1,0,2,0,1,1227884,1228601,0,1
16,633,0,1,0,1,1,1,0,1231150,1231783,0,1
16,750,1,0,1,0,0,0,1,1234665,1235415,0,1
16,633,1,0,1,0,0,0,1,1238448,1239081,0,1
16,600,0,1,0,1,0,0,1,1242113,1242713,0,1
16,1133,1,0,1,0,1,1,0,1245662,1246795,0,1
16,600,1,0,1,0,2,0,1,1249777,1250377,0,1
16,600,0,1,0,1,1,1,0,1253176,1253776,0,1
16,583,0,1,0,1,0,0,1,1256608,1257191,0,1
16,534,0,1,0,1,1,1,0,1260140,1260674,0,1
16,550,0,1,0,1,0,0,1,1263389,1263939,0,1
16,450,0,1,0,1,2,0,1,1266472,1266922,0,1
16,633,1,0,1,0,2,0,1,1269487,1270120,0,1
16,516,0,1,0,1,1,0,1,1272953,1273469,0,1
16,584,0,1,0,1,0,0,1,1276418,1277002,0,1
16,550,0,1,0,1,0,1,0,1279934,1280484,0,1
16,600,0,1,0,1,1,1,0,1283066,1283666,0,1
16,550,0,1,0,1,1,1,0,1286398,1286948,0,1
16,600,0,1,1,0,2,0,1,1289481,1290081,0,0
16,516,1,0,1,0,2,0,1,1293013,1293529,0,1
16,550,1,0,1,0,1,1,0,1296345,1296895,0,1
16,583,0,1,0,1,0,1,0,1299911,1300494,0,1
16,533,1,0,1,0,0,0,1,1303060,1303593,0,1
16,583,0,1,0,1,1,1,0,1306325,1306908,0,1
16,550,1,0,1,0,2,1,0,1309624,1310174,0,1
16,666,0,1,0,1,0,1,0,1312973,1313639,0,1
16,833,0,1,0,1,2,0,1,1316222,1317055,0,1
16,617,0,1,0,1,1,1,0,1319804,1320421,0,1
16,600,0,1,1,0,1,1,0,1322970,1323570,0,0
16,550,0,1,0,1,0,0,1,1326335,1326885,0,1
16,483,0,1,0,1,1,1,0,1329684,1330167,0,1
1,783,1,0,1,0,0,1,0,20430,21213,0,1
1,667,1,0,1,0,1,1,0,24179,24846,0,1
1,883,1,0,0,1,1,1,0,27578,28461,0,0
1,733,1,0,1,0,2,1,0,31210,31943,0,1
1,617,1,0,0,1,2,0,1,34642,35259,0,0
1,567,1,0,1,0,1,0,1,38091,38658,0,1
1,1100,1,0,0,1,0,1,0,41640,42740,0,0
1,717,1,0,1,0,2,0,1,45305,46022,0,1
1,533,1,0,1,0,2,0,1,48571,49104,0,1
1,650,0,1,0,1,1,0,1,51703,52353,0,1
1,533,1,0,1,0,2,0,1,55302,55835,0,1
1,567,1,0,1,0,2,0,1,58851,59418,0,1
1,516,1,0,1,0,2,1,0,62267,62783,0,1
1,666,0,1,0,1,0,0,1,65366,66032,0,1
1,683,0,1,0,1,1,1,0,68848,69531,0,1
1,867,1,0,0,1,2,0,1,72113,72980,0,0
1,783,0,1,0,1,1,1,0,75529,76312,0,1
1,833,1,0,1,0,0,1,0,79344,80177,0,1
1,833,0,1,0,1,1,1,0,82993,83826,0,1
1,933,0,1,0,1,2,0,1,86542,87475,0,1
1,983,1,0,1,0,0,1,0,90141,91124,0,1
1,733,0,1,0,1,0,0,1,93773,94506,0,1
1,733,1,0,1,0,1,0,1,97172,97905,0,1
1,616,0,1,0,1,1,1,0,100821,101437,0,1
1,650,0,1,0,1,1,0,1,103986,104636,0,1
1,650,1,0,1,0,0,0,1,107668,108318,0,1
1,816,0,1,1,0,0,1,0,111284,112100,0,0
1,633,0,1,0,1,1,0,1,114883,115516,0,1
1,683,0,1,0,1,0,1,0,118415,119098,0,1
1,984,0,1,1,0,2,1,0,121630,122614,0,0
1,700,0,1,0,1,1,0,1,125229,125929,0,1
1,833,0,1,0,1,2,0,1,128512,129345,0,1
1,584,1,0,1,0,1,0,1,132010,132594,0,1
1,700,0,1,0,1,1,1,0,135159,135859,0,1
1,883,0,1,0,1,0,0,1,138708,139591,0,1
1,633,1,0,1,0,2,1,0,142357,142990,0,1
1,800,0,1,0,1,1,1,0,145839,146639,0,1
1,933,0,1,0,1,2,1,0,149421,150354,0,1
1,800,0,1,0,1,0,0,1,153287,154087,0,1
1,717,0,1,0,1,2,0,1,157052,157769,0,1
1,717,1,0,1,0,1,0,1,160301,161018,0,1
1,617,0,1,0,1,0,0,1,163700,164317,0,1
1,883,0,1,1,0,0,1,0,167182,168065,0,0
1,566,1,0,1,0,2,0,1,171081,171647,0,1
1,633,1,0,1,0,2,0,1,174513,175146,0,1
1,783,1,0,1,0,2,1,0,178079,178862,0,1
1,583,0,1,0,1,1,1,0,181428,182011,0,1
1,733,0,1,1,0,0,1,0,184727,185460,0,0
1,600,0,1,0,1,1,1,0,188275,188875,0,1
1,567,1,0,1,0,2,0,1,191424,191991,0,1
1,666,1,0,1,0,2,0,1,194757,195423,0,1
1,584,0,1,0,1,0,0,1,198055,198639,0,1
1,766,1,0,1,0,0,0,1,201471,202237,0,1
1,633,0,1,0,1,1,0,1,205020,205653,0,1
1,800,0,1,1,0,1,1,0,208685,209485,0,0
1,783,1,0,1,0,0,0,1,212218,213001,0,1
1,666,0,1,0,1,0,1,0,215933,216599,0,1
1,866,1,0,1,0,0,0,1,219632,220498,0,1
1,650,0,1,1,0,2,0,1,223047,223697,0,0
1,650,0,1,0,1,0,0,1,226563,227213,0,1
1,583,1,0,1,0,0,0,1,230228,230811,0,1
1,799,1,0,1,0,2,1,0,233561,234360,0,1
1,633,0,1,0,1,0,1,0,237309,237942,0,1
1,683,1,0,1,0,0,0,1,240475,241158,0,1
1,616,1,0,1,0,2,0,1,243924,244540,0,1
1,783,0,1,0,1,1,1,0,247523,248306,0,1
1,733,1,0,1,0,2,1,0,251288,252021,0,1
1,633,0,1,0,1,2,1,0,254704,255337,0,1
1,700,0,1,0,1,1,1,0,258352,259052,0,1
1,700,1,0,1,0,0,1,0,261585,262285,0,1
1,633,0,1,0,1,2,1,0,264984,265617,0,1
1,700,0,1,0,1,1,0,1,268266,268966,0,1
1,717,1,0,1,0,0,1,0,331628,332345,0,1
1,649,1,0,1,0,2,0,1,335261,335910,0,1
1,883,0,1,1,0,2,1,0,338676,339559,0,0
1,667,0,1,0,1,1,1,0,342208,342875,0,1
1,583,0,1,0,1,2,0,1,345807,346390,0,1
1,517,0,1,0,1,1,0,1,349256,349773,0,1
1,799,0,1,1,0,0,0,1,352372,353171,0,0
1,700,0,1,1,0,2,0,1,355787,356487,0,0
1,783,0,1,0,1,0,0,1,359053,359836,0,1
1,617,0,1,0,1,1,0,1,362618,363235,0,1
1,633,1,0,1,0,2,0,1,365801,366434,0,1
1,683,0,1,0,1,1,1,0,368983,369666,0,1
1,734,1,0,1,0,2,1,0,372598,373332,0,1
1,649,0,1,0,1,1,1,0,375981,376630,0,1
1,683,0,1,0,1,1,0,1,379163,379846,0,1
1,566,0,1,0,1,1,1,0,382429,382995,0,1
1,583,0,1,0,1,1,0,1,385894,386477,0,1
1,717,0,1,1,0,0,1,0,389476,390193,0,0
1,700,0,1,0,1,0,1,0,392892,393592,0,1
1,850,0,1,1,0,1,1,0,396307,397157,0,0
1,700,0,1,0,1,2,1,0,400039,400739,0,1
1,616,0,1,1,0,1,1,0,403472,404088,0,0
1,650,0,1,0,1,1,1,0,407037,407687,0,1
1,667,0,1,0,1,0,1,0,410469,411136,0,1
1,749,0,1,0,1,1,0,1,413702,414451,0,1
1,533,1,0,1,0,2,0,1,417467,418000,0,1
1,616,0,1,0,1,1,1,0,420733,421349,0,1
1,816,0,1,1,0,1,1,0,424315,425131,0,0
1,783,0,1,0,1,1,1,0,427880,428663,0,1
1,949,0,1,1,0,2,1,0,431496,432445,0,0
1,633,1,0,1,0,1,0,1,435178,435811,0,1
1,667,1,0,1,0,0,0,1,438760,439427,0,1
1,667,1,0,1,0,0,0,1,442292,442959,0,1
1,650,1,0,1,0,2,0,1,445758,446408,0,1
1,649,1,0,1,0,2,0,1,449257,449906,0,1
1,566,1,0,1,0,2,0,1,452889,453455,0,1
1,633,1,0,1,0,1,0,1,456038,456671,0,1
1,566,1,0,1,0,0,0,1,459237,459803,0,1
1,566,1,0,1,0,1,0,1,462686,463252,0,1
1,566,1,0,1,0,0,1,0,465785,466351,0,1
1,700,0,1,0,1,0,0,1,469250,469950,0,1
1,599,1,0,1,0,1,0,1,472516,473115,0,1
1,750,1,0,1,0,2,1,0,476098,476848,0,1
1,784,0,1,0,1,2,0,1,479413,480197,0,1
1,583,0,1,0,1,1,0,1,482812,483395,0,1
1,617,1,0,1,0,0,0,1,486211,486828,0,1
1,583,1,0,1,0,2,1,0,489610,490193,0,1
1,633,1,0,1,0,0,1,0,493076,493709,0,1
1,550,1,0,1,0,2,0,1,496724,497274,0,1
1,783,1,0,0,1,2,1,0,500023,500806,0,0
1,633,1,0,1,0,0,1,0,503689,504322,0,1
1,733,0,1,0,1,1,1,0,507104,507837,0,1
1,650,1,0,1,0,1,1,0,510786,511436,0,1
1,616,0,1,0,1,0,0,1,514402,515018,0,1
1,600,0,1,1,0,2,0,1,518001,518601,0,0
1,683,0,1,0,1,0,0,1,521616,522299,0,1
1,783,0,1,0,1,1,1,0,524932,525715,0,1
1,733,0,1,0,1,2,0,1,528597,529330,0,1
1,650,0,1,1,0,2,1,0,532096,532746,0,0
1,800,1,0,1,0,2,1,0,535678,536478,0,1
1,700,1,0,1,0,2,1,0,539344,540044,0,1
1,717,0,1,0,1,0,1,0,542809,543526,0,1
1,617,1,0,1,0,0,1,0,546541,547158,0,1
1,617,0,1,0,1,0,1,0,550040,550657,0,1
1,766,1,0,1,0,2,1,0,553456,554222,0,1
1,766,1,0,1,0,0,0,1,557238,558004,0,1
1,600,0,1,0,1,0,1,0,560937,561537,0,1
1,683,1,0,1,0,1,1,0,564152,564835,0,1
1,633,1,0,1,0,1,0,1,567585,568218,0,1
1,766,0,1,0,1,1,0,1,570867,571633,0,1
1,683,0,1,0,1,0,0,1,574466,575149,0,1
1,616,0,1,0,1,1,0,1,577748,578364,0,1
1,550,0,1,0,1,0,1,0,580930,581480,0,1
1,917,0,1,0,1,0,1,0,597079,597996,0,1
1,1050,0,1,1,0,0,0,1,600695,601745,0,0
1,666,1,0,1,0,2,1,0,604344,605010,0,1
1,649,0,1,0,1,0,0,1,607893,608542,0,1
1,567,1,0,1,0,0,0,1,611458,612025,0,1
1,649,0,1,0,1,0,1,0,614924,615573,0,1
1,617,0,1,0,1,0,0,1,618339,618956,0,1
1,650,0,1,0,1,1,0,1,621888,622538,0,1
1,817,1,0,1,0,2,1,0,625520,626337,0,1
1,599,0,1,0,1,1,1,0,629086,629685,0,1
1,683,0,1,0,1,0,0,1,632451,633134,0,1
1,733,0,1,0,1,2,1,0,635967,636700,0,1
1,850,1,0,1,0,2,1,0,639715,640565,0,1
1,666,0,1,0,1,2,0,1,643498,644164,0,1
1,683,0,1,0,1,1,0,1,647080,647763,0,1
1,633,0,1,0,1,2,0,1,650345,650978,0,1
1,699,1,0,1,0,0,0,1,653778,654477,0,1
1,733,0,1,0,1,0,0,1,657293,658026,0,1
1,700,0,1,1,0,1,1,0,660742,661442,0,0
1,617,1,0,1,0,2,0,1,664307,664924,0,1
1,666,0,1,0,1,2,0,1,667790,668456,0,1
1,636,1,0,1,0,2,1,0,671272,671908,0,1
1,533,1,0,1,0,2,0,1,674554,675087,0,1
1,666,1,0,1,0,0,1,0,677753,678419,0,1
1,633,0,1,0,1,1,0,1,681185,681818,0,1
1,783,0,1,0,1,0,1,0,684767,685550,0,1
1,766,0,1,0,1,0,1,0,688283,689049,0,1
1,750,0,1,1,0,2,1,0,691582,692332,0,0
1,633,1,0,1,0,0,1,0,694881,695514,0,1
1,616,0,1,0,1,1,1,0,698280,698896,0,1
1,650,0,1,0,1,1,0,1,701762,702412,0,1
1,600,0,1,0,1,1,0,1,704994,705594,0,1
1,750,1,0,1,0,0,0,1,708493,709243,0,1
1,634,0,1,1,0,2,1,0,712058,712692,0,0
1,700,0,1,0,1,0,1,0,715424,716124,0,1
1,583,1,0,1,0,2,1,0,719156,719739,0,1
1,650,1,0,1,0,2,0,1,722755,723405,0,1
1,867,0,1,0,1,1,1,0,726170,727037,0,1
1,767,1,0,1,0,2,1,0,729669,730436,0,1
1,650,1,0,1,0,2,0,1,733268,733918,0,1
1,683,1,0,1,0,2,1,0,736634,737317,0,1
1,750,0,1,0,1,1,0,1,740049,740799,0,1
1,867,0,1,0,1,1,1,0,743448,744315,0,1
1,616,1,0,1,0,0,0,1,747164,747780,0,1
1,666,0,1,0,1,1,1,0,750446,751112,0,1
1,866,1,0,1,0,0,1,0,753695,754561,0,1
1,816,0,1,0,1,2,1,0,757494,758310,0,1
1,833,1,0,1,0,1,1,0,760976,761809,0,1
1,633,1,0,1,0,0,0,1,764791,765424,0,1
1,766,1,0,1,0,2,0,1,768340,769106,0,1
1,666,0,1,0,1,1,1,0,772089,772755,0,1
1,666,0,1,0,1,1,1,0,775771,776437,0,1
1,650,1,0,1,0,2,1,0,779070,779720,0,1
1,667,1,0,1,0,2,1,0,782485,783152,0,1
1,533,1,0,1,0,2,1,0,785784,786317,0,1
1,633,1,0,1,0,2,1,0,789233,789866,0,1
1,600,1,0,1,0,0,1,0,792599,793199,0,1
1,600,0,1,0,1,2,1,0,795731,796331,0,1
1,633,1,0,1,0,0,1,0,799113,799746,0,1
1,666,0,1,0,1,2,1,0,802729,803395,0,1
1,600,0,1,0,1,1,0,1,806161,806761,0,1
1,583,1,0,1,0,0,0,1,809743,810326,0,1
1,716,0,1,0,1,1,1,0,813142,813858,0,1
1,666,1,0,1,0,0,0,1,816691,817357,0,1
1,633,1,0,1,0,1,0,1,820140,820773,0,1
1,649,1,0,1,0,0,0,1,823489,824138,0,1
1,684,1,0,1,0,1,1,0,827037,827721,0,1
1,633,0,1,0,1,1,1,0,830303,830936,0,1
1,700,0,1,0,1,0,0,1,833502,834202,0,1
1,633,1,0,1,0,0,0,1,836784,837417,0,1
1,1033,0,1,1,0,0,0,1,840116,841149,0,0
1,716,1,0,1,0,1,1,0,843782,844498,0,1
1,783,0,1,0,1,0,0,1,847081,847864,0,1
1,800,0,1,0,1,1,1,0,870920,871720,0,1
1,600,0,1,0,1,1,0,1,874519,875119,0,1
1,583,1,0,1,0,2,0,1,877751,878334,0,1
1,600,0,1,0,1,1,0,1,880967,881567,0,1
1,716,0,1,0,1,1,1,0,884449,885165,0,1
1,916,0,1,0,1,2,1,0,887948,888864,0,1
1,650,1,0,1,0,0,0,1,891463,892113,0,1
1,666,0,1,0,1,1,0,1,895129,895795,0,1
1,817,0,1,0,1,1,0,1,898744,899561,0,1
1,683,0,1,0,1,0,0,1,902260,902943,0,1
1,633,0,1,1,0,0,1,0,905692,906325,0,0
1,566,1,0,1,0,1,0,1,908891,909457,0,1
1,567,1,0,1,0,0,0,1,912473,913040,0,1
1,683,0,1,0,1,0,0,1,915822,916505,0,1
1,633,0,1,0,1,0,1,0,919404,920037,0,1
1,634,0,1,0,1,0,1,0,922586,923220,0,1
1,549,0,1,0,1,1,0,1,926219,926768,0,1
1,733,0,1,0,1,0,1,0,929334,930067,0,1
1,650,0,1,0,1,2,1,0,932850,933500,0,1
1,517,1,0,1,0,0,0,1,936065,936582,0,1
1,733,0,1,0,1,0,1,0,939214,939947,0,1
1,617,0,1,1,0,0,1,0,942813,943430,0,0
1,634,1,0,1,0,2,1,0,946095,946729,0,1
1,699,0,1,1,0,2,1,0,949528,950227,0,0
1,633,0,1,0,1,1,0,1,953143,953776,0,1
1,533,1,0,1,0,1,0,1,956442,956975,0,1
1,633,1,0,1,0,1,0,1,959641,960274,0,1
1,634,1,0,1,0,0,1,0,963206,963840,0,1
1,667,0,1,0,1,1,1,0,966455,967122,0,1
1,650,1,0,1,0,0,1,0,969921,970571,0,1
1,583,1,0,1,0,2,0,1,973120,973703,0,1
1,666,0,1,0,1,0,1,0,976469,977135,0,1
1,666,0,1,0,1,1,0,1,979901,980567,0,1
1,717,0,1,0,1,0,1,0,983566,984283,0,1
1,767,1,0,1,0,1,0,1,987215,987982,0,1
1,617,0,1,0,1,2,0,1,990964,991581,0,1
1,699,0,1,0,1,2,0,1,994280,994979,0,1
1,733,0,1,0,1,0,1,0,997545,998278,0,1
1,634,1,0,1,0,0,1,0,1000977,1001611,0,1
1,667,1,0,1,0,2,1,0,1004276,1004943,0,1
1,883,0,1,1,0,1,0,1,1007692,1008575,0,0
1,683,1,0,1,0,2,0,1,1011291,1011974,0,1
1,633,1,0,1,0,2,0,1,1014873,1015506,0,1
1,783,0,1,1,0,2,1,0,1018455,1019238,0,0
1,633,1,0,1,0,2,0,1,1021937,1022570,0,1
1,683,0,1,0,1,1,0,1,1025153,1025836,0,1
1,850,0,1,0,1,2,1,0,1028785,1029635,0,1
1,717,0,1,0,1,2,0,1,1032167,1032884,0,1
1,716,1,0,1,0,2,1,0,1035666,1036382,0,1
1,749,0,1,0,1,0,0,1,1039082,1039831,0,1
1,833,0,1,0,1,2,0,1,1042414,1043247,0,1
1,916,0,1,0,1,0,1,0,1045846,1046762,0,1
1,783,0,1,0,1,0,0,1,1049595,1050378,0,1
1,749,0,1,0,1,1,0,1,1053361,1054110,0,1
1,850,0,1,0,1,0,0,1,1056759,1057609,0,1
1,666,0,1,0,1,1,0,1,1060158,1060824,0,1
1,1017,1,0,1,0,0,1,0,1063740,1064757,0,1
1,750,1,0,1,0,0,0,1,1067322,1068072,0,1
1,716,1,0,1,0,2,1,0,1070988,1071704,0,1
1,733,0,1,0,1,2,1,0,1074720,1075453,0,1
1,850,1,0,1,0,0,1,0,1078002,1078852,0,1
1,617,0,1,0,1,1,1,0,1081434,1082051,0,1
1,766,0,1,0,1,1,0,1,1084717,1085483,0,1
1,817,1,0,1,0,1,1,0,1088032,1088849,0,1
1,783,1,0,1,0,1,1,0,1091748,1092531,0,1
1,750,1,0,1,0,0,1,0,1095213,1095963,0,1
1,833,0,1,0,1,0,1,0,1098829,1099662,0,1
1,1299,0,0,0,1,0,1,0,1102311,1103610,1,NaN
1,750,1,0,1,0,1,1,0,1106443,1107193,0,1
1,749,0,1,0,1,0,1,0,1110092,1110841,0,1
1,783,0,1,0,1,1,0,1,1113807,1114590,0,1
1,650,1,0,1,0,2,1,0,1117139,1117789,0,1
1,783,1,0,1,0,0,1,0,1120538,1121321,0,1
1,1200,0,1,0,1,1,0,1,1146824,1148024,0,1
1,633,1,0,1,0,1,1,0,1150856,1151489,0,1
1,983,0,1,0,1,0,0,1,1154438,1155421,0,1
1,1050,0,1,0,1,1,1,0,1158137,1159187,0,1
1,766,0,1,0,1,1,1,0,1162186,1162952,0,1
1,799,0,1,0,1,1,1,0,1165868,1166667,0,1
1,649,0,1,0,1,0,0,1,1169267,1169916,0,1
1,767,0,1,0,1,1,0,1,1172615,1173382,0,1
1,717,0,1,0,1,1,0,1,1175981,1176698,0,1
1,500,1,0,1,0,2,1,0,1179413,1179913,0,1
1,850,0,1,0,1,1,0,1,1182462,1183312,0,1
1,733,0,1,0,1,1,0,1,1186011,1186744,0,1
1,717,0,1,0,1,0,0,1,1189593,1190310,0,1
1,667,1,0,1,0,1,1,0,1193175,1193842,0,1
1,683,1,0,1,0,0,1,0,1196841,1197524,0,1
1,700,1,0,1,0,2,1,0,1200356,1201056,0,1
1,900,1,0,1,0,1,1,0,1203605,1204505,0,1
1,700,1,0,1,0,0,1,0,1207271,1207971,0,1
1,600,1,0,1,0,2,0,1,1210620,1211220,0,1
1,716,1,0,1,0,2,1,0,1213969,1214685,0,1
1,717,0,1,1,0,2,0,1,1217467,1218184,0,0
1,617,0,1,0,1,1,1,0,1220716,1221333,0,1
1,799,0,1,0,1,0,1,0,1223899,1224698,0,1
1,633,1,0,1,0,1,0,1,1227631,1228264,0,1
1,750,0,1,0,1,1,0,1,1231146,1231896,0,1
1,667,0,1,0,1,2,1,0,1234495,1235162,0,1
1,767,0,1,0,1,1,1,0,1237694,1238461,0,1
1,667,0,1,0,1,0,0,1,1241426,1242093,0,1
1,650,0,1,0,1,1,0,1,1244992,1245642,0,1
1,683,0,1,0,1,1,1,0,1248524,1249207,0,1
1,783,0,1,0,1,0,1,0,1252123,1252906,0,1
1,633,1,0,1,0,0,1,0,1255872,1256505,0,1
1,617,1,0,1,0,2,0,1,1259237,1259854,0,1
1,583,1,0,1,0,1,0,1,1262619,1263202,0,1
1,650,0,1,0,1,2,1,0,1265835,1266485,0,1
1,683,1,0,1,0,2,0,1,1269317,1270000,0,1
1,649,1,0,1,0,2,0,1,1272933,1273582,0,1
1,650,0,1,0,1,2,0,1,1276298,1276948,0,1
1,700,1,0,1,0,0,0,1,1279564,1280264,0,1
1,600,1,0,1,0,2,1,0,1283129,1283729,0,1
1,750,0,1,0,1,0,0,1,1286545,1287295,0,1
1,850,1,0,1,0,2,0,1,1290077,1290927,0,1
1,667,0,1,0,1,0,0,1,1293742,1294409,0,1
1,600,1,0,1,0,1,0,1,1297441,1298041,0,1
1,700,0,1,0,1,0,0,1,1300723,1301423,0,1
1,683,0,1,0,1,1,0,1,1304006,1304689,0,1
1,633,1,0,1,0,2,0,1,1307455,1308088,0,1
1,550,1,0,1,0,2,0,1,1310837,1311387,0,1
1,650,0,1,0,1,0,1,0,1314002,1314652,0,1
1,783,0,1,0,1,2,0,1,1317435,1318218,0,1
1,717,0,1,0,1,1,1,0,1321083,1321800,0,1
1,599,1,0,1,0,2,0,1,1324616,1325215,0,1
1,550,1,0,1,0,0,0,1,1327781,1328331,0,1
1,633,0,1,0,1,2,0,1,1330914,1331547,0,1
1,567,1,0,1,0,2,1,0,1334279,1334846,0,1
1,633,0,1,0,1,2,1,0,1337495,1338128,0,1
1,666,0,1,0,1,1,1,0,1340727,1341393,0,1
1,667,1,0,1,0,2,0,1,1344109,1344776,0,1
1,583,1,0,1,0,0,0,1,1347675,1348258,0,1
1,617,1,0,1,0,1,1,0,1351140,1351757,0,1
1,633,0,1,0,1,1,1,0,1354289,1354922,0,1
1,650,0,1,0,1,2,1,0,1357688,1358338,0,1
1,617,1,0,1,0,2,1,0,1360970,1361587,0,1
1,616,0,1,0,1,2,1,0,1364436,1365052,0,1
1,584,1,0,1,0,2,0,1,1367651,1368235,0,1
1,700,0,1,0,1,1,0,1,1370917,1371617,0,1
1,649,1,0,1,0,2,0,1,1374333,1374982,0,1
1,600,1,0,1,0,2,0,1,1377748,1378348,0,1
1,700,0,1,0,1,0,1,0,1381347,1382047,0,1
2,633,0,1,0,1,1,0,1,20252,20885,0,1
2,616,0,1,0,1,1,1,0,23601,24217,0,1
2,450,1,0,1,0,1,0,1,27133,27583,0,1
2,583,1,0,1,0,2,0,1,30182,30765,0,1
2,450,1,0,1,0,2,0,1,33781,34231,0,1
2,450,0,1,0,1,1,0,1,37063,37513,0,1
2,400,1,0,1,0,2,0,1,40145,40545,0,1
2,583,1,0,1,0,1,1,0,43178,43761,0,1
2,550,0,1,0,1,1,0,1,46443,46993,0,1
2,517,1,0,1,0,2,1,0,49792,50309,0,1
2,883,1,0,0,1,0,1,0,52875,53758,0,0
2,566,0,1,0,1,2,0,1,56557,57123,0,1
2,517,1,0,1,0,0,1,0,59839,60356,0,1
2,450,1,0,1,0,2,0,1,62955,63405,0,1
2,416,1,0,1,0,2,0,1,66104,66520,0,1
2,550,1,0,1,0,2,1,0,69469,70019,0,1
2,833,0,1,0,1,1,0,1,72785,73618,0,1
2,484,1,0,1,0,1,0,1,76633,77117,0,1
2,400,1,0,1,0,2,0,1,80032,80432,0,1
2,616,1,0,0,1,2,1,0,83115,83731,0,0
2,450,1,0,1,0,2,0,1,86314,86764,0,1
2,383,1,0,1,0,2,0,1,89663,90046,0,1
2,366,1,0,1,0,2,1,0,92895,93261,0,1
2,417,1,0,1,0,2,0,1,96077,96494,0,1
2,550,0,1,0,1,1,1,0,99326,99876,0,1
2,950,1,0,0,1,1,0,1,102558,103508,0,0
2,516,0,1,0,1,1,0,1,106474,106990,0,1
2,600,0,1,0,1,0,0,1,109773,110373,0,1
2,550,1,0,1,0,0,1,0,113055,113605,0,1
2,450,1,0,1,0,0,0,1,116187,116637,0,1
2,483,0,1,0,1,1,0,1,119603,120086,0,1
2,484,1,0,1,0,0,1,0,122818,123302,0,1
2,716,0,1,0,1,0,1,0,126101,126817,0,1
2,567,0,1,0,1,1,1,0,129699,130266,0,1
2,516,1,0,1,0,1,0,1,133082,133598,0,1
2,500,1,0,1,0,1,0,1,136497,136997,0,1
2,550,0,1,0,1,0,0,1,140046,140596,0,1
2,517,1,0,1,0,0,0,1,143178,143695,0,1
2,517,1,0,1,0,1,1,0,146344,146861,0,1
2,533,1,0,1,0,2,1,0,149726,150259,0,1
2,483,1,0,1,0,1,0,1,152892,153375,0,1
2,617,0,1,0,1,2,1,0,156057,156674,0,1
2,550,1,0,1,0,2,1,0,159206,159756,0,1
2,616,0,1,0,1,1,1,0,162722,163338,0,1
2,567,0,1,0,1,1,1,0,166337,166904,0,1
2,650,1,0,1,0,1,0,1,169786,170436,0,1
2,566,0,1,0,1,1,0,1,173119,173685,0,1
2,566,0,1,0,1,2,0,1,176251,176817,0,1
2,483,1,0,1,0,0,0,1,179733,180216,0,1
2,516,0,1,0,1,0,1,0,183149,183665,0,1
2,650,0,1,1,0,2,1,0,186481,187131,0,0
2,533,0,1,0,1,0,1,0,189713,190246,0,1
2,500,0,1,0,1,1,1,0,193079,193579,0,1
2,450,1,0,1,0,2,0,1,196211,196661,0,1
2,583,0,1,1,0,2,1,0,199260,199843,0,0
2,566,0,1,0,1,1,1,0,202509,203075,0,1
2,616,0,1,1,0,0,1,0,205708,206324,0,0
2,517,1,0,1,0,0,1,0,209073,209590,0,1
2,500,0,1,0,1,1,1,0,212589,213089,0,1
2,567,1,0,1,0,0,0,1,216121,216688,0,1
2,467,0,1,0,1,1,1,0,219270,219737,0,1
2,517,0,1,0,1,0,1,0,222719,223236,0,1
2,616,0,1,0,1,2,1,0,225835,226451,0,1
2,583,1,0,1,0,0,1,0,228984,229567,0,1
2,533,0,1,0,1,0,0,1,232183,232716,0,1
2,617,0,1,1,0,2,1,0,235531,236148,0,0
2,550,0,1,0,1,0,1,0,239097,239647,0,1
2,549,0,1,0,1,0,1,0,242263,242812,0,1
2,549,1,0,1,0,0,0,1,245362,245911,0,1
2,499,0,1,0,1,0,1,0,248511,249010,0,1
2,550,0,1,0,1,2,1,0,251943,252493,0,1
2,500,0,1,0,1,1,1,0,255175,255675,0,1
2,450,0,1,0,1,1,1,0,286291,286741,0,1
2,499,0,1,0,1,2,0,1,289557,290056,0,1
2,533,0,1,0,1,0,1,0,293022,293555,0,1
2,500,1,0,1,0,0,1,0,296471,296971,0,1
2,516,0,1,0,1,1,0,1,299820,300336,0,1
2,349,1,0,1,0,2,0,1,302936,303285,0,1
2,633,0,1,0,1,1,1,0,305885,306518,0,1
2,534,0,1,0,1,1,1,0,309333,309867,0,1
2,517,0,1,0,1,0,0,1,312882,313399,0,1
2,500,0,1,0,1,2,1,0,316181,316681,0,1
2,500,0,1,0,1,0,0,1,319497,319997,0,1
2,483,0,1,0,1,2,1,0,322696,323179,0,1
2,500,0,1,0,1,0,0,1,326078,326578,0,1
2,750,0,1,1,0,0,1,0,329327,330077,0,0
2,500,0,1,0,1,0,0,1,332892,333392,0,1
2,449,1,0,1,0,2,0,1,336425,336874,0,1
2,433,0,1,0,1,0,1,0,339407,339840,0,1
2,633,1,0,1,0,2,1,0,342389,343022,0,1
2,600,1,0,1,0,0,1,0,345671,346271,0,1
2,616,0,1,0,1,0,0,1,349154,349770,0,1
2,799,1,0,1,0,1,1,0,352303,353102,0,1
2,800,0,1,0,1,0,0,1,355935,356735,0,1
2,499,1,0,1,0,0,0,1,359684,360183,0,1
2,483,1,0,1,0,0,0,1,362899,363382,0,1
2,567,0,1,0,1,2,1,0,366081,366648,0,1
2,583,0,1,0,1,2,1,0,369564,370147,0,1
2,600,1,0,1,0,0,1,0,372696,373296,0,1
2,1250,1,0,0,1,1,1,0,375878,377128,0,0
2,433,1,0,1,0,2,1,0,379844,380277,0,1
2,550,0,1,0,1,2,0,1,383259,383809,0,1
2,667,0,1,1,0,2,1,0,386558,387225,0,0
2,500,0,1,0,1,0,0,1,390024,390524,0,1
2,500,0,1,0,1,1,0,1,393206,393706,0,1
2,633,0,1,0,1,1,0,1,396455,397088,0,1
2,517,1,0,1,0,0,0,1,399787,400304,0,1
2,500,0,1,0,1,0,0,1,402836,403336,0,1
2,367,1,0,1,0,2,0,1,406035,406402,0,1
2,583,1,0,1,0,0,0,1,408934,409517,0,1
2,450,1,0,1,0,2,0,1,412533,412983,0,1
2,467,1,0,1,0,2,1,0,415615,416082,0,1
2,517,0,1,0,1,2,0,1,418947,419464,0,1
2,417,1,0,1,0,2,0,1,422013,422430,0,1
2,516,1,0,1,0,0,1,0,425079,425595,0,1
2,417,1,0,1,0,2,1,0,428594,429011,0,1
2,483,0,1,0,1,0,0,1,431843,432326,0,1
2,416,1,0,1,0,2,0,1,434959,435375,0,1
2,550,1,0,1,0,0,1,0,438258,438808,0,1
2,433,0,1,0,1,1,0,1,441807,442240,0,1
2,433,0,1,0,1,1,0,1,445156,445589,0,1
2,467,0,1,0,1,1,1,0,448121,448588,0,1
2,616,0,1,0,1,2,1,0,451187,451803,0,1
2,600,1,0,1,0,2,0,1,454636,455236,0,1
2,617,0,1,0,1,1,0,1,458201,458818,0,1
2,1000,0,1,0,1,2,1,0,461550,462550,0,1
2,500,0,1,0,1,1,0,1,465399,465899,0,1
2,433,1,0,1,0,2,1,0,468531,468964,0,1
2,783,0,1,0,1,2,1,0,471730,472513,0,1
2,600,0,1,0,1,1,0,1,475312,475912,0,1
2,450,1,0,1,0,0,1,0,478878,479328,0,1
2,750,0,1,0,1,0,0,1,482327,483077,0,1
2,517,1,0,1,0,0,0,1,485842,486359,0,1
2,617,0,1,0,1,0,0,1,489141,489758,0,1
2,550,0,1,0,1,1,1,0,492657,493207,0,1
2,500,0,1,0,1,1,1,0,496205,496705,0,1
2,500,1,0,1,0,1,0,1,499654,500154,0,1
2,500,0,1,1,0,2,0,1,503170,503670,0,0
2,517,0,1,1,0,1,1,0,506652,507169,0,0
2,500,1,0,1,0,2,1,0,510134,510634,0,1
2,517,0,1,0,1,0,1,0,513583,514100,0,1
2,433,0,1,0,1,1,0,1,516849,517282,0,1
2,450,1,0,1,0,0,0,1,519998,520448,0,1
2,549,0,1,0,1,2,1,0,523197,523746,0,1
2,500,0,1,0,1,0,0,1,526512,527012,0,1
2,517,1,0,1,0,0,1,0,549011,549528,0,1
2,484,0,1,0,1,0,0,1,552110,552594,0,1
2,466,0,1,0,1,0,1,0,555143,555609,0,1
2,617,0,1,0,1,0,1,0,558475,559092,0,1
2,533,0,1,0,1,0,1,0,561791,562324,0,1
2,483,0,1,0,1,2,1,0,565156,565639,0,1
2,616,1,0,1,0,1,1,0,568622,569238,0,1
2,499,0,1,1,0,0,1,0,572171,572670,0,0
2,500,0,1,0,1,2,0,1,575586,576086,0,1
2,416,1,0,1,0,2,0,1,578652,579068,0,1
2,516,1,0,1,0,1,0,1,581951,582467,0,1
2,434,1,0,1,0,2,1,0,585066,585500,0,1
2,500,0,1,0,1,2,0,1,588465,588965,0,1
2,500,0,1,1,0,0,0,1,591997,592497,0,0
2,600,1,0,1,0,1,0,1,595446,596046,0,1
2,450,1,0,1,0,2,0,1,598895,599345,0,1
2,584,0,1,0,1,0,1,0,601877,602461,0,1
2,434,1,0,1,0,2,0,1,605176,605610,0,1
2,533,1,0,1,0,1,1,0,608609,609142,0,1
2,600,0,1,0,1,0,1,0,611791,612391,0,1
2,550,0,1,0,1,2,0,1,615256,615806,0,1
2,500,1,0,1,0,0,1,0,618522,619022,0,1
2,550,1,0,1,0,0,0,1,621804,622354,0,1
2,683,0,1,0,1,1,0,1,625020,625703,0,1
2,566,0,1,1,0,2,0,1,628719,629285,0,0
2,599,0,1,0,1,1,0,1,632068,632667,0,1
2,583,0,1,0,1,2,0,1,635550,636133,0,1
2,517,0,1,0,1,0,0,1,638882,639399,0,1
2,583,1,0,1,0,2,0,1,642164,642747,0,1
2,634,1,0,1,0,0,0,1,645646,646280,0,1
2,516,0,1,0,1,1,1,0,649112,649628,0,1
2,500,0,1,0,1,0,1,0,652294,652794,0,1
2,500,1,0,1,0,2,0,1,655560,656060,0,1
2,550,1,0,1,0,0,0,1,658759,659309,0,1
2,416,1,0,1,0,2,0,1,662208,662624,0,1
2,484,0,1,0,1,1,1,0,665323,665807,0,1
2,466,0,1,0,1,2,0,1,668439,668905,0,1
2,517,1,0,1,0,1,1,0,671671,672188,0,1
2,533,1,0,1,0,0,0,1,674970,675503,0,1
2,500,0,1,0,1,1,0,1,678369,678869,0,1
2,650,0,1,0,1,0,0,1,681485,682135,0,1
2,533,0,1,0,1,0,1,0,684867,685400,0,1
2,567,1,0,1,0,1,1,0,688332,688899,0,1
2,467,0,1,0,1,1,0,1,691781,692248,0,1
2,567,1,0,1,0,0,0,1,695030,695597,0,1
2,567,0,1,1,0,2,1,0,698312,698879,0,0
2,550,1,0,1,0,2,1,0,701795,702345,0,1
2,616,1,0,1,0,1,0,1,704944,705560,0,1
2,433,1,0,1,0,2,1,0,708359,708792,0,1
2,584,0,1,0,1,2,0,1,711641,712225,0,1
2,533,0,1,0,1,1,0,1,714957,715490,0,1
2,483,0,1,0,1,0,1,0,718106,718589,0,1
2,517,1,0,1,0,1,0,1,721338,721855,0,1
2,517,0,1,0,1,0,0,1,724637,725154,0,1
2,516,1,0,1,0,1,0,1,727903,728419,0,1
2,449,0,1,0,1,1,1,0,731402,731851,0,1
2,400,0,1,0,1,1,0,1,734484,734884,0,1
2,483,0,1,0,1,1,0,1,737833,738316,0,1
2,384,0,1,0,1,1,0,1,741098,741482,0,1
2,417,1,0,1,0,0,1,0,744314,744731,0,1
2,566,0,1,0,1,2,0,1,747530,748096,0,1
2,433,0,1,0,1,1,0,1,750729,751162,0,1
2,433,1,0,1,0,2,1,0,753878,754311,0,1
2,584,1,0,1,0,1,1,0,757226,757810,0,1
2,517,1,0,1,0,1,0,1,760525,761042,0,1
2,400,1,0,1,0,1,0,1,763724,764124,0,1
2,583,1,0,1,0,0,0,1,767057,767640,0,1
2,333,0,1,0,1,1,0,1,770389,770722,0,1
2,517,0,1,0,1,0,0,1,773471,773988,0,1
2,516,0,1,0,1,0,1,0,776737,777253,0,1
2,517,1,0,1,0,2,1,0,780069,780586,0,1
2,450,0,1,0,1,1,0,1,783451,783901,0,1
2,483,1,0,1,0,2,0,1,786584,787067,0,1
2,483,1,0,1,0,2,1,0,802383,802866,0,1
2,550,0,1,0,1,1,1,0,805765,806315,0,1
2,484,1,0,1,0,0,1,0,809330,809814,0,1
2,500,1,0,1,0,0,1,0,812829,813329,0,1
2,433,1,0,1,0,2,0,1,816212,816645,0,1
2,650,0,1,0,1,0,1,0,819527,820177,0,1
2,416,1,0,1,0,2,0,1,822943,823359,0,1
2,566,0,1,0,1,0,0,1,826325,826891,0,1
2,650,0,1,0,1,1,1,0,829740,830390,0,1
2,433,1,0,1,0,2,0,1,833256,833689,0,1
2,600,1,0,1,0,1,1,0,836238,836838,0,1
2,583,0,1,0,1,2,1,0,839421,840004,0,1
2,567,0,1,0,1,0,0,1,842936,843503,0,1
2,417,0,1,0,1,1,0,1,846285,846702,0,1
2,566,1,0,1,0,0,0,1,849251,849817,0,1
2,700,1,0,1,0,2,1,0,852766,853466,0,1
2,567,1,0,1,0,0,1,0,856415,856982,0,1
2,517,0,1,0,1,0,0,1,859647,860164,0,1
2,466,0,1,0,1,1,0,1,862730,863196,0,1
2,417,1,0,1,0,2,0,1,866145,866562,0,1
2,400,1,0,1,0,2,1,0,869544,869944,0,1
2,516,1,0,1,0,1,1,0,872793,873309,0,1
2,450,1,0,1,0,2,0,1,876225,876675,0,1
2,399,1,0,1,0,2,1,0,879458,879857,0,1
2,467,0,1,0,1,1,0,1,882623,883090,0,1
2,400,0,1,1,0,1,0,1,885755,886155,0,0
2,666,1,0,0,1,2,0,1,888921,889587,0,0
2,400,1,0,1,0,2,0,1,892253,892653,0,1
2,433,1,0,1,0,2,0,1,895669,896102,0,1
2,400,0,1,0,1,1,0,1,898801,899201,0,1
2,600,1,0,0,1,2,1,0,901767,902367,0,0
2,583,1,0,1,0,0,0,1,904899,905482,0,1
2,599,0,1,0,1,0,0,1,908265,908864,0,1
2,467,1,0,1,0,2,1,0,911780,912247,0,1
2,533,0,1,0,1,1,1,0,914879,915412,0,1
2,534,0,1,0,1,1,1,0,918011,918545,0,1
2,567,1,0,1,0,0,0,1,921160,921727,0,1
2,516,1,0,1,0,0,1,0,924393,924909,0,1
2,467,1,0,1,0,2,1,0,927608,928075,0,1
2,450,0,1,1,0,0,1,0,931074,931524,0,0
2,584,0,1,0,1,0,0,1,934489,935073,0,1
2,550,0,1,0,1,2,0,1,937938,938488,0,1
2,533,1,0,1,0,0,0,1,941304,941837,0,1
2,500,1,0,1,0,2,0,1,944619,945119,0,1
2,500,1,0,1,0,1,0,1,948135,948635,0,1
2,534,1,0,1,0,1,1,0,951550,952084,0,1
2,483,0,1,0,1,1,0,1,955066,955549,0,1
2,483,0,1,0,1,1,0,1,958265,958748,0,1
2,533,1,0,1,0,2,0,1,961597,962130,0,1
2,566,0,1,0,1,0,1,0,965146,965712,0,1
2,500,1,0,1,0,2,0,1,968345,968845,0,1
2,450,0,1,1,0,1,1,0,971760,972210,0,0
2,516,0,1,0,1,0,0,1,975043,975559,0,1
2,516,1,0,1,0,0,0,1,978425,978941,0,1
2,416,1,0,1,0,2,1,0,981974,982390,0,1
2,566,0,1,0,1,2,0,1,985123,985689,0,1
2,517,1,0,1,0,0,0,1,988255,988772,0,1
2,516,0,1,0,1,1,0,1,991571,992087,0,1
2,567,1,0,1,0,0,0,1,994786,995353,0,1
2,433,0,1,0,1,1,0,1,998252,998685,0,1
2,517,1,0,1,0,0,0,1,1001517,1002034,0,1
2,567,0,1,0,1,1,1,0,1004866,1005433,0,1
2,616,0,1,0,1,2,0,1,1008182,1008798,0,1
2,483,1,0,1,0,2,1,0,1011581,1012064,0,1
2,583,1,0,1,0,0,0,1,1014663,1015246,0,1
2,516,1,0,1,0,0,1,0,1018262,1018778,0,1
2,583,0,1,0,1,0,0,1,1021328,1021911,0,1
2,483,1,0,1,0,2,1,0,1024860,1025343,0,1
2,499,1,0,1,0,2,1,0,1028309,1028808,0,1
2,584,1,0,1,0,0,1,0,1031507,1032091,0,1
2,483,1,0,1,0,2,1,0,1035090,1035573,0,1
2,650,0,1,0,1,2,0,1,1038555,1039205,0,1
2,617,0,1,0,1,0,1,0,1042087,1042704,0,1
2,533,1,0,1,0,2,0,1,1059120,1059653,0,1
2,483,0,1,0,1,1,1,0,1062402,1062885,0,1
2,416,1,0,1,0,2,0,1,1065468,1065884,0,1
2,517,0,1,1,0,2,1,0,1068800,1069317,0,0
2,417,0,1,0,1,0,0,1,1072332,1072749,0,1
2,400,0,1,0,1,1,1,0,1075698,1076098,0,1
2,450,0,1,0,1,0,1,0,1079080,1079530,0,1
2,467,0,1,0,1,1,1,0,1082262,1082729,0,1
2,483,0,1,1,0,0,1,0,1085428,1085911,0,0
2,483,0,1,1,0,1,1,0,1088710,1089193,0,0
2,483,0,1,0,1,0,1,0,1092059,1092542,0,1
2,450,1,0,1,0,2,1,0,1095358,1095808,0,1
2,550,0,1,0,1,2,1,0,1098357,1098907,0,1
2,533,1,0,1,0,0,1,0,1101556,1102089,0,1
2,484,0,1,0,1,1,1,0,1104971,1105455,0,1
2,534,1,0,1,0,0,0,1,1108020,1108554,0,1
2,516,0,1,0,1,2,0,1,1111203,1111719,0,1
2,466,0,1,0,1,1,1,0,1114702,1115168,0,1
2,717,1,0,1,0,0,1,0,1117717,1118434,0,1
2,467,0,1,0,1,1,1,0,1121366,1121833,0,1
2,516,1,0,1,0,1,1,0,1124865,1125381,0,1
2,500,0,1,0,1,1,0,1,1128114,1128614,0,1
2,817,0,1,0,1,1,1,0,1131629,1132446,0,1
2,566,1,0,1,0,0,0,1,1135195,1135761,0,1
2,684,0,1,0,1,0,0,1,1138360,1139044,0,1
2,566,1,0,1,0,0,0,1,1141893,1142459,0,1
2,583,1,0,1,0,0,1,0,1145075,1145658,0,1
2,617,0,1,1,0,2,1,0,1148307,1148924,0,0
2,600,1,0,1,0,0,1,0,1151673,1152273,0,1
2,500,0,1,0,1,1,0,1,1154872,1155372,0,1
2,416,1,0,1,0,2,0,1,1157921,1158337,0,1
2,466,0,1,0,1,1,1,0,1161320,1161786,0,1
2,500,0,1,0,1,1,0,1,1164352,1164852,0,1
2,416,1,0,1,0,2,1,0,1167651,1168067,0,1
2,500,1,0,1,0,1,0,1,1170983,1171483,0,1
2,516,0,1,0,1,1,0,1,1174332,1174848,0,1
2,533,0,1,0,1,2,1,0,1177864,1178397,0,1
2,534,1,0,1,0,2,1,0,1181096,1181630,0,1
2,567,1,0,1,0,2,1,0,1184212,1184779,0,1
2,416,1,0,1,0,2,1,0,1187578,1187994,0,1
2,917,1,0,1,0,0,1,0,1190926,1191843,0,1
2,633,0,1,0,1,0,1,0,1194559,1195192,0,1
2,533,1,0,1,0,2,0,1,1197774,1198307,0,1
2,650,0,1,0,1,0,0,1,1201240,1201890,0,1
2,500,0,1,0,1,1,1,0,1204639,1205139,0,1
2,600,0,1,0,1,1,1,0,1208004,1208604,0,1
2,567,1,0,1,0,2,1,0,1211436,1212003,0,1
2,667,1,0,1,0,1,1,0,1214585,1215252,0,1
2,683,0,1,0,1,2,1,0,1218001,1218684,0,1
2,583,0,1,0,1,0,1,0,1221683,1222266,0,1
2,650,1,0,0,1,0,1,0,1224882,1225532,0,0
2,549,0,1,0,1,1,1,0,1228348,1228897,0,1
2,450,1,0,1,0,2,1,0,1231913,1232363,0,1
2,467,0,1,0,1,1,1,0,1235295,1235762,0,1
2,749,1,0,1,0,1,1,0,1238328,1239077,0,1
2,534,0,1,0,1,1,1,0,1241626,1242160,0,1
2,550,0,1,0,1,0,1,0,1244692,1245242,0,1
2,583,0,1,0,1,1,1,0,1247808,1248391,0,1
2,517,0,1,0,1,1,0,1,1251073,1251590,0,1
2,533,0,1,0,1,1,1,0,1254589,1255122,0,1
2,516,0,1,0,1,1,0,1,1257738,1258254,0,1
2,700,1,0,1,0,1,1,0,1261170,1261870,0,1
2,550,1,0,1,0,2,0,1,1264869,1265419,0,1
2,434,1,0,1,0,2,1,0,1268334,1268768,0,1
2,450,1,0,1,0,2,0,1,1271400,1271850,0,1
2,566,1,0,1,0,1,0,1,1274716,1275282,0,1
2,483,0,1,0,1,1,1,0,1278065,1278548,0,1
2,550,0,1,0,1,0,1,0,1281380,1281930,0,1
2,517,0,1,0,1,1,1,0,1284912,1285429,0,1
3,633,1,0,1,0,2,1,0,31343,31976,0,1
3,600,0,1,0,1,1,1,0,34508,35108,0,1
3,650,1,0,1,0,2,1,0,38107,38757,0,1
3,666,1,0,1,0,2,0,1,41723,42389,0,1
3,866,0,1,0,1,1,0,1,45022,45888,0,1
3,466,1,0,1,0,2,0,1,48654,49120,0,1
3,700,1,0,1,0,0,1,0,51986,52686,0,1
3,467,1,0,1,0,2,0,1,55518,55985,0,1
3,716,0,1,0,1,1,1,0,58734,59450,0,1
3,649,0,1,0,1,1,0,1,62283,62932,0,1
3,1250,0,1,0,1,2,1,0,65631,66881,0,1
3,1133,0,1,1,0,2,1,0,69830,70963,0,0
3,917,0,1,0,1,1,0,1,73612,74529,0,1
3,500,1,0,1,0,0,0,1,77394,77894,0,1
3,483,1,0,1,0,2,1,0,80610,81093,0,1
3,750,1,0,1,0,1,0,1,83909,84659,0,1
3,1067,1,0,1,0,2,0,1,87524,88591,0,1
3,1300,0,0,1,0,0,0,1,91473,92773,1,NaN
3,900,1,0,1,0,0,1,0,95655,96555,0,1
3,616,1,0,1,0,2,0,1,99254,99870,0,1
3,966,1,0,0,1,0,1,0,102586,103552,0,0
3,933,1,0,0,1,0,1,0,106235,107168,0,0
3,683,1,0,0,1,2,1,0,110084,110767,0,0
3,684,0,1,1,0,0,0,1,113482,114166,0,0
3,800,1,0,1,0,0,1,0,116781,117581,0,1
3,799,0,1,0,1,0,1,0,120214,121013,0,1
3,1300,0,0,0,1,1,0,1,123762,125062,1,NaN
3,849,0,1,1,0,1,1,0,127928,128777,0,0
3,516,1,0,1,0,1,0,1,131410,131926,0,1
3,450,1,0,1,0,2,1,0,134609,135059,0,1
3,450,1,0,1,0,2,0,1,138008,138458,0,1
3,483,1,0,1,0,2,0,1,141290,141773,0,1
3,1016,0,1,0,1,0,0,1,144539,145555,0,1
3,933,0,1,1,0,2,1,0,148454,149387,0,0
3,766,1,0,0,1,1,1,0,151970,152736,0,0
3,883,0,1,0,1,0,1,0,155435,156318,0,1
3,1299,0,0,1,0,0,1,0,159018,160317,1,NaN
3,883,0,1,1,0,2,0,1,163366,164249,0,0
3,1082,1,0,0,1,0,0,1,167182,168264,0,0
3,1100,0,1,0,1,1,0,1,171280,172380,0,1
3,1033,0,1,0,1,1,1,0,174962,175995,0,1
3,516,0,1,0,1,1,0,1,178978,179494,0,1
3,1050,1,0,0,1,0,0,1,182293,183343,0,0
3,583,1,0,1,0,1,1,0,186225,186808,0,1
3,783,1,0,1,0,2,1,0,189358,190141,0,1
3,1199,0,1,0,1,0,0,1,192840,194039,0,1
3,616,1,0,1,0,0,0,1,196572,197188,0,1
3,684,0,1,0,1,2,1,0,200187,200871,0,1
3,533,1,0,1,0,0,0,1,203503,204036,0,1
3,1049,0,1,0,1,0,1,0,206819,207868,0,1
3,800,1,0,1,0,1,1,0,210467,211267,0,1
3,867,0,1,0,1,1,1,0,213816,214683,0,1
3,784,1,0,0,1,2,0,1,217248,218032,0,0
3,749,0,1,0,1,2,0,1,220731,221480,0,1
3,516,1,0,1,0,1,1,0,224363,224879,0,1
3,667,0,1,0,1,2,0,1,227528,228195,0,1
3,733,1,0,1,0,1,1,0,231211,231944,0,1
3,717,1,0,1,0,2,1,0,234509,235226,0,1
3,833,1,0,1,0,2,0,1,238225,239058,0,1
3,750,1,0,1,0,0,1,0,241774,242524,0,1
3,650,1,0,1,0,2,1,0,245089,245739,0,1
3,1299,0,0,0,1,1,0,1,248422,249721,1,NaN
3,600,1,0,1,0,0,1,0,252820,253420,0,1
3,650,1,0,0,1,0,0,1,256219,256869,0,0
3,533,1,0,1,0,1,1,0,259801,260334,0,1
3,750,0,1,0,1,0,1,0,263000,263750,0,1
3,467,1,0,1,0,2,0,1,266482,266949,0,1
3,683,0,1,0,1,1,0,1,269665,270348,0,1
3,833,0,1,0,1,1,0,1,273180,274013,0,1
3,850,1,0,0,1,1,1,0,276929,277779,0,0
3,450,0,1,1,0,0,0,1,280344,280794,0,0
3,800,1,0,0,1,1,1,0,283560,284360,0,0
3,617,0,1,0,1,0,1,0,298639,299256,0,1
3,417,0,1,0,1,0,0,1,302021,302438,0,1
3,634,1,0,1,0,1,1,0,305070,305704,0,1
3,433,0,1,1,0,1,1,0,308353,308786,0,0
3,484,1,0,0,1,2,0,1,311801,312285,0,0
3,1033,1,0,0,1,1,1,0,314867,315900,0,0
3,500,1,0,1,0,2,0,1,318716,319216,0,1
3,817,1,0,1,0,0,1,0,322231,323048,0,1
3,1216,0,1,0,1,0,0,1,326080,327296,0,1
3,683,0,1,0,1,2,0,1,330162,330845,0,1
3,799,1,0,0,1,0,0,1,333478,334277,0,0
3,567,1,0,1,0,0,0,1,336843,337410,0,1
3,567,1,0,1,0,0,0,1,340242,340809,0,1
3,700,1,0,1,0,1,1,0,343341,344041,0,1
3,567,1,0,1,0,0,0,1,346640,347207,0,1
3,566,1,0,1,0,1,0,1,350089,350655,0,1
3,550,0,1,0,1,0,0,1,353321,353871,0,1
3,517,1,0,0,1,1,1,0,356470,356987,0,0
3,683,0,1,0,1,0,0,1,359786,360469,0,1
3,500,1,0,1,0,0,1,0,363051,363551,0,1
3,583,0,1,1,0,0,1,0,366484,367067,0,0
3,634,1,0,1,0,0,0,1,369932,370566,0,1
3,533,1,0,1,0,2,1,0,373481,374014,0,1
3,750,0,1,0,1,2,0,1,376697,377447,0,1
3,899,1,0,1,0,0,0,1,380096,380995,0,1
3,683,0,1,0,1,1,1,0,383528,384211,0,1
3,483,1,0,1,0,2,0,1,386860,387343,0,1
3,500,0,1,0,1,1,0,1,390159,390659,0,1
3,483,1,0,1,0,1,0,1,393525,394008,0,1
3,750,0,1,0,1,1,1,0,396657,397407,0,1
3,883,1,0,0,1,1,0,1,400306,401189,0,0
3,717,0,1,0,1,2,0,1,403971,404688,0,1
3,650,1,0,1,0,1,1,0,407470,408120,0,1
3,750,0,1,0,1,0,0,1,411002,411752,0,1
3,767,1,0,1,0,0,1,0,414334,415101,0,1
3,850,1,0,1,0,1,0,1,417983,418833,0,1
3,633,1,0,1,0,2,0,1,421832,422465,0,1
3,733,0,1,1,0,0,0,1,425414,426147,0,0
3,550,1,0,1,0,0,0,1,428680,429230,0,1
3,583,1,0,1,0,2,1,0,431862,432445,0,1
3,600,0,1,0,1,0,0,1,435011,435611,0,1
3,833,0,1,0,1,0,1,0,438177,439010,0,1
3,583,0,1,0,1,0,0,1,441642,442225,0,1
3,533,1,0,1,0,2,0,1,445058,445591,0,1
3,466,1,0,1,0,2,0,1,448607,449073,0,1
3,500,1,0,1,0,2,0,1,451889,452389,0,1
3,633,0,1,0,1,1,0,1,455338,455971,0,1
3,400,0,1,0,1,1,0,1,458537,458937,0,1
3,450,1,0,1,0,2,1,0,461686,462136,0,1
3,800,0,1,0,1,1,1,0,464701,465501,0,1
3,750,0,1,0,1,0,0,1,468317,469067,0,1
3,550,0,1,0,1,1,0,1,471632,472182,0,1
3,633,0,1,0,1,0,0,1,474731,475364,0,1
3,650,1,0,1,0,2,1,0,478147,478797,0,1
3,567,0,1,0,1,1,0,1,481579,482146,0,1
3,566,0,1,0,1,1,1,0,485095,485661,0,1
3,750,0,1,0,1,0,1,0,488660,489410,0,1
3,833,1,0,1,0,2,0,1,492242,493075,0,1
3,667,0,1,0,1,2,0,1,495691,496358,0,1
3,683,1,0,1,0,0,0,1,498990,499673,0,1
3,683,1,0,1,0,0,0,1,502572,503255,0,1
3,550,0,1,0,1,2,1,0,506038,506588,0,1
3,550,0,1,0,1,0,0,1,509220,509770,0,1
3,766,1,0,1,0,0,0,1,512619,513385,0,1
3,567,0,1,0,1,1,0,1,516234,516801,0,1
3,666,1,0,1,0,0,0,1,519450,520116,0,1
3,700,0,1,0,1,1,0,1,522932,523632,0,1
3,883,1,0,1,0,0,1,0,526214,527097,0,1
3,749,1,0,1,0,2,0,1,529797,530546,0,1
3,733,0,1,1,0,2,1,0,533279,534012,0,0
3,883,1,0,0,1,1,1,0,536744,537627,0,0
3,1183,0,1,1,0,1,1,0,540610,541793,0,0
3,750,0,1,0,1,1,1,0,544775,545525,0,1
3,800,0,1,0,1,1,0,1,561804,562604,0,1
3,817,0,1,0,1,0,0,1,565486,566303,0,1
3,400,1,0,0,1,2,1,0,569068,569468,0,0
3,566,0,1,0,1,2,0,1,572201,572767,0,1
3,683,1,0,1,0,1,1,0,575516,576199,0,1
3,500,1,0,1,0,2,0,1,578798,579298,0,1
3,750,1,0,1,0,0,1,0,581931,582681,0,1
3,449,0,1,0,1,1,1,0,585630,586079,0,1
3,800,0,1,0,1,0,0,1,588978,589778,0,1
3,583,1,0,1,0,2,1,0,592644,593227,0,1
3,567,1,0,1,0,2,0,1,596009,596576,0,1
3,617,1,0,1,0,2,0,1,599558,600175,0,1
3,1100,0,1,0,1,2,0,1,603090,604190,0,1
3,883,1,0,1,0,0,1,0,607089,607972,0,1
3,666,1,0,1,0,0,1,0,610588,611254,0,1
3,600,1,0,1,0,2,1,0,614170,614770,0,1
3,1016,0,1,0,1,0,1,0,617586,618602,0,1
3,617,0,1,0,1,1,1,0,621351,621968,0,1
3,583,0,1,0,1,0,0,1,624933,625516,0,1
3,516,0,1,0,1,1,0,1,628216,628732,0,1
3,716,1,0,1,0,2,0,1,631448,632164,0,1
3,633,0,1,0,1,0,1,0,635030,635663,0,1
3,583,0,1,0,1,0,1,0,638296,638879,0,1
3,466,0,1,0,1,1,0,1,641428,641894,0,1
3,783,1,0,1,0,2,1,0,644810,645593,0,1
3,667,1,0,1,0,1,0,1,648192,648859,0,1
3,783,0,1,0,1,0,1,0,651608,652391,0,1
3,650,0,1,0,1,2,1,0,655157,655807,0,1
3,633,0,1,0,1,1,1,0,658656,659289,0,1
3,600,1,0,1,0,2,0,1,661904,662504,0,1
3,867,1,0,1,0,2,1,0,665303,666170,0,1
3,900,1,0,1,0,1,0,1,668969,669869,0,1
3,1233,0,1,0,1,2,1,0,672884,674117,0,1
3,700,1,0,1,0,2,0,1,676783,677483,0,1
3,1066,0,1,0,1,1,0,1,680315,681381,0,1
3,883,1,0,1,0,0,1,0,684164,685047,0,1
3,650,1,0,1,0,1,0,1,687796,688446,0,1
3,950,1,0,1,0,0,1,0,690978,691928,0,1
3,816,0,1,0,1,1,1,0,694594,695410,0,1
3,850,1,0,0,1,2,1,0,698392,699242,0,0
3,633,0,1,0,1,2,0,1,702225,702858,0,1
3,550,1,0,1,0,2,0,1,705490,706040,0,1
3,633,0,1,0,1,0,0,1,708789,709422,0,1
3,599,0,1,0,1,2,1,0,712155,712754,0,1
3,567,1,0,1,0,2,0,1,715670,716237,0,1
3,617,0,1,0,1,1,0,1,719152,719769,0,1
3,483,1,0,1,0,0,0,1,722585,723068,0,1
3,534,1,0,1,0,0,1,0,725883,726417,0,1
3,633,0,1,0,1,1,1,0,729249,729882,0,1
3,683,1,0,1,0,2,0,1,732831,733514,0,1
3,600,0,1,0,1,1,1,0,736480,737080,0,1
3,634,0,1,0,1,1,1,0,739995,740629,0,1
3,833,1,0,1,0,2,1,0,743311,744144,0,1
3,684,1,0,1,0,0,1,0,747026,747710,0,1
3,517,1,0,1,0,0,0,1,750442,750959,0,1
3,500,0,1,0,1,1,1,0,753941,754441,0,1
3,616,1,0,1,0,2,1,0,757007,757623,0,1
3,534,1,0,1,0,0,0,1,760305,760839,0,1
3,633,0,1,0,1,2,1,0,763821,764454,0,1
3,617,1,0,1,0,0,0,1,767186,767803,0,1
3,500,0,1,0,1,1,1,0,770435,770935,0,1
3,650,1,0,1,0,1,1,0,773634,774284,0,1
3,683,0,1,0,1,1,0,1,777067,777750,0,1
3,650,0,1,0,1,1,1,0,780549,781199,0,1
3,1033,1,0,1,0,0,1,0,784014,785047,0,1
3,583,0,1,0,1,2,1,0,787830,788413,0,1
3,883,1,0,1,0,2,1,0,791145,792028,0,1
3,616,0,1,0,1,0,1,0,794761,795377,0,1
3,783,1,0,1,0,0,1,0,797993,798776,0,1
3,633,1,0,1,0,0,0,1,801725,802358,0,1
3,583,1,0,1,0,2,0,1,805224,805807,0,1
3,817,1,0,1,0,2,1,0,808706,809523,0,1
3,633,0,1,0,1,0,1,0,812422,813055,0,1
3,850,0,1,1,0,1,0,1,832171,833021,0,0
3,500,1,0,1,0,1,0,1,835869,836369,0,1
3,434,1,0,1,0,2,0,1,839168,839602,0,1
3,533,0,1,0,1,0,1,0,842401,842934,0,1
3,433,1,0,1,0,2,0,1,845533,845966,0,1
3,1116,0,1,0,1,0,1,0,848749,849865,0,1
3,650,0,1,0,1,0,0,1,852747,853397,0,1
3,716,1,0,1,0,2,1,0,856263,856979,0,1
3,599,1,0,1,0,2,1,0,859812,860411,0,1
3,583,1,0,1,0,0,1,0,863327,863910,0,1
3,550,0,1,0,1,1,1,0,866676,867226,0,1
3,833,0,1,0,1,0,0,1,869875,870708,0,1
3,650,0,1,0,1,0,0,1,873624,874274,0,1
3,516,1,0,1,0,2,0,1,877256,877772,0,1
3,750,0,1,0,1,2,1,0,880521,881271,0,1
3,650,0,1,0,1,2,0,1,884170,884820,0,1
3,616,1,0,1,0,2,0,1,887786,888402,0,1
3,633,1,0,1,0,2,1,0,891185,891818,0,1
3,583,1,0,1,0,0,1,0,894800,895383,0,1
3,599,1,0,1,0,2,1,0,898316,898915,0,1
3,584,1,0,1,0,0,1,0,901864,902448,0,1
3,500,1,0,1,0,1,0,1,905380,905880,0,1
3,1100,0,1,0,1,1,1,0,908479,909579,0,1
3,750,1,0,0,1,1,1,0,912294,913044,0,0
3,799,0,1,0,1,2,1,0,915877,916676,0,1
3,517,1,0,1,0,2,0,1,919525,920042,0,1
3,649,0,1,1,0,1,0,1,922908,923557,0,0
3,967,0,1,1,0,0,0,1,926506,927473,0,0
3,667,1,0,1,0,0,1,0,930405,931072,0,1
3,567,1,0,1,0,2,1,0,933687,934254,0,1
3,850,0,1,0,1,2,0,1,937103,937953,0,1
3,533,1,0,1,0,1,0,1,940968,941501,0,1
3,666,0,1,0,1,1,1,0,944334,945000,0,1
3,717,0,1,0,1,1,1,0,947999,948716,0,1
3,750,0,1,0,1,1,0,1,951398,952148,0,1
3,683,1,0,1,0,2,0,1,954964,955647,0,1
3,866,0,1,0,1,1,0,1,958196,959062,0,1
3,667,1,0,1,0,1,1,0,961678,962345,0,1
3,867,1,0,1,0,2,1,0,965110,965977,0,1
3,617,1,0,1,0,2,1,0,968909,969526,0,1
3,500,0,1,0,1,1,1,0,972491,972991,0,1
3,733,0,1,0,1,0,0,1,975674,976407,0,1
3,683,0,1,0,1,1,0,1,979006,979689,0,1
3,566,1,0,1,0,2,1,0,982455,983021,0,1
3,566,0,1,0,1,0,0,1,985937,986503,0,1
3,583,1,0,1,0,2,0,1,989486,990069,0,1
3,550,0,1,0,1,1,0,1,993101,993651,0,1
3,517,1,0,1,0,1,0,1,996433,996950,0,1
3,566,1,0,1,0,2,0,1,999799,1000365,0,1
3,600,0,1,0,1,1,1,0,1003314,1003914,0,1
3,550,0,1,0,1,1,1,0,1006913,1007463,0,1
3,866,1,0,0,1,0,0,1,1010479,1011345,0,0
3,600,0,1,0,1,1,1,0,1014277,1014877,0,1
3,583,0,1,0,1,0,0,1,1017543,1018126,0,1
3,749,1,0,1,0,0,1,0,1021009,1021758,0,1
3,500,0,1,0,1,1,0,1,1024724,1025224,0,1
3,500,1,0,1,0,1,0,1,1027806,1028306,0,1
3,633,1,0,1,0,2,1,0,1030972,1031605,0,1
3,667,0,1,0,1,2,0,1,1034537,1035204,0,1
3,1049,0,1,0,1,1,1,0,1038120,1039169,0,1
3,666,1,0,1,0,2,1,0,1042135,1042801,0,1
3,584,0,1,0,1,0,1,0,1045750,1046334,0,1
3,617,0,1,0,1,1,1,0,1049049,1049666,0,1
3,666,0,1,0,1,2,0,1,1052415,1053081,0,1
3,634,1,0,1,0,0,0,1,1055780,1056414,0,1
3,499,0,1,0,1,2,1,0,1059363,1059862,0,1
3,933,0,1,0,1,1,0,1,1062395,1063328,0,1
3,517,1,0,1,0,1,0,1,1065977,1066494,0,1
3,584,0,1,0,1,0,1,0,1069059,1069643,0,1
3,583,1,0,1,0,2,1,0,1072525,1073108,0,1
3,699,1,0,0,1,0,1,0,1075691,1076390,0,0
3,483,1,0,1,0,0,0,1,1079306,1079789,0,1
3,733,0,1,0,1,1,1,0,1082622,1083355,0,1
3,833,1,0,1,0,0,1,0,1096161,1096994,0,1
3,766,1,0,0,1,2,1,0,1099993,1100759,0,0
3,583,0,1,0,1,0,1,0,1103292,1103875,0,1
3,616,0,1,0,1,1,0,1,1106541,1107157,0,1
3,567,0,1,0,1,2,0,1,1110039,1110606,0,1
3,466,1,0,1,0,2,0,1,1113322,1113788,0,1
3,466,1,0,1,0,0,0,1,1116371,1116837,0,1
3,733,1,0,0,1,0,1,0,1119586,1120319,0,0
3,633,1,0,0,1,0,0,1,1123302,1123935,0,0
3,634,1,0,1,0,1,1,0,1126717,1127351,0,1
3,583,1,0,1,0,0,1,0,1130300,1130883,0,1
3,466,1,0,1,0,2,0,1,1133482,1133948,0,1
3,533,1,0,1,0,2,1,0,1136881,1137414,0,1
3,600,0,1,0,1,2,0,1,1140013,1140613,0,1
3,699,1,0,0,1,1,0,1,1143279,1143978,0,0
3,750,0,1,0,1,1,0,1,1146611,1147361,0,1
3,600,0,1,0,1,0,1,0,1150176,1150776,0,1
3,866,0,1,0,1,2,0,1,1153442,1154308,0,1
3,550,1,0,1,0,2,0,1,1157157,1157707,0,1
3,717,0,1,0,1,2,1,0,1160606,1161323,0,1
3,617,1,0,1,0,2,1,0,1164005,1164622,0,1
3,500,1,0,1,0,1,0,1,1167337,1167837,0,1
3,533,0,1,0,1,1,0,1,1170503,1171036,0,1
3,866,1,0,0,1,1,1,0,1174052,1174918,0,0
3,700,0,1,0,1,0,1,0,1177917,1178617,0,1
3,467,1,0,1,0,0,0,1,1181349,1181816,0,1
3,750,1,0,1,0,2,1,0,1184715,1185465,0,1
3,600,1,0,1,0,2,0,1,1188397,1188997,0,1
3,700,0,1,0,1,1,1,0,1191696,1192396,0,1
3,616,1,0,1,0,2,0,1,1195295,1195911,0,1
3,767,0,1,0,1,1,0,1,1198860,1199627,0,1
3,617,1,0,1,0,1,1,0,1202442,1203059,0,1
3,617,0,1,0,1,1,0,1,1205641,1206258,0,1
3,783,1,0,0,1,1,0,1,1208940,1209723,0,0
3,484,0,1,0,1,1,0,1,1212322,1212806,0,1
3,1133,0,1,1,0,2,1,0,1215788,1216921,0,0
3,517,1,0,1,0,0,1,0,1219770,1220287,0,1
3,816,1,0,1,0,2,1,0,1223069,1223885,0,1
3,800,0,1,0,1,1,1,0,1226468,1227268,0,1
3,666,1,0,1,0,0,1,0,1230067,1230733,0,1
3,1033,0,1,0,1,1,0,1,1233299,1234332,0,1
3,800,0,1,1,0,2,0,1,1237131,1237931,0,0
3,700,1,0,1,0,1,1,0,1240963,1241663,0,1
3,949,0,1,0,1,0,1,0,1244379,1245328,0,1
3,650,1,0,1,0,0,0,1,1248327,1248977,0,1
3,900,0,1,0,1,1,0,1,1251826,1252726,0,1
3,667,1,0,1,0,2,1,0,1255258,1255925,0,1
3,600,0,1,1,0,2,1,0,1258907,1259507,0,0
3,717,1,0,1,0,1,1,0,1262139,1262856,0,1
3,700,0,1,0,1,2,1,0,1265788,1266488,0,1
3,849,0,1,0,1,0,1,0,1269021,1269870,0,1
3,799,0,1,0,1,1,1,0,1272403,1273202,0,1
3,583,0,1,0,1,0,1,0,1276168,1276751,0,1
3,717,0,1,0,1,2,1,0,1279317,1280034,0,1
3,683,0,1,0,1,0,1,0,1282716,1283399,0,1
3,584,1,0,1,0,1,0,1,1286381,1286965,0,1
3,633,0,1,0,1,1,1,0,1289964,1290597,0,1
3,483,1,0,1,0,2,1,0,1293163,1293646,0,1
3,650,0,1,0,1,0,1,0,1296395,1297045,0,1
3,517,1,0,1,0,2,1,0,1299827,1300344,0,1
3,666,0,1,0,1,0,0,1,1302976,1303642,0,1
3,600,1,0,1,0,0,1,0,1306525,1307125,0,1
3,900,1,0,1,0,0,0,1,1310040,1310940,0,1
3,900,1,0,0,1,1,0,1,1313806,1314706,0,0
3,1000,0,1,0,1,1,0,1,1317621,1318621,0,1
3,550,1,0,1,0,0,0,1,1321620,1322170,0,1
3,1117,0,1,0,1,1,0,1,1324935,1326052,0,1
3,983,0,1,0,1,0,1,0,1328718,1329701,0,1
3,566,0,1,0,1,0,0,1,1332400,1332966,0,1
4,1267,0,1,1,0,1,1,0,9346,10613,0,0
4,617,0,1,0,1,1,0,1,13528,14145,0,1
4,533,0,1,0,1,1,1,0,16911,17444,0,1
4,450,1,0,1,0,2,0,1,20443,20893,0,1
4,433,0,1,0,1,1,0,1,23442,23875,0,1
4,483,1,0,1,0,2,0,1,26608,27091,0,1
4,567,0,1,0,1,2,0,1,29806,30373,0,1
4,483,1,0,1,0,0,1,0,33272,33755,0,1
4,550,1,0,1,0,2,1,0,36388,36938,0,1
4,483,1,0,1,0,2,0,1,39687,40170,0,1
4,400,1,0,1,0,2,0,1,43035,43435,0,1
4,650,0,1,0,1,0,1,0,46434,47084,0,1
4,617,0,1,0,1,1,0,1,49833,50450,0,1
4,533,1,0,1,0,1,0,1,53232,53765,0,1
4,617,1,0,1,0,0,1,0,56614,57231,0,1
4,550,1,0,1,0,0,1,0,60030,60580,0,1
4,950,1,0,0,1,2,1,0,63179,64129,0,0
4,1100,0,1,0,1,2,0,1,66961,68061,0,1
4,500,1,0,1,0,2,0,1,70693,71193,0,1
4,966,1,0,0,1,0,1,0,74142,75108,0,0
4,517,1,0,1,0,2,0,1,77724,78241,0,1
4,667,0,1,0,1,0,0,1,81123,81790,0,1
4,783,0,1,0,1,0,0,1,84355,85138,0,1
4,433,1,0,1,0,2,0,1,87821,88254,0,1
4,1099,0,1,0,1,1,0,1,91220,92319,0,1
4,617,1,0,1,0,0,1,0,95085,95702,0,1
4,884,0,1,0,1,1,0,1,98317,99201,0,1
4,1033,0,1,0,1,2,1,0,102050,103083,0,1
4,750,0,1,0,1,1,0,1,105798,106548,0,1
4,499,1,0,1,0,2,1,0,109331,109830,0,1
4,916,0,1,0,1,0,0,1,112763,113679,0,1
4,717,0,1,0,1,1,1,0,116711,117428,0,1
4,700,0,1,0,1,2,1,0,120177,120877,0,1
4,616,0,1,0,1,1,1,0,123776,124392,0,1
4,666,1,0,1,0,2,0,1,127275,127941,0,1
4,1150,0,1,0,1,1,1,0,130890,132040,0,1
4,1033,0,1,0,1,1,0,1,134606,135639,0,1
4,583,1,0,1,0,2,0,1,138338,138921,0,1
4,1033,0,1,0,1,0,1,0,141537,142570,0,1
4,600,1,0,1,0,0,1,0,145235,145835,0,1
4,566,1,0,1,0,0,1,0,148718,149284,0,1
4,550,1,0,1,0,0,0,1,151983,152533,0,1
4,1250,0,1,0,1,1,0,1,155515,156765,0,1
4,1200,0,1,0,1,1,0,1,159314,160514,0,1
4,1299,0,0,0,1,0,1,0,163480,164779,1,NaN
4,983,0,1,0,1,0,0,1,167695,168678,0,1
4,733,0,1,0,1,1,0,1,171410,172143,0,1
4,567,1,0,1,0,1,1,0,174992,175559,0,1
4,633,1,0,1,0,2,1,0,178208,178841,0,1
4,783,0,1,0,1,1,1,0,181690,182473,0,1
4,967,0,1,0,1,0,0,1,185272,186239,0,1
4,617,1,0,1,0,2,0,1,188821,189438,0,1
4,634,0,1,0,1,0,0,1,192353,192987,0,1
4,617,1,0,1,0,0,0,1,195619,196236,0,1
4,599,1,0,1,0,1,1,0,198885,199484,0,1
4,716,1,0,1,0,1,0,1,202034,202750,0,1
4,549,1,0,1,0,1,0,1,205283,205832,0,1
4,1050,0,1,0,1,0,0,1,208515,209565,0,1
4,800,0,1,0,1,0,0,1,212497,213297,0,1
4,983,0,1,0,1,1,0,1,216229,217212,0,1
4,583,1,0,1,0,0,0,1,220161,220744,0,1
4,1117,0,1,0,1,1,1,0,223493,224610,0,1
4,466,1,0,1,0,1,0,1,227359,227825,0,1
4,916,0,1,0,1,0,1,0,230441,231357,0,1
4,749,0,1,0,1,1,1,0,234340,235089,0,1
4,1100,0,1,0,1,1,1,0,238105,239205,0,1
4,1033,1,0,1,0,2,1,0,241854,242887,0,1
4,533,1,0,1,0,2,0,1,245486,246019,0,1
4,1300,0,0,0,1,2,1,0,249018,250318,1,NaN
4,733,0,1,0,1,1,0,1,253134,253867,0,1
4,750,0,1,0,1,2,0,1,256416,257166,0,1
4,550,1,0,1,0,2,1,0,260181,260731,0,1
4,833,0,1,0,1,2,0,1,280884,281717,0,1
4,550,0,1,0,1,1,0,1,284499,285049,0,1
4,600,0,1,0,1,2,0,1,287881,288481,0,1
4,583,1,0,1,0,0,1,0,291064,291647,0,1
4,767,1,0,1,0,2,1,0,294529,295296,0,1
4,783,0,1,0,1,1,0,1,298145,298928,0,1
4,1133,1,0,0,1,2,1,0,301927,303060,0,0
4,467,1,0,1,0,2,1,0,305609,306076,0,1
4,783,0,1,0,1,0,0,1,308991,309774,0,1
4,916,0,1,0,1,1,0,1,312590,313506,0,1
4,1299,0,0,0,1,0,0,1,316439,317738,1,NaN
4,900,0,1,0,1,0,1,0,320604,321504,0,1
4,1066,0,1,0,1,1,0,1,324103,325169,0,1
4,534,1,0,1,0,0,0,1,328118,328652,0,1
4,699,0,1,0,1,2,0,1,331251,331950,0,1
4,716,0,1,0,1,0,0,1,334683,335399,0,1
4,517,1,0,1,0,0,0,1,338398,338915,0,1
4,816,0,1,0,1,1,1,0,341564,342380,0,1
4,583,1,0,1,0,0,1,0,344913,345496,0,1
4,1000,0,1,0,1,0,0,1,348178,349178,0,1
4,683,0,1,0,1,1,1,0,352077,352760,0,1
4,633,0,1,0,1,0,1,0,355543,356176,0,1
4,550,1,0,1,0,2,1,0,359058,359608,0,1
4,467,1,0,1,0,2,0,1,362357,362824,0,1
4,517,1,0,1,0,0,0,1,365839,366356,0,1
4,616,1,0,0,1,1,1,0,369222,369838,0,0
4,766,0,1,0,1,1,0,1,372854,373620,0,1
4,700,0,1,0,1,0,1,0,376286,376986,0,1
4,617,1,0,1,0,0,1,0,379901,380518,0,1
4,567,1,0,1,0,2,0,1,383117,383684,0,1
4,750,0,1,0,1,1,0,1,386666,387416,0,1
4,716,0,1,1,0,0,1,0,390215,390931,0,0
4,500,1,0,1,0,2,0,1,393847,394347,0,1
4,1034,0,1,0,1,0,1,0,396912,397946,0,1
4,450,1,0,1,0,1,0,1,400828,401278,0,1
4,466,1,0,1,0,1,0,1,404277,404743,0,1
4,583,1,0,1,0,1,1,0,407592,408175,0,1
4,1299,0,0,1,0,1,1,0,410825,412124,1,NaN
4,499,1,0,1,0,1,0,1,414907,415406,0,1
4,884,1,0,0,1,1,1,0,418355,419239,0,0
4,817,0,1,0,1,1,1,0,422004,422821,0,1
4,1116,0,1,0,1,1,1,0,425703,426819,0,1
4,633,0,1,0,1,1,0,1,429602,430235,0,1
4,1050,0,1,0,1,1,0,1,433117,434167,0,1
4,950,0,1,0,1,1,0,1,436966,437916,0,1
4,500,1,0,1,0,2,0,1,440881,441381,0,1
4,500,1,0,1,0,0,0,1,444364,444864,0,1
4,466,1,0,1,0,2,0,1,447463,447929,0,1
4,700,0,1,0,1,0,0,1,450795,451495,0,1
4,650,0,1,0,1,0,0,1,454277,454927,0,1
4,633,0,1,1,0,2,1,0,457626,458259,0,0
4,583,1,0,1,0,0,0,1,460892,461475,0,1
4,1300,0,0,1,0,2,1,0,464457,465757,1,NaN
4,499,1,0,1,0,2,1,0,468856,469355,0,1
4,600,1,0,1,0,0,0,1,472088,472688,0,1
4,867,0,1,0,1,1,1,0,475220,476087,0,1
4,1016,0,1,1,0,0,0,1,479019,480035,0,0
4,516,1,0,1,0,1,1,0,482568,483084,0,1
4,999,1,0,1,0,1,1,0,485967,486966,0,1
4,1216,0,1,0,1,2,0,1,489982,491198,0,1
4,450,1,0,1,0,0,0,1,493897,494347,0,1
4,483,1,0,1,0,2,0,1,497380,497863,0,1
4,966,1,0,0,1,2,1,0,500612,501578,0,0
4,516,1,0,1,0,2,0,1,504311,504827,0,1
4,533,1,0,1,0,1,0,1,507676,508209,0,1
4,683,0,1,0,1,2,0,1,511192,511875,0,1
4,533,1,0,1,0,2,0,1,514557,515090,0,1
4,566,1,0,1,0,1,1,0,517940,518506,0,1
4,533,1,0,1,0,2,1,0,521105,521638,0,1
4,567,1,0,1,0,0,1,0,524504,525071,0,1
4,666,0,1,0,1,0,0,1,528020,528686,0,1
4,467,1,0,1,0,2,0,1,531518,531985,0,1
4,1299,0,0,0,1,2,1,0,534951,536250,1,NaN
4,849,0,1,0,1,0,0,1,555380,556229,0,1
4,750,0,1,0,1,0,1,0,559195,559945,0,1
4,667,0,1,0,1,1,1,0,562610,563277,0,1
4,616,0,1,0,1,1,1,0,566176,566792,0,1
4,483,1,0,1,0,0,1,0,569375,569858,0,1
4,616,1,0,1,0,2,1,0,572774,573390,0,1
4,466,1,0,1,0,0,0,1,576273,576739,0,1
4,433,1,0,1,0,2,0,1,579738,580171,0,1
4,467,1,0,1,0,2,1,0,583170,583637,0,1
4,550,1,0,1,0,2,0,1,586403,586953,0,1
4,467,1,0,1,0,2,1,0,589635,590102,0,1
4,600,0,1,0,1,2,0,1,593017,593617,0,1
4,967,1,0,1,0,2,1,0,596499,597466,0,1
4,533,1,0,1,0,0,0,1,600215,600748,0,1
4,500,1,0,1,0,1,1,0,603630,604130,0,1
4,1083,0,1,0,1,2,1,0,606963,608046,0,1
4,1017,1,0,0,1,1,1,0,611011,612028,0,0
4,467,1,0,1,0,2,0,1,614860,615327,0,1
4,533,1,0,1,0,2,1,0,618326,618859,0,1
4,1266,0,1,0,1,1,0,1,621458,622724,0,1
4,733,0,1,0,1,0,1,0,625457,626190,0,1
4,667,0,1,1,0,2,1,0,628872,629539,0,0
4,700,0,1,0,1,0,1,0,632071,632771,0,1
4,483,1,0,1,0,0,0,1,635320,635803,0,1
4,1183,0,1,0,1,1,0,1,638736,639919,0,1
4,599,1,0,1,0,1,0,1,642818,643417,0,1
4,733,0,1,0,1,1,1,0,646000,646733,0,1
4,517,1,0,1,0,2,1,0,649382,649899,0,1
4,749,0,1,0,1,2,0,1,652848,653597,0,1
4,750,1,0,1,0,2,0,1,656180,656930,0,1
4,566,1,0,1,0,1,1,0,659812,660378,0,1
4,733,0,1,0,1,1,0,1,663061,663794,0,1
4,750,1,0,1,0,0,1,0,666743,667493,0,1
4,1016,1,0,1,0,0,1,0,670192,671208,0,1
4,666,0,1,0,1,2,0,1,673841,674507,0,1
4,833,0,1,0,1,1,1,0,677506,678339,0,1
4,500,1,0,1,0,0,1,0,680988,681488,0,1
4,783,0,1,0,1,0,1,0,684304,685087,0,1
4,983,0,1,0,1,0,1,0,687803,688786,0,1
4,983,0,1,0,1,0,1,0,691502,692485,0,1
4,633,0,1,0,1,2,0,1,695034,695667,0,1
4,550,1,0,1,0,2,1,0,698299,698849,0,1
4,900,1,0,1,0,2,1,0,701665,702565,0,1
4,800,0,1,0,1,0,1,0,705330,706130,0,1
4,933,0,1,0,1,2,1,0,708679,709612,0,1
4,1016,0,1,1,0,2,1,0,712295,713311,0,0
4,1299,0,0,1,0,0,0,1,716044,717343,1,NaN
4,767,0,1,0,1,0,1,0,720475,721242,0,1
4,616,1,0,1,0,0,1,0,724241,724857,0,1
4,617,0,1,0,1,0,1,0,727623,728240,0,1
4,1000,1,0,0,1,1,1,0,731055,732055,0,0
4,1066,0,1,1,0,0,1,0,734821,735887,0,0
4,666,0,1,0,1,2,1,0,738470,739136,0,1
4,767,0,1,0,1,2,1,0,742118,742885,0,1
4,650,1,0,1,0,2,1,0,745750,746400,0,1
4,883,1,0,0,1,1,1,0,749366,750249,0,0
4,783,0,1,0,1,1,1,0,753098,753881,0,1
4,516,1,0,1,0,2,0,1,756547,757063,0,1
4,833,0,1,0,1,0,1,0,759863,760696,0,1
4,617,1,0,1,0,1,1,0,763561,764178,0,1
4,550,1,0,1,0,0,0,1,767027,767577,0,1
4,800,0,1,0,1,2,1,0,770442,771242,0,1
4,417,1,0,1,0,2,0,1,773858,774275,0,1
4,583,1,0,1,0,1,1,0,777140,777723,0,1
4,1300,0,0,0,1,2,0,1,780689,781989,1,NaN
4,450,1,0,1,0,1,0,1,785021,785471,0,1
4,533,1,0,1,0,2,1,0,788037,788570,0,1
4,833,0,1,0,1,1,1,0,791219,792052,0,1
4,616,0,1,0,1,1,0,1,794668,795284,0,1
4,617,0,1,0,1,2,1,0,798000,798617,0,1
4,566,0,1,0,1,2,0,1,801466,802032,0,1
4,550,1,0,1,0,0,0,1,804631,805181,0,1
4,550,1,0,1,0,0,0,1,807813,808363,0,1
4,467,1,0,1,0,2,0,1,829809,830276,0,1
4,467,1,0,1,0,2,0,1,833158,833625,0,1
4,633,0,1,0,1,0,1,0,836424,837057,0,1
4,483,1,0,1,0,0,1,0,839773,840256,0,1
4,683,0,1,0,1,1,1,0,842822,843505,0,1
4,616,0,1,0,1,2,0,1,846504,847120,0,1
4,550,1,0,1,0,1,0,1,850086,850636,0,1
4,533,0,1,0,1,0,1,0,853202,853735,0,1
4,450,1,0,1,0,2,1,0,856467,856917,0,1
4,600,0,1,0,1,1,0,1,859733,860333,0,1
4,666,0,1,1,0,1,1,0,863032,863698,0,0
4,816,0,1,0,1,0,1,0,866581,867397,0,1
4,500,1,0,1,0,0,0,1,870013,870513,0,1
4,533,0,1,0,1,1,0,1,873312,873845,0,1
4,483,1,0,1,0,0,0,1,876861,877344,0,1
4,600,0,1,0,1,2,0,1,880026,880626,0,1
4,666,0,1,0,1,1,0,1,883392,884058,0,1
4,1066,0,1,1,0,1,0,1,887074,888140,0,0
4,616,0,1,1,0,0,1,0,890923,891539,0,0
4,533,0,1,0,1,1,1,0,894522,895055,0,1
4,549,0,1,0,1,1,1,0,897621,898170,0,1
4,533,0,1,0,1,1,0,1,900953,901486,0,1
4,550,0,1,0,1,0,0,1,904102,904652,0,1
4,566,1,0,1,0,0,1,0,907201,907767,0,1
4,583,0,1,0,1,1,1,0,910616,911199,0,1
4,633,0,1,0,1,1,0,1,914015,914648,0,1
4,616,0,1,0,1,1,1,0,917631,918247,0,1
4,517,1,0,1,0,2,0,1,920896,921413,0,1
4,550,0,1,0,1,1,1,0,924345,924895,0,1
4,550,0,1,0,1,1,0,1,927777,928327,0,1
4,949,0,1,0,1,1,1,0,931010,931959,0,1
4,717,0,1,0,1,1,0,1,934525,935242,0,1
4,650,0,1,0,1,0,0,1,938257,938907,0,1
4,649,0,1,0,1,2,1,0,941923,942572,0,1
4,766,0,1,1,0,2,1,0,945105,945871,0,0
4,667,0,1,0,1,0,1,0,948720,949387,0,1
4,600,0,1,0,1,0,0,1,952269,952869,0,1
4,583,1,0,1,0,2,1,0,955885,956468,0,1
4,550,1,0,1,0,0,0,1,959250,959800,0,1
4,483,1,0,1,0,0,1,0,962799,963282,0,1
4,634,0,1,0,1,0,0,1,966031,966665,0,1
4,450,1,0,1,0,2,0,1,969197,969647,0,1
4,584,1,0,1,0,0,0,1,972179,972763,0,1
4,983,0,1,0,1,0,1,0,975728,976711,0,1
4,550,1,0,1,0,0,0,1,979344,979894,0,1
4,533,1,0,1,0,0,0,1,982493,983026,0,1
4,816,0,1,0,1,0,0,1,985975,986791,0,1
4,450,1,0,1,0,2,0,1,989407,989857,0,1
4,534,1,0,1,0,1,0,1,992539,993073,0,1
4,600,0,1,0,1,1,1,0,995672,996272,0,1
4,516,1,0,1,0,0,1,0,999171,999687,0,1
4,666,0,1,0,1,0,0,1,1002503,1003169,0,1
4,766,1,0,1,0,1,1,0,1006052,1006818,0,1
4,750,0,1,0,1,0,0,1,1009617,1010367,0,1
4,866,0,1,0,1,1,1,0,1013266,1014132,0,1
4,633,0,1,0,1,1,1,0,1016865,1017498,0,1
4,550,1,0,1,0,2,0,1,1020197,1020747,0,1
4,549,1,0,1,0,2,0,1,1023413,1023962,0,1
4,550,0,1,0,1,1,0,1,1026945,1027495,0,1
4,550,1,0,1,0,0,1,0,1030377,1030927,0,1
4,1033,0,1,1,0,1,0,1,1033509,1034542,0,0
4,733,0,1,0,1,1,1,0,1037558,1038291,0,1
4,534,1,0,1,0,0,0,1,1041273,1041807,0,1
4,500,1,0,1,0,2,0,1,1044556,1045056,0,1
4,650,0,1,0,1,0,1,0,1048071,1048721,0,1
4,1016,0,1,1,0,2,1,0,1051570,1052586,0,0
4,550,1,0,1,0,2,0,1,1055602,1056152,0,1
4,533,1,0,1,0,1,1,0,1059034,1059567,0,1
4,634,0,1,0,1,0,0,1,1062416,1063050,0,1
4,567,0,1,0,1,2,1,0,1065915,1066482,0,1
4,650,1,0,1,0,1,0,1,1069481,1070131,0,1
4,650,0,1,0,1,0,1,0,1072863,1073513,0,1
4,567,1,0,1,0,0,1,0,1076395,1076962,0,1
4,1066,0,1,1,0,2,1,0,1097601,1098667,0,0
4,533,1,0,1,0,0,1,0,1101650,1102183,0,1
4,450,1,0,1,0,2,1,0,1104765,1105215,0,1
4,434,1,0,1,0,2,1,0,1107764,1108198,0,1
4,533,0,1,0,1,0,1,0,1110947,1111480,0,1
4,767,0,1,0,1,2,1,0,1114462,1115229,0,1
4,467,1,0,1,0,2,0,1,1118144,1118611,0,1
4,533,1,0,1,0,0,1,0,1121410,1121943,0,1
4,483,1,0,1,0,2,0,1,1124576,1125059,0,1
4,534,0,1,0,1,0,1,0,1128074,1128608,0,1
4,500,0,1,0,1,1,0,1,1131323,1131823,0,1
4,499,0,1,0,1,1,0,1,1134406,1134905,0,1
4,483,1,0,1,0,1,0,1,1137471,1137954,0,1
4,683,1,0,1,0,1,1,0,1140520,1141203,0,1
4,550,1,0,1,0,2,1,0,1144202,1144752,0,1
4,516,1,0,1,0,2,1,0,1147535,1148051,0,1
4,517,1,0,1,0,1,0,1,1150800,1151317,0,1
4,583,0,1,0,1,1,1,0,1154166,1154749,0,1
4,517,1,0,1,0,2,1,0,1157581,1158098,0,1
4,467,1,0,1,0,2,1,0,1160880,1161347,0,1
4,649,0,1,0,1,1,1,0,1163913,1164562,0,1
4,633,0,1,0,1,2,0,1,1167395,1168028,0,1
4,883,0,1,0,1,0,0,1,1170644,1171527,0,1
4,567,0,1,0,1,2,1,0,1174509,1175076,0,1
4,683,0,1,0,1,0,0,1,1178058,1178741,0,1
4,550,1,0,1,0,1,0,1,1181607,1182157,0,1
4,650,0,1,0,1,1,0,1,1184956,1185606,0,1
4,484,1,0,1,0,2,1,0,1188604,1189088,0,1
4,467,1,0,1,0,2,1,0,1191953,1192420,0,1
4,1300,0,0,1,0,0,1,0,1195319,1196619,1,NaN
4,550,0,1,0,1,1,1,0,1199751,1200301,0,1
4,500,0,1,0,1,1,0,1,1202850,1203350,0,1
4,583,0,1,0,1,1,1,0,1206099,1206682,0,1
4,500,1,0,1,0,0,0,1,1209248,1209748,0,1
4,616,0,1,0,1,1,1,0,1212547,1213163,0,1
4,633,0,1,0,1,0,0,1,1215879,1216512,0,1
4,634,0,1,0,1,1,0,1,1219444,1220078,0,1
4,833,1,0,1,0,2,0,1,1222977,1223810,0,1
4,567,1,0,1,0,1,1,0,1226692,1227259,0,1
4,483,0,1,0,1,1,0,1,1229991,1230474,0,1
4,700,0,1,0,1,1,1,0,1233490,1234190,0,1
4,899,0,1,1,0,2,0,1,1237089,1237988,0,0
4,516,1,0,1,0,2,1,0,1240721,1241237,0,1
4,549,0,1,0,1,1,1,0,1243970,1244519,0,1
4,600,0,1,0,1,1,0,1,1247518,1248118,0,1
4,633,1,0,1,0,1,1,0,1250984,1251617,0,1
4,500,1,0,1,0,0,0,1,1254266,1254766,0,1
4,566,0,1,0,1,0,0,1,1257349,1257915,0,1
4,933,0,1,0,1,1,0,1,1260464,1261397,0,1
4,534,0,1,0,1,0,0,1,1264346,1264880,0,1
4,516,1,0,1,0,0,0,1,1267462,1267978,0,1
4,783,0,1,1,0,2,0,1,1270894,1271677,0,0
4,467,1,0,1,0,2,0,1,1274326,1274793,0,1
4,516,1,0,1,0,2,0,1,1277359,1277875,0,1
4,817,1,0,1,0,2,1,0,1280824,1281641,0,1
4,1017,0,1,1,0,2,1,0,1284606,1285623,0,0
4,550,1,0,1,0,0,0,1,1288338,1288888,0,1
4,649,0,1,0,1,2,0,1,1291721,1292370,0,1
4,617,0,1,0,1,0,0,1,1295236,1295853,0,1
4,600,0,1,0,1,2,1,0,1298702,1299302,0,1
4,716,0,1,0,1,0,1,0,1301884,1302600,0,1
4,499,1,0,1,0,2,1,0,1305300,1305799,0,1
4,616,1,0,1,0,2,1,0,1308482,1309098,0,1
4,433,1,0,1,0,0,0,1,1312014,1312447,0,1
4,700,0,1,1,0,0,1,0,1315013,1315713,0,0
4,666,1,0,1,0,0,1,0,1318429,1319095,0,1
4,566,0,1,0,1,0,1,0,1322111,1322677,0,1
4,666,1,0,1,0,0,1,0,1325310,1325976,0,1
4,583,0,1,0,1,1,0,1,1328675,1329258,0,1
5,1300,0,0,0,1,0,1,0,22920,24220,1,NaN
5,849,0,1,0,1,0,1,0,26986,27835,0,1
5,533,1,0,1,0,1,0,1,30618,31151,0,1
5,700,1,0,1,0,2,1,0,33850,34550,0,1
5,700,1,0,0,1,1,0,1,37232,37932,0,0
5,1083,1,0,0,1,2,0,1,40931,42014,0,0
5,733,1,0,1,0,0,1,0,44880,45613,0,1
5,684,1,0,1,0,1,0,1,48545,49229,0,1
5,1299,0,0,0,1,1,1,0,52211,53510,1,NaN
5,1283,0,1,0,1,1,1,0,56193,57476,0,1
5,1300,0,0,0,1,1,1,0,60058,61358,1,NaN
5,1150,0,1,0,1,0,0,1,64357,65507,0,1
5,666,1,0,1,0,1,1,0,68056,68722,0,1
5,966,1,0,0,1,0,0,1,71388,72354,0,0
5,1300,0,0,0,1,1,0,1,75120,76420,1,NaN
5,567,1,0,0,1,1,0,1,79585,80152,0,0
5,500,1,0,1,0,0,0,1,82801,83301,0,1
5,550,1,0,1,0,2,0,1,86283,86833,0,1
5,449,1,0,0,1,1,0,1,89849,90298,0,0
5,584,1,0,0,1,1,1,0,93047,93631,0,0
5,600,1,0,1,0,2,0,1,96480,97080,0,1
5,916,1,0,1,0,2,1,0,99879,100795,0,1
5,517,1,0,1,0,2,0,1,103394,103911,0,1
5,1000,1,0,0,1,1,1,0,106793,107793,0,0
5,700,1,0,1,0,2,0,1,110808,111508,0,1
5,633,1,0,1,0,2,1,0,114174,114807,0,1
5,616,1,0,0,1,2,1,0,117423,118039,0,0
5,633,1,0,1,0,2,1,0,120655,121288,0,1
5,1016,1,0,0,1,1,0,1,123971,124987,0,0
5,850,1,0,1,0,2,1,0,127886,128736,0,1
5,1183,1,0,0,1,1,1,0,131618,132801,0,0
5,950,0,1,1,0,0,1,0,135600,136550,0,0
5,1166,0,1,0,1,2,0,1,139349,140515,0,1
5,816,0,1,1,0,0,1,0,143481,144297,0,0
5,967,0,1,0,1,2,0,1,146863,147830,0,1
5,866,0,1,0,1,1,0,1,150662,151528,0,1
5,1283,1,0,1,0,0,1,0,154094,155377,0,1
5,1267,0,1,0,1,1,1,0,158359,159626,0,1
5,766,0,1,0,1,0,0,1,162175,162941,0,1
5,700,1,0,1,0,1,1,0,165657,166357,0,1
5,566,1,0,1,0,0,0,1,169306,169872,0,1
5,950,0,1,1,0,2,1,0,172588,173538,0,0
5,683,0,1,0,1,1,0,1,176420,177103,0,1
5,1099,0,1,0,1,1,1,0,180086,181185,0,1
5,900,0,1,1,0,2,0,1,184084,184984,0,0
5,617,1,0,1,0,2,0,1,187816,188433,0,1
5,667,1,0,1,0,2,1,0,190982,191649,0,1
5,567,1,0,0,1,1,1,0,194664,195231,0,0
5,750,1,0,0,1,1,0,1,197863,198613,0,0
5,617,1,0,1,0,2,0,1,201262,201879,0,1
5,649,0,1,0,1,0,1,0,204728,205377,0,1
5,617,0,1,0,1,1,1,0,208343,208960,0,1
5,683,0,1,0,1,1,1,0,211942,212625,0,1
5,533,0,1,0,1,0,0,1,215208,215741,0,1
5,534,0,1,0,1,1,1,0,218406,218940,0,1
5,750,1,0,1,0,0,1,0,221922,222672,0,1
5,717,0,1,0,1,1,1,0,225504,226221,0,1
5,849,0,1,0,1,0,0,1,228970,229819,0,1
5,750,1,0,1,0,0,1,0,232735,233485,0,1
5,1299,0,0,0,1,2,1,0,236351,237650,1,NaN
5,750,0,1,1,0,2,1,0,240832,241582,0,0
5,650,0,1,0,1,2,0,1,244148,244798,0,1
5,1100,0,1,0,1,0,1,0,247680,248780,0,1
5,649,0,1,0,1,2,0,1,251496,252145,0,1
5,550,0,1,1,0,0,1,0,255061,255611,0,0
5,633,1,0,1,0,1,0,1,258627,259260,0,1
5,566,0,1,0,1,0,1,0,262009,262575,0,1
5,616,1,0,1,0,2,0,1,265158,265774,0,1
5,700,0,1,0,1,0,0,1,268640,269340,0,1
5,1167,0,1,0,1,2,0,1,272072,273239,0,1
5,699,0,1,0,1,0,0,1,276088,276787,0,1
5,717,1,0,0,1,1,1,0,279753,280470,0,0
5,700,1,0,1,0,0,1,0,298812,299512,0,1
5,1183,0,1,0,1,0,1,0,302161,303344,0,1
5,617,0,1,0,1,2,0,1,306293,306910,0,1
5,699,0,1,0,1,1,0,1,309759,310458,0,1
5,667,0,1,0,1,1,0,1,313074,313741,0,1
5,866,1,0,1,0,0,0,1,316307,317173,0,1
5,733,0,1,0,1,1,1,0,320172,320905,0,1
5,766,0,1,1,0,1,0,1,323488,324254,0,0
5,600,0,1,0,1,0,1,0,327020,327620,0,1
5,667,1,0,1,0,0,1,0,330635,331302,0,1
5,517,1,0,1,0,2,1,0,334184,334701,0,1
5,733,0,1,0,1,1,1,0,337283,338016,0,1
5,516,0,1,1,0,0,0,1,340699,341215,0,0
5,600,0,1,0,1,2,0,1,344147,344747,0,1
5,567,0,1,1,0,1,1,0,347313,347880,0,0
5,733,1,0,1,0,1,1,0,350845,351578,0,1
5,683,0,1,0,1,0,0,1,354494,355177,0,1
5,683,1,0,0,1,2,1,0,357860,358543,0,0
5,683,1,0,1,0,0,0,1,361109,361792,0,1
5,550,1,0,1,0,1,0,1,364607,365157,0,1
5,850,1,0,1,0,2,1,0,367956,368806,0,1
5,816,0,1,0,1,0,0,1,371622,372438,0,1
5,566,1,0,1,0,2,0,1,375254,375820,0,1
5,666,1,0,1,0,1,1,0,378603,379269,0,1
5,683,1,0,1,0,2,0,1,382185,382868,0,1
5,934,1,0,1,0,0,1,0,385750,386684,0,1
5,666,0,1,1,0,0,1,0,389283,389949,0,0
5,500,1,0,1,0,0,0,1,392931,393431,0,1
5,600,0,1,0,1,1,1,0,395997,396597,0,1
5,450,1,0,1,0,0,0,1,399563,400013,0,1
5,466,1,0,1,0,2,0,1,402795,403261,0,1
5,599,1,0,1,0,0,1,0,406011,406610,0,1
5,483,1,0,0,1,0,0,1,409343,409826,0,0
5,683,0,1,0,1,1,1,0,412642,413325,0,1
5,783,1,0,1,0,1,0,1,416324,417107,0,1
5,550,1,0,1,0,2,1,0,419756,420306,0,1
5,649,1,0,0,1,1,1,0,423172,423821,0,0
5,866,1,0,1,0,2,1,0,426754,427620,0,1
5,500,1,0,1,0,1,1,0,430336,430836,0,1
5,783,0,1,0,1,1,0,1,433402,434185,0,1
5,717,0,1,0,1,0,0,1,437050,437767,0,1
5,833,1,0,1,0,2,1,0,440383,441216,0,1
5,599,1,0,1,0,2,0,1,444165,444764,0,1
5,750,0,1,1,0,2,1,0,447647,448397,0,0
5,634,1,0,1,0,2,0,1,451312,451946,0,1
5,600,0,1,1,0,0,1,0,454761,455361,0,0
5,716,0,1,0,1,0,0,1,457944,458660,0,1
5,533,1,0,0,1,1,1,0,461376,461909,0,0
5,467,1,0,1,0,2,0,1,464791,465258,0,1
5,567,1,0,1,0,0,1,0,468273,468840,0,1
5,700,1,0,1,0,0,1,0,471456,472156,0,1
5,666,0,1,0,1,2,1,0,474705,475371,0,1
5,666,1,0,1,0,0,0,1,478204,478870,0,1
5,767,1,0,0,1,1,0,1,481419,482186,0,0
5,916,0,1,0,1,2,0,1,485168,486084,0,1
5,899,0,1,0,1,0,0,1,488917,489816,0,1
5,900,0,1,0,1,2,1,0,492799,493699,0,1
5,933,0,1,1,0,2,1,0,496398,497331,0,0
5,833,0,1,0,1,1,1,0,500146,500979,0,1
5,600,1,0,1,0,2,0,1,503612,504212,0,1
5,667,1,0,0,1,2,0,1,506844,507511,0,0
5,500,1,0,1,0,1,0,1,510493,510993,0,1
5,666,1,0,0,1,0,0,1,513609,514275,0,0
5,550,1,0,1,0,0,1,0,517091,517641,0,1
5,467,1,0,1,0,0,0,1,520323,520790,0,1
5,666,1,0,1,0,0,0,1,523772,524438,0,1
5,750,1,0,0,1,0,0,1,527154,527904,0,0
5,667,1,0,1,0,2,1,0,530886,531553,0,1
5,700,0,1,0,1,1,0,1,534468,535168,0,1
5,700,1,0,1,0,2,0,1,538067,538767,0,1
5,817,0,1,0,1,0,1,0,541599,542416,0,1
5,583,1,0,1,0,2,0,1,545315,545898,0,1
5,633,0,1,0,1,1,0,1,548864,549497,0,1
5,683,0,1,0,1,1,0,1,564256,564939,0,1
5,684,0,1,1,0,2,1,0,567638,568322,0,0
5,716,0,1,0,1,1,0,1,570921,571637,0,1
5,667,0,1,0,1,1,1,0,574636,575303,0,1
5,566,1,0,1,0,0,0,1,578185,578751,0,1
5,466,1,0,1,0,2,0,1,581434,581900,0,1
5,499,1,0,1,0,2,1,0,584550,585049,0,1
5,467,1,0,1,0,1,1,0,587965,588432,0,1
5,934,0,1,0,1,0,0,1,590997,591931,0,1
5,566,1,0,1,0,1,0,1,594930,595496,0,1
5,500,1,0,1,0,0,1,0,598195,598695,0,1
5,667,0,1,0,1,2,0,1,601677,602344,0,1
5,834,1,0,0,1,0,1,0,605209,606043,0,0
5,533,0,1,0,1,1,0,1,608792,609325,0,1
5,817,0,1,0,1,1,0,1,611857,612674,0,1
5,516,1,0,1,0,2,0,1,615373,615889,0,1
5,1116,0,1,1,0,1,1,0,618622,619738,0,0
5,1117,0,1,0,1,1,0,1,622570,623687,0,1
5,950,0,1,0,1,0,1,0,626219,627169,0,1
5,833,0,1,0,1,2,0,1,629835,630668,0,1
5,867,0,1,0,1,1,1,0,633500,634367,0,1
5,1249,0,1,0,1,0,1,0,637366,638615,0,1
5,567,1,0,1,0,0,0,1,641614,642181,0,1
5,566,1,0,0,1,1,0,1,644797,645363,0,0
5,600,1,0,1,0,1,0,1,648179,648779,0,1
5,667,0,1,0,1,2,0,1,651361,652028,0,1
5,483,1,0,1,0,0,1,0,655010,655493,0,1
5,483,1,0,1,0,0,1,0,658509,658992,0,1
5,666,1,0,1,0,2,1,0,661908,662574,0,1
5,816,0,1,1,0,2,0,1,665590,666406,0,0
5,700,0,1,0,1,0,1,0,669022,669722,0,1
5,483,1,0,1,0,1,0,1,672371,672854,0,1
5,850,0,1,1,0,0,1,0,675503,676353,0,0
5,716,0,1,0,1,1,0,1,679219,679935,0,1
5,734,0,1,0,1,1,1,0,682817,683551,0,1
5,583,1,0,1,0,2,1,0,686283,686866,0,1
5,750,0,1,0,1,0,0,1,689765,690515,0,1
5,699,0,1,0,1,1,0,1,693231,693930,0,1
5,1200,0,1,0,1,0,1,0,696779,697979,0,1
5,1133,0,1,0,1,1,0,1,700595,701728,0,1
5,966,0,1,0,1,2,1,0,704577,705543,0,1
5,617,1,0,1,0,2,1,0,708292,708909,0,1
5,633,0,1,1,0,1,0,1,711591,712224,0,0
5,816,0,1,0,1,1,1,0,715007,715823,0,1
5,666,0,1,1,0,0,1,0,718656,719322,0,0
5,934,0,1,1,0,2,1,0,722154,723088,0,0
5,699,0,1,1,0,1,1,0,725737,726436,0,0
5,850,0,1,0,1,0,1,0,729352,730202,0,1
5,1016,1,0,1,0,0,0,1,733101,734117,0,1
5,900,0,1,0,1,0,1,0,736866,737766,0,1
5,1117,0,1,1,0,0,1,0,740548,741665,0,0
5,583,1,0,1,0,2,0,1,744414,744997,0,1
5,683,0,1,0,1,1,1,0,747796,748479,0,1
5,617,1,0,1,0,2,1,0,751378,751995,0,1
5,1250,0,1,1,0,1,0,1,754960,756210,0,0
5,1300,0,0,1,0,2,1,0,759009,760309,1,NaN
5,800,0,1,1,0,0,0,1,763141,763941,0,0
5,633,0,1,0,1,0,1,0,766473,767106,0,1
5,667,0,1,0,1,1,0,1,769722,770389,0,1
5,917,0,1,0,1,0,1,0,773204,774121,0,1
5,867,0,1,0,1,1,1,0,776753,777620,0,1
5,583,1,0,1,0,1,1,0,780585,781168,0,1
5,1133,0,1,0,1,0,0,1,783918,785051,0,1
5,966,0,1,1,0,0,1,0,788000,788966,0,0
5,766,0,1,0,1,2,1,0,791715,792481,0,1
5,684,0,1,1,0,2,1,0,795330,796014,0,0
5,584,1,0,1,0,2,0,1,798679,799263,0,1
5,783,1,0,1,0,1,1,0,801845,802628,0,1
5,917,1,0,1,0,0,0,1,805460,806377,0,1
5,1167,0,1,1,0,2,0,1,809109,810276,0,0
5,683,1,0,1,0,0,0,1,813225,813908,0,1
5,750,0,1,0,1,0,1,0,816773,817523,0,1
5,617,1,0,1,0,2,1,0,820222,820839,0,1
5,867,0,1,0,1,1,0,1,836408,837275,0,1
5,999,0,1,1,0,2,1,0,839924,840923,0,0
5,583,0,1,0,1,2,1,0,843489,844072,0,1
5,1034,0,1,1,0,0,1,0,846771,847805,0,0
5,699,0,1,0,1,2,1,0,850754,851453,0,1
5,666,0,1,0,1,1,0,1,854286,854952,0,1
5,1299,0,0,0,1,1,0,1,857735,859034,1,NaN
5,533,1,0,1,0,2,1,0,861817,862350,0,1
5,1083,1,0,0,1,1,0,1,865149,866232,0,0
5,600,1,0,1,0,2,0,1,868814,869414,0,1
5,616,1,0,1,0,1,1,0,872280,872896,0,1
5,517,1,0,1,0,0,0,1,875662,876179,0,1
5,949,0,1,0,1,0,0,1,878828,879777,0,1
5,583,1,0,0,1,1,0,1,882660,883243,0,0
5,1300,0,0,0,1,1,0,1,885942,887242,1,NaN
5,1083,0,1,0,1,1,1,0,889991,891074,0,1
5,1299,0,0,0,1,1,0,1,893973,895272,1,NaN
5,499,1,0,1,0,2,1,0,898355,898854,0,1
5,483,1,0,1,0,2,0,1,901404,901887,0,1
5,983,0,1,0,1,0,1,0,904486,905469,0,1
5,733,0,1,1,0,2,0,1,908301,909034,0,0
5,650,0,1,0,1,1,0,1,912017,912667,0,1
5,533,0,1,0,1,2,0,1,915266,915799,0,1
5,867,1,0,0,1,1,0,1,918781,919648,0,0
5,700,1,0,1,0,2,0,1,922413,923113,0,1
5,566,1,0,1,0,2,0,1,925896,926462,0,1
5,550,1,0,1,0,2,1,0,929094,929644,0,1
5,800,1,0,1,0,1,1,0,932543,933343,0,1
5,600,1,0,1,0,2,0,1,936225,936825,0,1
5,967,0,1,0,1,0,1,0,939824,940791,0,1
5,500,1,0,1,0,1,1,0,943756,944256,0,1
5,717,0,1,0,1,0,0,1,946805,947522,0,1
5,916,0,1,0,1,0,0,1,950338,951254,0,1
5,699,1,0,1,0,0,1,0,954220,954919,0,1
5,1000,0,1,1,0,0,1,0,957535,958535,0,0
5,817,0,1,0,1,0,1,0,961467,962284,0,1
5,1300,0,0,0,1,1,0,1,964866,966166,1,NaN
5,1300,0,0,1,0,1,0,1,969198,970498,1,NaN
5,600,1,0,1,0,1,0,1,973480,974080,0,1
5,650,1,0,1,0,0,0,1,976962,977612,0,1
5,883,0,1,0,1,2,1,0,980611,981494,0,1
5,800,0,1,0,1,1,1,0,984443,985243,0,1
5,583,1,0,1,0,2,0,1,987975,988558,0,1
5,567,1,0,1,0,0,1,0,991274,991841,0,1
5,833,0,1,0,1,0,0,1,994590,995423,0,1
5,716,0,1,0,1,1,0,1,998122,998838,0,1
5,566,1,0,1,0,2,0,1,1001521,1002087,0,1
5,500,1,0,1,0,2,0,1,1004836,1005336,0,1
5,733,0,1,0,1,2,0,1,1008202,1008935,0,1
5,717,1,0,1,0,1,1,0,1011767,1012484,0,1
5,550,1,0,1,0,1,0,1,1015316,1015866,0,1
5,866,0,1,0,1,1,0,1,1018582,1019448,0,1
5,766,0,1,0,1,1,0,1,1022164,1022930,0,1
5,783,0,1,0,1,1,1,0,1025530,1026313,0,1
5,767,0,1,1,0,2,1,0,1028978,1029745,0,0
5,633,1,0,1,0,2,1,0,1032627,1033260,0,1
5,750,0,1,0,1,0,1,0,1036209,1036959,0,1
5,783,0,1,0,1,1,1,0,1039642,1040425,0,1
5,700,0,1,0,1,0,0,1,1043390,1044090,0,1
5,1283,0,1,0,1,2,1,0,1046989,1048272,0,1
5,899,0,1,0,1,0,1,0,1050955,1051854,0,1
5,633,1,0,1,0,2,1,0,1054720,1055353,0,1
5,750,0,1,0,1,0,0,1,1058169,1058919,0,1
5,749,0,1,0,1,1,1,0,1061918,1062667,0,1
5,784,0,1,1,0,2,1,0,1065216,1066000,0,0
5,633,1,0,1,0,0,0,1,1068649,1069282,0,1
5,583,1,0,1,0,0,0,1,1072231,1072814,0,1
5,633,0,1,0,1,1,1,0,1075563,1076196,0,1
5,583,1,0,1,0,0,0,1,1079029,1079612,0,1
5,433,1,0,1,0,0,1,0,1082361,1082794,0,1
5,616,1,0,1,0,2,0,1,1085810,1086426,0,1
5,833,0,1,0,1,2,1,0,1089192,1090025,0,1
5,600,1,0,1,0,2,0,1,1092807,1093407,0,1
5,849,1,0,1,0,2,1,0,1114187,1115036,0,1
5,1300,0,0,1,0,1,0,1,1117902,1119202,1,NaN
5,1016,0,1,1,0,2,1,0,1122101,1123117,0,0
5,1283,0,1,1,0,2,1,0,1126016,1127299,0,0
5,650,1,0,1,0,2,1,0,1130081,1130731,0,1
5,966,0,1,0,1,2,1,0,1133747,1134713,0,1
5,550,1,0,1,0,2,0,1,1137412,1137962,0,1
5,783,0,1,0,1,0,0,1,1140545,1141328,0,1
5,617,1,0,1,0,0,1,0,1144360,1144977,0,1
5,916,0,1,0,1,0,1,0,1147559,1148475,0,1
5,983,0,1,1,0,1,1,0,1151408,1152391,0,0
5,850,0,1,0,1,1,1,0,1155306,1156156,0,1
5,583,1,0,0,1,1,0,1,1158889,1159472,0,0
5,1100,0,1,0,1,0,1,0,1162171,1163271,0,1
5,616,1,0,1,0,1,1,0,1166053,1166669,0,1
5,817,0,1,0,1,0,0,1,1169285,1170102,0,1
5,633,0,1,0,1,1,1,0,1173084,1173717,0,1
5,766,1,0,1,0,2,1,0,1176333,1177099,0,1
5,750,0,1,0,1,1,1,0,1179915,1180665,0,1
5,1283,0,1,0,1,1,0,1,1183431,1184714,0,1
5,500,1,0,1,0,2,0,1,1187629,1188129,0,1
5,666,1,0,1,0,2,0,1,1190695,1191361,0,1
5,767,0,1,0,1,0,0,1,1194010,1194777,0,1
5,683,0,1,0,1,2,0,1,1197593,1198276,0,1
5,1300,0,0,0,1,0,1,0,1201141,1202441,1,NaN
5,500,1,0,1,0,0,0,1,1205573,1206073,0,1
5,1300,0,0,1,0,1,1,0,1209072,1210372,1,NaN
5,917,0,1,1,0,0,0,1,1213337,1214254,0,0
5,683,0,1,0,1,0,1,0,1217186,1217869,0,1
5,850,0,1,0,1,1,1,0,1220402,1221252,0,1
5,633,0,1,0,1,0,0,1,1224134,1224767,0,1
5,633,0,1,0,1,2,1,0,1227516,1228149,0,1
5,883,0,1,1,0,2,1,0,1231048,1231931,0,0
5,583,0,1,0,1,2,1,0,1234847,1235430,0,1
5,750,0,1,0,1,1,0,1,1238229,1238979,0,1
5,950,0,1,0,1,0,1,0,1241628,1242578,0,1
5,583,0,1,0,1,1,1,0,1245444,1246027,0,1
5,599,0,1,0,1,1,1,0,1248593,1249192,0,1
5,533,1,0,1,0,0,1,0,1251925,1252458,0,1
5,1283,0,1,0,1,2,0,1,1255074,1256357,0,1
5,533,1,0,1,0,1,0,1,1259206,1259739,0,1
5,683,0,1,0,1,1,1,0,1262655,1263338,0,1
5,650,1,0,1,0,2,0,1,1265870,1266520,0,1
5,633,1,0,1,0,2,1,0,1269236,1269869,0,1
5,550,1,0,1,0,2,0,1,1272601,1273151,0,1
5,499,1,0,1,0,2,0,1,1276034,1276533,0,1
5,667,0,1,0,1,0,0,1,1279349,1280016,0,1
5,766,0,1,1,0,0,0,1,1282665,1283431,0,0
5,683,0,1,0,1,0,0,1,1286147,1286830,0,1
5,683,0,1,0,1,1,1,0,1289829,1290512,0,1
5,700,0,1,0,1,1,0,1,1293511,1294211,0,1
5,649,1,0,1,0,2,0,1,1297227,1297876,0,1
5,683,1,0,1,0,0,0,1,1300709,1301392,0,1
5,617,0,1,0,1,2,0,1,1304041,1304658,0,1
5,600,1,0,1,0,0,0,1,1307223,1307823,0,1
5,516,1,0,1,0,1,0,1,1310656,1311172,0,1
5,750,0,1,1,0,2,1,0,1314154,1314904,0,0
5,750,1,0,1,0,0,0,1,1317886,1318636,0,1
5,567,0,1,0,1,0,1,0,1321352,1321919,0,1
5,783,0,1,0,1,2,1,0,1324501,1325284,0,1
5,1083,1,0,1,0,0,0,1,1327833,1328916,0,1
5,533,1,0,1,0,0,0,1,1331715,1332248,0,1
5,667,1,0,1,0,0,0,1,1335214,1335881,0,1
5,716,0,1,0,1,0,1,0,1338513,1339229,0,1
5,699,0,1,0,1,2,1,0,1342029,1342728,0,1
5,800,0,1,0,1,1,0,1,1345494,1346294,0,1
5,766,0,1,0,1,2,1,0,1349110,1349876,0,1
5,900,0,1,1,0,2,0,1,1352408,1353308,0,0
5,599,0,1,0,1,1,1,0,1355991,1356590,0,1
6,583,0,1,0,1,0,0,1,12487,13070,0,1
6,600,1,0,1,0,1,1,0,16019,16619,0,1
6,583,1,0,1,0,1,0,1,19352,19935,0,1
6,600,1,0,0,1,2,0,1,22567,23167,0,0
6,600,1,0,0,1,2,1,0,26149,26749,0,0
6,550,1,0,0,1,2,1,0,29648,30198,0,0
6,817,0,1,0,1,1,1,0,33180,33997,0,1
6,500,1,0,1,0,2,1,0,36829,37329,0,1
6,650,1,0,0,1,1,1,0,39945,40595,0,0
6,566,1,0,1,0,1,1,0,43244,43810,0,1
6,517,1,0,1,0,0,0,1,46659,47176,0,1
6,666,0,1,0,1,1,0,1,49892,50558,0,1
6,700,0,1,0,1,1,1,0,53474,54174,0,1
6,733,0,1,0,1,0,0,1,56856,57589,0,1
6,750,0,1,0,1,0,1,0,60521,61271,0,1
6,783,0,1,0,1,1,1,0,64287,65070,0,1
6,483,1,0,1,0,0,0,1,67819,68302,0,1
6,517,1,0,0,1,2,1,0,71251,71768,0,0
6,517,0,1,0,1,1,0,1,74600,75117,0,1
6,683,0,1,0,1,0,1,0,78032,78715,0,1
6,616,0,1,0,1,0,0,1,81598,82214,0,1
6,616,0,1,0,1,1,1,0,84947,85563,0,1
6,533,1,0,0,1,2,1,0,88396,88929,0,0
6,817,0,1,1,0,2,0,1,91861,92678,0,0
6,767,0,1,0,1,1,1,0,95543,96310,0,1
6,467,1,0,1,0,2,0,1,99325,99792,0,1
6,516,1,0,1,0,1,1,0,102791,103307,0,1
6,499,1,0,1,0,0,1,0,106157,106656,0,1
6,534,0,1,0,1,2,0,1,109455,109989,0,1
6,933,0,1,0,1,0,1,0,112588,113521,0,1
6,667,0,1,0,1,1,1,0,116203,116870,0,1
6,533,0,1,0,1,1,0,1,119652,120185,0,1
6,483,1,0,1,0,2,0,1,123018,123501,0,1
6,566,1,0,1,0,0,1,0,126417,126983,0,1
6,533,1,0,1,0,0,0,1,129732,130265,0,1
6,517,1,0,1,0,2,1,0,132981,133498,0,1
6,733,0,1,1,0,1,1,0,136513,137246,0,0
6,783,0,1,1,0,2,1,0,140012,140795,0,0
6,550,0,1,0,1,1,1,0,143544,144094,0,1
6,499,1,0,1,0,2,0,1,146777,147276,0,1
6,633,0,1,0,1,2,1,0,150109,150742,0,1
6,500,1,0,1,0,2,1,0,153491,153991,0,1
6,517,1,0,1,0,2,0,1,156590,157107,0,1
6,484,1,0,1,0,0,1,0,159722,160206,0,1
6,567,0,1,0,1,1,0,1,162771,163338,0,1
6,683,1,0,0,1,1,1,0,166137,166820,0,0
6,467,1,0,1,0,0,1,0,169502,169969,0,1
6,534,1,0,1,0,1,0,1,172601,173135,0,1
6,717,1,0,0,1,1,1,0,176150,176867,0,0
6,533,0,1,0,1,1,1,0,179516,180049,0,1
6,516,0,1,0,1,1,1,0,183015,183531,0,1
6,483,1,0,1,0,2,0,1,186264,186747,0,1
6,600,0,1,0,1,0,1,0,189346,189946,0,1
6,700,1,0,0,1,1,0,1,192495,193195,0,0
6,550,0,1,0,1,0,0,1,195877,196427,0,1
6,616,0,1,0,1,1,0,1,199443,200059,0,1
6,567,0,1,0,1,1,0,1,203058,203625,0,1
6,650,0,1,0,1,1,1,0,206174,206824,0,1
6,500,1,0,1,0,2,0,1,209789,210289,0,1
6,716,0,1,0,1,2,1,0,213305,214021,0,1
6,434,1,0,1,0,0,0,1,216570,217004,0,1
6,533,1,0,1,0,1,1,0,219536,220069,0,1
6,633,0,1,0,1,0,0,1,223085,223718,0,1
6,467,1,0,1,0,2,0,1,226600,227067,0,1
6,500,1,0,1,0,2,0,1,229949,230449,0,1
6,517,1,0,1,0,0,0,1,233215,233732,0,1
6,633,0,1,0,1,1,0,1,236464,237097,0,1
6,483,1,0,1,0,2,1,0,239713,240196,0,1
6,516,0,1,0,1,1,0,1,243112,243628,0,1
6,667,0,1,0,1,1,0,1,246477,247144,0,1
6,650,0,1,0,1,2,1,0,250076,250726,0,1
6,467,1,0,1,0,0,1,0,253258,253725,0,1
6,667,1,0,0,1,0,1,0,275051,275718,0,0
6,666,1,0,0,1,2,0,1,278650,279316,0,0
6,499,1,0,1,0,0,0,1,281916,282415,0,1
6,550,0,1,0,1,2,1,0,284948,285498,0,1
6,500,0,1,0,1,1,0,1,288413,288913,0,1
6,450,1,0,1,0,0,0,1,291479,291929,0,1
6,600,0,1,0,1,2,1,0,294478,295078,0,1
6,433,1,0,1,0,2,1,0,297994,298427,0,1
6,666,1,0,0,1,0,1,0,301326,301992,0,0
6,500,1,0,1,0,2,1,0,304658,305158,0,1
6,483,1,0,1,0,0,0,1,307907,308390,0,1
6,416,1,0,1,0,2,1,0,311406,311822,0,1
6,598,0,1,0,1,0,1,0,314657,315255,0,1
6,517,1,0,1,0,1,1,0,318237,318754,0,1
6,433,1,0,1,0,2,1,0,321336,321769,0,1
6,499,1,0,1,0,2,1,0,324652,325151,0,1
6,517,1,0,1,0,0,0,1,328017,328534,0,1
6,500,1,0,1,0,2,1,0,331549,332049,0,1
6,517,1,0,1,0,1,0,1,334848,335365,0,1
6,517,1,0,1,0,1,0,1,338380,338897,0,1
6,617,0,1,0,1,0,0,1,341596,342213,0,1
6,450,1,0,1,0,2,0,1,344978,345428,0,1
6,433,1,0,1,0,2,0,1,348444,348877,0,1
6,416,1,0,1,0,2,0,1,351443,351859,0,1
6,384,1,0,1,0,2,0,1,354508,354892,0,1
6,467,0,1,0,1,1,1,0,357707,358174,0,1
6,633,1,0,1,0,1,1,0,361173,361806,0,1
6,550,0,1,0,1,0,1,0,364355,364905,0,1
6,617,0,1,0,1,0,1,0,367637,368254,0,1
6,633,0,1,0,1,1,1,0,370920,371553,0,1
6,533,1,0,1,0,2,1,0,374402,374935,0,1
6,400,1,0,1,0,2,1,0,377951,378351,0,1
6,517,1,0,1,0,1,1,0,381133,381650,0,1
6,534,0,1,0,1,1,0,1,384415,384949,0,1
6,450,1,0,1,0,1,1,0,387964,388414,0,1
6,617,0,1,0,1,2,1,0,391346,391963,0,1
6,683,1,0,0,1,2,0,1,394979,395662,0,0
6,567,1,0,1,0,1,0,1,398194,398761,0,1
6,533,1,0,1,0,2,1,0,401760,402293,0,1
6,883,0,1,1,0,1,1,0,404892,405775,0,0
6,650,1,0,1,0,0,1,0,408657,409307,0,1
6,683,0,1,0,1,1,1,0,412190,412873,0,1
6,567,0,1,0,1,1,0,1,415755,416322,0,1
6,483,1,0,1,0,2,1,0,419254,419737,0,1
6,466,1,0,1,0,2,0,1,422520,422986,0,1
6,550,1,0,1,0,1,0,1,425752,426302,0,1
6,467,1,0,1,0,2,1,0,428917,429384,0,1
6,600,0,1,0,1,0,0,1,432200,432800,0,1
6,517,1,0,1,0,0,1,0,435765,436282,0,1
6,567,0,1,0,1,2,0,1,439214,439781,0,1
6,617,0,1,0,1,1,0,1,442546,443163,0,1
6,566,0,1,0,1,1,0,1,445912,446478,0,1
6,567,0,1,0,1,2,0,1,449394,449961,0,1
6,566,1,0,1,0,0,0,1,452843,453409,0,1
6,534,0,1,1,0,0,1,0,456408,456942,0,0
6,516,0,1,0,1,0,0,1,459791,460307,0,1
6,516,0,1,0,1,0,1,0,463340,463856,0,1
6,516,1,0,1,0,2,0,1,466522,467038,0,1
6,533,0,1,0,1,1,1,0,469871,470404,0,1
6,567,1,0,1,0,2,1,0,473136,473703,0,1
6,450,0,1,0,1,1,1,0,476285,476735,0,1
6,599,0,1,0,1,2,0,1,479468,480067,0,1
6,550,0,1,0,1,1,1,0,482600,483150,0,1
6,600,1,0,1,0,0,1,0,485765,486365,0,1
6,500,0,1,0,1,2,0,1,489248,489748,0,1
6,616,1,0,1,0,2,1,0,492530,493146,0,1
6,583,0,1,1,0,0,1,0,495696,496279,0,0
6,483,1,0,1,0,0,0,1,499178,499661,0,1
6,450,1,0,1,0,0,0,1,502643,503093,0,1
6,500,1,0,1,0,0,1,0,505942,506442,0,1
6,550,0,1,0,1,1,0,1,509224,509774,0,1
6,634,0,1,0,1,0,1,0,512473,513107,0,1
6,516,0,1,0,1,1,0,1,515956,516472,0,1
6,417,1,0,1,0,2,0,1,539831,540248,0,1
6,400,1,0,1,0,0,0,1,542964,543364,0,1
6,483,1,0,1,0,0,1,0,546346,546829,0,1
6,483,0,1,0,1,1,1,0,549512,549995,0,1
6,400,1,0,1,0,2,0,1,552644,553044,0,1
6,434,1,0,1,0,2,1,0,555626,556060,0,1
6,500,0,1,0,1,1,1,0,558675,559175,0,1
6,583,0,1,0,1,0,1,0,561858,562441,0,1
6,500,0,1,0,1,0,1,0,565223,565723,0,1
6,484,0,1,0,1,1,0,1,568605,569089,0,1
6,433,1,0,1,0,2,1,0,571721,572154,0,1
6,467,1,0,1,0,2,0,1,574903,575370,0,1
6,549,0,1,0,1,0,1,0,578186,578735,0,1
6,450,1,0,1,0,0,0,1,581418,581868,0,1
6,450,1,0,1,0,0,0,1,584850,585300,0,1
6,517,0,1,0,1,0,1,0,588132,588649,0,1
6,549,0,1,0,1,1,0,1,591315,591864,0,1
6,467,0,1,0,1,1,1,0,594630,595097,0,1
6,466,0,1,0,1,1,0,1,597646,598112,0,1
6,500,0,1,0,1,1,1,0,601045,601545,0,1
6,500,0,1,0,1,0,0,1,604377,604877,0,1
6,483,0,1,0,1,0,0,1,607493,607976,0,1
6,417,1,0,1,0,2,0,1,610508,610925,0,1
6,517,1,0,1,0,0,0,1,613474,613991,0,1
6,516,0,1,0,1,0,0,1,616790,617306,0,1
6,500,0,1,1,0,1,0,1,620272,620772,0,0
6,600,0,1,1,0,2,1,0,623504,624104,0,0
6,516,0,1,0,1,1,1,0,627120,627636,0,1
6,550,0,1,0,1,1,1,0,630652,631202,0,1
6,617,0,1,1,0,2,1,0,634117,634734,0,0
6,683,0,1,0,1,2,0,1,637300,637983,0,1
6,416,1,0,1,0,2,0,1,640582,640998,0,1
6,450,0,1,0,1,1,0,1,643664,644114,0,1
6,400,1,0,1,0,1,0,1,647046,647446,0,1
6,500,0,1,0,1,2,0,1,650345,650845,0,1
6,567,0,1,0,1,0,1,0,653777,654344,0,1
6,500,0,1,0,1,1,0,1,657260,657760,0,1
6,533,0,1,0,1,0,0,1,660592,661125,0,1
6,484,0,1,0,1,1,1,0,663907,664391,0,1
6,733,0,1,0,1,2,1,0,666923,667656,0,1
6,550,0,1,0,1,2,0,1,670539,671089,0,1
6,450,1,0,1,0,1,1,0,673821,674271,0,1
6,633,0,1,0,1,2,0,1,677203,677836,0,1
6,583,0,1,0,1,1,1,0,680735,681318,0,1
6,516,0,1,0,1,1,0,1,684351,684867,0,1
6,550,1,0,0,1,2,1,0,687750,688300,0,0
6,516,1,0,1,0,0,1,0,691182,691698,0,1
6,566,0,1,0,1,1,1,0,694281,694847,0,1
6,467,1,0,1,0,0,0,1,697546,698013,0,1
6,500,1,0,1,0,2,1,0,700912,701412,0,1
6,549,1,0,1,0,1,1,0,704428,704977,0,1
6,600,0,1,0,1,1,1,0,707610,708210,0,1
6,433,1,0,1,0,0,0,1,711092,711525,0,1
6,550,0,1,0,1,0,1,0,714091,714641,0,1
6,517,0,1,0,1,1,0,1,717190,717707,0,1
6,450,1,0,1,0,2,0,1,720239,720689,0,1
6,467,0,1,0,1,1,1,0,723388,723855,0,1
6,467,1,0,1,0,1,0,1,726437,726904,0,1
6,467,1,0,1,0,0,1,0,729636,730103,0,1
6,533,0,1,0,1,1,1,0,732635,733168,0,1
6,550,0,1,1,0,2,0,1,735967,736517,0,0
6,499,0,1,0,1,1,1,0,739100,739599,0,1
6,450,1,0,1,0,0,0,1,742498,742948,0,1
6,450,0,1,0,1,1,0,1,745764,746214,0,1
6,449,1,0,1,0,2,0,1,749180,749629,0,1
6,550,1,0,1,0,1,0,1,752462,753012,0,1
6,500,1,0,1,0,1,0,1,755761,756261,0,1
6,450,1,0,1,0,2,1,0,759093,759543,0,1
6,566,0,1,0,1,0,1,0,762209,762775,0,1
6,516,0,1,0,1,0,1,0,765358,765874,0,1
6,433,1,0,1,0,2,0,1,768740,769173,0,1
6,483,0,1,1,0,0,0,1,772072,772555,0,0
6,450,1,0,1,0,2,0,1,775121,775571,0,1
6,616,0,1,1,0,2,1,0,791794,792410,0,0
6,600,1,0,0,1,2,1,0,795309,795909,0,0
6,633,0,1,0,1,0,0,1,798458,799091,0,1
6,583,0,1,0,1,1,0,1,801874,802457,0,1
6,466,0,1,0,1,1,0,1,805223,805689,0,1
6,550,0,1,0,1,0,1,0,808688,809238,0,1
6,400,1,0,1,0,0,1,0,812237,812637,0,1
6,466,1,0,1,0,0,1,0,815536,816002,0,1
6,666,1,0,1,0,0,1,0,818985,819651,0,1
6,466,1,0,1,0,2,0,1,822434,822900,0,1
6,583,0,1,0,1,0,0,1,825916,826499,0,1
6,550,0,1,0,1,1,0,1,829348,829898,0,1
6,600,0,1,0,1,2,0,1,832514,833114,0,1
6,516,1,0,1,0,1,0,1,835663,836179,0,1
6,550,0,1,1,0,1,1,0,838762,839312,0,0
6,633,0,1,0,1,2,1,0,842294,842927,0,1
6,433,1,0,1,0,2,0,1,845876,846309,0,1
6,633,0,1,0,1,0,1,0,849275,849908,0,1
6,550,0,1,0,1,0,0,1,852624,853174,0,1
6,634,0,1,0,1,2,1,0,855939,856573,0,1
6,466,1,0,1,0,1,0,1,859422,859888,0,1
6,483,1,0,1,0,1,0,1,862421,862904,0,1
6,483,1,0,1,0,0,0,1,865636,866119,0,1
6,483,1,0,1,0,2,0,1,868735,869218,0,1
6,433,1,0,1,0,2,1,0,872201,872634,0,1
6,467,1,0,1,0,0,0,1,875166,875633,0,1
6,583,0,1,0,1,2,0,1,878465,879048,0,1
6,483,1,0,1,0,0,1,0,881614,882097,0,1
6,467,1,0,1,0,2,1,0,885046,885513,0,1
6,700,0,1,0,1,1,0,1,888512,889212,0,1
6,617,0,1,0,1,0,0,1,892194,892811,0,1
6,534,0,1,1,0,2,1,0,895376,895910,0,0
6,467,0,1,0,1,2,0,1,898592,899059,0,1
6,533,1,0,1,0,2,1,0,901641,902174,0,1
6,483,1,0,1,0,0,1,0,904973,905456,0,1
6,550,1,0,1,0,1,0,1,908222,908772,0,1
6,533,0,1,0,1,1,1,0,911638,912171,0,1
6,650,1,0,1,0,1,1,0,914737,915387,0,1
6,466,1,0,1,0,0,0,1,918219,918685,0,1
6,434,1,0,1,0,2,0,1,921634,922068,0,1
6,450,0,1,0,1,0,0,1,924867,925317,0,1
6,450,0,1,0,1,0,0,1,928132,928582,0,1
6,549,0,1,1,0,0,1,0,931415,931964,0,0
6,567,0,1,0,1,1,0,1,934780,935347,0,1
6,550,0,1,0,1,1,1,0,938329,938879,0,1
6,783,0,1,0,1,0,0,1,941711,942494,0,1
6,584,0,1,0,1,0,0,1,945093,945677,0,1
6,450,1,0,1,0,0,0,1,948626,949076,0,1
6,650,0,1,0,1,1,1,0,952074,952724,0,1
6,534,1,0,1,0,1,0,1,955373,955907,0,1
6,583,0,1,1,0,2,1,0,958789,959372,0,0
6,449,1,0,1,0,0,1,0,962055,962504,0,1
6,484,1,0,1,0,1,0,1,965453,965937,0,1
6,567,0,1,0,1,2,1,0,968902,969469,0,1
6,483,1,0,1,0,2,1,0,972318,972801,0,1
6,567,0,1,0,1,1,0,1,975683,976250,0,1
6,600,0,1,0,1,0,0,1,978782,979382,0,1
6,467,1,0,1,0,2,0,1,982081,982548,0,1
6,450,1,0,1,0,2,0,1,985347,985797,0,1
6,600,0,1,0,1,0,0,1,988712,989312,0,1
6,500,0,1,0,1,1,0,1,992211,992711,0,1
6,516,0,1,0,1,0,1,0,995344,995860,0,1
6,416,1,0,1,0,2,0,1,998393,998809,0,1
6,383,1,0,1,0,2,1,0,1001475,1001858,0,1
6,483,0,1,0,1,0,1,0,1004874,1005357,0,1
6,433,1,0,1,0,0,0,1,1008306,1008739,0,1
6,616,1,0,1,0,0,1,0,1011505,1012121,0,1
6,650,1,0,1,0,0,1,0,1014887,1015537,0,1
6,500,0,1,0,1,1,0,1,1018319,1018819,0,1
6,467,1,0,1,0,0,0,1,1021668,1022135,0,1
6,550,0,1,0,1,0,0,1,1024934,1025484,0,1
6,466,1,0,1,0,2,1,0,1028333,1028799,0,1
6,450,0,1,0,1,1,0,1,1031465,1031915,0,1
6,450,1,0,1,0,2,1,0,1051358,1051808,0,1
6,384,0,1,0,1,1,0,1,1054523,1054907,0,1
6,417,0,1,0,1,1,1,0,1057872,1058289,0,1
6,383,1,0,1,0,2,0,1,1061238,1061621,0,1
6,400,1,0,1,0,2,1,0,1064270,1064670,0,1
6,467,0,1,0,1,0,1,0,1067652,1068119,0,1
6,417,0,1,0,1,1,0,1,1070801,1071218,0,1
6,400,1,0,1,0,2,1,0,1073834,1074234,0,1
6,433,0,1,0,1,1,0,1,1076866,1077299,0,1
6,433,1,0,1,0,1,1,0,1080132,1080565,0,1
6,516,0,1,0,1,1,1,0,1083464,1083980,0,1
6,500,1,0,1,0,0,0,1,1086863,1087363,0,1
6,483,1,0,1,0,2,1,0,1090295,1090778,0,1
6,467,1,0,1,0,2,1,0,1093610,1094077,0,1
6,583,0,1,0,1,0,1,0,1096993,1097576,0,1
6,400,1,0,1,0,2,1,0,1100508,1100908,0,1
6,450,1,0,1,0,0,0,1,1103707,1104157,0,1
6,566,0,1,0,1,2,1,0,1106690,1107256,0,1
6,517,0,1,0,1,0,0,1,1109988,1110505,0,1
6,400,1,0,1,0,2,0,1,1113304,1113704,0,1
6,517,1,0,1,0,2,1,0,1116303,1116820,0,1
6,567,0,1,0,1,1,0,1,1119402,1119969,0,1
6,449,1,0,1,0,2,0,1,1122918,1123367,0,1
6,433,1,0,1,0,2,0,1,1125900,1126333,0,1
6,483,0,1,0,1,1,0,1,1129132,1129615,0,1
6,600,1,0,1,0,2,1,0,1132364,1132964,0,1
6,500,0,1,0,1,0,0,1,1135863,1136363,0,1
6,517,0,1,0,1,1,0,1,1139295,1139812,0,1
6,450,1,0,1,0,0,0,1,1142711,1143161,0,1
6,383,1,0,1,0,2,0,1,1145927,1146310,0,1
6,517,1,0,1,0,1,1,0,1149242,1149759,0,1
6,484,0,1,0,1,2,1,0,1152424,1152908,0,1
6,417,1,0,1,0,1,0,1,1155523,1155940,0,1
6,466,1,0,1,0,0,1,0,1158656,1159122,0,1
6,533,0,1,0,1,0,0,1,1162005,1162538,0,1
6,599,1,0,1,0,0,1,0,1165404,1166003,0,1
6,483,0,1,0,1,2,0,1,1168886,1169369,0,1
6,533,0,1,0,1,1,1,0,1171918,1172451,0,1
6,417,1,0,1,0,2,0,1,1175250,1175667,0,1
6,567,0,1,0,1,2,0,1,1178266,1178833,0,1
6,566,0,1,0,1,0,1,0,1181732,1182298,0,1
6,433,0,1,0,1,0,0,1,1185097,1185530,0,1
6,450,0,1,0,1,0,1,0,1188463,1188913,0,1
6,450,0,1,0,1,1,1,0,1191495,1191945,0,1
6,550,0,1,0,1,1,1,0,1194827,1195377,0,1
6,466,1,0,1,0,1,1,0,1198060,1198526,0,1
6,500,0,1,0,1,0,0,1,1201242,1201742,0,1
6,400,1,0,1,0,2,0,1,1204357,1204757,0,1
6,816,1,0,1,0,0,1,0,1207623,1208439,0,1
6,600,0,1,0,1,2,0,1,1211005,1211605,0,1
6,534,1,0,1,0,0,1,0,1214487,1215021,0,1
6,549,1,0,1,0,2,0,1,1217970,1218519,0,1
6,516,0,1,0,1,0,1,0,1221219,1221735,0,1
6,516,0,1,0,1,0,1,0,1224401,1224917,0,1
6,450,1,0,1,0,1,1,0,1227733,1228183,0,1
6,483,0,1,0,1,1,0,1,1230999,1231482,0,1
6,433,0,1,0,1,1,1,0,1234481,1234914,0,1
6,583,0,1,0,1,1,0,1,1237613,1238196,0,1
6,384,1,0,1,0,2,0,1,1240795,1241179,0,1
6,400,1,0,1,0,0,0,1,1244011,1244411,0,1
6,417,1,0,1,0,0,1,0,1247360,1247777,0,1
6,483,1,0,1,0,0,1,0,1250626,1251109,0,1
6,483,0,1,0,1,0,0,1,1253641,1254124,0,1
6,500,0,1,0,1,1,1,0,1256890,1257390,0,1
6,383,1,0,1,0,2,0,1,1260156,1260539,0,1
6,450,1,0,1,0,2,1,0,1263455,1263905,0,1
6,533,0,1,0,1,0,0,1,1266754,1267287,0,1
6,516,0,1,0,1,0,1,0,1269903,1270419,0,1
6,600,1,0,1,0,0,1,0,1273401,1274001,0,1
7,500,1,0,1,0,2,0,1,20346,20846,0,1
7,1083,0,1,0,1,2,1,0,23395,24478,0,1
7,900,0,1,0,1,1,0,1,27210,28110,0,1
7,417,1,0,1,0,2,0,1,30992,31409,0,1
7,867,0,1,0,1,1,0,1,34041,34908,0,1
7,600,0,1,0,1,1,0,1,37557,38157,0,1
7,549,0,1,0,1,1,1,0,41056,41605,0,1
7,550,1,0,1,0,1,0,1,44238,44788,0,1
7,450,1,0,1,0,2,0,1,47387,47837,0,1
7,533,1,0,1,0,0,1,0,50769,51302,0,1
7,683,0,1,0,1,1,1,0,53935,54618,0,1
7,966,0,1,1,0,0,0,1,57267,58233,0,0
7,867,0,1,0,1,2,0,1,60982,61849,0,1
7,750,0,1,0,1,1,1,0,64648,65398,0,1
7,833,0,1,0,1,2,1,0,68280,69113,0,1
7,550,1,0,1,0,1,0,1,72112,72662,0,1
7,734,0,1,0,1,0,0,1,75344,76078,0,1
7,616,0,1,0,1,0,1,0,78927,79543,0,1
7,617,0,1,0,1,1,1,0,82092,82709,0,1
7,516,1,0,1,0,2,0,1,85358,85874,0,1
7,517,1,0,1,0,2,0,1,88440,88957,0,1
7,566,1,0,1,0,1,0,1,91556,92122,0,1
7,533,1,0,1,0,2,1,0,94705,95238,0,1
7,500,1,0,1,0,2,0,1,98037,98537,0,1
7,566,0,1,0,1,0,1,0,101286,101852,0,1
7,800,0,1,0,1,2,0,1,104435,105235,0,1
7,833,0,1,0,1,2,0,1,108067,108900,0,1
7,950,0,1,0,1,1,1,0,111616,112566,0,1
7,700,1,0,1,0,2,0,1,115165,115865,0,1
7,433,1,0,1,0,2,1,0,118830,119263,0,1
7,500,0,1,1,0,0,1,0,122162,122662,0,0
7,750,0,1,0,1,0,0,1,125628,126378,0,1
7,650,0,1,0,1,2,1,0,129393,130043,0,1
7,566,1,0,1,0,2,0,1,133009,133575,0,1
7,666,0,1,0,1,1,1,0,136408,137074,0,1
7,483,1,0,1,0,2,0,1,139790,140273,0,1
7,567,1,0,1,0,1,1,0,142839,143406,0,1
7,617,0,1,1,0,2,1,0,146371,146988,0,0
7,617,1,0,1,0,1,1,0,149720,150337,0,1
7,550,1,0,1,0,0,1,0,152919,153469,0,1
7,533,1,0,1,0,2,1,0,156101,156634,0,1
7,566,0,1,0,1,1,0,1,159367,159933,0,1
7,766,0,1,0,1,0,1,0,162916,163682,0,1
7,500,0,1,0,1,0,1,0,166631,167131,0,1
7,850,1,0,1,0,0,1,0,170047,170897,0,1
7,549,1,0,1,0,0,0,1,173496,174045,0,1
7,599,1,0,1,0,2,1,0,176795,177394,0,1
7,650,0,1,0,1,1,1,0,180260,180910,0,1
7,767,0,1,0,1,1,1,0,183542,184309,0,1
7,766,0,1,0,1,0,1,0,187308,188074,0,1
7,766,0,1,0,1,0,0,1,190807,191573,0,1
7,550,0,1,0,1,0,0,1,194122,194672,0,1
7,1100,1,0,1,0,0,0,1,197421,198521,0,1
7,700,0,1,0,1,0,1,0,201503,202203,0,1
7,967,0,1,1,0,2,1,0,204885,205852,0,0
7,567,1,0,1,0,2,1,0,208517,209084,0,1
7,633,1,0,1,0,2,1,0,211750,212383,0,1
7,750,0,1,0,1,1,0,1,215082,215832,0,1
7,750,1,0,1,0,1,1,0,218464,219214,0,1
7,750,0,1,0,1,1,0,1,222080,222830,0,1
7,683,0,1,0,1,1,0,1,225412,226095,0,1
7,600,0,1,0,1,1,0,1,228694,229294,0,1
7,716,1,0,1,0,0,0,1,231877,232593,0,1
7,466,1,0,1,0,2,0,1,235409,235875,0,1
7,534,1,0,1,0,1,1,0,238624,239158,0,1
7,1299,0,0,0,1,0,1,0,241807,243106,1,NaN
7,650,1,0,1,0,2,1,0,245872,246522,0,1
7,650,0,1,0,1,1,0,1,249054,249704,0,1
7,716,0,1,0,1,2,0,1,252520,253236,0,1
7,816,0,1,0,1,1,1,0,256152,256968,0,1
7,867,0,1,0,1,0,0,1,259817,260684,0,1
7,750,0,1,0,1,1,0,1,263666,264416,0,1
7,600,1,0,1,0,2,0,1,285012,285612,0,1
7,500,1,0,1,0,2,0,1,288444,288944,0,1
7,716,0,1,0,1,1,1,0,291743,292459,0,1
7,583,0,1,0,1,0,1,0,295442,296025,0,1
7,650,0,1,0,1,1,0,1,298557,299207,0,1
7,700,0,1,1,0,0,1,0,301923,302623,0,0
7,533,1,0,1,0,2,0,1,305172,305705,0,1
7,667,0,1,0,1,1,1,0,308404,309071,0,1
7,983,1,0,0,1,0,0,1,311953,312936,0,0
7,783,0,1,0,1,0,0,1,315802,316585,0,1
7,600,0,1,0,1,1,0,1,319251,319851,0,1
7,767,1,0,1,0,0,1,0,322816,323583,0,1
7,616,0,1,0,1,1,0,1,326465,327081,0,1
7,500,1,0,1,0,2,0,1,330014,330514,0,1
7,616,0,1,0,1,2,1,0,333313,333929,0,1
7,550,1,0,1,0,0,0,1,336695,337245,0,1
7,467,1,0,1,0,0,1,0,340077,340544,0,1
7,550,1,0,1,0,2,1,0,343376,343926,0,1
7,600,0,1,0,1,2,0,1,346925,347525,0,1
7,367,1,0,1,0,2,0,1,350307,350674,0,1
7,767,1,0,0,1,1,0,1,353256,354023,0,0
7,549,1,0,1,0,2,1,0,356972,357521,0,1
7,833,1,0,0,1,2,0,1,360154,360987,0,0
7,950,0,1,1,0,0,1,0,363836,364786,0,0
7,533,1,0,1,0,0,0,1,367352,367885,0,1
7,550,1,0,1,0,0,0,1,370684,371234,0,1
7,550,1,0,1,0,0,1,0,374033,374583,0,1
7,683,0,1,0,1,0,1,0,377165,377848,0,1
7,617,0,1,0,1,1,0,1,380597,381214,0,1
7,700,0,1,0,1,1,0,1,383913,384613,0,1
7,733,0,1,0,1,2,1,0,387612,388345,0,1
7,500,1,0,1,0,2,0,1,391294,391794,0,1
7,616,1,0,1,0,2,0,1,394743,395359,0,1
7,583,1,0,1,0,0,0,1,398042,398625,0,1
7,833,1,0,0,1,2,1,0,401657,402490,0,0
7,716,1,0,1,0,0,0,1,405023,405739,0,1
7,516,1,0,1,0,2,0,1,408555,409071,0,1
7,866,0,1,0,1,1,1,0,411837,412703,0,1
7,733,0,1,0,1,1,0,1,415369,416102,0,1
7,516,0,1,0,1,1,1,0,418985,419501,0,1
7,567,1,0,1,0,0,1,0,422050,422617,0,1
7,467,1,0,1,0,2,0,1,425499,425966,0,1
7,567,0,1,0,1,2,0,1,428831,429398,0,1
7,583,1,0,1,0,2,1,0,432147,432730,0,1
7,816,0,1,0,1,1,0,1,435513,436329,0,1
7,783,0,1,0,1,1,1,0,438878,439661,0,1
7,600,1,0,1,0,0,0,1,442477,443077,0,1
7,633,0,1,0,1,1,1,0,446026,446659,0,1
7,583,0,1,0,1,1,0,1,449591,450174,0,1
7,716,0,1,0,1,0,1,0,452724,453440,0,1
7,666,0,1,0,1,1,1,0,456006,456672,0,1
7,633,0,1,0,1,1,1,0,459488,460121,0,1
7,549,1,0,1,0,0,1,0,462954,463503,0,1
7,667,0,1,1,0,2,1,0,466469,467136,0,0
7,483,1,0,1,0,1,0,1,470051,470534,0,1
7,467,1,0,1,0,2,0,1,473150,473617,0,1
7,600,0,1,0,1,1,1,0,476616,477216,0,1
7,1017,1,0,1,0,0,1,0,480081,481098,0,1
7,550,1,0,1,0,1,1,0,483863,484413,0,1
7,666,1,0,1,0,2,0,1,487296,487962,0,1
7,600,0,1,0,1,0,0,1,490578,491178,0,1
7,500,1,0,1,0,0,0,1,493910,494410,0,1
7,616,1,0,1,0,0,1,0,497176,497792,0,1
7,433,1,0,1,0,2,1,0,500375,500808,0,1
7,516,1,0,1,0,0,0,1,503424,503940,0,1
7,634,0,1,0,1,1,1,0,506872,507506,0,1
7,566,1,0,1,0,1,0,1,510555,511121,0,1
7,616,1,0,1,0,0,1,0,513787,514403,0,1
7,617,1,0,1,0,0,0,1,517119,517736,0,1
7,983,0,1,0,1,2,1,0,520751,521734,0,1
7,767,1,0,1,0,0,1,0,524583,525350,0,1
7,600,0,1,0,1,1,0,1,528149,528749,0,1
7,667,1,0,1,0,0,1,0,531481,532148,0,1
7,416,1,0,1,0,2,0,1,553674,554090,0,1
7,566,1,0,1,0,1,1,0,556656,557222,0,1
7,666,0,1,0,1,0,0,1,559905,560571,0,1
7,417,1,0,1,0,2,0,1,563220,563637,0,1
7,566,0,1,0,1,1,1,0,566353,566919,0,1
7,600,0,1,0,1,0,0,1,569868,570468,0,1
7,766,0,1,0,1,2,0,1,573184,573950,0,1
7,867,0,1,0,1,1,0,1,576566,577433,0,1
7,633,1,0,1,0,1,0,1,579982,580615,0,1
7,533,0,1,0,1,2,0,1,583447,583980,0,1
7,616,1,0,1,0,2,1,0,586530,587146,0,1
7,584,0,1,0,1,1,1,0,589828,590412,0,1
7,500,1,0,1,0,1,1,0,592961,593461,0,1
7,550,0,1,0,1,2,1,0,596493,597043,0,1
7,633,0,1,0,1,2,1,0,599792,600425,0,1
7,633,1,0,1,0,1,0,1,603424,604057,0,1
7,750,0,1,0,1,0,0,1,606706,607456,0,1
7,733,1,0,1,0,1,1,0,610272,611005,0,1
7,649,1,0,0,1,0,0,1,613821,614470,0,0
7,783,1,0,1,0,1,0,1,617036,617819,0,1
7,749,0,1,0,1,1,0,1,620502,621251,0,1
7,550,1,0,1,0,0,0,1,624067,624617,0,1
7,550,1,0,1,0,2,1,0,627533,628083,0,1
7,467,1,0,1,0,0,0,1,630798,631265,0,1
7,750,0,1,0,1,1,0,1,634197,634947,0,1
7,766,0,1,0,1,0,0,1,637913,638679,0,1
7,583,1,0,1,0,0,0,1,641528,642111,0,1
7,734,0,1,0,1,0,0,1,644810,645544,0,1
7,683,0,1,0,1,0,0,1,648443,649126,0,1
7,550,0,1,0,1,0,1,0,651808,652358,0,1
7,700,0,1,1,0,0,1,0,655024,655724,0,0
7,566,1,0,1,0,1,1,0,658406,658972,0,1
7,733,0,1,0,1,2,0,1,661688,662421,0,1
7,533,1,0,1,0,0,0,1,665304,665837,0,1
7,600,0,1,0,1,0,1,0,668669,669269,0,1
7,600,1,0,1,0,1,0,1,672185,672785,0,1
7,600,1,0,1,0,2,0,1,675400,676000,0,1
7,466,1,0,1,0,2,0,1,678666,679132,0,1
7,583,0,1,0,1,0,1,0,681932,682515,0,1
7,750,1,0,1,0,2,1,0,685530,686280,0,1
7,666,0,1,0,1,2,0,1,688946,689612,0,1
7,616,1,0,1,0,1,1,0,692495,693111,0,1
7,666,0,1,1,0,2,0,1,695744,696410,0,0
7,516,1,0,1,0,1,0,1,699043,699559,0,1
7,916,1,0,1,0,0,1,0,702275,703191,0,1
7,600,1,0,1,0,2,1,0,705840,706440,0,1
7,550,1,0,1,0,0,1,0,709472,710022,0,1
7,1167,0,1,1,0,1,1,0,712721,713888,0,0
7,800,0,1,0,1,1,0,1,716753,717553,0,1
7,633,0,1,0,1,1,1,0,720286,720919,0,1
7,599,0,1,0,1,0,0,1,723485,724084,0,1
7,566,0,1,0,1,0,1,0,726917,727483,0,1
7,600,1,0,1,0,1,1,0,730382,730982,0,1
7,616,0,1,0,1,0,0,1,733565,734181,0,1
7,600,0,1,0,1,0,0,1,737047,737647,0,1
7,583,0,1,0,1,1,0,1,740396,740979,0,1
7,566,0,1,1,0,2,0,1,743545,744111,0,0
7,650,1,0,1,0,1,0,1,746760,747410,0,1
7,749,1,0,1,0,2,1,0,750043,750792,0,1
7,617,1,0,1,0,0,0,1,753641,754258,0,1
7,599,1,0,1,0,2,1,0,757224,757823,0,1
7,434,1,0,1,0,2,0,1,760522,760956,0,1
7,833,0,1,0,1,0,0,1,763821,764654,0,1
7,583,0,1,0,1,2,1,0,767320,767903,0,1
7,500,1,0,1,0,2,0,1,770702,771202,0,1
7,400,0,1,0,1,1,1,0,774051,774451,0,1
7,616,1,0,1,0,0,1,0,777317,777933,0,1
7,617,0,1,0,1,0,0,1,780549,781166,0,1
7,767,0,1,1,0,2,1,0,784031,784798,0,0
7,717,0,1,0,1,1,1,0,787380,788097,0,1
7,584,1,0,1,0,2,1,0,790762,791346,0,1
7,1300,0,0,1,0,1,1,0,794111,795411,1,NaN
7,633,1,0,1,0,1,0,1,798527,799160,0,1
7,600,0,1,0,1,1,1,0,818739,819339,0,1
7,583,0,1,1,0,1,1,0,821888,822471,0,0
7,400,1,0,1,0,2,1,0,825420,825820,0,1
7,367,1,0,1,0,2,0,1,828552,828919,0,1
7,483,1,0,1,0,2,0,1,831468,831951,0,1
7,450,0,1,0,1,1,1,0,834867,835317,0,1
7,450,0,1,0,1,1,1,0,838333,838783,0,1
7,550,0,1,0,1,0,0,1,841448,841998,0,1
7,466,0,1,0,1,1,1,0,844764,845230,0,1
7,500,0,1,0,1,0,0,1,847796,848296,0,1
7,533,0,1,0,1,2,0,1,851095,851628,0,1
7,499,0,1,0,1,1,0,1,854511,855010,0,1
7,433,0,1,0,1,1,0,1,857643,858076,0,1
7,466,1,0,1,0,0,1,0,860892,861358,0,1
7,583,0,1,0,1,2,0,1,864274,864857,0,1
7,483,1,0,1,0,2,1,0,867790,868273,0,1
7,467,1,0,1,0,2,1,0,871055,871522,0,1
7,550,0,1,0,1,1,1,0,874071,874621,0,1
7,650,0,1,0,1,0,1,0,877436,878086,0,1
7,566,1,0,1,0,2,1,0,880819,881385,0,1
7,666,0,1,1,0,2,1,0,883968,884634,0,0
7,584,0,1,0,1,0,0,1,887516,888100,0,1
7,667,1,0,1,0,2,0,1,890682,891349,0,1
7,867,0,1,0,1,2,1,0,894164,895031,0,1
7,650,0,1,0,1,0,1,0,897946,898596,0,1
7,584,1,0,1,0,1,0,1,901145,901729,0,1
7,416,0,1,0,1,1,1,0,904478,904894,0,1
7,549,0,1,0,1,2,1,0,907527,908076,0,1
7,533,0,1,1,0,1,1,0,911059,911592,0,0
7,550,1,0,1,0,1,0,1,914258,914808,0,1
7,499,0,1,0,1,2,0,1,917557,918056,0,1
7,533,1,0,1,0,2,0,1,920889,921422,0,1
7,600,0,1,0,1,0,1,0,924404,925004,0,1
7,483,1,0,1,0,1,1,0,928003,928486,0,1
7,467,0,1,0,1,1,1,0,931302,931769,0,1
7,617,0,1,0,1,1,0,1,934334,934951,0,1
7,433,0,1,0,1,1,1,0,937767,938200,0,1
7,966,0,1,1,0,2,1,0,940749,941715,0,0
7,700,0,1,0,1,1,0,1,944681,945381,0,1
7,400,1,0,1,0,2,0,1,948330,948730,0,1
7,567,0,1,0,1,2,1,0,951412,951979,0,1
7,667,0,1,0,1,0,0,1,954561,955228,0,1
7,466,0,1,0,1,1,1,0,957827,958293,0,1
7,616,1,0,1,0,0,1,0,961009,961625,0,1
7,583,0,1,0,1,0,1,0,964275,964858,0,1
7,567,0,1,0,1,0,0,1,967540,968107,0,1
7,583,0,1,0,1,0,0,1,970939,971522,0,1
7,550,0,1,0,1,1,1,0,974105,974655,0,1
7,516,0,1,0,1,0,1,0,977254,977770,0,1
7,600,1,0,1,0,0,0,1,980786,981386,0,1
7,517,0,1,0,1,0,1,0,984201,984718,0,1
7,516,1,0,1,0,2,1,0,987284,987800,0,1
7,716,1,0,1,0,1,1,0,990583,991299,0,1
7,717,0,1,0,1,1,0,1,994231,994948,0,1
7,1183,0,1,0,1,1,0,1,997880,999063,0,1
7,550,0,1,0,1,2,1,0,1001629,1002179,0,1
7,533,1,0,1,0,0,0,1,1005128,1005661,0,1
7,500,0,1,0,1,1,0,1,1008210,1008710,0,1
7,434,1,0,1,0,2,1,0,1011392,1011826,0,1
7,384,0,1,0,1,1,0,1,1014441,1014825,0,1
7,533,0,1,0,1,0,1,0,1017724,1018257,0,1
7,566,0,1,0,1,0,0,1,1021273,1021839,0,1
7,583,0,1,0,1,1,0,1,1024605,1025188,0,1
7,350,1,0,1,0,2,0,1,1028204,1028554,0,1
7,549,0,1,0,1,1,1,0,1031453,1032002,0,1
7,717,0,1,0,1,0,1,0,1034901,1035618,0,1
7,567,1,0,1,0,2,1,0,1038600,1039167,0,1
7,584,1,0,1,0,2,1,0,1041982,1042566,0,1
7,434,1,0,1,0,2,1,0,1045131,1045565,0,1
7,349,0,1,0,1,1,0,1,1048564,1048913,0,1
7,483,1,0,1,0,2,1,0,1051613,1052096,0,1
7,583,1,0,1,0,0,1,0,1054878,1055461,0,1
7,567,0,1,0,1,1,0,1,1058060,1058627,0,1
7,633,0,1,0,1,1,1,0,1075700,1076333,0,1
7,450,1,0,1,0,2,1,0,1078982,1079432,0,1
7,467,1,0,1,0,2,1,0,1082364,1082831,0,1
7,500,1,0,1,0,1,0,1,1085880,1086380,0,1
7,367,1,0,1,0,2,1,0,1089395,1089762,0,1
7,567,1,0,1,0,0,0,1,1092494,1093061,0,1
7,484,0,1,0,1,1,1,0,1095676,1096160,0,1
7,583,0,1,1,0,0,0,1,1098809,1099392,0,0
7,517,1,0,1,0,2,0,1,1102074,1102591,0,1
7,400,1,0,0,1,2,1,0,1105290,1105690,0,0
7,900,0,1,1,0,0,1,0,1108439,1109339,0,0
7,684,0,1,1,0,0,0,1,1112054,1112738,0,0
7,617,0,1,0,1,1,0,1,1115653,1116270,0,1
7,467,1,0,1,0,0,1,0,1119252,1119719,0,1
7,433,1,0,1,0,0,1,0,1122668,1123101,0,1
7,416,1,0,1,0,0,0,1,1126050,1126466,0,1
7,467,1,0,1,0,1,1,0,1129432,1129899,0,1
7,433,1,0,1,0,2,1,0,1132448,1132881,0,1
7,500,1,0,1,0,0,1,0,1135463,1135963,0,1
7,417,1,0,1,0,0,0,1,1138779,1139196,0,1
7,616,1,0,0,1,1,1,0,1141828,1142444,0,0
7,983,0,1,0,1,2,0,1,1145027,1146010,0,1
7,800,0,1,0,1,0,1,0,1148909,1149709,0,1
7,717,0,1,0,1,2,0,1,1152591,1153308,0,1
7,584,0,1,0,1,0,0,1,1155923,1156507,0,1
7,617,1,0,1,0,0,0,1,1159222,1159839,0,1
7,500,1,0,1,0,0,0,1,1162804,1163304,0,1
7,683,1,0,1,0,2,1,0,1165937,1166620,0,1
7,699,0,1,0,1,1,0,1,1169386,1170085,0,1
7,783,0,1,0,1,1,1,0,1172751,1173534,0,1
7,716,1,0,0,1,2,0,1,1176467,1177183,0,0
7,650,0,1,0,1,0,0,1,1179915,1180565,0,1
7,550,1,0,1,0,2,1,0,1183514,1184064,0,1
7,550,0,1,0,1,0,1,0,1186763,1187313,0,1
7,550,0,1,0,1,2,0,1,1190162,1190712,0,1
7,483,1,0,1,0,2,1,0,1193611,1194094,0,1
7,417,1,0,1,0,0,0,1,1197043,1197460,0,1
7,533,0,1,0,1,2,1,0,1200059,1200592,0,1
7,484,1,0,1,0,2,0,1,1203274,1203758,0,1
7,750,0,1,0,1,0,1,0,1206640,1207390,0,1
7,367,1,0,1,0,0,0,1,1210072,1210439,0,1
7,466,0,1,0,1,0,0,1,1213188,1213654,0,1
7,483,1,0,1,0,2,0,1,1216437,1216920,0,1
7,650,0,1,1,0,0,1,0,1219586,1220236,0,0
7,616,0,1,0,1,1,0,1,1222835,1223451,0,1
7,534,0,1,0,1,1,1,0,1226483,1227017,0,1
7,567,1,0,1,0,0,1,0,1229632,1230199,0,1
7,466,0,1,1,0,1,0,1,1233115,1233581,0,0
7,600,0,1,0,1,2,1,0,1236613,1237213,0,1
7,500,0,1,0,1,0,1,0,1240196,1240696,0,1
7,500,1,0,1,0,2,0,1,1243278,1243778,0,1
7,716,0,1,0,1,1,1,0,1246777,1247493,0,1
7,466,0,1,0,1,2,1,0,1250476,1250942,0,1
7,433,0,1,1,0,0,1,0,1253591,1254024,0,0
7,400,0,1,0,1,1,0,1,1257057,1257457,0,1
7,434,1,0,1,0,2,0,1,1260372,1260806,0,1
7,683,1,0,0,1,0,1,0,1263638,1264321,0,0
7,583,0,1,0,1,0,1,0,1266887,1267470,0,1
7,583,1,0,1,0,2,0,1,1270336,1270919,0,1
7,550,1,0,1,0,1,0,1,1273618,1274168,0,1
7,449,0,1,0,1,1,0,1,1276934,1277383,0,1
7,416,0,1,0,1,1,0,1,1279933,1280349,0,1
7,517,1,0,1,0,0,0,1,1283098,1283615,0,1
7,417,1,0,1,0,2,0,1,1286397,1286814,0,1
7,517,1,0,1,0,1,0,1,1289446,1289963,0,1
7,717,0,1,0,1,0,1,0,1292645,1293362,0,1
7,800,0,1,0,1,0,1,0,1295944,1296744,0,1
7,483,1,0,1,0,2,1,0,1299693,1300176,0,1
7,534,0,1,0,1,1,1,0,1302758,1303292,0,1
8,816,1,0,0,1,1,0,1,9555,10371,0,0
8,650,1,0,1,0,1,1,0,13287,13937,0,1
8,516,1,0,1,0,2,0,1,16653,17169,0,1
8,650,1,0,1,0,0,0,1,19718,20368,0,1
8,616,1,0,1,0,0,1,0,23084,23700,0,1
8,717,1,0,1,0,0,0,1,26599,27316,0,1
8,566,1,0,1,0,0,1,0,30265,30831,0,1
8,633,1,0,1,0,1,0,1,33514,34147,0,1
8,533,1,0,1,0,2,0,1,36796,37329,0,1
8,634,1,0,1,0,2,1,0,40311,40945,0,1
8,700,0,1,0,1,2,1,0,43644,44344,0,1
8,850,1,0,1,0,2,1,0,47159,48009,0,1
8,884,1,0,1,0,0,1,0,50641,51525,0,1
8,649,1,0,0,1,1,1,0,54074,54723,0,0
8,666,0,1,0,1,2,0,1,57323,57989,0,1
8,650,1,0,1,0,0,1,0,60721,61371,0,1
8,683,1,0,1,0,1,1,0,64154,64837,0,1
8,733,1,0,0,1,0,1,0,67669,68402,0,0
8,600,0,1,0,1,0,1,0,71268,71868,0,1
8,766,1,0,1,0,2,0,1,74684,75450,0,1
8,700,0,1,0,1,0,0,1,78432,79132,0,1
8,749,0,1,0,1,0,0,1,81665,82414,0,1
8,600,0,1,0,1,1,0,1,85013,85613,0,1
8,716,0,1,1,0,0,0,1,88296,89012,0,0
8,733,0,1,0,1,1,0,1,91861,92594,0,1
8,550,0,1,0,1,1,0,1,95560,96110,0,1
8,916,0,1,0,1,1,0,1,98876,99792,0,1
8,650,1,0,1,0,2,0,1,102574,103224,0,1
8,617,0,1,0,1,2,1,0,106073,106690,0,1
8,550,0,1,1,0,0,1,0,109472,110022,0,0
8,833,1,0,0,1,2,0,1,112921,113754,0,0
8,733,0,1,0,1,1,1,0,116470,117203,0,1
8,717,1,0,1,0,0,1,0,119752,120469,0,1
8,583,1,0,1,0,2,0,1,123084,123667,0,1
8,867,0,1,0,1,1,0,1,126633,127500,0,1
8,650,0,1,0,1,1,1,0,130365,131015,0,1
8,650,0,1,0,1,1,1,0,134014,134664,0,1
8,983,1,0,1,0,0,1,0,137530,138513,0,1
8,583,1,0,1,0,2,0,1,141295,141878,0,1
8,833,1,0,1,0,2,0,1,144644,145477,0,1
8,833,0,1,1,0,2,1,0,148126,148959,0,0
8,1016,0,1,0,1,0,0,1,151625,152641,0,1
8,600,1,0,1,0,0,1,0,155257,155857,0,1
8,866,0,1,0,1,0,0,1,158856,159722,0,1
8,600,1,0,1,0,0,1,0,162388,162988,0,1
8,750,1,0,0,1,2,0,1,165570,166320,0,0
8,650,1,0,1,0,2,0,1,168869,169519,0,1
8,533,1,0,1,0,2,1,0,172535,173068,0,1
8,783,1,0,1,0,0,0,1,175717,176500,0,1
8,600,0,1,0,1,1,0,1,179066,179666,0,1
8,633,0,1,0,1,1,0,1,182282,182915,0,1
8,867,0,1,0,1,0,0,1,185880,186747,0,1
8,650,1,0,1,0,2,1,0,189629,190279,0,1
8,563,0,1,0,1,1,1,0,192865,193428,0,1
8,583,1,0,1,0,0,1,0,196444,197027,0,1
8,700,0,1,0,1,2,0,1,200042,200742,0,1
8,850,0,1,1,0,1,1,0,203758,204608,0,0
8,567,1,0,1,0,0,0,1,207473,208040,0,1
8,583,0,1,0,1,1,1,0,211056,211639,0,1
8,933,1,0,1,0,0,1,0,214471,215404,0,1
8,650,0,1,0,1,0,1,0,217970,218620,0,1
8,466,0,1,0,1,1,1,0,221286,221752,0,1
8,433,0,1,0,1,0,1,0,224718,225151,0,1
8,433,1,0,1,0,2,0,1,227700,228133,0,1
8,816,0,1,0,1,2,1,0,231116,231932,0,1
8,483,0,1,0,1,1,1,0,234548,235031,0,1
8,400,0,1,0,1,2,1,0,237947,238347,0,1
8,516,1,0,1,0,0,0,1,241146,241662,0,1
8,650,0,1,0,1,2,0,1,244661,245311,0,1
8,666,0,1,0,1,1,0,1,248077,248743,0,1
8,666,0,1,0,1,1,0,1,251709,252375,0,1
8,633,1,0,1,0,1,0,1,255341,255974,0,1
8,766,0,1,0,1,2,0,1,270857,271623,0,1
8,649,1,0,1,0,0,0,1,274356,275005,0,1
8,750,1,0,0,1,1,0,1,277588,278338,0,0
8,616,1,0,1,0,1,0,1,281287,281903,0,1
8,600,0,1,1,0,1,1,0,284519,285119,0,0
8,550,0,1,0,1,2,1,0,287651,288201,0,1
8,783,0,1,0,1,2,0,1,291117,291900,0,1
8,500,0,1,0,1,0,0,1,294599,295099,0,1
8,550,0,1,0,1,1,1,0,297748,298298,0,1
8,550,0,1,0,1,1,1,0,301097,301647,0,1
8,400,0,1,1,0,1,1,0,304562,304962,0,0
8,867,1,0,0,1,0,1,0,307578,308445,0,0
8,649,0,1,0,1,1,0,1,311044,311693,0,1
8,1050,0,1,0,1,0,1,0,314592,315642,0,1
8,650,0,1,0,1,0,1,0,318608,319258,0,1
8,900,0,1,1,0,1,0,1,322090,322990,0,0
8,500,1,0,1,0,2,0,1,325755,326255,0,1
8,700,0,1,0,1,0,1,0,329221,329921,0,1
8,550,1,0,1,0,0,1,0,332503,333053,0,1
8,517,1,0,1,0,2,0,1,335985,336502,0,1
8,533,1,0,1,0,2,1,0,339534,340067,0,1
8,550,1,0,1,0,1,0,1,342683,343233,0,1
8,700,1,0,1,0,0,1,0,346215,346915,0,1
8,533,1,0,1,0,0,0,1,349931,350464,0,1
8,483,1,0,1,0,2,0,1,353413,353896,0,1
8,450,1,0,0,1,1,0,1,356712,357162,0,0
8,516,0,1,1,0,2,1,0,360011,360527,0,0
8,567,1,0,1,0,2,0,1,363326,363893,0,1
8,734,1,0,0,1,1,0,1,366625,367359,0,0
8,466,0,1,0,1,1,0,1,370308,370774,0,1
8,717,1,0,1,0,2,0,1,373606,374323,0,1
8,616,0,1,0,1,2,1,0,377322,377938,0,1
8,583,1,0,1,0,0,0,1,380604,381187,0,1
8,750,0,1,0,1,2,0,1,383720,384470,0,1
8,683,0,1,0,1,1,1,0,387152,387835,0,1
8,500,1,0,1,0,2,0,1,390401,390901,0,1
8,550,0,1,0,1,1,1,0,393633,394183,0,1
8,466,0,1,0,1,1,1,0,397149,397615,0,1
8,550,1,0,1,0,2,1,0,400348,400898,0,1
8,633,0,1,0,1,2,0,1,403447,404080,0,1
8,817,0,1,0,1,0,1,0,406812,407629,0,1
8,650,0,1,1,0,2,1,0,410594,411244,0,0
8,449,1,0,1,0,2,0,1,413827,414276,0,1
8,533,0,1,0,1,1,1,0,416826,417359,0,1
8,583,0,1,0,1,1,0,1,419891,420474,0,1
8,633,0,1,0,1,0,0,1,423090,423723,0,1
8,566,0,1,0,1,0,1,0,426756,427322,0,1
8,683,0,1,1,0,2,1,0,430321,431004,0,0
8,783,1,0,1,0,2,0,1,433620,434403,0,1
8,483,1,0,1,0,2,0,1,437302,437785,0,1
8,633,0,1,1,0,2,0,1,440601,441234,0,0
8,899,0,1,1,0,0,1,0,443767,444666,0,0
8,567,0,1,0,1,2,0,1,447665,448232,0,1
8,667,1,0,1,0,2,1,0,451214,451881,0,1
8,633,0,1,0,1,0,0,1,454447,455080,0,1
8,566,0,1,0,1,0,0,1,457979,458545,0,1
8,584,1,0,1,0,0,0,1,461144,461728,0,1
8,533,1,0,1,0,1,1,0,464393,464926,0,1
8,583,1,0,1,0,0,0,1,467892,468475,0,1
8,650,0,1,0,1,1,0,1,471324,471974,0,1
8,583,1,0,1,0,0,0,1,474857,475440,0,1
8,600,0,1,0,1,2,1,0,477989,478589,0,1
8,650,0,1,0,1,1,0,1,481521,482171,0,1
8,667,1,0,1,0,0,0,1,484903,485570,0,1
8,583,1,0,1,0,2,1,0,488169,488752,0,1
8,633,1,0,1,0,0,0,1,491601,492234,0,1
8,600,0,1,0,1,0,1,0,495000,495600,0,1
8,584,1,0,1,0,2,0,1,498265,498849,0,1
8,500,0,1,0,1,1,1,0,501664,502164,0,1
8,617,1,0,1,0,2,1,0,504763,505380,0,1
8,499,1,0,1,0,2,0,1,508146,508645,0,1
8,583,0,1,0,1,0,1,0,511445,512028,0,1
8,650,0,1,0,1,1,0,1,514710,515360,0,1
8,650,0,1,0,1,1,1,0,526216,526866,0,1
8,584,0,1,0,1,1,1,0,529781,530365,0,1
8,617,0,1,0,1,1,1,0,533330,533947,0,1
8,433,1,0,1,0,2,0,1,536779,537212,0,1
8,567,1,0,1,0,2,0,1,539978,540545,0,1
8,583,1,0,1,0,1,1,0,543527,544110,0,1
8,633,0,1,0,1,1,0,1,546793,547426,0,1
8,600,1,0,1,0,2,0,1,550041,550641,0,1
8,667,0,1,0,1,0,0,1,553590,554257,0,1
8,600,1,0,1,0,1,1,0,556806,557406,0,1
8,567,1,0,1,0,0,0,1,560288,560855,0,1
8,600,1,0,1,0,2,1,0,563420,564020,0,1
8,583,0,1,1,0,2,1,0,566753,567336,0,0
8,550,0,1,0,1,1,0,1,570168,570718,0,1
8,650,0,1,0,1,2,0,1,573700,574350,0,1
8,700,0,1,1,0,2,1,0,576999,577699,0,0
8,583,1,0,1,0,2,1,0,580332,580915,0,1
8,617,0,1,0,1,2,0,1,583797,584414,0,1
8,666,1,0,1,0,2,1,0,587196,587862,0,1
8,650,1,0,1,0,2,0,1,590878,591528,0,1
8,866,1,0,1,0,2,0,1,594094,594960,0,1
8,950,0,1,1,0,0,1,0,597609,598559,0,0
8,584,1,0,1,0,2,1,0,601141,601725,0,1
8,650,0,1,0,1,1,1,0,604657,605307,0,1
8,566,1,0,1,0,1,1,0,608256,608822,0,1
8,567,1,0,1,0,2,0,1,611721,612288,0,1
8,533,0,1,0,1,0,1,0,615287,615820,0,1
8,616,1,0,1,0,2,1,0,618736,619352,0,1
8,900,1,0,0,1,1,1,0,622168,623068,0,0
8,683,1,0,1,0,2,0,1,625650,626333,0,1
8,633,0,1,0,1,0,0,1,629232,629865,0,1
8,583,1,0,1,0,0,0,1,632748,633331,0,1
8,767,0,1,0,1,0,0,1,636113,636880,0,1
8,649,1,0,1,0,1,0,1,639729,640378,0,1
8,650,1,0,1,0,1,0,1,643277,643927,0,1
8,683,0,1,0,1,1,0,1,646693,647376,0,1
8,717,0,1,0,1,2,0,1,649975,650692,0,1
8,650,0,1,0,1,1,0,1,653374,654024,0,1
8,550,0,1,0,1,0,1,0,656873,657423,0,1
8,483,0,1,1,0,2,1,0,660322,660805,0,0
8,467,1,0,1,0,1,0,1,663604,664071,0,1
8,634,1,0,1,0,2,1,0,666686,667320,0,1
8,583,1,0,1,0,0,1,0,670302,670885,0,1
8,700,0,1,0,1,1,0,1,673801,674501,0,1
8,617,0,1,1,0,0,0,1,677316,677933,0,0
8,516,1,0,1,0,0,0,1,680549,681065,0,1
8,700,0,1,0,1,1,1,0,684047,684747,0,1
8,499,0,1,0,1,1,0,1,687680,688179,0,1
8,566,1,0,1,0,2,0,1,690929,691495,0,1
8,550,1,0,1,0,2,1,0,694127,694677,0,1
8,583,1,0,1,0,2,1,0,697510,698093,0,1
8,783,1,0,1,0,0,1,0,700775,701558,0,1
8,700,1,0,1,0,0,0,1,704291,704991,0,1
8,617,1,0,1,0,1,0,1,707656,708273,0,1
8,650,0,1,0,1,0,1,0,710972,711622,0,1
8,566,1,0,1,0,0,0,1,714171,714737,0,1
8,833,0,1,0,1,1,0,1,717453,718286,0,1
8,766,1,0,1,0,1,0,1,721069,721835,0,1
8,600,0,1,0,1,0,1,0,724751,725351,0,1
8,683,0,1,0,1,1,1,0,728366,729049,0,1
8,650,1,0,1,0,0,0,1,731782,732432,0,1
8,683,0,1,0,1,1,0,1,735114,735797,0,1
8,699,1,0,1,0,0,0,1,738630,739329,0,1
8,950,0,1,0,1,0,0,1,742128,743078,0,1
8,600,0,1,0,1,0,0,1,746094,746694,0,1
8,650,1,0,1,0,2,0,1,749676,750326,0,1
8,517,0,1,0,1,0,0,1,752858,753375,0,1
8,517,0,1,1,0,0,1,0,756407,756924,0,0
8,600,0,1,1,0,2,1,0,759939,760539,0,0
8,567,0,1,0,1,0,1,0,763438,764005,0,1
8,783,1,0,1,0,0,0,1,766604,767387,0,1
8,550,0,1,0,1,1,0,1,769969,770519,0,1
8,550,0,1,0,1,0,0,1,773385,773935,0,1
8,850,1,0,1,0,2,0,1,789957,790807,0,1
8,650,0,1,0,1,1,1,0,793556,794206,0,1
8,516,1,0,1,0,2,1,0,797155,797671,0,1
8,484,0,1,0,1,1,1,0,800420,800904,0,1
8,833,1,0,1,0,0,1,0,803653,804486,0,1
8,700,0,1,0,1,0,0,1,807385,808085,0,1
8,750,0,1,0,1,1,1,0,810967,811717,0,1
8,550,0,1,0,1,1,1,0,814682,815232,0,1
8,649,1,0,1,0,1,1,0,818215,818864,0,1
8,783,1,0,1,0,2,1,0,821730,822513,0,1
8,583,1,0,1,0,2,1,0,825446,826029,0,1
8,633,0,1,0,1,0,1,0,828861,829494,0,1
8,767,1,0,1,0,0,1,0,832143,832910,0,1
8,567,0,1,0,1,1,0,1,835792,836359,0,1
8,500,0,1,0,1,0,1,0,839124,839624,0,1
8,633,0,1,0,1,1,0,1,842257,842890,0,1
8,750,1,0,1,0,1,0,1,845639,846389,0,1
8,467,0,1,0,1,1,1,0,849004,849471,0,1
8,500,0,1,0,1,0,0,1,852303,852803,0,1
8,550,0,1,0,1,2,1,0,855452,856002,0,1
8,483,0,1,0,1,2,1,0,858618,859101,0,1
8,533,0,1,0,1,2,1,0,861867,862400,0,1
8,583,1,0,1,0,2,0,1,864966,865549,0,1
8,533,0,1,0,1,1,1,0,868148,868681,0,1
8,583,1,0,1,0,1,1,0,871364,871947,0,1
8,550,0,1,0,1,0,0,1,874579,875129,0,1
8,483,1,0,1,0,0,1,0,878095,878578,0,1
8,500,0,1,0,1,0,1,0,881527,882027,0,1
8,566,0,1,0,1,1,0,1,884793,885359,0,1
8,416,1,0,1,0,2,1,0,887892,888308,0,1
8,417,0,1,0,1,0,1,0,890957,891374,0,1
8,483,0,1,0,1,0,0,1,894256,894739,0,1
8,633,1,0,1,0,0,1,0,897405,898038,0,1
8,450,0,1,1,0,2,1,0,900804,901254,0,0
8,683,1,0,1,0,1,1,0,904253,904936,0,1
8,633,1,0,1,0,1,0,1,907569,908202,0,1
8,450,0,1,0,1,0,0,1,910867,911317,0,1
8,749,0,1,0,1,0,1,0,914250,914999,0,1
8,550,1,0,1,0,1,1,0,917665,918215,0,1
8,683,1,0,1,0,2,0,1,920964,921647,0,1
8,616,0,1,0,1,1,1,0,924563,925179,0,1
8,550,1,0,1,0,2,0,1,927928,928478,0,1
8,783,0,1,0,1,1,1,0,931244,932027,0,1
8,534,1,0,1,0,0,1,0,935009,935543,0,1
8,634,0,1,0,1,0,1,0,938458,939092,0,1
8,583,0,1,1,0,2,0,1,941791,942374,0,0
8,500,1,0,1,0,0,0,1,944973,945473,0,1
8,616,0,1,1,0,1,1,0,948122,948738,0,0
8,633,0,1,1,0,0,1,0,951521,952154,0,0
8,566,0,1,0,1,0,0,1,955120,955686,0,1
8,567,1,0,1,0,2,0,1,958418,958985,0,1
8,816,0,1,0,1,2,1,0,961851,962667,0,1
8,616,1,0,0,1,2,1,0,965683,966299,0,0
8,516,0,1,0,1,1,1,0,969232,969748,0,1
8,600,0,1,0,1,0,1,0,972397,972997,0,1
8,617,0,1,0,1,0,1,0,975679,976296,0,1
8,566,0,1,0,1,1,0,1,979295,979861,0,1
8,483,0,1,0,1,1,0,1,982577,983060,0,1
8,716,1,0,1,0,2,1,0,985743,986459,0,1
8,633,1,0,1,0,2,0,1,989225,989858,0,1
8,617,0,1,0,1,1,0,1,992707,993324,0,1
8,500,0,1,0,1,1,1,0,995973,996473,0,1
8,850,0,1,1,0,0,1,0,999205,1000055,0,0
8,567,0,1,0,1,1,0,1,1002920,1003487,0,1
8,900,0,1,1,0,2,1,0,1006319,1007219,0,0
8,617,0,1,0,1,1,1,0,1010118,1010735,0,1
8,1016,1,0,1,0,1,0,1,1013334,1014350,0,1
8,567,1,0,1,0,2,0,1,1016949,1017516,0,1
8,717,1,0,1,0,0,1,0,1020531,1021248,0,1
8,550,0,1,0,1,2,1,0,1024080,1024630,0,1
8,567,1,0,1,0,1,0,1,1027229,1027796,0,1
8,517,1,0,1,0,0,0,1,1030528,1031045,0,1
8,599,0,1,0,1,1,0,1,1034044,1034643,0,1
8,1050,1,0,1,0,0,1,0,1050019,1051069,0,1
8,766,0,1,0,1,0,1,0,1053968,1054734,0,1
8,1117,0,1,0,1,1,0,1,1057350,1058467,0,1
8,617,1,0,1,0,2,1,0,1061132,1061749,0,1
8,533,1,0,1,0,0,1,0,1064581,1065114,0,1
8,600,0,1,0,1,2,1,0,1067813,1068413,0,1
8,616,1,0,1,0,2,1,0,1070996,1071612,0,1
8,700,1,0,1,0,2,1,0,1074161,1074861,0,1
8,550,0,1,0,1,0,0,1,1077727,1078277,0,1
8,600,1,0,1,0,0,1,0,1081126,1081726,0,1
8,650,0,1,0,1,1,1,0,1084308,1084958,0,1
8,599,0,1,0,1,1,1,0,1087924,1088523,0,1
8,700,0,1,0,1,1,1,0,1091239,1091939,0,1
8,633,1,0,1,0,0,0,1,1094871,1095504,0,1
8,550,0,1,0,1,2,0,1,1098353,1098903,0,1
8,500,1,0,1,0,2,1,0,1101769,1102269,0,1
8,550,0,1,0,1,1,0,1,1104851,1105401,0,1
8,500,0,1,0,1,0,1,0,1107950,1108450,0,1
8,566,0,1,0,1,0,1,0,1111083,1111649,0,1
8,483,0,1,0,1,1,1,0,1114365,1114848,0,1
8,500,0,1,0,1,1,1,0,1117580,1118080,0,1
8,684,1,0,1,0,1,0,1,1120679,1121363,0,1
8,500,1,0,1,0,2,1,0,1124278,1124778,0,1
8,617,0,1,0,1,2,1,0,1127410,1128027,0,1
8,583,0,1,0,1,0,1,0,1130676,1131259,0,1
8,749,0,1,0,1,1,0,1,1134042,1134791,0,1
8,733,0,1,0,1,2,0,1,1137624,1138357,0,1
8,467,0,1,0,1,1,0,1,1141089,1141556,0,1
8,633,1,0,1,0,2,1,0,1144572,1145205,0,1
8,534,1,0,1,0,1,0,1,1147820,1148354,0,1
8,600,0,1,0,1,1,0,1,1151236,1151836,0,1
8,433,1,0,1,0,2,1,0,1154752,1155185,0,1
8,517,1,0,1,0,0,1,0,1157717,1158234,0,1
8,617,1,0,1,0,0,0,1,1160966,1161583,0,1
8,567,1,0,1,0,0,0,1,1164598,1165165,0,1
8,500,0,1,0,1,2,0,1,1167964,1168464,0,1
8,800,0,1,1,0,2,1,0,1171379,1172179,0,0
8,817,1,0,0,1,2,0,1,1175078,1175895,0,0
8,433,0,1,0,1,2,0,1,1178910,1179343,0,1
8,400,0,1,0,1,0,0,1,1182226,1182626,0,1
8,933,1,0,1,0,0,0,1,1185525,1186458,0,1
8,749,1,0,1,0,1,1,0,1189174,1189923,0,1
8,1233,0,1,0,1,2,1,0,1192706,1193939,0,1
8,567,0,1,0,1,0,0,1,1196854,1197421,0,1
8,733,1,0,1,0,2,0,1,1200220,1200953,0,1
8,683,0,1,0,1,0,0,1,1203602,1204285,0,1
8,550,0,1,0,1,0,0,1,1207051,1207601,0,1
8,516,0,1,0,1,0,0,1,1210300,1210816,0,1
8,633,1,0,1,0,1,1,0,1213482,1214115,0,1
8,567,0,1,0,1,1,1,0,1216714,1217281,0,1
8,617,0,1,0,1,0,1,0,1220063,1220680,0,1
8,466,1,0,1,0,1,0,1,1223246,1223712,0,1
8,566,0,1,0,1,1,0,1,1226495,1227061,0,1
8,450,1,0,1,0,2,0,1,1230010,1230460,0,1
8,783,1,0,1,0,2,1,0,1233309,1234092,0,1
8,799,0,1,1,0,1,1,0,1236625,1237424,0,0
8,700,1,0,1,0,1,0,1,1240073,1240773,0,1
8,716,0,1,0,1,0,0,1,1243606,1244322,0,1
8,716,0,1,0,1,1,1,0,1247188,1247904,0,1
8,717,0,1,0,1,2,1,0,1250803,1251520,0,1
8,699,0,1,0,1,0,0,1,1254469,1255168,0,1
8,666,0,1,0,1,2,1,0,1258018,1258684,0,1
8,733,0,1,1,0,1,1,0,1261383,1262116,0,0
8,500,0,1,0,1,1,1,0,1265098,1265598,0,1
8,617,0,1,1,0,2,1,0,1268447,1269064,0,0
8,417,1,0,1,0,2,0,1,1272046,1272463,0,1
8,483,1,0,1,0,2,0,1,1275029,1275512,0,1
8,900,0,1,0,1,1,1,0,1278094,1278994,0,1
8,500,1,0,1,0,0,0,1,1281560,1282060,0,1
9,650,0,1,0,1,0,0,1,13368,14018,0,1
9,733,0,1,0,1,2,0,1,16684,17417,0,1
9,600,0,1,0,1,1,0,1,20049,20649,0,1
9,949,1,0,1,0,2,1,0,23432,24381,0,1
9,517,1,0,1,0,2,1,0,26980,27497,0,1
9,617,0,1,0,1,1,0,1,30296,30913,0,1
9,517,1,0,1,0,2,0,1,33495,34012,0,1
9,617,0,1,0,1,1,1,0,36727,37344,0,1
9,516,1,0,1,0,1,0,1,40060,40576,0,1
9,483,0,1,0,1,2,0,1,43575,44058,0,1
9,616,1,0,1,0,0,0,1,46824,47440,0,1
9,633,0,1,0,1,1,0,1,50373,51006,0,1
9,584,1,0,1,0,0,1,0,53738,54322,0,1
9,533,1,0,1,0,0,1,0,57321,57854,0,1
9,767,0,1,0,1,0,1,0,60619,61386,0,1
9,666,1,0,0,1,2,0,1,64352,65018,0,0
9,800,1,0,0,1,1,1,0,68000,68800,0,0
9,550,1,0,1,0,2,0,1,71549,72099,0,1
9,633,0,1,0,1,1,1,0,74915,75548,0,1
9,783,0,1,0,1,0,1,0,78497,79280,0,1
9,816,0,1,1,0,0,1,0,81996,82812,0,0
9,816,0,1,0,1,0,1,0,85545,86361,0,1
9,750,0,1,0,1,2,0,1,88943,89693,0,1
9,700,0,1,0,1,1,0,1,92442,93142,0,1
9,783,1,0,1,0,0,0,1,96158,96941,0,1
9,1016,1,0,0,1,0,0,1,99557,100573,0,0
9,733,0,1,0,1,0,0,1,103139,103872,0,1
9,600,0,1,0,1,1,0,1,106804,107404,0,1
9,983,1,0,0,1,0,1,0,110203,111186,0,0
9,767,0,1,0,1,1,1,0,113785,114552,0,1
9,717,1,0,1,0,0,0,1,117284,118001,0,1
9,750,1,0,1,0,2,1,0,121016,121766,0,1
9,583,1,0,1,0,2,0,1,124765,125348,0,1
9,633,1,0,1,0,2,1,0,128031,128664,0,1
9,583,1,0,1,0,2,1,0,131430,132013,0,1
9,999,1,0,0,1,2,1,0,134762,135761,0,0
9,1033,1,0,0,1,1,1,0,138444,139477,0,0
9,867,0,1,0,1,0,0,1,142359,143226,0,1
9,916,1,0,0,1,0,1,0,145925,146841,0,0
9,1150,1,0,1,0,1,1,0,149557,150707,0,1
9,583,1,0,1,0,0,0,1,153339,153922,0,1
9,850,0,1,0,1,1,1,0,156771,157621,0,1
9,1016,1,0,0,1,0,0,1,160237,161253,0,0
9,883,0,1,0,1,0,0,1,163802,164685,0,1
9,933,0,1,0,1,1,1,0,167268,168201,0,1
9,733,1,0,1,0,0,0,1,170867,171600,0,1
9,1050,0,1,0,1,1,1,0,174165,175215,0,1
9,616,1,0,1,0,0,0,1,177881,178497,0,1
9,717,0,1,0,1,1,0,1,181196,181913,0,1
9,999,0,1,0,1,0,0,1,184929,185928,0,1
9,700,1,0,1,0,0,1,0,188877,189577,0,1
9,949,1,0,0,1,1,1,0,192210,193159,0,0
9,917,0,1,0,1,1,1,0,195708,196625,0,1
9,983,1,0,0,1,0,0,1,199624,200607,0,0
9,1100,0,1,1,0,2,1,0,203589,204689,0,0
9,1083,1,0,1,0,0,1,0,207555,208638,0,1
9,1133,0,1,0,1,2,0,1,211387,212520,0,1
9,683,1,0,1,0,1,1,0,215219,215902,0,1
9,533,1,0,1,0,0,0,1,218518,219051,0,1
9,899,0,1,0,1,0,0,1,221667,222566,0,1
9,766,1,0,0,1,2,0,1,225199,225965,0,0
9,583,1,0,1,0,1,0,1,228631,229214,0,1
9,933,0,1,0,1,1,1,0,231930,232863,0,1
9,900,1,0,0,1,0,0,1,235412,236312,0,0
9,1099,0,1,0,1,1,1,0,239261,240360,0,1
9,517,1,0,1,0,2,0,1,243176,243693,0,1
9,1300,0,0,0,1,1,0,1,246408,247708,1,NaN
9,733,1,0,1,0,2,1,0,250740,251473,0,1
9,716,0,1,0,1,0,0,1,254023,254739,0,1
9,783,0,1,0,1,1,0,1,257388,258171,0,1
9,533,1,0,1,0,1,1,0,261154,261687,0,1
9,783,0,1,0,1,1,1,0,264236,265019,0,1
9,1066,1,0,0,1,1,1,0,280482,281548,0,0
9,834,0,1,0,1,1,0,1,284280,285114,0,1
9,733,0,1,0,1,1,0,1,287663,288396,0,1
9,550,1,0,1,0,0,0,1,291378,291928,0,1
9,517,1,0,1,0,1,1,0,294610,295127,0,1
9,966,1,0,1,0,1,1,0,298076,299042,0,1
9,1033,0,1,1,0,0,1,0,301608,302641,0,0
9,533,1,0,1,0,2,1,0,305390,305923,0,1
9,533,1,0,1,0,0,1,0,308706,309239,0,1
9,783,1,0,0,1,0,0,1,312088,312871,0,0
9,449,1,0,1,0,2,0,1,315504,315953,0,1
9,549,1,0,1,0,2,0,1,318603,319152,0,1
9,583,0,1,0,1,0,1,0,322118,322701,0,1
9,466,1,0,1,0,0,0,1,325284,325750,0,1
9,499,1,0,1,0,2,0,1,328633,329132,0,1
9,483,1,0,1,0,0,0,1,332065,332548,0,1
9,433,1,0,1,0,2,0,1,335214,335647,0,1
9,433,1,0,1,0,2,1,0,338496,338929,0,1
9,433,1,0,0,1,1,0,1,341878,342311,0,0
9,483,1,0,1,0,0,0,1,345144,345627,0,1
9,466,1,0,0,1,2,1,0,348593,349059,0,0
9,483,1,0,0,1,0,1,0,352008,352491,0,0
9,516,1,0,1,0,0,1,0,355274,355790,0,1
9,766,0,1,1,0,2,0,1,358706,359472,0,0
9,383,1,0,0,1,1,0,1,362188,362571,0,0
9,733,0,1,0,1,0,0,1,365154,365887,0,1
9,500,1,0,1,0,2,0,1,368553,369053,0,1
9,583,1,0,1,0,0,1,0,372035,372618,0,1
9,516,1,0,1,0,0,0,1,375434,375950,0,1
9,450,1,0,1,0,2,0,1,378566,379016,0,1
9,566,1,0,1,0,1,0,1,382032,382598,0,1
9,716,0,1,0,1,1,1,0,385481,386197,0,1
9,667,1,0,1,0,2,1,0,388746,389413,0,1
9,616,1,0,1,0,2,1,0,392412,393028,0,1
9,567,1,0,1,0,0,1,0,395910,396477,0,1
9,600,1,0,1,0,1,0,1,399426,400026,0,1
9,484,1,0,1,0,2,0,1,402941,403425,0,1
9,700,1,0,1,0,1,0,1,405990,406690,0,1
9,1050,1,0,1,0,2,1,0,409656,410706,0,1
9,566,1,0,1,0,2,1,0,413605,414171,0,1
9,866,0,1,0,1,1,0,1,416787,417653,0,1
9,650,0,1,0,1,2,1,0,420302,420952,0,1
9,717,0,1,0,1,0,1,0,423701,424418,0,1
9,550,1,0,1,0,2,0,1,426967,427517,0,1
9,716,0,1,0,1,0,1,0,430366,431082,0,1
9,683,0,1,0,1,2,0,1,433981,434664,0,1
9,699,0,1,0,1,0,0,1,437214,437913,0,1
9,733,0,1,0,1,0,1,0,440579,441312,0,1
9,700,1,0,1,0,1,1,0,444061,444761,0,1
9,716,0,1,0,1,0,1,0,447477,448193,0,1
9,633,0,1,0,1,0,0,1,450976,451609,0,1
9,634,0,1,0,1,1,0,1,454524,455158,0,1
9,733,1,0,1,0,1,1,0,457807,458540,0,1
9,549,1,0,1,0,0,0,1,461556,462105,0,1
9,716,0,1,0,1,0,0,1,465038,465754,0,1
9,566,1,0,1,0,1,0,1,468470,469036,0,1
9,684,0,1,0,1,1,0,1,471785,472469,0,1
9,650,1,0,1,0,2,0,1,475351,476001,0,1
9,633,1,0,1,0,2,1,0,479000,479633,0,1
9,434,1,0,1,0,1,1,0,482265,482699,0,1
9,584,0,1,0,1,1,1,0,485364,485948,0,1
9,684,1,0,0,1,1,1,0,488946,489630,0,0
9,633,0,1,0,1,0,0,1,492512,493145,0,1
9,633,0,1,0,1,1,1,0,495678,496311,0,1
9,517,1,0,1,0,0,0,1,499076,499593,0,1
9,667,0,1,0,1,0,0,1,502575,503242,0,1
9,716,0,1,1,0,0,1,0,506091,506807,0,0
9,733,0,1,0,1,0,1,0,509573,510306,0,1
9,716,0,1,0,1,0,0,1,512839,513555,0,1
9,666,0,1,0,1,1,0,1,516221,516887,0,1
9,533,1,0,1,0,1,1,0,519803,520336,0,1
9,750,0,1,0,1,1,0,1,523152,523902,0,1
9,650,0,1,0,1,2,0,1,526467,527117,0,1
9,683,0,1,0,1,1,0,1,540577,541260,0,1
9,567,0,1,0,1,1,1,0,543892,544459,0,1
9,417,1,0,1,0,1,0,1,546991,547408,0,1
9,633,1,0,1,0,0,0,1,549990,550623,0,1
9,650,0,1,0,1,1,0,1,553439,554089,0,1
9,766,0,1,0,1,0,1,0,556905,557671,0,1
9,617,0,1,0,1,0,0,1,560620,561237,0,1
9,533,1,0,1,0,1,0,1,563836,564369,0,1
9,450,1,0,0,1,0,1,0,567068,567518,0,0
9,717,0,1,0,1,1,1,0,570433,571150,0,1
9,583,0,1,0,1,2,1,0,573766,574349,0,1
9,567,0,1,0,1,1,0,1,576898,577465,0,1
9,667,0,1,0,1,0,0,1,580480,581147,0,1
9,700,0,1,1,0,2,1,0,583946,584646,0,0
9,516,0,1,0,1,0,0,1,587595,588111,0,1
9,799,0,1,0,1,1,0,1,591127,591926,0,1
9,466,1,0,1,0,1,0,1,594559,595025,0,1
9,500,1,0,1,0,2,0,1,597891,598391,0,1
9,600,0,1,0,1,0,1,0,601290,601890,0,1
9,967,0,1,1,0,0,1,0,604522,605489,0,0
9,667,0,1,0,1,2,1,0,608354,609021,0,1
9,750,0,1,0,1,2,0,1,612036,612786,0,1
9,517,0,1,1,0,2,1,0,615352,615869,0,0
9,517,1,0,1,0,1,0,1,618651,619168,0,1
9,566,1,0,1,0,0,0,1,621750,622316,0,1
9,616,0,1,1,0,2,1,0,624899,625515,0,0
9,567,0,1,0,1,1,1,0,628314,628881,0,1
9,750,0,1,0,1,1,0,1,631630,632380,0,1
9,650,1,0,1,0,2,0,1,635329,635979,0,1
9,733,1,0,1,0,0,0,1,638694,639427,0,1
9,716,0,1,1,0,1,0,1,642277,642993,0,0
9,716,0,1,0,1,2,1,0,645909,646625,0,1
9,766,0,1,0,1,2,1,0,649308,650074,0,1
9,1083,0,1,1,0,2,1,0,652656,653739,0,0
9,666,0,1,1,0,0,1,0,656389,657055,0,0
9,1050,0,1,1,0,2,1,0,659604,660654,0,0
9,733,0,1,0,1,2,1,0,663253,663986,0,1
9,516,1,0,1,0,0,0,1,666802,667318,0,1
9,583,1,0,1,0,1,0,1,670251,670834,0,1
9,500,1,0,1,0,2,0,1,673749,674249,0,1
9,999,0,1,0,1,1,0,1,676882,677881,0,1
9,766,0,1,0,1,1,0,1,680681,681447,0,1
9,666,0,1,0,1,0,0,1,684346,685012,0,1
9,617,1,0,1,0,0,1,0,687961,688578,0,1
9,650,0,1,1,0,2,0,1,691127,691777,0,0
9,567,1,0,1,0,2,0,1,694509,695076,0,1
9,533,1,0,1,0,0,0,1,697658,698191,0,1
9,683,0,1,0,1,0,1,0,700774,701457,0,1
9,700,1,0,1,0,0,1,0,704173,704873,0,1
9,750,0,1,0,1,1,0,1,707655,708405,0,1
9,650,0,1,0,1,1,1,0,711320,711970,0,1
9,633,0,1,0,1,2,0,1,714919,715552,0,1
9,733,1,0,1,0,2,1,0,718102,718835,0,1
9,533,1,0,1,0,2,1,0,721684,722217,0,1
9,783,0,1,0,1,2,0,1,724966,725749,0,1
9,700,0,1,0,1,2,1,0,728698,729398,0,1
9,799,0,1,0,1,1,0,1,732364,733163,0,1
9,716,0,1,0,1,2,1,0,736029,736745,0,1
9,699,1,0,1,0,2,1,0,739345,740044,0,1
9,600,1,0,1,0,1,0,1,742793,743393,0,1
9,700,0,1,0,1,1,1,0,746309,747009,0,1
9,788,0,1,0,1,1,1,0,749774,750562,0,1
9,816,0,1,1,0,0,0,1,753207,754023,0,0
9,667,1,0,1,0,0,1,0,756755,757422,0,1
9,650,0,1,0,1,1,0,1,760088,760738,0,1
9,916,1,0,1,0,0,1,0,763387,764303,0,1
9,666,1,0,1,0,0,0,1,767302,767968,0,1
9,617,1,0,1,0,2,0,1,770584,771201,0,1
9,766,0,1,0,1,1,1,0,773750,774516,0,1
9,833,1,0,1,0,2,1,0,777282,778115,0,1
9,683,0,1,0,1,0,0,1,781064,781747,0,1
9,567,1,0,1,0,2,1,0,784746,785313,0,1
9,633,0,1,0,1,0,1,0,788029,788662,0,1
9,733,0,1,0,1,1,1,0,804574,805307,0,1
9,934,1,0,1,0,0,1,0,808106,809040,0,1
9,549,1,0,1,0,2,0,1,811689,812238,0,1
9,584,1,0,1,0,0,1,0,815137,815721,0,1
9,649,0,1,0,1,0,1,0,818670,819319,0,1
9,816,0,1,0,1,2,1,0,822019,822835,0,1
9,733,0,1,0,1,1,0,1,825634,826367,0,1
9,633,0,1,0,1,0,1,0,829150,829783,0,1
9,667,0,1,0,1,1,0,1,832415,833082,0,1
9,616,1,0,1,0,0,0,1,835964,836580,0,1
9,550,1,0,1,0,0,0,1,839196,839746,0,1
9,550,1,0,1,0,0,1,0,842478,843028,0,1
9,483,1,0,1,0,2,0,1,845944,846427,0,1
9,683,0,1,0,1,1,0,1,849243,849926,0,1
9,633,0,1,0,1,0,0,1,852542,853175,0,1
9,783,0,1,0,1,2,1,0,856057,856840,0,1
9,467,1,0,1,0,2,0,1,859756,860223,0,1
9,700,0,1,0,1,2,1,0,863188,863888,0,1
9,783,1,0,1,0,0,0,1,866854,867637,0,1
9,1083,1,0,1,0,1,1,0,870303,871386,0,1
9,683,1,0,1,0,2,1,0,873935,874618,0,1
9,516,1,0,1,0,2,1,0,877617,878133,0,1
9,617,1,0,1,0,2,1,0,880882,881499,0,1
9,634,1,0,1,0,1,1,0,884081,884715,0,1
9,1033,1,0,0,1,0,1,0,887597,888630,0,0
9,683,1,0,1,0,1,1,0,891662,892345,0,1
9,816,0,1,0,1,1,1,0,894895,895711,0,1
9,1100,1,0,0,1,1,1,0,898360,899460,0,0
9,800,0,1,0,1,0,0,1,902092,902892,0,1
9,750,1,0,1,0,1,1,0,905824,906574,0,1
9,983,0,1,1,0,2,0,1,909223,910206,0,0
9,717,0,1,0,1,2,0,1,913005,913722,0,1
9,583,1,0,1,0,2,0,1,916371,916954,0,1
9,550,1,0,1,0,2,1,0,919636,920186,0,1
9,566,0,1,0,1,0,1,0,922769,923335,0,1
9,567,1,0,1,0,0,1,0,926284,926851,0,1
9,733,0,1,0,1,2,0,1,929683,930416,0,1
9,683,0,1,0,1,1,1,0,933332,934015,0,1
9,633,0,1,0,1,0,1,0,936864,937497,0,1
9,783,0,1,1,0,2,1,0,940163,940946,0,0
9,717,0,1,0,1,1,0,1,943945,944662,0,1
9,933,1,0,1,0,2,0,1,947511,948444,0,1
9,716,0,1,0,1,0,1,0,951143,951859,0,1
9,583,1,0,1,0,2,0,1,954675,955258,0,1
9,950,1,0,1,0,0,1,0,958107,959057,0,1
9,917,1,0,1,0,2,1,0,961739,962656,0,1
9,750,0,1,0,1,1,1,0,965638,966388,0,1
9,749,0,1,0,1,2,0,1,969387,970136,0,1
9,666,1,0,1,0,0,1,0,972769,973435,0,1
9,617,1,0,1,0,2,0,1,976151,976768,0,1
9,700,0,1,0,1,1,1,0,979583,980283,0,1
9,699,0,1,1,0,2,1,0,982816,983515,0,0
9,850,1,0,1,0,0,0,1,986281,987131,0,1
9,867,0,1,0,1,1,0,1,990146,991013,0,1
9,583,1,0,1,0,1,1,0,993629,994212,0,1
9,583,1,0,1,0,1,0,1,996794,997377,0,1
9,1300,0,0,0,1,0,1,0,1000326,1001626,1,NaN
9,650,0,1,0,1,2,1,0,1004392,1005042,0,1
9,567,1,0,1,0,2,0,1,1007857,1008424,0,1
9,717,0,1,0,1,1,0,1,1011156,1011873,0,1
9,600,1,0,1,0,2,0,1,1014588,1015188,0,1
9,650,0,1,0,1,1,1,0,1018137,1018787,0,1
9,716,0,1,0,1,1,0,1,1021553,1022269,0,1
9,766,1,0,1,0,0,1,0,1024835,1025601,0,1
9,666,0,1,0,1,1,1,0,1028484,1029150,0,1
9,667,0,1,1,0,0,1,0,1031916,1032583,0,0
9,666,1,0,1,0,1,0,1,1035232,1035898,0,1
9,683,0,1,0,1,2,0,1,1038497,1039180,0,1
9,750,0,1,0,1,0,0,1,1042096,1042846,0,1
9,666,1,0,1,0,2,0,1,1045745,1046411,0,1
9,583,1,0,1,0,2,0,1,1049127,1049710,0,1
9,617,0,1,0,1,0,0,1,1052609,1053226,0,1
9,666,0,1,0,1,1,0,1,1055825,1056491,0,1
9,566,1,0,1,0,2,1,0,1068524,1069090,0,1
9,533,1,0,1,0,2,0,1,1071956,1072489,0,1
9,667,0,1,0,1,0,1,0,1075338,1076005,0,1
9,633,0,1,0,1,1,0,1,1078937,1079570,0,1
9,684,1,0,1,0,2,1,0,1082219,1082903,0,1
9,833,0,1,0,1,0,1,0,1085585,1086418,0,1
9,734,1,0,1,0,2,1,0,1089200,1089934,0,1
9,550,1,0,1,0,2,1,0,1092766,1093316,0,1
9,516,1,0,1,0,0,0,1,1095932,1096448,0,1
9,516,1,0,1,0,2,1,0,1099131,1099647,0,1
9,600,1,0,1,0,0,0,1,1102529,1103129,0,1
9,700,1,0,1,0,0,0,1,1106095,1106795,0,1
9,584,1,0,1,0,2,1,0,1109710,1110294,0,1
9,484,1,0,1,0,2,1,0,1112959,1113443,0,1
9,916,0,1,0,1,0,0,1,1116275,1117191,0,1
9,666,1,0,1,0,0,1,0,1120057,1120723,0,1
9,717,0,1,0,1,2,1,0,1123522,1124239,0,1
9,700,0,1,0,1,2,0,1,1127121,1127821,0,1
9,684,0,1,0,1,2,1,0,1130753,1131437,0,1
9,733,1,0,1,0,0,1,0,1134252,1134985,0,1
9,1183,1,0,0,1,1,0,1,1137884,1139067,0,0
9,666,0,1,0,1,1,1,0,1141900,1142566,0,1
9,666,0,1,0,1,0,1,0,1145332,1145998,0,1
9,533,1,0,1,0,1,0,1,1148814,1149347,0,1
9,766,0,1,0,1,1,0,1,1152230,1152996,0,1
9,550,1,0,1,0,2,1,0,1155778,1156328,0,1
9,750,0,1,0,1,1,1,0,1159327,1160077,0,1
9,783,1,0,1,0,1,1,0,1162760,1163543,0,1
9,717,1,0,1,0,2,0,1,1166108,1166825,0,1
9,683,0,1,0,1,1,0,1,1169474,1170157,0,1
9,567,1,0,1,0,1,0,1,1172956,1173523,0,1
9,550,1,0,1,0,2,0,1,1176338,1176888,0,1
9,716,0,1,0,1,1,1,0,1179421,1180137,0,1
9,700,1,0,1,0,2,0,1,1182803,1183503,0,1
9,600,1,0,1,0,2,0,1,1186235,1186835,0,1
9,616,1,0,1,0,2,0,1,1189784,1190400,0,1
9,850,0,1,0,1,1,1,0,1193199,1194049,0,1
9,633,1,0,1,0,0,0,1,1196848,1197481,0,1
9,566,1,0,1,0,2,0,1,1200131,1200697,0,1
9,683,0,1,0,1,1,1,0,1203646,1204329,0,1
9,850,0,1,1,0,1,1,0,1207045,1207895,0,0
9,733,0,1,0,1,1,0,1,1210594,1211327,0,1
9,716,0,1,0,1,1,1,0,1214026,1214742,0,1
9,634,1,0,1,0,0,0,1,1217441,1218075,0,1
9,716,0,1,0,1,1,0,1,1221057,1221773,0,1
9,867,1,0,1,0,0,1,0,1224439,1225306,0,1
9,750,1,0,1,0,2,1,0,1227888,1228638,0,1
9,716,0,1,0,1,2,1,0,1231637,1232353,0,1
9,733,0,1,0,1,2,0,1,1235002,1235735,0,1
9,633,0,1,0,1,1,1,0,1238668,1239301,0,1
9,733,0,1,0,1,1,0,1,1241917,1242650,0,1
9,667,1,0,1,0,2,0,1,1245482,1246149,0,1
9,750,1,0,1,0,0,1,0,1249014,1249764,0,1
9,783,1,0,1,0,0,1,0,1252480,1253263,0,1
9,683,1,0,1,0,2,1,0,1256112,1256795,0,1
9,716,0,1,0,1,2,1,0,1259511,1260227,0,1
9,650,0,1,0,1,1,1,0,1262976,1263626,0,1
9,616,1,0,1,0,1,0,1,1266642,1267258,0,1
9,683,0,1,0,1,0,0,1,1270174,1270857,0,1
9,616,0,1,1,0,1,1,0,1273773,1274389,0,0
9,717,0,1,0,1,0,1,0,1277188,1277905,0,1
9,650,0,1,0,1,0,1,0,1280787,1281437,0,1
9,767,1,0,1,0,1,1,0,1284136,1284903,0,1
9,717,1,0,1,0,2,1,0,1287768,1288485,0,1
9,633,1,0,1,0,2,0,1,1291417,1292050,0,1
9,833,1,0,0,1,2,0,1,1294916,1295749,0,0
9,667,1,0,1,0,2,0,1,1298581,1299248,0,1
9,699,0,1,0,1,1,1,0,1301864,1302563,0,1
9,750,0,1,0,1,0,1,0,1305129,1305879,0,1
10,816,1,0,0,1,0,1,0,16779,17595,0,0
10,549,1,0,1,0,1,0,1,20228,20777,0,1
10,400,1,0,1,0,0,0,1,23810,24210,0,1
10,583,1,0,1,0,1,1,0,27109,27692,0,1
10,383,1,0,1,0,2,1,0,30508,30891,0,1
10,399,1,0,0,1,1,0,1,33707,34106,0,0
10,350,0,1,0,1,1,0,1,36839,37189,0,1
10,500,1,0,1,0,2,1,0,40138,40638,0,1
10,367,1,0,1,0,2,1,0,43303,43670,0,1
10,383,0,1,0,1,1,0,1,46536,46919,0,1
10,433,0,1,1,0,1,1,0,49885,50318,0,0
10,233,0,1,0,1,1,1,0,52867,53100,0,1
10,466,1,0,0,1,2,1,0,56016,56482,0,0
10,584,0,1,0,1,1,1,0,59381,59965,0,1
10,333,0,1,0,1,1,0,1,62814,63147,0,1
10,500,0,1,0,1,0,0,1,65946,66446,0,1
10,517,0,1,1,0,2,0,1,69078,69595,0,0
10,549,0,1,1,0,0,1,0,72311,72860,0,0
10,433,1,0,1,0,2,1,0,75393,75826,0,1
10,333,1,0,1,0,0,0,1,78742,79075,0,1
10,400,0,1,0,1,0,0,1,81791,82191,0,1
10,267,0,1,0,1,1,1,0,85123,85390,0,1
10,283,0,1,0,1,1,1,0,88089,88372,0,1
10,433,0,1,0,1,2,1,0,91038,91471,0,1
10,300,0,1,0,1,2,1,0,94020,94320,0,1
10,267,1,0,1,0,2,0,1,97152,97419,0,1
10,317,0,1,1,0,1,0,1,100418,100735,0,0
10,383,0,1,1,0,0,1,0,103317,103700,0,0
10,434,1,0,1,0,2,0,1,106499,106933,0,1
10,334,0,1,1,0,2,1,0,109898,110232,0,0
10,467,0,1,0,1,2,0,1,112964,113431,0,1
10,283,0,1,1,0,2,1,0,116013,116296,0,0
10,567,0,1,0,1,0,1,0,118995,119562,0,1
10,466,0,1,0,1,0,0,1,122378,122844,0,1
10,417,0,1,0,1,1,0,1,125793,126210,0,1
10,567,1,0,1,0,0,0,1,128975,129542,0,1
10,483,0,1,0,1,0,0,1,132191,132674,0,1
10,533,0,1,1,0,2,0,1,135640,136173,0,0
10,650,0,1,1,0,2,1,0,138722,139372,0,0
10,483,0,1,0,1,0,0,1,142071,142554,0,1
10,467,0,1,0,1,1,1,0,145470,145937,0,1
10,416,0,1,0,1,1,1,0,148886,149302,0,1
10,483,0,1,1,0,0,1,0,151985,152468,0,0
10,384,0,1,1,0,0,0,1,155233,155617,0,0
10,450,0,1,1,0,2,1,0,158366,158816,0,0
10,367,0,1,1,0,1,1,0,161398,161765,0,0
10,434,0,1,0,1,0,0,1,164730,165164,0,1
10,416,0,1,0,1,2,1,0,168096,168512,0,1
10,499,1,0,1,0,0,0,1,171212,171711,0,1
10,366,0,1,0,1,1,1,0,174311,174677,0,1
10,333,0,1,0,1,1,1,0,177393,177726,0,1
10,484,0,1,0,1,1,1,0,180508,180992,0,1
10,384,0,1,0,1,1,0,1,183657,184041,0,1
10,383,0,1,0,1,1,1,0,186873,187256,0,1
10,417,0,1,0,1,0,0,1,190155,190572,0,1
10,367,0,1,1,0,0,1,0,193404,193771,0,0
10,466,1,0,1,0,1,0,1,196637,197103,0,1
10,450,0,1,0,1,2,1,0,199752,200202,0,1
10,500,0,1,0,1,1,1,0,203084,203584,0,1
10,500,1,0,1,0,1,0,1,206467,206967,0,1
10,616,0,1,0,1,0,1,0,209816,210432,0,1
10,400,0,1,0,1,1,1,0,213181,213581,0,1
10,317,0,1,1,0,2,0,1,216480,216797,0,0
10,534,0,1,0,1,2,0,1,219412,219946,0,1
10,433,1,0,0,1,2,0,1,222595,223028,0,0
10,550,0,1,1,0,0,1,0,225760,226310,0,0
10,383,1,0,1,0,0,0,1,229126,229509,0,1
10,616,0,1,0,1,1,0,1,232225,232841,0,1
10,350,0,1,0,1,1,1,0,235840,236190,0,1
10,366,0,1,0,1,1,1,0,238923,239289,0,1
10,566,0,1,0,1,0,1,0,242022,242588,0,1
10,450,0,1,1,0,2,1,0,245437,245887,0,0
10,416,0,1,0,1,1,0,1,268267,268683,0,1
10,516,1,0,1,0,2,0,1,271349,271865,0,1
10,600,0,1,0,1,2,0,1,274531,275131,0,1
10,467,1,0,1,0,0,1,0,278163,278630,0,1
10,450,1,0,1,0,2,1,0,281379,281829,0,1
10,500,1,0,1,0,1,1,0,284411,284911,0,1
10,517,0,1,0,1,1,1,0,287693,288210,0,1
10,567,0,1,1,0,2,1,0,290959,291526,0,0
10,616,0,1,0,1,1,0,1,294325,294941,0,1
10,367,1,0,1,0,2,0,1,297540,297907,0,1
10,533,0,1,0,1,1,1,0,300456,300989,0,1
10,483,1,0,1,0,0,0,1,303705,304188,0,1
10,316,0,1,0,1,1,1,0,306954,307270,0,1
10,466,0,1,0,1,1,1,0,310070,310536,0,1
10,516,1,0,1,0,0,0,1,313252,313768,0,1
10,450,1,0,1,0,2,0,1,316617,317067,0,1
10,433,0,1,0,1,1,0,1,319800,320233,0,1
10,434,0,1,0,1,2,1,0,322815,323249,0,1
10,566,1,0,1,0,2,1,0,325848,326414,0,1
10,583,0,1,1,0,1,0,1,329213,329796,0,0
10,550,0,1,0,1,1,1,0,332695,333245,0,1
10,566,1,0,1,0,2,1,0,335828,336394,0,1
10,533,0,1,0,1,0,1,0,338977,339510,0,1
10,583,0,1,0,1,0,0,1,342192,342775,0,1
10,517,0,1,0,1,0,0,1,345791,346308,0,1
10,350,0,1,1,0,0,0,1,348873,349223,0,0
10,517,0,1,1,0,2,1,0,351939,352456,0,0
10,350,1,0,1,0,2,0,1,355288,355638,0,1
10,383,0,1,0,1,1,0,1,358637,359020,0,1
10,383,0,1,0,1,1,0,1,361703,362086,0,1
10,700,0,1,1,0,0,0,1,364885,365585,0,0
10,433,0,1,0,1,0,1,0,368534,368967,0,1
10,384,1,0,1,0,2,0,1,371799,372183,0,1
10,483,0,1,0,1,1,1,0,374982,375465,0,1
10,383,0,1,0,1,1,0,1,378181,378564,0,1
10,333,0,1,0,1,1,0,1,381413,381746,0,1
10,383,1,0,1,0,1,0,1,384279,384662,0,1
10,450,1,0,1,0,2,0,1,387377,387827,0,1
10,316,0,1,0,1,1,1,0,390810,391126,0,1
10,467,0,1,0,1,0,1,0,393892,394359,0,1
10,383,0,1,0,1,0,0,1,396991,397374,0,1
10,450,0,1,0,1,2,1,0,400390,400840,0,1
10,434,1,0,1,0,2,0,1,403855,404289,0,1
10,417,0,1,0,1,1,0,1,407071,407488,0,1
10,516,0,1,0,1,2,0,1,410187,410703,0,1
10,433,0,1,0,1,0,0,1,413469,413902,0,1
10,366,0,1,0,1,0,1,0,416885,417251,0,1
10,450,1,0,1,0,2,1,0,420083,420533,0,1
10,517,0,1,0,1,1,0,1,423232,423749,0,1
10,500,1,0,1,0,2,0,1,426748,427248,0,1
10,500,0,1,0,1,2,1,0,430180,430680,0,1
10,416,0,1,1,0,0,1,0,433296,433712,0,0
10,566,1,0,1,0,1,0,1,436495,437061,0,1
10,516,1,0,1,0,2,0,1,440044,440560,0,1
10,484,1,0,1,0,0,0,1,443342,443826,0,1
10,684,1,0,1,0,0,0,1,446691,447375,0,1
10,533,0,1,0,1,0,0,1,450390,450923,0,1
10,500,0,1,0,1,1,1,0,453856,454356,0,1
10,367,0,1,1,0,1,1,0,457371,457738,0,0
10,367,0,1,0,1,1,1,0,460703,461070,0,1
10,533,1,0,1,0,0,0,1,464086,464619,0,1
10,600,1,0,1,0,1,1,0,467218,467818,0,1
10,467,0,1,0,1,1,0,1,470500,470967,0,1
10,499,0,1,0,1,0,0,1,473833,474332,0,1
10,450,1,0,1,0,0,0,1,476965,477415,0,1
10,417,0,1,0,1,1,0,1,480080,480497,0,1
10,400,1,0,1,0,2,0,1,483313,483713,0,1
10,483,0,1,0,1,1,0,1,486495,486978,0,1
10,467,1,0,1,0,2,1,0,489744,490211,0,1
10,400,1,0,1,0,0,0,1,493126,493526,0,1
10,433,0,1,0,1,0,1,0,496325,496758,0,1
10,516,0,1,0,1,0,0,1,499541,500057,0,1
10,666,0,1,0,1,0,0,1,502973,503639,0,1
10,634,0,1,1,0,2,0,1,519185,519819,0,0
10,517,0,1,0,1,0,0,1,522734,523251,0,1
10,533,1,0,1,0,1,1,0,526017,526550,0,1
10,417,1,0,1,0,2,0,1,529532,529949,0,1
10,650,0,1,0,1,0,1,0,532581,533231,0,1
10,466,1,0,1,0,1,0,1,536147,536613,0,1
10,416,0,1,0,1,1,0,1,539229,539645,0,1
10,499,0,1,0,1,1,1,0,542345,542844,0,1
10,567,0,1,1,0,0,1,0,545743,546310,0,0
10,516,0,1,0,1,2,0,1,549176,549692,0,1
10,500,0,1,0,1,1,0,1,552691,553191,0,1
10,484,0,1,0,1,2,1,0,556173,556657,0,1
10,417,0,1,0,1,1,0,1,559289,559706,0,1
10,416,0,1,0,1,2,0,1,562305,562721,0,1
10,433,1,0,1,0,2,1,0,565287,565720,0,1
10,566,1,0,1,0,1,1,0,568553,569119,0,1
10,583,0,1,0,1,2,0,1,571818,572401,0,1
10,450,0,1,0,1,1,1,0,574984,575434,0,1
10,483,1,0,1,0,1,0,1,578083,578566,0,1
10,417,0,1,0,1,1,1,0,581315,581732,0,1
10,667,1,0,1,0,2,0,1,584414,585081,0,1
10,450,0,1,0,1,0,1,0,588013,588463,0,1
10,517,0,1,0,1,0,1,0,591245,591762,0,1
10,500,1,0,1,0,2,1,0,594711,595211,0,1
10,467,0,1,0,1,0,1,0,597843,598310,0,1
10,566,0,1,1,0,2,0,1,601142,601708,0,0
10,533,0,1,0,1,0,1,0,604441,604974,0,1
10,500,1,0,1,0,2,1,0,607923,608423,0,1
10,583,0,1,1,0,2,1,0,611439,612022,0,0
10,534,0,1,0,1,0,1,0,614787,615321,0,1
10,533,0,1,0,1,1,1,0,618070,618603,0,1
10,549,1,0,1,0,2,0,1,621569,622118,0,1
10,467,1,0,1,0,2,0,1,624684,625151,0,1
10,467,0,1,0,1,1,1,0,628016,628483,0,1
10,566,0,1,0,1,1,1,0,631199,631765,0,1
10,416,0,1,1,0,0,1,0,634681,635097,0,0
10,483,0,1,0,1,0,1,0,637763,638246,0,1
10,433,0,1,0,1,1,0,1,640896,641329,0,1
10,450,0,1,1,0,0,0,1,644011,644461,0,0
10,400,0,1,1,0,0,1,0,647477,647877,0,0
10,600,1,0,1,0,1,1,0,650542,651142,0,1
10,650,0,1,1,0,0,1,0,654091,654741,0,0
10,750,1,0,1,0,0,0,1,657690,658440,0,1
10,500,0,1,0,1,0,0,1,660989,661489,0,1
10,500,0,1,1,0,2,1,0,664338,664838,0,0
10,483,0,1,0,1,0,0,1,667454,667937,0,1
10,433,0,1,0,1,0,1,0,670519,670952,0,1
10,567,1,0,1,0,0,1,0,673718,674285,0,1
10,516,0,1,0,1,1,1,0,676984,677500,0,1
10,466,0,1,0,1,0,1,0,680133,680599,0,1
10,550,0,1,0,1,2,1,0,683132,683682,0,1
10,600,0,1,0,1,1,1,0,686381,686981,0,1
10,633,1,0,0,1,2,0,1,689896,690529,0,0
10,534,0,1,1,0,2,0,1,693428,693962,0,0
10,517,0,1,0,1,0,1,0,696544,697061,0,1
10,533,1,0,1,0,0,1,0,699726,700259,0,1
10,500,1,0,1,0,2,1,0,703192,703692,0,1
10,500,1,0,1,0,2,1,0,706291,706791,0,1
10,483,1,0,1,0,2,1,0,709373,709856,0,1
10,517,1,0,1,0,0,1,0,712555,713072,0,1
10,550,1,0,1,0,1,0,1,715871,716421,0,1
10,550,0,1,0,1,1,0,1,719270,719820,0,1
10,634,1,0,1,0,2,0,1,722785,723419,0,1
10,467,1,0,1,0,2,0,1,726101,726568,0,1
10,816,1,0,1,0,0,0,1,729150,729966,0,1
10,633,1,0,1,0,0,1,0,732949,733582,0,1
10,516,1,0,1,0,2,0,1,736498,737014,0,1
10,484,1,0,1,0,0,1,0,739896,740380,0,1
10,966,1,0,1,0,0,0,1,743312,744278,0,1
10,417,1,0,1,0,2,0,1,747027,747444,0,1
10,400,1,0,1,0,2,0,1,750026,750426,0,1
10,550,0,1,0,1,0,0,1,753142,753692,0,1
10,467,1,0,1,0,2,0,1,756541,757008,0,1
10,500,0,1,1,0,2,1,0,776887,777387,0,0
10,550,1,0,1,0,0,0,1,780186,780736,0,1
10,517,0,1,0,1,2,0,1,783368,783885,0,1
10,734,1,0,1,0,1,1,0,786500,787234,0,1
10,567,0,1,1,0,2,0,1,789816,790383,0,0
10,500,0,1,0,1,2,0,1,793015,793515,0,1
10,533,0,1,1,0,2,0,1,796097,796630,0,0
10,433,0,1,0,1,2,0,1,799246,799679,0,1
10,383,0,1,1,0,2,1,0,802562,802945,0,0
10,450,0,1,0,1,1,0,1,805944,806394,0,1
10,650,1,0,1,0,0,0,1,809076,809726,0,1
10,550,0,1,0,1,2,0,1,812725,813275,0,1
10,517,1,0,1,0,2,1,0,816007,816524,0,1
10,483,0,1,0,1,1,1,0,819273,819756,0,1
10,466,0,1,0,1,1,1,0,822322,822788,0,1
10,416,0,1,0,1,0,1,0,825588,826004,0,1
10,583,0,1,1,0,2,1,0,829020,829603,0,0
10,433,0,1,1,0,0,1,0,832519,832952,0,0
10,533,0,1,1,0,0,0,1,835534,836067,0,0
10,467,1,0,1,0,2,1,0,838600,839067,0,1
10,483,0,1,0,1,0,1,0,841899,842382,0,1
10,433,1,0,1,0,2,0,1,845015,845448,0,1
10,583,0,1,1,0,1,1,0,848214,848797,0,0
10,517,0,1,1,0,0,1,0,851562,852079,0,0
10,783,1,0,1,0,1,0,1,854878,855661,0,1
10,533,0,1,0,1,0,0,1,858277,858810,0,1
10,517,0,1,0,1,1,0,1,861442,861959,0,1
10,383,0,1,0,1,1,0,1,864908,865291,0,1
10,500,0,1,0,1,0,0,1,868257,868757,0,1
10,466,1,0,1,0,2,0,1,871606,872072,0,1
10,434,0,1,0,1,0,1,0,874871,875305,0,1
10,467,0,1,0,1,1,0,1,877987,878454,0,1
10,733,0,1,1,0,1,0,1,881319,882052,0,0
10,467,0,1,1,0,1,1,0,884968,885435,0,0
10,517,1,0,1,0,2,1,0,888400,888917,0,1
10,683,1,0,1,0,2,1,0,891699,892382,0,1
10,450,0,1,1,0,2,1,0,895048,895498,0,0
10,517,1,0,1,0,0,1,0,898130,898647,0,1
10,433,1,0,1,0,2,0,1,901263,901696,0,1
10,550,0,1,1,0,0,1,0,904712,905262,0,0
10,483,1,0,1,0,2,1,0,908144,908627,0,1
10,500,0,1,0,1,1,1,0,911259,911759,0,1
10,450,0,1,0,1,0,1,0,914558,915008,0,1
10,517,1,0,1,0,0,1,0,917774,918291,0,1
10,533,0,1,0,1,0,1,0,921156,921689,0,1
10,467,0,1,0,1,1,1,0,924355,924822,0,1
10,533,1,0,1,0,2,1,0,927754,928287,0,1
10,567,0,1,0,1,1,0,1,931003,931570,0,1
10,550,1,0,1,0,2,1,0,934185,934735,0,1
10,400,1,0,1,0,2,0,1,937501,937901,0,1
10,517,1,0,1,0,1,0,1,940916,941433,0,1
10,517,1,0,1,0,0,1,0,944315,944832,0,1
10,466,1,0,1,0,0,0,1,947681,948147,0,1
10,449,1,0,1,0,0,0,1,950747,951196,0,1
10,533,1,0,1,0,0,1,0,953779,954312,0,1
10,534,0,1,0,1,1,0,1,957194,957728,0,1
10,583,0,1,0,1,1,1,0,960327,960910,0,1
10,599,1,0,1,0,1,1,0,963776,964375,0,1
10,450,1,0,1,0,1,1,0,967041,967491,0,1
10,499,0,1,0,1,1,0,1,970074,970573,0,1
10,500,0,1,0,1,0,0,1,973272,973772,0,1
10,534,0,1,0,1,0,0,1,976471,977005,0,1
10,450,0,1,0,1,1,0,1,979687,980137,0,1
10,550,1,0,1,0,0,1,0,982803,983353,0,1
10,517,0,1,0,1,1,1,0,986318,986835,0,1
10,550,1,0,1,0,2,0,1,989784,990334,0,1
10,617,1,0,1,0,1,1,0,992866,993483,0,1
10,550,0,1,0,1,0,0,1,996415,996965,0,1
10,433,0,1,1,0,1,1,0,999864,1000297,0,0
10,549,0,1,1,0,2,1,0,1003213,1003762,0,0
10,483,1,0,1,0,0,1,0,1006462,1006945,0,1
10,484,0,1,0,1,1,1,0,1009810,1010294,0,1
10,417,0,1,1,0,1,0,1,1013109,1013526,0,0
10,567,1,0,1,0,2,1,0,1034795,1035362,0,1
10,434,0,1,0,1,0,0,1,1038377,1038811,0,1
10,416,0,1,0,1,0,1,0,1041660,1042076,0,1
10,384,0,1,1,0,2,1,0,1044875,1045259,0,0
10,483,0,1,1,0,0,1,0,1047791,1048274,0,0
10,400,1,0,1,0,2,0,1,1051007,1051407,0,1
10,417,1,0,1,0,2,0,1,1053989,1054406,0,1
10,483,0,1,0,1,2,0,1,1057338,1057821,0,1
10,433,0,1,0,1,1,0,1,1060404,1060837,0,1
10,416,0,1,0,1,1,0,1,1063636,1064052,0,1
10,483,1,0,1,0,0,0,1,1066985,1067468,0,1
10,466,1,0,1,0,0,0,1,1070417,1070883,0,1
10,566,1,0,1,0,1,0,1,1073583,1074149,0,1
10,516,0,1,0,1,2,1,0,1076715,1077231,0,1
10,400,0,1,0,1,2,1,0,1080114,1080514,0,1
10,450,0,1,0,1,1,0,1,1083296,1083746,0,1
10,466,1,0,1,0,2,0,1,1086712,1087178,0,1
10,383,1,0,1,0,2,1,0,1089977,1090360,0,1
10,383,1,0,1,0,2,0,1,1092993,1093376,0,1
10,583,1,0,1,0,0,1,0,1096192,1096775,0,1
10,533,0,1,0,1,2,1,0,1099541,1100074,0,1
10,484,1,0,1,0,0,0,1,1103039,1103523,0,1
10,384,0,1,0,1,1,0,1,1106438,1106822,0,1
10,384,0,1,0,1,1,1,0,1109637,1110021,0,1
10,483,0,1,0,1,0,0,1,1112570,1113053,0,1
10,467,0,1,0,1,0,1,0,1115635,1116102,0,1
10,434,1,0,1,0,2,1,0,1118884,1119318,0,1
10,533,0,1,0,1,1,0,1,1122000,1122533,0,1
10,517,0,1,0,1,2,1,0,1125565,1126082,0,1
10,484,0,1,0,1,1,1,0,1129064,1129548,0,1
10,450,0,1,0,1,0,1,0,1132380,1132830,0,1
10,449,0,1,0,1,1,1,0,1135396,1135845,0,1
10,466,0,1,0,1,1,0,1,1138445,1138911,0,1
10,466,0,1,1,0,1,0,1,1141677,1142143,0,0
10,783,1,0,1,0,2,1,0,1144909,1145692,0,1
10,583,0,1,0,1,0,0,1,1148641,1149224,0,1
10,1033,0,1,1,0,0,1,0,1151774,1152807,0,0
10,483,1,0,1,0,2,0,1,1155672,1156155,0,1
10,550,0,1,1,0,1,0,1,1158771,1159321,0,0
10,450,0,1,0,1,2,1,0,1162253,1162703,0,1
10,650,0,1,0,1,2,1,0,1165652,1166302,0,1
10,516,0,1,0,1,1,0,1,1168885,1169401,0,1
10,350,0,1,0,1,1,0,1,1172400,1172750,0,1
10,400,0,1,0,1,0,1,0,1175666,1176066,0,1
10,383,1,0,0,1,2,0,1,1178898,1179281,0,0
10,416,0,1,1,0,2,1,0,1182014,1182430,0,0
10,516,1,0,1,0,0,0,1,1185063,1185579,0,1
10,400,0,1,0,1,1,0,1,1188511,1188911,0,1
10,484,1,0,1,0,1,0,1,1191910,1192394,0,1
10,516,0,1,0,1,0,1,0,1195343,1195859,0,1
10,433,0,1,0,1,2,0,1,1198725,1199158,0,1
10,600,1,0,1,0,0,0,1,1202157,1202757,0,1
10,433,0,1,1,0,1,1,0,1205689,1206122,0,0
10,500,0,1,0,1,0,1,0,1209071,1209571,0,1
10,566,1,0,1,0,2,0,1,1212437,1213003,0,1
10,433,0,1,0,1,2,1,0,1215636,1216069,0,1
10,466,0,1,0,1,1,1,0,1218852,1219318,0,1
10,433,0,1,0,1,0,0,1,1222334,1222767,0,1
10,467,1,0,1,0,1,1,0,1225699,1226166,0,1
10,400,0,1,0,1,0,0,1,1228915,1229315,0,1
10,567,0,1,0,1,2,0,1,1232030,1232597,0,1
10,483,1,0,1,0,0,0,1,1235546,1236029,0,1
10,400,0,1,0,1,2,1,0,1238778,1239178,0,1
10,367,0,1,1,0,0,1,0,1242177,1242544,0,0
10,533,0,1,0,1,2,0,1,1245260,1245793,0,1
10,450,0,1,0,1,1,0,1,1248392,1248842,0,1
10,467,1,0,1,0,2,0,1,1251757,1252224,0,1
10,484,1,0,1,0,0,1,0,1254806,1255290,0,1
10,499,0,1,0,1,0,0,1,1258239,1258738,0,1
11,667,0,1,0,1,2,0,1,12947,13614,0,1
11,866,1,0,1,0,0,1,0,16263,17129,0,1
11,734,1,0,1,0,0,0,1,20111,20845,0,1
11,550,1,0,1,0,2,1,0,23627,24177,0,1
11,667,1,0,1,0,0,1,0,26759,27426,0,1
11,617,1,0,1,0,2,1,0,30141,30758,0,1
11,583,1,0,1,0,1,0,1,33707,34290,0,1
11,1283,1,0,1,0,1,1,0,37222,38505,0,1
11,949,0,1,0,1,1,1,0,41155,42104,0,1
11,800,0,1,0,1,0,0,1,45020,45820,0,1
11,833,1,0,1,0,0,0,1,48819,49652,0,1
11,749,0,1,1,0,0,0,1,52268,53017,0,0
11,616,1,0,1,0,1,0,1,55700,56316,0,1
11,450,1,0,1,0,1,1,0,58949,59399,0,1
11,883,1,0,1,0,1,1,0,62081,62964,0,1
11,550,1,0,1,0,2,1,0,65696,66246,0,1
11,783,0,1,0,1,0,0,1,68995,69778,0,1
11,733,0,1,0,1,1,1,0,72411,73144,0,1
11,1300,0,0,0,1,1,0,1,76126,77426,1,NaN
11,900,1,0,1,0,0,0,1,80225,81125,0,1
11,1067,0,1,0,1,0,1,0,83990,85057,0,1
11,683,1,0,1,0,2,1,0,87939,88622,0,1
11,650,0,1,0,1,0,0,1,91355,92005,0,1
11,1050,0,1,0,1,0,1,0,95020,96070,0,1
11,883,1,0,1,0,2,0,1,98769,99652,0,1
11,900,1,0,1,0,1,0,1,102384,103284,0,1
11,733,0,1,0,1,1,1,0,106117,106850,0,1
11,833,1,0,1,0,0,1,0,109815,110648,0,1
11,749,0,1,0,1,1,1,0,113198,113947,0,1
11,1300,0,0,0,1,1,1,0,116546,117846,1,NaN
11,983,1,0,1,0,0,0,1,120962,121945,0,1
11,983,1,0,1,0,0,1,0,124710,125693,0,1
11,1299,0,0,0,1,0,1,0,128243,129542,1,NaN
11,1167,1,0,1,0,2,1,0,132674,133841,0,1
11,784,0,1,0,1,0,1,0,136706,137490,0,1
11,733,1,0,1,0,0,1,0,140205,140938,0,1
11,883,1,0,1,0,0,0,1,143638,144521,0,1
11,700,1,0,1,0,0,0,1,147153,147853,0,1
11,1299,0,0,0,1,2,0,1,150669,151968,1,NaN
11,749,1,0,1,0,1,1,0,154701,155450,0,1
11,733,1,0,1,0,2,1,0,158266,158999,0,1
11,1299,0,0,0,1,0,1,0,161682,162981,1,NaN
11,516,0,1,0,1,1,0,1,165947,166463,0,1
11,1183,0,1,0,1,2,1,0,169046,170229,0,1
11,733,1,0,1,0,2,0,1,172778,173511,0,1
11,1083,0,1,0,1,1,1,0,176127,177210,0,1
11,766,1,0,1,0,2,1,0,179876,180642,0,1
11,767,0,1,0,1,0,0,1,183441,184208,0,1
11,733,1,0,1,0,0,1,0,186823,187556,0,1
11,734,0,1,0,1,1,0,1,190305,191039,0,1
11,783,1,0,1,0,0,1,0,193821,194604,0,1
11,1300,0,0,0,1,0,1,0,197486,198786,1,NaN
11,1267,0,1,1,0,2,1,0,201818,203085,0,0
11,1116,1,0,0,1,2,0,1,205884,207000,0,0
11,716,1,0,1,0,2,0,1,209816,210532,0,1
11,866,1,0,1,0,2,1,0,213248,214114,0,1
11,833,1,0,1,0,0,1,0,217130,217963,0,1
11,683,1,0,1,0,1,1,0,220729,221412,0,1
11,1300,0,0,0,1,0,1,0,224144,225444,1,NaN
11,1266,0,1,0,1,0,0,1,228443,229709,0,1
11,850,1,0,1,0,1,1,0,232625,233475,0,1
11,783,0,1,0,1,1,1,0,236324,237107,0,1
11,866,1,0,1,0,2,1,0,239906,240772,0,1
11,783,0,1,0,1,2,1,0,243638,244421,0,1
11,1299,0,0,0,1,0,0,1,247087,248386,1,NaN
11,983,1,0,1,0,2,1,0,251535,252518,0,1
11,983,1,0,1,0,0,0,1,255201,256184,0,1
11,800,1,0,1,0,1,0,1,259066,259866,0,1
11,750,1,0,1,0,0,1,0,262615,263365,0,1
11,1300,0,0,0,1,1,0,1,266147,267447,1,NaN
11,634,1,0,1,0,2,0,1,270462,271096,0,1
11,633,0,1,0,1,1,1,0,273845,274478,0,1
11,484,1,0,1,0,2,1,0,292880,293364,0,1
11,1299,0,0,0,1,2,1,0,296313,297612,1,NaN
11,600,1,0,1,0,2,0,1,300561,301161,0,1
11,650,1,0,1,0,2,0,1,303827,304477,0,1
11,617,1,0,1,0,2,0,1,307009,307626,0,1
11,667,0,1,0,1,1,1,0,310391,311058,0,1
11,933,0,1,0,1,1,1,0,313757,314690,0,1
11,833,1,0,1,0,0,1,0,317639,318472,0,1
11,633,1,0,1,0,1,0,1,321155,321788,0,1
11,866,1,0,1,0,0,0,1,324620,325486,0,1
11,650,0,1,0,1,0,1,0,328302,328952,0,1
11,666,0,1,1,0,2,0,1,331668,332334,0,0
11,1283,0,1,1,0,2,1,0,335033,336316,0,0
11,1249,1,0,1,0,2,1,0,338849,340098,0,1
11,483,1,0,1,0,2,1,0,343081,343564,0,1
11,717,0,1,1,0,0,1,0,346296,347013,0,0
11,317,1,0,0,1,1,1,0,349678,349995,0,0
11,566,0,1,0,1,0,0,1,352961,353527,0,1
11,633,0,1,0,1,1,0,1,356160,356793,0,1
11,300,1,0,1,0,2,0,1,359658,359958,0,1
11,300,1,0,1,0,2,0,1,362924,363224,0,1
11,433,1,0,1,0,2,1,0,365990,366423,0,1
11,533,1,0,1,0,0,0,1,369089,369622,0,1
11,367,0,1,1,0,1,1,0,372554,372921,0,0
11,850,0,1,0,1,0,0,1,375470,376320,0,1
11,850,0,1,0,1,1,1,0,379002,379852,0,1
11,417,1,0,1,0,0,0,1,382401,382818,0,1
11,500,1,0,0,1,0,1,0,385500,386000,0,0
11,700,0,1,0,1,1,1,0,388882,389582,0,1
11,850,1,0,1,0,0,1,0,392114,392964,0,1
11,833,0,1,0,1,1,1,0,395697,396530,0,1
11,666,0,1,0,1,1,0,1,399479,400145,0,1
11,949,0,1,0,1,0,0,1,402728,403677,0,1
11,717,0,1,0,1,1,1,0,406476,407193,0,1
11,633,1,0,1,0,2,0,1,409992,410625,0,1
11,1299,0,0,0,1,1,1,0,413441,414740,1,NaN
11,966,0,1,0,1,1,1,0,417773,418739,0,1
11,633,1,0,1,0,2,0,1,421372,422005,0,1
11,667,1,0,1,0,2,0,1,424637,425304,0,1
11,534,1,0,1,0,2,0,1,427919,428453,0,1
11,1300,0,0,1,0,1,1,0,431035,432335,1,NaN
11,766,0,1,1,0,0,1,0,435267,436033,0,0
11,1300,0,0,0,1,1,0,1,438649,439949,1,NaN
11,583,0,1,0,1,1,1,0,442998,443581,0,1
11,750,1,0,1,0,1,0,1,446463,447213,0,1
11,700,1,0,1,0,2,0,1,449862,450562,0,1
11,1066,0,1,0,1,2,0,1,453261,454327,0,1
11,767,1,0,1,0,2,1,0,457026,457793,0,1
11,783,0,1,0,1,2,0,1,460675,461458,0,1
11,733,0,1,0,1,0,0,1,464091,464824,0,1
11,566,0,1,0,1,2,1,0,467690,468256,0,1
11,634,1,0,1,0,1,0,1,471238,471872,0,1
11,633,0,1,0,1,1,1,0,474454,475087,0,1
11,633,0,1,0,1,1,1,0,477986,478619,0,1
11,650,1,0,1,0,2,0,1,481235,481885,0,1
11,617,0,1,0,1,1,0,1,484634,485251,0,1
11,1150,0,1,0,1,2,0,1,488133,489283,0,1
11,767,0,1,0,1,0,1,0,492298,493065,0,1
11,417,0,1,0,1,0,0,1,495780,496197,0,1
11,250,1,0,1,0,2,0,1,499196,499446,0,1
11,583,1,0,1,0,1,1,0,502045,502628,0,1
11,583,1,0,1,0,2,1,0,505527,506110,0,1
11,733,0,1,0,1,1,1,0,509059,509792,0,1
11,917,0,1,1,0,0,1,0,512791,513708,0,0
11,766,0,1,0,1,2,1,0,516707,517473,0,1
11,517,1,0,1,0,1,0,1,520139,520656,0,1
11,516,0,1,0,1,0,1,0,523355,523871,0,1
11,633,0,1,0,1,1,1,0,526404,527037,0,1
11,983,0,1,0,1,2,0,1,529819,530802,0,1
11,833,0,1,1,0,0,1,0,533601,534434,0,0
11,1300,0,0,0,1,1,0,1,537133,538433,1,NaN
11,766,1,0,1,0,0,1,0,541532,542298,0,1
11,700,0,1,0,1,0,1,0,544997,545697,0,1
11,583,1,0,1,0,2,1,0,563270,563853,0,1
11,617,0,1,0,1,0,1,0,566702,567319,0,1
11,566,1,0,0,1,2,0,1,570118,570684,0,0
11,550,0,1,0,1,0,1,0,573333,573883,0,1
11,533,0,1,0,1,1,1,0,576749,577282,0,1
11,1167,0,1,0,1,1,0,1,580264,581431,0,1
11,600,0,1,0,1,1,0,1,584213,584813,0,1
11,817,1,0,1,0,2,0,1,587545,588362,0,1
11,783,0,1,0,1,2,0,1,591327,592110,0,1
11,733,1,0,1,0,2,1,0,594676,595409,0,1
11,1299,0,0,1,0,0,1,0,598092,599391,1,NaN
11,700,1,0,1,0,0,1,0,602207,602907,0,1
11,616,0,1,0,1,1,0,1,605556,606172,0,1
11,950,0,1,0,1,1,0,1,609138,610088,0,1
11,700,0,1,0,1,0,1,0,612770,613470,0,1
11,1133,0,1,0,1,0,1,0,616419,617552,0,1
11,567,1,0,1,0,1,0,1,620501,621068,0,1
11,583,1,0,1,0,2,0,1,624017,624600,0,1
11,850,1,0,1,0,0,0,1,627182,628032,0,1
11,550,1,0,1,0,0,0,1,630964,631514,0,1
11,1299,0,0,1,0,2,1,0,634380,635679,1,NaN
11,817,0,1,0,1,0,0,1,638495,639312,0,1
11,533,0,1,0,1,1,1,0,642111,642644,0,1
11,650,0,1,1,0,0,1,0,645609,646259,0,0
11,517,0,1,0,1,1,0,1,649108,649625,0,1
11,1300,0,0,1,0,2,1,0,652357,653657,1,NaN
11,817,0,1,0,1,0,1,0,656739,657556,0,1
11,699,1,0,1,0,2,0,1,660405,661104,0,1
11,700,0,1,0,1,0,1,0,664103,664803,0,1
11,933,0,1,1,0,2,1,0,667386,668319,0,0
11,1233,0,1,1,0,1,1,0,671268,672501,0,0
11,733,0,1,0,1,1,0,1,675233,675966,0,1
11,566,0,1,0,1,0,1,0,678699,679265,0,1
11,833,0,1,0,1,1,0,1,681981,682814,0,1
11,567,0,1,0,1,0,0,1,685646,686213,0,1
11,633,1,0,1,0,2,0,1,688945,689578,0,1
11,800,0,1,0,1,0,0,1,692427,693227,0,1
11,766,1,0,1,0,2,1,0,695843,696609,0,1
11,650,0,1,0,1,1,1,0,699342,699992,0,1
11,817,1,0,1,0,0,0,1,702557,703374,0,1
11,650,0,1,1,0,0,1,0,706123,706773,0,0
11,1300,0,0,0,1,0,1,0,709555,710855,1,NaN
11,700,0,1,0,1,1,0,1,713704,714404,0,1
11,716,1,0,1,0,0,0,1,717186,717902,0,1
11,600,0,1,0,1,1,1,0,720618,721218,0,1
11,634,0,1,0,1,1,0,1,723900,724534,0,1
11,699,0,1,0,1,2,1,0,727233,727932,0,1
11,583,0,1,0,1,2,0,1,730948,731531,0,1
11,750,0,1,0,1,0,0,1,734247,734997,0,1
11,533,0,1,0,1,1,0,1,737729,738262,0,1
11,566,1,0,1,0,2,1,0,741245,741811,0,1
11,733,1,0,1,0,1,0,1,744727,745460,0,1
11,1216,1,0,1,0,0,1,0,748226,749442,0,1
11,733,1,0,1,0,1,0,1,752391,753124,0,1
11,1299,0,0,0,1,0,1,0,755790,757089,1,NaN
11,783,1,0,0,1,0,0,1,759805,760588,0,0
11,733,0,1,0,1,2,1,0,763171,763904,0,1
11,733,0,1,0,1,2,1,0,766486,767219,0,1
11,717,1,0,1,0,1,0,1,769835,770552,0,1
11,634,0,1,0,1,2,0,1,773267,773901,0,1
11,683,1,0,1,0,0,0,1,776900,777583,0,1
11,633,1,0,1,0,0,0,1,780565,781198,0,1
11,733,1,0,1,0,1,1,0,784097,784830,0,1
11,667,0,1,0,1,0,0,1,787679,788346,0,1
11,634,1,0,1,0,2,1,0,791361,791995,0,1
11,733,0,1,0,1,1,0,1,794710,795443,0,1
11,600,1,0,1,0,2,0,1,798359,798959,0,1
11,883,1,0,1,0,1,0,1,801625,802508,0,1
11,633,1,0,1,0,0,0,1,805457,806090,0,1
11,567,1,0,1,0,0,0,1,808689,809256,0,1
11,1067,1,0,1,0,1,0,1,811971,813038,0,1
11,933,1,0,1,0,2,1,0,815570,816503,0,1
11,767,0,1,0,1,1,1,0,819302,820069,0,1
11,533,0,1,0,1,0,0,1,835541,836074,0,1
11,633,0,1,0,1,1,0,1,838657,839290,0,1
11,534,1,0,1,0,2,0,1,842122,842656,0,1
11,634,0,1,0,1,0,0,1,845271,845905,0,1
11,866,1,0,1,0,2,1,0,848904,849770,0,1
11,883,0,1,0,1,0,0,1,852702,853585,0,1
11,634,1,0,1,0,1,1,0,856384,857018,0,1
11,766,0,1,0,1,1,0,1,859550,860316,0,1
11,750,1,0,1,0,2,1,0,863215,863965,0,1
11,484,0,1,0,1,1,1,0,866714,867198,0,1
11,666,0,1,0,1,2,1,0,870180,870846,0,1
11,583,1,0,1,0,2,0,1,873429,874012,0,1
11,617,1,0,1,0,1,1,0,876994,877611,0,1
11,716,1,0,1,0,2,0,1,880310,881026,0,1
11,583,1,0,0,1,1,1,0,883809,884392,0,0
11,783,0,1,0,1,0,0,1,887108,887891,0,1
11,734,1,0,1,0,2,1,0,890906,891640,0,1
11,700,1,0,1,0,2,0,1,894372,895072,0,1
11,700,0,1,0,1,1,0,1,897771,898471,0,1
11,1167,0,1,0,1,2,0,1,901236,902403,0,1
11,617,1,0,1,0,0,0,1,905168,905785,0,1
11,1150,1,0,1,0,2,1,0,908534,909684,0,1
11,683,0,1,0,1,2,1,0,912266,912949,0,1
11,649,1,0,1,0,0,1,0,915732,916381,0,1
11,617,0,1,0,1,1,1,0,919197,919814,0,1
11,433,1,0,1,0,0,1,0,922513,922946,0,1
11,467,0,1,1,0,1,1,0,925545,926012,0,0
11,1299,0,0,1,0,2,1,0,928944,930243,1,NaN
11,667,0,1,0,1,1,0,1,933092,933759,0,1
11,533,0,1,0,1,1,1,0,936575,937108,0,1
11,633,0,1,0,1,1,0,1,939907,940540,0,1
11,633,1,0,1,0,0,0,1,943206,943839,0,1
11,683,0,1,0,1,1,1,0,946721,947404,0,1
11,1299,0,0,0,1,1,0,1,950287,951586,1,NaN
11,1183,0,1,0,1,0,1,0,954352,955535,0,1
11,383,0,1,1,0,0,1,0,958118,958501,0,0
11,567,0,1,1,0,2,0,1,961083,961650,0,0
11,1166,0,1,0,1,1,0,1,964432,965598,0,1
11,750,0,1,0,1,1,1,0,968547,969297,0,1
11,583,1,0,1,0,2,0,1,972230,972813,0,1
11,750,1,0,1,0,1,0,1,975828,976578,0,1
11,550,0,1,0,1,1,0,1,979444,979994,0,1
11,750,0,1,0,1,2,1,0,982693,983443,0,1
11,783,1,0,1,0,2,0,1,986058,986841,0,1
11,884,0,1,0,1,2,0,1,989790,990674,0,1
11,717,0,1,0,1,0,1,0,993489,994206,0,1
11,716,0,1,0,1,2,1,0,997005,997721,0,1
11,783,1,0,1,0,2,1,0,1000620,1001403,0,1
11,683,1,0,1,0,2,0,1,1004036,1004719,0,1
11,600,1,0,1,0,0,1,0,1007518,1008118,0,1
11,949,1,0,1,0,1,0,1,1011117,1012066,0,1
11,767,0,1,0,1,2,0,1,1014632,1015399,0,1
11,633,1,0,1,0,0,0,1,1017998,1018631,0,1
11,683,0,1,0,1,1,0,1,1021547,1022230,0,1
11,766,1,0,1,0,0,0,1,1024796,1025562,0,1
11,617,0,1,0,1,0,0,1,1028511,1029128,0,1
11,667,0,1,0,1,1,0,1,1032043,1032710,0,1
11,750,0,1,0,1,0,0,1,1035409,1036159,0,1
11,600,1,0,1,0,0,0,1,1038724,1039324,0,1
11,683,0,1,0,1,1,0,1,1042173,1042856,0,1
11,633,0,1,0,1,0,0,1,1045389,1046022,0,1
11,650,0,1,0,1,0,1,0,1048804,1049454,0,1
11,717,0,1,0,1,1,1,0,1052103,1052820,0,1
11,817,1,0,1,0,2,0,1,1055602,1056419,0,1
11,783,1,0,1,0,2,1,0,1059268,1060051,0,1
11,817,0,1,0,1,2,1,0,1063016,1063833,0,1
11,833,1,0,1,0,0,0,1,1066399,1067232,0,1
11,834,1,0,1,0,1,1,0,1069797,1070631,0,1
11,1133,0,1,0,1,2,1,0,1073296,1074429,0,1
11,1100,0,1,1,0,1,1,0,1077145,1078245,0,0
11,466,1,0,1,0,1,0,1,1080944,1081410,0,1
11,716,0,1,0,1,0,1,0,1084293,1085009,0,1
11,816,0,1,0,1,0,0,1,1087625,1088441,0,1
11,1116,1,0,1,0,2,1,0,1105631,1106747,0,1
11,600,0,1,0,1,2,0,1,1109546,1110146,0,1
11,767,1,0,1,0,2,1,0,1112978,1113745,0,1
11,583,0,1,0,1,2,1,0,1116627,1117210,0,1
11,516,0,1,0,1,1,1,0,1120143,1120659,0,1
11,683,1,0,1,0,0,0,1,1123308,1123991,0,1
11,650,1,0,1,0,0,0,1,1126957,1127607,0,1
11,517,1,0,1,0,0,0,1,1130189,1130706,0,1
11,550,1,0,1,0,2,1,0,1133238,1133788,0,1
11,634,0,1,0,1,0,0,1,1136720,1137354,0,1
11,850,1,0,1,0,0,1,0,1139936,1140786,0,1
11,800,0,1,0,1,1,0,1,1143618,1144418,0,1
11,783,0,1,0,1,1,1,0,1147284,1148067,0,1
11,683,0,1,1,0,2,1,0,1150683,1151366,0,0
11,749,1,0,1,0,2,0,1,1154315,1155064,0,1
11,1116,0,1,0,1,1,0,1,1157997,1159113,0,1
11,800,1,0,1,0,0,0,1,1162012,1162812,0,1
11,683,1,0,1,0,2,0,1,1165378,1166061,0,1
11,899,1,0,1,0,2,0,1,1168727,1169626,0,1
11,633,1,0,1,0,0,0,1,1172209,1172842,0,1
11,750,0,1,0,1,1,0,1,1175458,1176208,0,1
11,650,1,0,1,0,2,0,1,1179156,1179806,0,1
11,733,1,0,1,0,0,1,0,1182389,1183122,0,1
11,1167,1,0,1,0,2,0,1,1186104,1187271,0,1
11,750,0,1,0,1,1,1,0,1190053,1190803,0,1
11,684,1,0,1,0,2,0,1,1193518,1194202,0,1
11,816,0,1,0,1,2,0,1,1196751,1197567,0,1
11,700,0,1,0,1,1,0,1,1200183,1200883,0,1
11,784,0,1,0,1,2,1,0,1203448,1204232,0,1
11,616,1,0,1,0,2,0,1,1206981,1207597,0,1
11,683,0,1,0,1,0,0,1,1210280,1210963,0,1
11,983,0,1,0,1,1,1,0,1213945,1214928,0,1
11,483,0,1,0,1,1,1,0,1217594,1218077,0,1
11,500,0,1,0,1,1,1,0,1220643,1221143,0,1
11,250,0,1,1,0,1,1,0,1223992,1224242,0,0
11,583,1,0,1,0,2,1,0,1226874,1227457,0,1
11,467,1,0,1,0,2,0,1,1230006,1230473,0,1
11,450,0,1,0,1,1,1,0,1233255,1233705,0,1
11,567,1,0,1,0,0,1,0,1236504,1237071,0,1
11,650,0,1,0,1,1,1,0,1239620,1240270,0,1
11,583,1,0,1,0,2,0,1,1243219,1243802,0,1
11,566,0,1,0,1,2,1,0,1246418,1246984,0,1
11,733,1,0,1,0,2,1,0,1249550,1250283,0,1
11,1083,0,1,0,1,2,0,1,1253132,1254215,0,1
11,783,0,1,0,1,0,1,0,1257131,1257914,0,1
11,1133,0,1,0,1,0,0,1,1260480,1261613,0,1
11,733,1,0,1,0,0,1,0,1264462,1265195,0,1
11,833,0,1,0,1,1,0,1,1267894,1268727,0,1
11,1233,0,1,0,1,0,1,0,1271593,1272826,0,1
11,850,0,1,0,1,2,1,0,1275408,1276258,0,1
11,850,0,1,0,1,2,0,1,1278957,1279807,0,1
11,700,0,1,0,1,1,0,1,1282356,1283056,0,1
11,666,1,0,1,0,2,1,0,1285605,1286271,0,1
11,350,1,0,1,0,2,0,1,1289237,1289587,0,1
11,583,1,0,1,0,1,1,0,1292269,1292852,0,1
11,883,0,1,0,1,1,0,1,1295485,1296368,0,1
11,783,0,1,0,1,0,0,1,1299367,1300150,0,1
11,734,0,1,0,1,1,0,1,1302682,1303416,0,1
11,799,0,1,0,1,1,0,1,1306365,1307164,0,1
11,1200,1,0,1,0,2,1,0,1310163,1311363,0,1
11,583,0,1,0,1,0,1,0,1314179,1314762,0,1
11,783,0,1,0,1,1,0,1,1317744,1318527,0,1
11,650,0,1,0,1,0,0,1,1321493,1322143,0,1
11,566,0,1,0,1,0,1,0,1324742,1325308,0,1
11,750,1,0,1,0,0,1,0,1328074,1328824,0,1
11,766,1,0,1,0,1,0,1,1331573,1332339,0,1
11,717,1,0,1,0,2,0,1,1335088,1335805,0,1
11,633,0,1,0,1,1,0,1,1338671,1339304,0,1
11,1067,0,1,0,1,0,1,0,1341986,1343053,0,1
12,466,0,1,1,0,1,1,0,11584,12050,0,0
12,450,0,1,1,0,2,1,0,14966,15416,0,0
12,450,0,1,0,1,2,1,0,18265,18715,0,1
12,433,0,1,0,1,0,1,0,21547,21980,0,1
12,417,0,1,0,1,1,1,0,24596,25013,0,1
12,383,1,0,0,1,2,0,1,27612,27995,0,0
12,383,0,1,1,0,0,1,0,30594,30977,0,0
12,533,0,1,0,1,1,0,1,33743,34276,0,1
12,417,1,0,1,0,0,1,0,37025,37442,0,1
12,400,1,0,1,0,1,0,1,40108,40508,0,1
12,500,0,1,0,1,2,0,1,43507,44007,0,1
12,450,0,1,0,1,1,1,0,46772,47222,0,1
12,416,0,1,0,1,0,1,0,49805,50221,0,1
12,350,1,0,0,1,2,0,1,53120,53470,0,0
12,416,1,0,0,1,2,0,1,56003,56419,0,0
12,716,0,1,0,1,1,1,0,59235,59951,0,1
12,533,1,0,1,0,2,0,1,62867,63400,0,1
12,384,0,1,0,1,1,1,0,66049,66433,0,1
12,400,0,1,0,1,1,1,0,69298,69698,0,1
12,450,1,0,1,0,2,1,0,72364,72814,0,1
12,383,1,0,1,0,2,1,0,75646,76029,0,1
12,417,1,0,0,1,2,0,1,78795,79212,0,0
12,467,1,0,1,0,0,1,0,81977,82444,0,1
12,384,1,0,1,0,2,0,1,85026,85410,0,1
12,400,1,0,1,0,2,0,1,88342,88742,0,1
12,634,0,1,0,1,1,1,0,91324,91958,0,1
12,616,1,0,0,1,2,0,1,94657,95273,0,0
12,467,1,0,1,0,2,1,0,98255,98722,0,1
12,650,0,1,0,1,0,0,1,101604,102254,0,1
12,433,1,0,1,0,0,0,1,105237,105670,0,1
12,500,0,1,0,1,0,0,1,108469,108969,0,1
12,483,1,0,1,0,0,0,1,111901,112384,0,1
12,483,0,1,1,0,0,1,0,115217,115700,0,0
12,484,0,1,0,1,1,1,0,118615,119099,0,1
12,600,0,1,1,0,1,0,1,121748,122348,0,0
12,450,0,1,0,1,1,1,0,124963,125413,0,1
12,467,0,1,0,1,0,0,1,128079,128546,0,1
12,466,0,1,1,0,0,1,0,131245,131711,0,0
12,550,0,1,0,1,1,0,1,134360,134910,0,1
12,516,0,1,0,1,0,1,0,137793,138309,0,1
12,516,0,1,1,0,2,0,1,141275,141791,0,0
12,566,1,0,1,0,2,1,0,144474,145040,0,1
12,499,1,0,1,0,0,1,0,147973,148472,0,1
12,400,1,0,1,0,2,0,1,151121,151521,0,1
12,500,0,1,0,1,1,1,0,154170,154670,0,1
12,517,0,1,0,1,0,1,0,157286,157803,0,1
12,517,1,0,1,0,0,0,1,160385,160902,0,1
12,533,0,1,0,1,1,1,0,163634,164167,0,1
12,516,0,1,1,0,2,1,0,167133,167649,0,0
12,567,0,1,0,1,1,0,1,170315,170882,0,1
12,566,1,0,1,0,0,0,1,173681,174247,0,1
12,550,0,1,0,1,1,0,1,176830,177380,0,1
12,467,0,1,1,0,1,1,0,180262,180729,0,0
12,416,1,0,1,0,2,0,1,183578,183994,0,1
12,433,0,1,0,1,1,0,1,186577,187010,0,1
12,700,1,0,1,0,0,0,1,189975,190675,0,1
12,484,0,1,0,1,1,1,0,193374,193858,0,1
12,400,1,0,1,0,0,0,1,196440,196840,0,1
12,466,1,0,1,0,2,0,1,199806,200272,0,1
12,550,1,0,0,1,2,1,0,202838,203388,0,0
12,416,0,1,0,1,1,0,1,206037,206453,0,1
12,567,0,1,0,1,0,1,0,209219,209786,0,1
12,450,0,1,0,1,0,0,1,212668,213118,0,1
12,533,0,1,0,1,1,1,0,216067,216600,0,1
12,517,1,0,1,0,1,0,1,219399,219916,0,1
12,384,0,1,0,1,1,0,1,222581,222965,0,1
12,583,0,1,0,1,0,0,1,225764,226347,0,1
12,550,1,0,1,0,0,0,1,228946,229496,0,1
12,483,1,0,0,1,0,0,1,232478,232961,0,0
12,483,1,0,1,0,2,1,0,235827,236310,0,1
12,550,0,1,0,1,2,0,1,239226,239776,0,1
12,416,1,0,1,0,2,1,0,242492,242908,0,1
12,400,0,1,1,0,1,1,0,289278,289678,0,0
12,534,0,1,1,0,2,1,0,292676,293210,0,0
12,483,0,1,1,0,0,1,0,296092,296575,0,0
12,483,0,1,0,1,0,0,1,299341,299824,0,1
12,484,1,0,1,0,1,1,0,302523,303007,0,1
12,499,0,1,0,1,0,1,0,305706,306205,0,1
12,417,1,0,1,0,2,0,1,309221,309638,0,1
12,417,1,0,1,0,2,0,1,312203,312620,0,1
12,400,1,0,1,0,2,0,1,315202,315602,0,1
12,550,0,1,0,1,0,1,0,318385,318935,0,1
12,666,0,1,0,1,0,1,0,321917,322583,0,1
12,466,1,0,1,0,1,0,1,325133,325599,0,1
12,900,0,1,0,1,2,1,0,328298,329198,0,1
12,483,0,1,0,1,1,1,0,331964,332447,0,1
12,449,1,0,1,0,2,0,1,335413,335862,0,1
12,466,1,0,1,0,2,1,0,338462,338928,0,1
12,499,0,1,0,1,1,0,1,341511,342010,0,1
12,550,0,1,0,1,2,1,0,344943,345493,0,1
12,400,1,0,1,0,2,0,1,348375,348775,0,1
12,633,1,0,1,0,2,0,1,351457,352090,0,1
12,499,1,0,1,0,0,1,0,354640,355139,0,1
12,434,1,0,1,0,2,1,0,358138,358572,0,1
12,467,0,1,0,1,1,1,0,361287,361754,0,1
12,450,1,0,1,0,0,1,0,364420,364870,0,1
12,583,0,1,0,1,0,1,0,367469,368052,0,1
12,599,0,1,0,1,0,1,0,370918,371517,0,1
12,366,0,1,0,1,1,0,1,374350,374716,0,1
12,433,1,0,1,0,2,1,0,377699,378132,0,1
12,483,1,0,1,0,0,1,0,381148,381631,0,1
12,483,1,0,1,0,1,0,1,384513,384996,0,1
12,484,0,1,0,1,2,0,1,387895,388379,0,1
12,467,1,0,1,0,1,0,1,391161,391628,0,1
12,466,1,0,1,0,0,0,1,394510,394976,0,1
12,483,0,1,0,1,1,0,1,397792,398275,0,1
12,434,1,0,1,0,2,1,0,401074,401508,0,1
12,383,1,0,1,0,2,0,1,404357,404740,0,1
12,550,0,1,0,1,0,0,1,407639,408189,0,1
12,450,1,0,1,0,0,1,0,410888,411338,0,1
12,384,1,0,1,0,2,0,1,414103,414487,0,1
12,433,0,1,0,1,1,1,0,417419,417852,0,1
12,533,0,1,0,1,1,0,1,420418,420951,0,1
12,367,1,0,1,0,0,0,1,423550,423917,0,1
12,484,0,1,0,1,1,0,1,426749,427233,0,1
12,433,1,0,1,0,2,0,1,429865,430298,0,1
12,433,1,0,1,0,0,0,1,433164,433597,0,1
12,416,1,0,1,0,0,0,1,436280,436696,0,1
12,466,1,0,1,0,0,1,0,439379,439845,0,1
12,500,0,1,0,1,2,0,1,442561,443061,0,1
12,517,1,0,1,0,0,0,1,445993,446510,0,1
12,450,1,0,1,0,2,0,1,449492,449942,0,1
12,466,1,0,1,0,2,1,0,452741,453207,0,1
12,600,1,0,0,1,1,1,0,456023,456623,0,0
12,616,0,1,0,1,2,1,0,459222,459838,0,1
12,417,0,1,0,1,1,1,0,462421,462838,0,1
12,533,0,1,0,1,0,0,1,465837,466370,0,1
12,467,0,1,0,1,2,1,0,469035,469502,0,1
12,433,0,1,1,0,1,1,0,472318,472751,0,0
12,433,0,1,0,1,1,0,1,475600,476033,0,1
12,450,0,1,0,1,1,1,0,478599,479049,0,1
12,533,1,0,1,0,0,1,0,481615,482148,0,1
12,500,1,0,1,0,1,0,1,484997,485497,0,1
12,500,1,0,1,0,1,0,1,488496,488996,0,1
12,417,0,1,0,1,2,0,1,491761,492178,0,1
12,534,0,1,0,1,1,1,0,494910,495444,0,1
12,484,1,0,1,0,1,0,1,498342,498826,0,1
12,450,0,1,0,1,1,0,1,501808,502258,0,1
12,450,0,1,0,1,0,0,1,504907,505357,0,1
12,500,1,0,1,0,2,0,1,508073,508573,0,1
12,516,0,1,0,1,0,0,1,511255,511771,0,1
12,399,0,1,0,1,1,0,1,514421,514820,0,1
12,400,0,1,1,0,1,0,1,517653,518053,0,0
12,516,0,1,0,1,2,1,0,520952,521468,0,1
12,500,0,1,0,1,0,1,0,524351,524851,0,1
12,433,1,0,1,0,0,0,1,541943,542376,0,1
12,383,1,0,1,0,0,0,1,545276,545659,0,1
12,400,0,1,0,1,1,0,1,548208,548608,0,1
12,450,1,0,1,0,2,0,1,551340,551790,0,1
12,567,1,0,1,0,1,1,0,554572,555139,0,1
12,550,1,0,1,0,2,0,1,557721,558271,0,1
12,500,0,1,0,1,0,1,0,561204,561704,0,1
12,717,1,0,1,0,1,1,0,564552,565269,0,1
12,434,0,1,0,1,0,1,0,567901,568335,0,1
12,450,1,0,1,0,2,0,1,571017,571467,0,1
12,400,1,0,1,0,2,0,1,574049,574449,0,1
12,433,0,1,0,1,0,0,1,577415,577848,0,1
12,367,1,0,1,0,2,0,1,580797,581164,0,1
12,533,1,0,1,0,1,0,1,583696,584229,0,1
12,517,0,1,0,1,1,0,1,587245,587762,0,1
12,550,0,1,0,1,2,0,1,590594,591144,0,1
12,516,0,1,0,1,1,0,1,593910,594426,0,1
12,499,0,1,1,0,0,1,0,597109,597608,0,0
12,567,1,0,1,0,0,1,0,600357,600924,0,1
12,533,0,1,0,1,2,1,0,603840,604373,0,1
12,500,0,1,0,1,0,1,0,607072,607572,0,1
12,533,1,0,1,0,2,1,0,610171,610704,0,1
12,617,0,1,0,1,2,1,0,613603,614220,0,1
12,583,0,1,0,1,0,0,1,617185,617768,0,1
12,517,0,1,1,0,0,0,1,620384,620901,0,0
12,533,1,0,1,0,0,1,0,623650,624183,0,1
12,433,1,0,1,0,2,0,1,627132,627565,0,1
12,450,0,1,0,1,0,1,0,630214,630664,0,1
12,483,1,0,1,0,2,1,0,633647,634130,0,1
12,517,1,0,1,0,2,0,1,637045,637562,0,1
12,383,1,0,1,0,2,0,1,640111,640494,0,1
12,500,0,1,0,1,0,1,0,643510,644010,0,1
12,533,1,0,1,0,1,1,0,646626,647159,0,1
12,466,0,1,0,1,1,1,0,649908,650374,0,1
12,550,0,1,1,0,0,0,1,653307,653857,0,0
12,617,1,0,1,0,2,1,0,656389,657006,0,1
12,433,1,0,1,0,2,0,1,659588,660021,0,1
12,567,0,1,0,1,1,0,1,663020,663587,0,1
12,450,1,0,1,0,2,0,1,666352,666802,0,1
12,534,0,1,0,1,1,1,0,669651,670185,0,1
12,467,1,0,1,0,2,0,1,672967,673434,0,1
12,484,0,1,0,1,0,0,1,676099,676583,0,1
12,666,1,0,1,0,2,1,0,679565,680231,0,1
12,500,0,1,0,1,0,0,1,682947,683447,0,1
12,400,1,0,1,0,2,0,1,686313,686713,0,1
12,466,0,1,0,1,2,1,0,689512,689978,0,1
12,450,0,1,0,1,1,1,0,692694,693144,0,1
12,450,0,1,0,1,1,0,1,696126,696576,0,1
12,450,1,0,1,0,2,1,0,699375,699825,0,1
12,533,1,0,1,0,1,1,0,702507,703040,0,1
12,483,0,1,0,1,1,0,1,706056,706539,0,1
12,483,0,1,1,0,2,1,0,709555,710038,0,0
12,416,0,1,0,1,1,0,1,712904,713320,0,1
12,550,0,1,0,1,0,0,1,716269,716819,0,1
12,600,1,0,0,1,1,0,1,719735,720335,0,0
12,417,0,1,0,1,1,0,1,723367,723784,0,1
12,584,1,0,1,0,0,1,0,726349,726933,0,1
12,567,1,0,1,0,2,1,0,729915,730482,0,1
12,450,0,1,0,1,1,0,1,733464,733914,0,1
12,566,0,1,0,1,0,1,0,736763,737329,0,1
12,516,1,0,1,0,0,0,1,740145,740661,0,1
12,600,0,1,1,0,2,1,0,743244,743844,0,0
12,583,1,0,1,0,0,0,1,746843,747426,0,1
12,600,0,1,0,1,1,0,1,750175,750775,0,1
12,466,1,0,1,0,0,0,1,753641,754107,0,1
12,450,0,1,0,1,0,1,0,756823,757273,0,1
12,433,1,0,1,0,2,0,1,760255,760688,0,1
12,467,0,1,0,1,0,1,0,763504,763971,0,1
12,500,0,1,1,0,2,0,1,766886,767386,0,0
12,500,1,0,1,0,1,0,1,770302,770802,0,1
12,400,1,0,1,0,2,0,1,773401,773801,0,1
12,516,0,1,0,1,1,0,1,776500,777016,0,1
12,416,0,1,0,1,1,1,0,779982,780398,0,1
12,434,0,1,0,1,2,1,0,799674,800108,0,1
12,416,0,1,0,1,0,0,1,802657,803073,0,1
12,467,1,0,1,0,1,0,1,805772,806239,0,1
12,483,1,0,1,0,0,0,1,808938,809421,0,1
12,483,0,1,0,1,1,0,1,812054,812537,0,1
12,400,1,0,1,0,2,0,1,815119,815519,0,1
12,384,0,1,0,1,1,0,1,818468,818852,0,1
12,383,0,1,0,1,1,1,0,821817,822200,0,1
12,417,1,0,1,0,2,1,0,825199,825616,0,1
12,516,0,1,0,1,0,0,1,828482,828998,0,1
12,750,1,0,1,0,0,1,0,831664,832414,0,1
12,616,0,1,1,0,0,1,0,835313,835929,0,0
12,783,0,1,0,1,1,1,0,838745,839528,0,1
12,717,1,0,1,0,1,1,0,842177,842894,0,1
12,499,0,1,0,1,2,0,1,845893,846392,0,1
12,533,0,1,0,1,2,1,0,849408,849941,0,1
12,433,0,1,0,1,1,1,0,852957,853390,0,1
12,616,0,1,0,1,0,0,1,856173,856789,0,1
12,467,1,0,1,0,2,0,1,859471,859938,0,1
12,600,1,0,1,0,2,1,0,862870,863470,0,1
12,400,0,1,0,1,2,1,0,866103,866503,0,1
12,467,0,1,0,1,1,0,1,869468,869935,0,1
12,667,1,0,1,0,2,1,0,872950,873617,0,1
12,549,0,1,1,0,2,1,0,876583,877132,0,0
12,450,1,0,1,0,0,0,1,879881,880331,0,1
12,500,0,1,0,1,0,1,0,882930,883430,0,1
12,450,1,0,1,0,2,0,1,885996,886446,0,1
12,484,1,0,1,0,0,1,0,889378,889862,0,1
12,416,1,0,1,0,2,1,0,892844,893260,0,1
12,517,1,0,1,0,0,1,0,895926,896443,0,1
12,500,1,0,1,0,1,1,0,899208,899708,0,1
12,450,1,0,1,0,2,1,0,902557,903007,0,1
12,499,1,0,1,0,1,1,0,905890,906389,0,1
12,583,1,0,1,0,1,1,0,909022,909605,0,1
12,499,0,1,0,1,2,1,0,912138,912637,0,1
12,483,1,0,1,0,2,0,1,915203,915686,0,1
12,483,1,0,1,0,1,0,1,918402,918885,0,1
12,634,0,1,0,1,0,1,0,921584,922218,0,1
12,550,1,0,1,0,1,0,1,924900,925450,0,1
12,450,0,1,0,1,1,1,0,928482,928932,0,1
12,599,1,0,1,0,0,1,0,931515,932114,0,1
12,434,0,1,0,1,1,1,0,935063,935497,0,1
12,433,0,1,0,1,1,1,0,938129,938562,0,1
12,400,0,1,0,1,1,1,0,941195,941595,0,1
12,583,1,0,1,0,2,0,1,944244,944827,0,1
12,467,1,0,1,0,2,1,0,947609,948076,0,1
12,433,1,0,1,0,1,0,1,950858,951291,0,1
12,483,1,0,1,0,0,0,1,954224,954707,0,1
12,650,0,1,0,1,0,1,0,957339,957989,0,1
12,483,0,1,1,0,0,1,0,960922,961405,0,0
12,517,0,1,0,1,2,0,1,964137,964654,0,1
12,450,1,0,1,0,2,1,0,967503,967953,0,1
12,467,1,0,1,0,0,1,0,970968,971435,0,1
12,483,0,1,0,1,1,0,1,974301,974784,0,1
12,500,0,1,0,1,1,0,1,977616,978116,0,1
12,584,1,0,1,0,2,1,0,980948,981532,0,1
12,484,0,1,0,1,1,0,1,984530,985014,0,1
12,600,1,0,1,0,2,1,0,987879,988479,0,1
12,466,0,1,0,1,0,0,1,991345,991811,0,1
12,483,0,1,0,1,0,0,1,994527,995010,0,1
12,550,0,1,0,1,0,1,0,997793,998343,0,1
12,467,0,1,0,1,1,0,1,1001075,1001542,0,1
12,450,1,0,1,0,0,0,1,1004241,1004691,0,1
12,700,1,0,1,0,1,1,0,1007673,1008373,0,1
12,433,0,1,0,1,1,1,0,1011255,1011688,0,1
12,583,1,0,1,0,2,1,0,1014321,1014904,0,1
12,483,1,0,1,0,2,0,1,1017870,1018353,0,1
12,583,0,1,0,1,1,0,1,1021185,1021768,0,1
12,450,1,0,1,0,2,0,1,1024767,1025217,0,1
12,433,1,0,1,0,0,0,1,1028000,1028433,0,1
12,450,1,0,1,0,0,0,1,1031065,1031515,0,1
12,566,0,1,0,1,1,1,0,1034381,1034947,0,1
12,633,0,1,0,1,0,1,0,1037763,1038396,0,1
12,483,0,1,1,0,2,1,0,1068686,1069169,0,0
12,433,0,1,0,1,1,1,0,1071968,1072401,0,1
12,416,0,1,0,1,1,1,0,1075417,1075833,0,1
12,483,1,0,1,0,1,0,1,1078599,1079082,0,1
12,416,1,0,1,0,0,0,1,1081998,1082414,0,1
12,433,0,1,1,0,0,0,1,1085380,1085813,0,0
12,483,0,1,0,1,0,0,1,1088629,1089112,0,1
12,433,0,1,0,1,1,1,0,1091945,1092378,0,1
12,517,0,1,0,1,2,1,0,1095260,1095777,0,1
12,567,0,1,0,1,2,0,1,1098609,1099176,0,1
12,517,0,1,0,1,1,1,0,1101841,1102358,0,1
12,566,0,1,0,1,2,0,1,1105107,1105673,0,1
12,500,0,1,0,1,1,0,1,1108239,1108739,0,1
12,433,0,1,0,1,1,0,1,1111538,1111971,0,1
12,550,1,0,1,0,1,1,0,1114754,1115304,0,1
12,400,1,0,1,0,1,1,0,1118153,1118553,0,1
12,450,1,0,1,0,2,1,0,1121501,1121951,0,1
12,450,1,0,1,0,0,0,1,1124884,1125334,0,1
12,533,0,1,0,1,0,0,1,1128016,1128549,0,1
12,616,0,1,0,1,0,0,1,1131332,1131948,0,1
12,550,0,1,0,1,0,1,0,1134547,1135097,0,1
12,566,0,1,0,1,2,0,1,1137663,1138229,0,1
12,650,1,0,1,0,0,0,1,1141028,1141678,0,1
12,517,0,1,0,1,1,1,0,1144227,1144744,0,1
12,516,1,0,1,0,0,0,1,1147743,1148259,0,1
12,500,0,1,0,1,1,1,0,1151025,1151525,0,1
12,417,0,1,0,1,1,0,1,1154307,1154724,0,1
12,466,0,1,0,1,1,1,0,1157740,1158206,0,1
12,416,0,1,0,1,2,0,1,1160922,1161338,0,1
12,450,0,1,0,1,0,1,0,1164321,1164771,0,1
12,433,1,0,1,0,1,0,1,1167603,1168036,0,1
12,434,1,0,1,0,0,1,0,1170785,1171219,0,1
12,450,1,0,1,0,1,1,0,1173868,1174318,0,1
12,433,1,0,1,0,0,1,0,1176867,1177300,0,1
12,450,1,0,1,0,2,0,1,1180116,1180566,0,1
12,466,0,1,0,1,0,0,1,1183398,1183864,0,1
12,716,0,1,0,1,2,1,0,1186747,1187463,0,1
12,583,0,1,0,1,0,1,0,1190229,1190812,0,1
12,450,0,1,0,1,0,1,0,1193428,1193878,0,1
12,483,0,1,0,1,0,1,0,1196810,1197293,0,1
12,484,0,1,0,1,0,0,1,1200192,1200676,0,1
12,450,0,1,0,1,0,1,0,1203358,1203808,0,1
12,600,0,1,0,1,2,0,1,1206740,1207340,0,1
12,433,0,1,0,1,1,0,1,1209889,1210322,0,1
12,433,0,1,0,1,0,0,1,1212938,1213371,0,1
12,466,0,1,0,1,0,0,1,1216054,1216520,0,1
12,484,1,0,1,0,0,1,0,1219369,1219853,0,1
12,484,0,1,0,1,2,1,0,1222718,1223202,0,1
12,666,1,0,1,0,0,1,0,1225901,1226567,0,1
12,500,0,1,0,1,1,1,0,1229533,1230033,0,1
12,484,0,1,1,0,2,1,0,1232698,1233182,0,0
12,450,0,1,0,1,2,1,0,1236064,1236514,0,1
12,449,1,0,1,0,2,1,0,1239080,1239529,0,1
12,400,0,1,0,1,1,1,0,1242262,1242662,0,1
12,666,1,0,0,1,1,0,1,1245378,1246044,0,0
12,534,1,0,1,0,2,1,0,1248826,1249360,0,1
12,649,0,1,0,1,1,0,1,1252109,1252758,0,1
12,617,0,1,0,1,0,0,1,1255657,1256274,0,1
12,700,1,0,1,0,2,1,0,1259040,1259740,0,1
12,549,0,1,0,1,1,1,0,1262689,1263238,0,1
12,467,1,0,1,0,2,1,0,1266054,1266521,0,1
12,550,0,1,0,1,1,0,1,1269486,1270036,0,1
12,633,1,0,1,0,0,1,0,1272835,1273468,0,1
12,534,1,0,1,0,2,1,0,1276317,1276851,0,1
12,800,1,0,1,0,1,1,0,1279816,1280616,0,1
12,450,1,0,1,0,2,0,1,1283515,1283965,0,1
12,450,0,1,1,0,2,1,0,1286547,1286997,0,0
12,500,0,1,0,1,0,0,1,1289630,1290130,0,1
12,566,1,0,1,0,0,1,0,1292879,1293445,0,1
13,550,0,1,1,0,2,1,0,16666,17216,0,0
13,500,0,1,0,1,1,1,0,20115,20615,0,1
13,567,1,0,1,0,2,1,0,23297,23864,0,1
13,833,1,0,1,0,1,1,0,26779,27612,0,1
13,500,1,0,1,0,0,0,1,30595,31095,0,1
13,533,0,1,0,1,1,0,1,34044,34577,0,1
13,484,1,0,0,1,1,0,1,37392,37876,0,0
13,499,1,0,1,0,2,0,1,40442,40941,0,1
13,483,1,0,1,0,2,0,1,43707,44190,0,1
13,533,1,0,1,0,2,0,1,46756,47289,0,1
13,583,0,1,0,1,0,1,0,49872,50455,0,1
13,416,1,0,1,0,1,1,0,53121,53537,0,1
13,467,0,1,1,0,2,1,0,56303,56770,0,0
13,533,0,1,0,1,2,1,0,59585,60118,0,1
13,466,1,0,1,0,2,0,1,62701,63167,0,1
13,550,0,1,0,1,1,0,1,65833,66383,0,1
13,817,0,1,0,1,1,1,0,69232,70049,0,1
13,450,1,0,1,0,2,1,0,73064,73514,0,1
13,550,0,1,0,1,1,0,1,76196,76746,0,1
13,433,1,0,1,0,1,0,1,79479,79912,0,1
13,467,1,0,1,0,2,0,1,82494,82961,0,1
13,466,0,1,0,1,1,1,0,85727,86193,0,1
13,400,1,0,1,0,2,0,1,88909,89309,0,1
13,533,1,0,0,1,1,1,0,92058,92591,0,0
13,616,0,1,0,1,1,1,0,95174,95790,0,1
13,466,1,0,1,0,1,0,1,98806,99272,0,1
13,500,0,1,0,1,1,0,1,102288,102788,0,1
13,583,0,1,0,1,1,1,0,105687,106270,0,1
13,500,0,1,0,1,2,0,1,108986,109486,0,1
13,566,1,0,0,1,1,1,0,112185,112751,0,0
13,566,1,0,1,0,2,0,1,115517,116083,0,1
13,517,0,1,1,0,2,1,0,118649,119166,0,0
13,534,1,0,1,0,1,1,0,121931,122465,0,1
13,567,0,1,1,0,2,1,0,125347,125914,0,0
13,549,0,1,1,0,0,1,0,128813,129362,0,0
13,484,0,1,0,1,0,0,1,132211,132695,0,1
13,667,1,0,1,0,0,1,0,135477,136144,0,1
13,483,1,0,1,0,0,0,1,139009,139492,0,1
13,550,1,0,0,1,1,0,1,142075,142625,0,0
13,450,1,0,1,0,0,0,1,145224,145674,0,1
13,500,1,0,1,0,0,0,1,148623,149123,0,1
13,650,1,0,0,1,2,1,0,151705,152355,0,0
13,534,0,1,0,1,2,0,1,155370,155904,0,1
13,500,1,0,1,0,2,0,1,158936,159436,0,1
13,533,0,1,0,1,1,0,1,162185,162718,0,1
13,567,1,0,1,0,0,0,1,165550,166117,0,1
13,517,1,0,1,0,2,0,1,169099,169616,0,1
13,517,1,0,1,0,0,1,0,172448,172965,0,1
13,550,1,0,1,0,2,0,1,175830,176380,0,1
13,466,0,1,1,0,0,1,0,179113,179579,0,0
13,500,1,0,1,0,2,0,1,182478,182978,0,1
13,500,1,0,1,0,2,1,0,185844,186344,0,1
13,567,0,1,0,1,0,0,1,188959,189526,0,1
13,450,1,0,1,0,1,1,0,192375,192825,0,1
13,517,1,0,0,1,1,1,0,195424,195941,0,0
13,516,0,1,1,0,0,0,1,198790,199306,0,0
13,567,0,1,0,1,0,0,1,202205,202772,0,1
13,516,0,1,0,1,2,1,0,205671,206187,0,1
13,583,0,1,1,0,0,1,0,208870,209453,0,0
13,567,1,0,1,0,2,0,1,212085,212652,0,1
13,567,0,1,1,0,2,1,0,215534,216101,0,0
13,667,0,1,0,1,0,0,1,218783,219450,0,1
13,483,1,0,1,0,1,0,1,222082,222565,0,1
13,667,0,1,1,0,1,1,0,225514,226181,0,0
13,416,1,0,1,0,2,0,1,228730,229146,0,1
13,450,0,1,1,0,0,1,0,231779,232229,0,0
13,400,1,0,1,0,2,0,1,234961,235361,0,1
13,550,0,1,1,0,0,0,1,238310,238860,0,0
13,483,0,1,0,1,1,1,0,241676,242159,0,1
13,617,0,1,0,1,0,0,1,245024,245641,0,1
13,517,0,1,0,1,1,1,0,248390,248907,0,1
13,566,0,1,1,0,2,0,1,251689,252255,0,0
13,634,1,0,1,0,0,1,0,273371,274005,0,1
13,500,0,1,0,1,1,1,0,276770,277270,0,1
13,483,0,1,0,1,1,0,1,280169,280652,0,1
13,500,0,1,0,1,1,1,0,283268,283768,0,1
13,549,0,1,0,1,1,0,1,286451,287000,0,1
13,517,1,0,1,0,0,1,0,289916,290433,0,1
13,599,1,0,1,0,0,1,0,293132,293731,0,1
13,483,0,1,1,0,0,1,0,296597,297080,0,0
13,700,1,0,1,0,0,1,0,299663,300363,0,1
13,467,1,0,1,0,2,0,1,303378,303845,0,1
13,517,1,0,1,0,0,0,1,306527,307044,0,1
13,600,1,0,1,0,2,1,0,309743,310343,0,1
13,700,0,1,0,1,2,1,0,313175,313875,0,1
13,517,0,1,0,1,0,0,1,316424,316941,0,1
13,667,1,0,1,0,2,0,1,319506,320173,0,1
13,433,1,0,1,0,2,0,1,323022,323455,0,1
13,517,0,1,0,1,0,0,1,326154,326671,0,1
13,500,1,0,1,0,2,0,1,329620,330120,0,1
13,599,1,0,1,0,2,1,0,333119,333718,0,1
13,500,1,0,1,0,0,0,1,336617,337117,0,1
13,550,0,1,0,1,1,1,0,339933,340483,0,1
13,533,0,1,0,1,0,1,0,343265,343798,0,1
13,449,1,0,1,0,2,0,1,346398,346847,0,1
13,483,1,0,1,0,1,1,0,349830,350313,0,1
13,500,1,0,1,0,1,0,1,352929,353429,0,1
13,617,0,1,1,0,0,1,0,356344,356961,0,0
13,534,0,1,0,1,0,0,1,359776,360310,0,1
13,550,0,1,0,1,1,1,0,362892,363442,0,1
13,566,1,0,1,0,1,0,1,366308,366874,0,1
13,500,1,0,1,0,2,0,1,369856,370356,0,1
13,667,0,1,0,1,0,1,0,373005,373672,0,1
13,417,1,0,0,1,2,0,1,376421,376838,0,0
13,517,1,0,1,0,1,1,0,379453,379970,0,1
13,450,1,0,1,0,2,0,1,382969,383419,0,1
13,534,1,0,0,1,1,0,1,386184,386718,0,0
13,567,0,1,0,1,0,0,1,389583,390150,0,1
13,500,1,0,1,0,0,1,0,392899,393399,0,1
13,483,0,1,0,1,0,0,1,395981,396464,0,1
13,583,1,0,1,0,2,1,0,399380,399963,0,1
13,550,0,1,0,1,2,0,1,402696,403246,0,1
13,549,0,1,0,1,0,1,0,406045,406594,0,1
13,550,0,1,1,0,1,1,0,409460,410010,0,0
13,567,1,0,1,0,0,0,1,412759,413326,0,1
13,583,0,1,0,1,2,1,0,416075,416658,0,1
13,550,1,0,1,0,0,1,0,419290,419840,0,1
13,483,1,0,1,0,2,0,1,422573,423056,0,1
13,516,0,1,0,1,0,0,1,425655,426171,0,1
13,516,0,1,0,1,2,1,0,429204,429720,0,1
13,450,1,0,1,0,2,1,0,432736,433186,0,1
13,533,0,1,1,0,2,0,1,436018,436551,0,0
13,667,1,0,1,0,0,1,0,439550,440217,0,1
13,533,1,0,1,0,2,0,1,442766,443299,0,1
13,534,0,1,0,1,0,1,0,446331,446865,0,1
13,566,0,1,1,0,0,0,1,449664,450230,0,0
13,533,0,1,0,1,0,0,1,452863,453396,0,1
13,550,0,1,0,1,0,1,0,456328,456878,0,1
13,617,1,0,1,0,2,1,0,459510,460127,0,1
13,484,0,1,0,1,1,0,1,462909,463393,0,1
13,483,0,1,1,0,2,0,1,466308,466791,0,0
13,516,0,1,0,1,1,1,0,469574,470090,0,1
13,566,0,1,0,1,1,1,0,473006,473572,0,1
13,600,0,1,0,1,1,0,1,476438,477038,0,1
13,749,0,1,0,1,2,0,1,479904,480653,0,1
13,516,1,0,0,1,0,0,1,483336,483852,0,0
13,450,0,1,0,1,1,1,0,486851,487301,0,1
13,533,0,1,0,1,1,1,0,490034,490567,0,1
13,500,1,0,1,0,0,1,0,493416,493916,0,1
13,434,1,0,1,0,2,1,0,496831,497265,0,1
13,584,1,0,1,0,1,1,0,500280,500864,0,1
13,483,0,1,0,1,1,1,0,503629,504112,0,1
13,700,1,0,1,0,1,0,1,506678,507378,0,1
13,667,1,0,1,0,1,1,0,510277,510944,0,1
13,483,0,1,0,1,1,0,1,513609,514092,0,1
13,467,0,1,1,0,2,1,0,533515,533982,0,0
13,433,0,1,0,1,1,0,1,536648,537081,0,1
13,484,0,1,0,1,1,0,1,539946,540430,0,1
13,567,1,0,1,0,2,1,0,543445,544012,0,1
13,450,0,1,0,1,0,0,1,546994,547444,0,1
13,467,1,0,0,1,1,0,1,550293,550760,0,0
13,484,1,0,1,0,2,1,0,553425,553909,0,1
13,483,0,1,0,1,2,1,0,556491,556974,0,1
13,466,0,1,0,1,1,1,0,559607,560073,0,1
13,500,0,1,0,1,2,0,1,562822,563322,0,1
13,583,1,0,1,0,0,1,0,566005,566588,0,1
13,584,0,1,0,1,0,0,1,569603,570187,0,1
13,500,0,1,0,1,1,1,0,573052,573552,0,1
13,466,0,1,0,1,1,1,0,576285,576751,0,1
13,516,1,0,1,0,0,0,1,579317,579833,0,1
13,533,0,1,0,1,1,1,0,582449,582982,0,1
13,516,1,0,1,0,0,0,1,585565,586081,0,1
13,550,1,0,1,0,1,0,1,588830,589380,0,1
13,716,1,0,1,0,2,1,0,592163,592879,0,1
13,516,1,0,1,0,1,0,1,595495,596011,0,1
13,567,0,1,0,1,0,0,1,598760,599327,0,1
13,617,1,0,1,0,0,1,0,601926,602543,0,1
13,483,1,0,1,0,0,0,1,605425,605908,0,1
13,500,1,0,1,0,0,1,0,608824,609324,0,1
13,617,1,0,1,0,0,1,0,612256,612873,0,1
13,566,0,1,1,0,1,0,1,615555,616121,0,0
13,600,0,1,0,1,2,0,1,618904,619504,0,1
13,550,0,1,1,0,2,1,0,622519,623069,0,0
13,534,0,1,0,1,0,1,0,626051,626585,0,1
13,716,1,0,1,0,0,1,0,629534,630250,0,1
13,483,0,1,0,1,2,1,0,633016,633499,0,1
13,567,0,1,0,1,0,1,0,636381,636948,0,1
13,533,0,1,0,1,2,1,0,639964,640497,0,1
13,583,1,0,1,0,0,1,0,643146,643729,0,1
13,483,0,1,0,1,1,1,0,646678,647161,0,1
13,450,1,0,1,0,1,0,1,650210,650660,0,1
13,500,1,0,0,1,1,0,1,653459,653959,0,0
13,450,0,1,0,1,0,0,1,656791,657241,0,1
13,483,0,1,0,1,1,1,0,659807,660290,0,1
13,650,0,1,0,1,0,1,0,663256,663906,0,1
13,517,0,1,0,1,0,1,0,666438,666955,0,1
13,567,0,1,1,0,0,1,0,669870,670437,0,0
13,517,0,1,1,0,2,0,1,673236,673753,0,0
13,649,1,0,0,1,0,0,1,676452,677101,0,0
13,783,0,1,0,1,1,1,0,680117,680900,0,1
13,533,1,0,1,0,2,1,0,683516,684049,0,1
13,500,1,0,1,0,0,0,1,686698,687198,0,1
13,583,0,1,0,1,1,1,0,689731,690314,0,1
13,450,1,0,1,0,2,0,1,693146,693596,0,1
13,617,0,1,0,1,2,0,1,696145,696762,0,1
13,550,1,0,0,1,1,0,1,699344,699894,0,0
13,583,1,0,1,0,1,0,1,702543,703126,0,1
13,567,0,1,0,1,1,0,1,705975,706542,0,1
13,650,1,0,1,0,0,0,1,709224,709874,0,1
13,600,0,1,0,1,1,1,0,712456,713056,0,1
13,566,1,0,1,0,2,1,0,715639,716205,0,1
13,567,1,0,1,0,2,0,1,718954,719521,0,1
13,550,0,1,0,1,0,1,0,722503,723053,0,1
13,500,1,0,1,0,2,1,0,725919,726419,0,1
13,516,0,1,0,1,1,0,1,729201,729717,0,1
13,483,1,0,1,0,2,1,0,732450,732933,0,1
13,584,0,1,0,1,0,0,1,735815,736399,0,1
13,600,0,1,0,1,0,1,0,739131,739731,0,1
13,716,0,1,1,0,2,1,0,742330,743046,0,0
13,583,0,1,0,1,0,1,0,745779,746362,0,1
13,550,1,0,1,0,1,0,1,749211,749761,0,1
13,516,0,1,0,1,0,1,0,752560,753076,0,1
13,533,0,1,1,0,1,1,0,755609,756142,0,0
13,483,1,0,1,0,2,0,1,758891,759374,0,1
13,567,0,1,0,1,1,0,1,762040,762607,0,1
13,533,1,0,1,0,1,1,0,765589,766122,0,1
13,533,1,0,1,0,0,0,1,768888,769421,0,1
13,567,0,1,0,1,2,1,0,772320,772887,0,1
13,567,0,1,0,1,2,1,0,789899,790466,0,1
13,534,1,0,1,0,2,0,1,793481,794015,0,1
13,500,1,0,1,0,0,0,1,796830,797330,0,1
13,583,1,0,0,1,0,0,1,800346,800929,0,0
13,466,0,1,0,1,1,1,0,803645,804111,0,1
13,750,0,1,1,0,2,1,0,807110,807860,0,0
13,584,0,1,0,1,1,1,0,810642,811226,0,1
13,533,0,1,1,0,2,0,1,814008,814541,0,0
13,483,1,0,1,0,0,1,0,817074,817557,0,1
13,567,1,0,1,0,2,1,0,820106,820673,0,1
13,549,0,1,0,1,1,1,0,823272,823821,0,1
13,700,0,1,0,1,1,0,1,826604,827304,0,1
13,483,1,0,1,0,0,0,1,830253,830736,0,1
13,566,0,1,0,1,1,1,0,833352,833918,0,1
13,500,1,0,1,0,1,1,0,836850,837350,0,1
13,600,0,1,0,1,2,1,0,840116,840716,0,1
13,566,0,1,0,1,0,0,1,843715,844281,0,1
13,584,0,1,1,0,0,0,1,847130,847714,0,0
13,666,1,0,1,0,2,1,0,850563,851229,0,1
13,499,0,1,1,0,2,1,0,853962,854461,0,0
13,600,0,1,0,1,0,1,0,857094,857694,0,1
13,533,1,0,0,1,1,0,1,860576,861109,0,0
13,566,0,1,0,1,1,0,1,864025,864591,0,1
13,533,0,1,0,1,2,1,0,867324,867857,0,1
13,634,0,1,0,1,1,0,1,870389,871023,0,1
13,816,0,1,0,1,2,1,0,873855,874671,0,1
13,650,1,0,1,0,0,1,0,877487,878137,0,1
13,516,1,0,1,0,2,1,0,881003,881519,0,1
13,517,0,1,0,1,0,0,1,884118,884635,0,1
13,583,0,1,1,0,0,1,0,887401,887984,0,0
13,600,0,1,0,1,1,0,1,890633,891233,0,1
13,550,1,0,1,0,2,1,0,894098,894648,0,1
13,649,1,0,0,1,2,1,0,897231,897880,0,0
13,666,1,0,0,1,2,0,1,900513,901179,0,0
13,533,0,1,0,1,0,1,0,903862,904395,0,1
13,484,1,0,1,0,2,1,0,907027,907511,0,1
13,683,0,1,0,1,2,0,1,910510,911193,0,1
13,583,0,1,0,1,1,1,0,914175,914758,0,1
13,566,0,1,0,1,0,1,0,917491,918057,0,1
13,516,1,0,0,1,2,1,0,920890,921406,0,0
13,784,0,1,0,1,0,1,0,924138,924922,0,1
13,566,0,1,1,0,1,1,0,927721,928287,0,0
13,600,1,0,1,0,0,0,1,930836,931436,0,1
13,517,1,0,1,0,0,1,0,934218,934735,0,1
13,684,1,0,0,1,1,0,1,937467,938151,0,0
13,499,0,1,1,0,2,1,0,941100,941599,0,0
13,633,0,1,0,1,2,1,0,944282,944915,0,1
13,583,1,0,1,0,0,0,1,947814,948397,0,1
13,617,0,1,0,1,1,0,1,950946,951563,0,1
13,550,1,0,1,0,2,0,1,954528,955078,0,1
13,583,1,0,1,0,0,0,1,957961,958544,0,1
13,633,0,1,0,1,1,0,1,961326,961959,0,1
13,600,0,1,0,1,2,0,1,964725,965325,0,1
13,633,0,1,0,1,2,0,1,968124,968757,0,1
13,700,0,1,0,1,0,1,0,971706,972406,0,1
13,667,0,1,0,1,1,0,1,975138,975805,0,1
13,683,0,1,0,1,0,1,0,978537,979220,0,1
13,566,1,0,1,0,1,1,0,981953,982519,0,1
13,766,0,1,0,1,1,0,1,985302,986068,0,1
13,616,0,1,0,1,0,0,1,988734,989350,0,1
13,550,1,0,1,0,2,1,0,992333,992883,0,1
13,583,1,0,1,0,1,1,0,995815,996398,0,1
13,600,0,1,0,1,0,1,0,999164,999764,0,1
13,550,1,0,0,1,1,1,0,1002729,1003279,0,0
13,533,0,1,0,1,1,1,0,1005912,1006445,0,1
13,550,1,0,1,0,2,1,0,1009260,1009810,0,1
13,567,1,0,1,0,0,0,1,1012576,1013143,0,1
13,600,0,1,0,1,2,0,1,1015958,1016558,0,1
13,617,0,1,0,1,1,0,1,1019390,1020007,0,1
13,649,0,1,0,1,0,1,0,1022923,1023572,0,1
13,666,0,1,0,1,1,0,1,1026405,1027071,0,1
13,750,1,0,1,0,2,1,0,1029720,1030470,0,1
13,633,1,0,0,1,1,0,1,1033136,1033769,0,0
13,717,0,1,0,1,1,1,0,1044008,1044725,0,1
13,683,0,1,0,1,0,1,0,1047757,1048440,0,1
13,617,1,0,1,0,0,0,1,1051089,1051706,0,1
13,566,1,0,1,0,2,0,1,1054572,1055138,0,1
13,683,0,1,0,1,1,0,1,1057721,1058404,0,1
13,550,1,0,1,0,2,1,0,1061386,1061936,0,1
13,550,1,0,1,0,2,0,1,1064518,1065068,0,1
13,649,1,0,0,1,2,0,1,1068101,1068750,0,0
13,517,0,1,0,1,0,1,0,1071549,1072066,0,1
13,550,1,0,1,0,0,1,0,1074998,1075548,0,1
13,516,1,0,1,0,2,1,0,1078414,1078930,0,1
13,516,1,0,1,0,1,1,0,1081863,1082379,0,1
13,533,1,0,1,0,0,0,1,1085162,1085695,0,1
13,599,1,0,0,1,1,0,1,1088411,1089010,0,0
13,650,0,1,0,1,0,0,1,1091826,1092476,0,1
13,600,1,0,1,0,0,0,1,1095408,1096008,0,1
13,550,1,0,1,0,2,1,0,1098874,1099424,0,1
13,666,0,1,0,1,0,0,1,1102406,1103072,0,1
13,683,0,1,0,1,0,1,0,1106088,1106771,0,1
13,683,0,1,0,1,1,0,1,1109620,1110303,0,1
13,900,0,1,1,0,1,1,0,1112902,1113802,0,0
13,666,0,1,0,1,0,0,1,1116468,1117134,0,1
13,500,1,0,1,0,2,0,1,1119800,1120300,0,1
13,800,0,1,0,1,2,0,1,1123166,1123966,0,1
13,533,0,1,0,1,1,1,0,1126831,1127364,0,1
13,600,0,1,0,1,1,1,0,1130130,1130730,0,1
13,567,0,1,0,1,1,1,0,1133462,1134029,0,1
13,649,0,1,0,1,1,0,1,1136895,1137544,0,1
13,566,0,1,0,1,1,0,1,1140127,1140693,0,1
13,666,0,1,1,0,0,0,1,1143276,1143942,0,0
13,584,0,1,0,1,0,1,0,1146541,1147125,0,1
13,550,1,0,1,0,1,0,1,1150140,1150690,0,1
13,633,0,1,0,1,0,0,1,1153556,1154189,0,1
13,683,0,1,0,1,1,0,1,1156771,1157454,0,1
13,616,1,0,1,0,2,0,1,1160087,1160703,0,1
13,633,1,0,1,0,0,0,1,1163269,1163902,0,1
13,717,1,0,1,0,2,0,1,1166518,1167235,0,1
13,616,0,1,0,1,0,0,1,1169934,1170550,0,1
13,550,1,0,1,0,2,1,0,1173299,1173849,0,1
13,583,0,1,1,0,1,0,1,1176498,1177081,0,0
13,666,1,0,1,0,2,1,0,1179664,1180330,0,1
13,600,0,1,0,1,0,0,1,1182879,1183479,0,1
13,616,0,1,1,0,1,0,1,1186445,1187061,0,0
13,700,1,0,1,0,2,1,0,1189777,1190477,0,1
13,617,0,1,0,1,2,0,1,1193059,1193676,0,1
13,583,0,1,0,1,0,1,0,1196225,1196808,0,1
13,567,1,0,1,0,2,0,1,1199840,1200407,0,1
13,650,0,1,0,1,1,0,1,1203156,1203806,0,1
13,616,0,1,0,1,0,0,1,1206705,1207321,0,1
13,616,0,1,0,1,0,1,0,1210054,1210670,0,1
13,666,1,0,1,0,0,1,0,1213586,1214252,0,1
13,550,1,0,1,0,2,0,1,1216985,1217535,0,1
13,567,0,1,0,1,0,1,0,1220317,1220884,0,1
13,567,1,0,1,0,1,0,1,1223549,1224116,0,1
13,583,0,1,0,1,1,1,0,1227032,1227615,0,1
13,533,1,0,1,0,2,1,0,1230597,1231130,0,1
13,633,1,0,1,0,0,0,1,1234113,1234746,0,1
13,949,0,1,0,1,2,0,1,1237695,1238644,0,1
13,600,0,1,0,1,2,0,1,1241360,1241960,0,1
13,600,1,0,1,0,2,0,1,1244876,1245476,0,1
13,549,0,1,0,1,2,1,0,1248125,1248674,0,1
13,516,0,1,0,1,1,1,0,1251424,1251940,0,1
13,500,1,0,1,0,1,0,1,1254839,1255339,0,1
13,533,1,0,1,0,1,0,1,1258355,1258888,0,1
13,617,0,1,0,1,1,0,1,1261470,1262087,0,1
13,567,0,1,0,1,0,1,0,1265052,1265619,0,1
13,616,1,0,0,1,1,1,0,1268318,1268934,0,0
13,500,1,0,1,0,0,1,0,1271883,1272383,0,1
13,567,1,0,1,0,2,0,1,1275132,1275699,0,1
14,966,0,1,0,1,2,0,1,10121,11087,0,1
14,667,1,0,1,0,2,1,0,13986,14653,0,1
14,717,1,0,1,0,0,0,1,17335,18052,0,1
14,666,0,1,0,1,2,0,1,20834,21500,0,1
14,666,0,1,0,1,1,0,1,24383,25049,0,1
14,633,1,0,1,0,2,1,0,27582,28215,0,1
14,699,1,0,0,1,0,0,1,31181,31880,0,0
14,584,1,0,1,0,0,1,0,34779,35363,0,1
14,733,1,0,0,1,0,0,1,38262,38995,0,0
14,633,1,0,1,0,1,0,1,41977,42610,0,1
14,633,1,0,1,0,0,1,0,45426,46059,0,1
14,683,0,1,0,1,1,0,1,48742,49425,0,1
14,733,0,1,0,1,0,0,1,52074,52807,0,1
14,583,0,1,0,1,1,0,1,55606,56189,0,1
14,766,0,1,0,1,0,0,1,58822,59588,0,1
14,617,1,0,1,0,2,1,0,62220,62837,0,1
14,600,1,0,0,1,0,1,0,65553,66153,0,0
14,599,1,0,1,0,2,0,1,68802,69401,0,1
14,599,1,0,1,0,2,1,0,72101,72700,0,1
14,667,0,1,0,1,1,0,1,75616,76283,0,1
14,617,0,1,0,1,0,1,0,78948,79565,0,1
14,716,0,1,0,1,0,1,0,82381,83097,0,1
14,667,0,1,0,1,2,1,0,85846,86513,0,1
14,616,1,0,1,0,2,1,0,89195,89811,0,1
14,600,0,1,0,1,0,0,1,92744,93344,0,1
14,717,0,1,0,1,0,1,0,96309,97026,0,1
14,633,1,0,1,0,2,0,1,99808,100441,0,1
14,733,1,0,0,1,0,0,1,103290,104023,0,0
14,666,0,1,0,1,0,0,1,106573,107239,0,1
14,733,0,1,0,1,0,0,1,109822,110555,0,1
14,816,1,0,0,1,2,1,0,113587,114403,0,0
14,716,0,1,0,1,1,1,0,117053,117769,0,1
14,666,0,1,0,1,1,0,1,120718,121384,0,1
14,666,1,0,1,0,2,0,1,124417,125083,0,1
14,750,1,0,0,1,2,1,0,128099,128849,0,0
14,833,1,0,0,1,0,0,1,131631,132464,0,0
14,717,0,1,1,0,0,0,1,135313,136030,0,0
14,667,1,0,1,0,2,0,1,138595,139262,0,1
14,734,1,0,1,0,0,0,1,141944,142678,0,1
14,667,0,1,0,1,0,0,1,145243,145910,0,1
14,767,0,1,0,1,2,0,1,148592,149359,0,1
14,717,0,1,0,1,1,1,0,152091,152808,0,1
14,666,0,1,0,1,2,0,1,155390,156056,0,1
14,850,1,0,1,0,1,1,0,158989,159839,0,1
14,866,1,0,1,0,2,0,1,162388,163254,0,1
14,1066,1,0,1,0,1,1,0,166120,167186,0,1
14,750,1,0,1,0,2,1,0,169952,170702,0,1
14,866,0,1,0,1,1,0,1,173484,174350,0,1
14,833,0,1,0,1,1,1,0,177150,177983,0,1
14,850,1,0,1,0,1,0,1,180548,181398,0,1
14,1117,0,1,0,1,0,1,0,184347,185464,0,1
14,1116,0,1,0,1,0,1,0,188413,189529,0,1
14,1050,0,1,0,1,1,0,1,192461,193511,0,1
14,1149,0,1,1,0,2,1,0,196377,197526,0,0
14,667,1,0,1,0,2,1,0,200475,201142,0,1
14,600,1,0,1,0,1,0,1,204007,204607,0,1
14,650,1,0,1,0,2,1,0,207556,208206,0,1
14,666,1,0,1,0,1,0,1,210922,211588,0,1
14,683,1,0,1,0,2,1,0,214571,215254,0,1
14,1016,0,1,0,1,1,0,1,218153,219169,0,1
14,717,0,1,0,1,1,0,1,222118,222835,0,1
14,900,0,1,1,0,2,1,0,225600,226500,0,0
14,800,0,1,0,1,0,1,0,229449,230249,0,1
14,966,0,1,0,1,1,1,0,233198,234164,0,1
14,667,1,0,1,0,2,0,1,237163,237830,0,1
14,800,0,1,0,1,2,1,0,240712,241512,0,1
14,783,1,0,1,0,0,1,0,244211,244994,0,1
14,716,1,0,1,0,0,0,1,247810,248526,0,1
14,699,1,0,1,0,2,0,1,251059,251758,0,1
14,683,0,1,0,1,2,1,0,254341,255024,0,1
14,983,0,1,0,1,1,0,1,257823,258806,0,1
14,650,1,0,1,0,0,0,1,261522,262172,0,1
14,633,1,0,1,0,0,0,1,279878,280511,0,1
14,783,0,1,0,1,1,0,1,283243,284026,0,1
14,583,0,1,0,1,1,0,1,286959,287542,0,1
14,650,0,1,0,1,1,0,1,290408,291058,0,1
14,983,0,1,0,1,2,1,0,293873,294856,0,1
14,666,1,0,1,0,0,0,1,297589,298255,0,1
14,917,0,1,0,1,2,0,1,300904,301821,0,1
14,667,1,0,1,0,0,1,0,304453,305120,0,1
14,1033,0,1,0,1,2,1,0,307685,308718,0,1
14,750,0,1,0,1,1,0,1,311501,312251,0,1
14,650,1,0,1,0,2,0,1,314933,315583,0,1
14,733,0,1,0,1,1,1,0,318199,318932,0,1
14,667,1,0,1,0,2,0,1,321647,322314,0,1
14,666,0,1,0,1,1,0,1,325180,325846,0,1
14,666,0,1,1,0,0,1,0,328862,329528,0,0
14,766,0,1,0,1,1,1,0,332344,333110,0,1
14,617,1,0,1,0,0,0,1,335959,336576,0,1
14,683,0,1,0,1,0,1,0,339525,340208,0,1
14,750,0,1,0,1,1,0,1,342874,343624,0,1
14,650,1,0,1,0,2,1,0,346289,346939,0,1
14,633,1,0,1,0,2,0,1,349522,350155,0,1
14,717,1,0,1,0,0,1,0,352737,353454,0,1
14,684,0,1,0,1,1,0,1,356319,357003,0,1
14,666,1,0,1,0,1,0,1,359785,360451,0,1
14,733,1,0,1,0,2,1,0,363001,363734,0,1
14,683,0,1,0,1,1,1,0,366466,367149,0,1
14,716,1,0,1,0,2,1,0,369832,370548,0,1
14,850,1,0,0,1,1,1,0,373147,373997,0,0
14,700,1,0,1,0,2,1,0,376746,377446,0,1
14,750,1,0,1,0,2,1,0,380445,381195,0,1
14,717,0,1,0,1,1,1,0,383910,384627,0,1
14,667,0,1,0,1,1,1,0,387459,388126,0,1
14,634,1,0,1,0,0,1,0,391091,391725,0,1
14,733,0,1,0,1,0,1,0,394390,395123,0,1
14,833,0,1,0,1,0,0,1,397939,398772,0,1
14,700,1,0,1,0,2,0,1,401338,402038,0,1
14,716,1,0,1,0,0,1,0,404854,405570,0,1
14,633,0,1,0,1,0,1,0,408586,409219,0,1
14,616,0,1,0,1,0,0,1,411968,412584,0,1
14,666,0,1,0,1,0,0,1,415267,415933,0,1
14,1283,0,1,1,0,0,0,1,418482,419765,0,0
14,1282,1,0,1,0,0,0,1,422315,423597,0,1
14,667,1,0,1,0,2,1,0,426563,427230,0,1
14,634,0,1,0,1,0,0,1,429845,430479,0,1
14,1199,1,0,1,0,1,1,0,433278,434477,0,1
14,683,1,0,1,0,2,0,1,437376,438059,0,1
14,633,1,0,1,0,2,0,1,440742,441375,0,1
14,1216,1,0,1,0,1,1,0,444224,445440,0,1
14,617,1,0,1,0,2,0,1,448389,449006,0,1
14,683,0,1,0,1,0,0,1,451705,452388,0,1
14,800,0,1,0,1,1,1,0,455087,455887,0,1
14,833,0,1,0,1,0,1,0,458886,459719,0,1
14,666,1,0,1,0,2,0,1,462618,463284,0,1
14,1016,0,1,0,1,0,1,0,466267,467283,0,1
14,683,1,0,1,0,0,0,1,470249,470932,0,1
14,783,0,1,0,1,0,1,0,473631,474414,0,1
14,683,1,0,1,0,0,1,0,477313,477996,0,1
14,683,0,1,0,1,0,0,1,480962,481645,0,1
14,817,0,1,0,1,0,0,1,484527,485344,0,1
14,699,0,1,0,1,1,1,0,488010,488709,0,1
14,800,0,1,0,1,1,0,1,491275,492075,0,1
14,633,1,0,1,0,0,1,0,494641,495274,0,1
14,599,1,0,1,0,2,0,1,498290,498889,0,1
14,699,0,1,0,1,1,0,1,501489,502188,0,1
14,750,1,0,1,0,2,1,0,504921,505671,0,1
14,650,1,0,1,0,0,0,1,508436,509086,0,1
14,650,1,0,1,0,2,0,1,511735,512385,0,1
14,733,1,0,1,0,0,1,0,515151,515884,0,1
14,1166,1,0,1,0,2,0,1,518433,519599,0,1
14,683,0,1,1,0,1,1,0,522632,523315,0,0
14,850,0,1,0,1,0,0,1,526264,527114,0,1
14,667,1,0,1,0,2,0,1,529879,530546,0,1
14,1083,0,1,0,1,2,0,1,533278,534361,0,1
14,683,1,0,1,0,1,1,0,554231,554914,0,1
14,684,1,0,1,0,1,0,1,557829,558513,0,1
14,650,1,0,1,0,1,0,1,561178,561828,0,1
14,867,1,0,0,1,2,1,0,564760,565627,0,0
14,650,0,1,0,1,1,1,0,568276,568926,0,1
14,616,1,0,1,0,0,0,1,571742,572358,0,1
14,600,1,0,1,0,2,0,1,574957,575557,0,1
14,700,0,1,0,1,1,0,1,578306,579006,0,1
14,617,0,1,1,0,0,1,0,581788,582405,0,0
14,583,0,1,0,1,0,0,1,585287,585870,0,1
14,1067,0,1,1,0,1,1,0,588619,589686,0,0
14,616,1,0,1,0,0,0,1,592635,593251,0,1
14,649,0,1,0,1,2,0,1,595784,596433,0,1
14,617,0,1,0,1,1,1,0,599349,599966,0,1
14,550,0,1,0,1,1,1,0,602715,603265,0,1
14,966,1,0,1,0,2,1,0,605964,606930,0,1
14,633,0,1,0,1,1,1,0,609946,610579,0,1
14,583,0,1,0,1,0,1,0,613211,613794,0,1
14,967,0,1,0,1,0,1,0,616793,617760,0,1
14,1033,0,1,0,1,2,1,0,620626,621659,0,1
14,833,1,0,1,0,2,1,0,624508,625341,0,1
14,967,1,0,1,0,2,1,0,627923,628890,0,1
14,750,0,1,0,1,1,1,0,631822,632572,0,1
14,1083,1,0,1,0,1,1,0,635237,636320,0,1
14,800,1,0,1,0,2,0,1,639336,640136,0,1
14,750,0,1,0,1,1,0,1,642835,643585,0,1
14,683,0,1,0,1,1,0,1,646517,647200,0,1
14,716,0,1,0,1,1,0,1,650183,650899,0,1
14,1033,1,0,1,0,1,0,1,653798,654831,0,1
14,733,1,0,1,0,2,1,0,657397,658130,0,1
14,1033,0,1,0,1,1,0,1,660779,661812,0,1
14,734,0,1,0,1,2,0,1,664444,665178,0,1
14,717,0,1,0,1,1,1,0,667993,668710,0,1
14,700,1,0,1,0,1,0,1,671725,672425,0,1
14,833,1,0,1,0,0,1,0,675374,676207,0,1
14,683,0,1,0,1,1,0,1,678923,679606,0,1
14,1100,0,1,0,1,2,0,1,682172,683272,0,1
14,716,0,1,0,1,2,1,0,686071,686787,0,1
14,717,0,1,0,1,0,0,1,689386,690103,0,1
14,650,0,1,0,1,0,1,0,692752,693402,0,1
14,634,0,1,0,1,0,0,1,696217,696851,0,1
14,1216,1,0,1,0,2,1,0,699883,701099,0,1
14,683,1,0,1,0,0,1,0,703665,704348,0,1
14,1100,0,1,1,0,0,0,1,707197,708297,0,0
14,1133,0,1,0,1,2,0,1,711212,712345,0,1
14,700,0,1,0,1,1,1,0,714911,715611,0,1
14,1099,1,0,1,0,1,1,0,718627,719726,0,1
14,617,1,0,1,0,2,1,0,722725,723342,0,1
14,616,1,0,1,0,1,1,0,726091,726707,0,1
14,1117,0,1,0,1,1,1,0,729606,730723,0,1
14,566,1,0,1,0,1,0,1,733389,733955,0,1
14,1199,0,1,0,1,2,1,0,736488,737687,0,1
14,700,1,0,1,0,2,1,0,740653,741353,0,1
14,617,0,1,0,1,1,0,1,743885,744502,0,1
14,566,1,0,1,0,0,1,0,747484,748050,0,1
14,800,0,1,0,1,2,0,1,750616,751416,0,1
14,667,1,0,1,0,0,0,1,754248,754915,0,1
14,566,1,0,1,0,0,0,1,757631,758197,0,1
14,817,0,1,0,1,1,0,1,760979,761796,0,1
14,634,1,0,1,0,1,0,1,764478,765112,0,1
14,666,1,0,1,0,2,1,0,767861,768527,0,1
14,899,1,0,1,0,2,1,0,771543,772442,0,1
14,634,0,1,0,1,0,1,0,775341,775975,0,1
14,850,1,0,1,0,2,0,1,778840,779690,0,1
14,533,1,0,1,0,0,0,1,782389,782922,0,1
14,533,1,0,1,0,2,0,1,785505,786038,0,1
14,949,0,1,0,1,1,1,0,788854,789803,0,1
14,517,0,1,0,1,1,1,0,792719,793236,0,1
14,583,1,0,1,0,2,1,0,796085,796668,0,1
14,1000,0,1,1,0,2,1,0,799367,800367,0,0
14,684,0,1,0,1,0,1,0,802932,803616,0,1
14,633,0,1,0,1,0,1,0,806348,806981,0,1
14,533,1,0,1,0,1,1,0,809614,810147,0,1
14,1050,1,0,1,0,1,0,1,827433,828483,0,1
14,567,1,0,1,0,2,0,1,831481,832048,0,1
14,617,1,0,1,0,0,0,1,834847,835464,0,1
14,550,1,0,1,0,0,0,1,838113,838663,0,1
14,616,0,1,0,1,0,1,0,841545,842161,0,1
14,567,1,0,1,0,2,1,0,845010,845577,0,1
14,533,1,0,1,0,0,0,1,848509,849042,0,1
14,650,0,1,0,1,1,0,1,852058,852708,0,1
14,883,0,1,0,1,1,0,1,855557,856440,0,1
14,1283,1,0,1,0,0,0,1,859472,860755,0,1
14,683,0,1,0,1,0,0,1,863554,864237,0,1
14,850,0,1,1,0,1,0,1,866853,867703,0,0
14,933,1,0,0,1,0,1,0,870569,871502,0,0
14,584,0,1,0,1,1,0,1,874317,874901,0,1
14,1300,0,0,1,0,2,0,1,877833,879133,1,NaN
14,600,0,1,0,1,1,1,0,882248,882848,0,1
14,883,1,0,1,0,2,1,0,885614,886497,0,1
14,866,0,1,0,1,0,0,1,889346,890212,0,1
14,666,0,1,0,1,0,1,0,892978,893644,0,1
14,733,1,0,1,0,0,0,1,896294,897027,0,1
14,567,1,0,1,0,2,0,1,900042,900609,0,1
14,866,0,1,0,1,0,0,1,903158,904024,0,1
14,616,1,0,1,0,2,1,0,906607,907223,0,1
14,650,1,0,1,0,2,1,0,909872,910522,0,1
14,783,1,0,1,0,1,0,1,913255,914038,0,1
14,600,0,1,0,1,1,1,0,916770,917370,0,1
14,566,1,0,1,0,2,0,1,920236,920802,0,1
14,616,1,0,1,0,0,1,0,923585,924201,0,1
14,967,0,1,0,1,0,0,1,927133,928100,0,1
14,650,1,0,1,0,1,1,0,930882,931532,0,1
14,783,0,1,0,1,0,1,0,934398,935181,0,1
14,666,0,1,1,0,2,0,1,937980,938646,0,0
14,800,0,1,0,1,2,0,1,941545,942345,0,1
14,666,1,0,1,0,0,1,0,945178,945844,0,1
14,634,0,1,0,1,0,1,0,948576,949210,0,1
14,633,1,0,1,0,2,1,0,951825,952458,0,1
14,617,0,1,0,1,1,1,0,955324,955941,0,1
14,666,0,1,0,1,1,0,1,958507,959173,0,1
14,599,0,1,0,1,1,1,0,962139,962738,0,1
14,650,0,1,0,1,2,1,0,965354,966004,0,1
14,733,0,1,0,1,1,0,1,968803,969536,0,1
14,650,0,1,0,1,1,0,1,972119,972769,0,1
14,616,1,0,1,0,0,1,0,975551,976167,0,1
14,600,1,0,1,0,2,0,1,978733,979333,0,1
14,567,1,0,1,0,2,0,1,982332,982899,0,1
14,616,0,1,0,1,0,1,0,985581,986197,0,1
14,566,1,0,1,0,2,0,1,988797,989363,0,1
14,617,0,1,0,1,1,0,1,992162,992779,0,1
14,1233,1,0,1,0,2,0,1,995528,996761,0,1
14,616,0,1,0,1,2,0,1,999360,999976,0,1
14,867,1,0,1,0,0,1,0,1002725,1003592,0,1
14,1283,1,0,1,0,2,1,0,1006407,1007690,0,1
14,600,0,1,0,1,1,1,0,1010539,1011139,0,1
14,650,0,1,0,1,0,1,0,1013788,1014438,0,1
14,566,0,1,0,1,2,0,1,1017204,1017770,0,1
14,600,1,0,1,0,1,1,0,1020336,1020936,0,1
14,583,0,1,0,1,2,1,0,1023885,1024468,0,1
14,583,1,0,1,0,0,1,0,1027151,1027734,0,1
14,666,0,1,0,1,2,1,0,1030400,1031066,0,1
14,750,0,1,0,1,0,1,0,1033765,1034515,0,1
14,617,1,0,1,0,0,1,0,1037197,1037814,0,1
14,600,1,0,1,0,2,0,1,1040763,1041363,0,1
14,949,1,0,1,0,0,0,1,1044362,1045311,0,1
14,616,0,1,0,1,1,0,1,1047894,1048510,0,1
14,850,0,1,0,1,1,1,0,1051326,1052176,0,1
14,766,1,0,1,0,0,1,0,1054825,1055591,0,1
14,700,1,0,1,0,0,1,0,1058590,1059290,0,1
14,950,0,1,0,1,2,1,0,1061906,1062856,0,1
14,650,1,0,1,0,2,0,1,1065888,1066538,0,1
14,833,0,1,0,1,2,0,1,1069537,1070370,0,1
14,634,1,0,1,0,2,0,1,1073335,1073969,0,1
14,633,1,0,1,0,0,0,1,1076984,1077617,0,1
14,667,0,1,0,1,1,1,0,1080466,1081133,0,1
14,716,0,1,0,1,1,0,1,1093536,1094252,0,1
14,683,0,1,0,1,0,0,1,1096785,1097468,0,1
14,583,1,0,1,0,2,0,1,1100217,1100800,0,1
14,500,1,0,1,0,0,0,1,1103666,1104166,0,1
14,666,0,1,0,1,1,1,0,1106748,1107414,0,1
14,666,0,1,0,1,1,1,0,1110014,1110680,0,1
14,950,0,1,0,1,1,1,0,1113412,1114362,0,1
14,1099,0,1,0,1,0,0,1,1117145,1118244,0,1
14,850,0,1,0,1,1,1,0,1120960,1121810,0,1
14,1299,0,0,1,0,0,1,0,1124459,1125758,1,NaN
14,583,1,0,1,0,0,0,1,1128924,1129507,0,1
14,733,0,1,0,1,0,1,0,1132406,1133139,0,1
14,766,1,0,1,0,1,1,0,1136172,1136938,0,1
14,599,1,0,1,0,1,1,0,1139521,1140120,0,1
14,1150,0,1,0,1,0,1,0,1142919,1144069,0,1
14,600,1,0,1,0,0,1,0,1146918,1147518,0,1
14,583,1,0,1,0,0,1,0,1150167,1150750,0,1
14,683,1,0,1,0,1,1,0,1153666,1154349,0,1
14,583,1,0,1,0,2,0,1,1157348,1157931,0,1
14,1216,0,1,0,1,0,0,1,1160664,1161880,0,1
14,683,0,1,0,1,1,1,0,1164712,1165395,0,1
14,733,0,1,0,1,2,0,1,1168078,1168811,0,1
14,733,1,0,1,0,2,1,0,1171477,1172210,0,1
14,567,1,0,1,0,1,0,1,1174942,1175509,0,1
14,633,1,0,1,0,2,1,0,1178341,1178974,0,1
14,600,0,1,0,1,1,0,1,1181673,1182273,0,1
14,583,1,0,1,0,0,1,0,1184856,1185439,0,1
14,667,0,1,0,1,0,1,0,1188454,1189121,0,1
14,600,1,0,1,0,0,0,1,1191953,1192553,0,1
14,600,0,1,1,0,2,1,0,1195352,1195952,0,0
14,667,0,1,0,1,1,1,0,1198501,1199168,0,1
14,567,1,0,1,0,1,0,1,1201833,1202400,0,1
14,633,0,1,0,1,2,1,0,1204999,1205632,0,1
14,566,1,0,1,0,0,0,1,1208515,1209081,0,1
14,583,1,0,1,0,2,0,1,1211630,1212213,0,1
14,566,0,1,0,1,2,1,0,1215146,1215712,0,1
14,683,0,1,0,1,1,1,0,1218411,1219094,0,1
14,566,1,0,1,0,0,0,1,1221927,1222493,0,1
14,849,0,1,0,1,1,0,1,1225226,1226075,0,1
14,683,0,1,0,1,0,0,1,1229091,1229774,0,1
14,650,0,1,0,1,2,1,0,1232340,1232990,0,1
14,550,0,1,1,0,0,1,0,1235889,1236439,0,0
14,667,0,1,0,1,1,1,0,1239204,1239871,0,1
14,617,0,1,0,1,1,0,1,1242520,1243137,0,1
14,700,1,0,1,0,1,0,1,1245919,1246619,0,1
14,584,1,0,1,0,1,1,0,1249284,1249868,0,1
14,567,1,0,1,0,2,0,1,1252500,1253067,0,1
14,666,0,1,0,1,1,1,0,1255916,1256582,0,1
14,583,0,1,0,1,1,0,1,1259115,1259698,0,1
14,550,1,0,1,0,0,1,0,1262530,1263080,0,1
14,566,1,0,1,0,1,1,0,1265996,1266562,0,1
14,649,1,0,1,0,1,0,1,1269295,1269944,0,1
14,1100,0,1,1,0,2,1,0,1272510,1273610,0,0
14,617,0,1,0,1,0,0,1,1276392,1277009,0,1
14,1249,0,1,0,1,1,1,0,1280008,1281257,0,1
14,600,0,1,0,1,1,0,1,1283890,1284490,0,1
14,983,1,0,1,0,2,1,0,1287339,1288322,0,1
14,833,0,1,0,1,1,1,0,1290921,1291754,0,1
14,633,0,1,1,0,2,0,1,1294436,1295069,0,0
14,750,1,0,1,0,0,1,0,1298018,1298768,0,1
14,633,1,0,1,0,2,1,0,1301717,1302350,0,1
14,583,1,0,1,0,2,0,1,1304933,1305516,0,1
14,567,0,1,0,1,1,1,0,1308198,1308765,0,1
14,533,1,0,1,0,2,1,0,1311797,1312330,0,1
14,933,0,1,0,1,2,0,1,1314930,1315863,0,1
14,683,0,1,0,1,1,1,0,1318812,1319495,0,1
14,766,0,1,0,1,1,0,1,1322244,1323010,0,1
14,1133,1,0,0,1,2,0,1,1325759,1326892,0,0
14,650,1,0,1,0,2,0,1,1329441,1330091,0,1
15,683,1,0,1,0,0,1,0,7740,8423,0,1
15,550,1,0,1,0,2,0,1,11105,11655,0,1
15,617,1,0,1,0,2,1,0,14354,14971,0,1
15,800,0,1,0,1,2,0,1,17520,18320,0,1
15,733,0,1,0,1,2,1,0,20902,21635,0,1
15,499,0,1,1,0,2,0,1,24568,25067,0,0
15,533,0,1,0,1,0,1,0,27700,28233,0,1
15,533,0,1,0,1,2,1,0,31082,31615,0,1
15,483,0,1,1,0,1,1,0,34564,35047,0,0
15,1050,0,1,1,0,1,1,0,37913,38963,0,0
15,599,0,1,1,0,1,1,0,41579,42178,0,0
15,600,1,0,1,0,2,0,1,45077,45677,0,1
15,633,0,1,0,1,1,0,1,48393,49026,0,1
15,517,0,1,0,1,1,0,1,51875,52392,0,1
15,633,0,1,1,0,2,1,0,54991,55624,0,0
15,899,1,0,1,0,0,1,0,58590,59489,0,1
15,717,0,1,0,1,1,1,0,62155,62872,0,1
15,766,0,1,0,1,1,1,0,65871,66637,0,1
15,683,0,1,0,1,1,1,0,69520,70203,0,1
15,583,0,1,0,1,1,1,0,73035,73618,0,1
15,600,0,1,0,1,1,1,0,76184,76784,0,1
15,499,0,1,0,1,1,0,1,79500,79999,0,1
15,699,1,0,1,0,0,0,1,82849,83548,0,1
15,667,0,1,0,1,2,1,0,86247,86914,0,1
15,634,0,1,0,1,0,0,1,89446,90080,0,1
15,599,0,1,0,1,1,1,0,92829,93428,0,1
15,567,0,1,0,1,1,1,0,96177,96744,0,1
15,533,0,1,1,0,0,1,0,99610,100143,0,0
15,533,1,0,1,0,1,1,0,103025,103558,0,1
15,750,1,0,1,0,1,0,1,106491,107241,0,1
15,599,1,0,1,0,2,0,1,110040,110639,0,1
15,650,1,0,1,0,2,1,0,113305,113955,0,1
15,566,0,1,0,1,0,0,1,116488,117054,0,1
15,567,0,1,1,0,1,0,1,120086,120653,0,0
15,550,1,0,1,0,0,0,1,123652,124202,0,1
15,617,0,1,1,0,2,1,0,126884,127501,0,0
15,650,0,1,1,0,0,1,0,130150,130800,0,0
15,516,1,0,1,0,0,1,0,133499,134015,0,1
15,966,1,0,1,0,2,1,0,136798,137764,0,1
15,650,1,0,1,0,0,1,0,140363,141013,0,1
15,733,0,1,0,1,1,1,0,143629,144362,0,1
15,900,1,0,1,0,2,1,0,147294,148194,0,1
15,833,0,1,0,1,0,1,0,151176,152009,0,1
15,766,0,1,0,1,2,0,1,155025,155791,0,1
15,683,0,1,0,1,0,0,1,158774,159457,0,1
15,1066,0,1,0,1,0,0,1,162373,163439,0,1
15,617,1,0,1,0,2,0,1,166021,166638,0,1
15,733,0,1,0,1,0,0,1,169337,170070,0,1
15,467,1,0,1,0,2,1,0,173052,173519,0,1
15,449,0,1,1,0,1,1,0,176435,176884,0,0
15,733,0,1,0,1,1,0,1,179567,180300,0,1
15,750,0,1,0,1,1,0,1,182982,183732,0,1
15,550,0,1,0,1,2,1,0,186431,186981,0,1
15,766,1,0,1,0,0,1,0,189797,190563,0,1
15,484,0,1,0,1,0,1,0,193412,193896,0,1
15,550,0,1,0,1,2,1,0,196761,197311,0,1
15,634,0,1,0,1,2,1,0,200243,200877,0,1
15,850,0,1,0,1,2,1,0,203792,204642,0,1
15,617,1,0,1,0,0,0,1,207441,208058,0,1
15,633,1,0,1,0,0,1,0,210973,211606,0,1
15,700,1,0,1,0,2,1,0,214605,215305,0,1
15,666,1,0,1,0,0,0,1,218288,218954,0,1
15,933,1,0,1,0,2,1,0,221786,222719,0,1
15,817,1,0,1,0,1,1,0,225285,226102,0,1
15,567,0,1,0,1,0,1,0,228967,229534,0,1
15,783,0,1,0,1,0,1,0,232083,232866,0,1
15,683,0,1,1,0,2,0,1,235432,236115,0,0
15,600,0,1,0,1,1,1,0,238964,239564,0,1
15,633,0,1,0,1,2,1,0,242280,242913,0,1
15,650,0,1,0,1,0,1,0,245912,246562,0,1
15,583,0,1,1,0,1,0,1,249244,249827,0,0
15,834,1,0,1,0,1,1,0,252476,253310,0,1
15,534,1,0,1,0,2,1,0,273012,273546,0,1
15,566,1,0,1,0,2,0,1,276545,277111,0,1
15,700,0,1,0,1,2,0,1,279827,280527,0,1
15,483,0,1,0,1,1,1,0,283459,283942,0,1
15,417,0,1,0,1,1,0,1,286824,287241,0,1
15,416,1,0,1,0,2,0,1,290207,290623,0,1
15,717,1,0,1,0,2,1,0,293522,294239,0,1
15,450,0,1,0,1,0,0,1,296938,297388,0,1
15,683,1,0,1,0,1,0,1,299920,300603,0,1
15,484,1,0,1,0,2,0,1,303152,303636,0,1
15,650,0,1,0,1,0,1,0,306568,307218,0,1
15,550,0,1,0,1,1,1,0,310017,310567,0,1
15,834,0,1,0,1,0,1,0,313232,314066,0,1
15,667,1,0,1,0,1,0,1,316631,317298,0,1
15,500,1,0,1,0,2,1,0,320180,320680,0,1
15,650,0,1,1,0,2,1,0,323662,324312,0,0
15,600,1,0,1,0,2,1,0,326878,327478,0,1
15,916,0,1,0,1,1,0,1,330194,331110,0,1
15,917,1,0,1,0,1,1,0,333792,334709,0,1
15,816,0,1,0,1,0,1,0,337325,338141,0,1
15,667,1,0,1,0,2,1,0,340923,341590,0,1
15,550,0,1,0,1,2,1,0,344272,344822,0,1
15,616,0,1,0,1,1,1,0,347755,348371,0,1
15,533,1,0,1,0,0,1,0,351020,351553,0,1
15,616,0,1,0,1,1,0,1,354586,355202,0,1
15,733,0,1,0,1,1,1,0,358118,358851,0,1
15,600,0,1,0,1,1,0,1,361600,362200,0,1
15,450,0,1,0,1,1,0,1,364899,365349,0,1
15,533,1,0,1,0,0,0,1,368265,368798,0,1
15,633,0,1,0,1,0,0,1,371547,372180,0,1
15,500,1,0,1,0,2,0,1,374779,375279,0,1
15,799,0,1,0,1,2,1,0,378095,378894,0,1
15,600,0,1,0,1,1,0,1,381760,382360,0,1
15,733,0,1,0,1,1,0,1,385092,385825,0,1
15,533,1,0,1,0,2,1,0,388808,389341,0,1
15,500,0,1,0,1,1,1,0,392073,392573,0,1
15,517,1,0,1,0,2,0,1,395572,396089,0,1
15,700,1,0,1,0,0,0,1,399021,399721,0,1
15,1300,0,0,0,1,0,0,1,402270,403570,1,NaN
15,583,1,0,1,0,0,0,1,406352,406935,0,1
15,566,0,1,0,1,0,0,1,409868,410434,0,1
15,533,1,0,1,0,1,0,1,413250,413783,0,1
15,599,1,0,1,0,0,1,0,416699,417298,0,1
15,533,1,0,1,0,0,0,1,419964,420497,0,1
15,484,0,1,0,1,1,0,1,423446,423930,0,1
15,583,1,0,1,0,2,0,1,426512,427095,0,1
15,666,0,1,0,1,0,0,1,429678,430344,0,1
15,900,1,0,1,0,1,1,0,432943,433843,0,1
15,566,0,1,0,1,1,0,1,436376,436942,0,1
15,699,0,1,0,1,2,0,1,439475,440174,0,1
15,583,0,1,0,1,0,0,1,443107,443690,0,1
15,733,0,1,0,1,0,0,1,446539,447272,0,1
15,500,1,0,1,0,2,1,0,449838,450338,0,1
15,800,0,1,1,0,0,1,0,452903,453703,0,0
15,583,0,1,0,1,2,0,1,456519,457102,0,1
15,700,0,1,0,1,0,0,1,459751,460451,0,1
15,616,1,0,1,0,2,0,1,463167,463783,0,1
15,600,1,0,1,0,2,1,0,466782,467382,0,1
15,649,0,1,0,1,2,0,1,470115,470764,0,1
15,1083,1,0,1,0,0,1,0,473313,474396,0,1
15,633,0,1,1,0,0,1,0,477262,477895,0,0
15,567,1,0,1,0,0,1,0,480544,481111,0,1
15,483,0,1,0,1,1,1,0,483877,484360,0,1
15,533,0,1,0,1,0,0,1,487092,487625,0,1
15,516,0,1,0,1,2,1,0,490358,490874,0,1
15,434,0,1,0,1,1,1,0,493723,494157,0,1
15,483,1,0,1,0,1,0,1,497139,497622,0,1
15,583,0,1,0,1,0,1,0,500621,501204,0,1
15,567,1,0,1,0,2,0,1,503903,504470,0,1
15,649,0,1,0,1,0,0,1,507386,508035,0,1
15,650,1,0,1,0,2,0,1,510768,511418,0,1
15,750,0,1,0,1,1,1,0,514333,515083,0,1
15,599,0,1,0,1,0,1,0,517716,518315,0,1
15,633,0,1,0,1,2,1,0,537025,537658,0,1
15,400,0,1,1,0,1,0,1,540507,540907,0,0
15,833,0,1,0,1,0,0,1,543823,544656,0,1
15,566,0,1,0,1,1,1,0,547455,548021,0,1
15,467,0,1,0,1,0,0,1,550737,551204,0,1
15,450,0,1,0,1,1,1,0,554153,554603,0,1
15,584,0,1,0,1,1,0,1,557218,557802,0,1
15,883,0,1,0,1,1,1,0,560501,561384,0,1
15,500,1,0,1,0,2,1,0,564033,564533,0,1
15,584,1,0,1,0,2,1,0,567348,567932,0,1
15,616,1,0,1,0,1,1,0,570814,571430,0,1
15,650,0,1,0,1,0,1,0,574396,575046,0,1
15,783,0,1,0,1,1,1,0,577862,578645,0,1
15,1116,0,1,0,1,2,0,1,581627,582743,0,1
15,533,0,1,0,1,1,1,0,585676,586209,0,1
15,683,0,1,0,1,1,1,0,589175,589858,0,1
15,650,1,0,1,0,2,1,0,592490,593140,0,1
15,617,1,0,1,0,0,0,1,595739,596356,0,1
15,817,1,0,1,0,1,0,1,599021,599838,0,1
15,600,1,0,1,0,2,0,1,602420,603020,0,1
15,550,1,0,1,0,0,0,1,606002,606552,0,1
15,1067,0,1,0,1,0,1,0,609351,610418,0,1
15,717,1,0,0,1,0,0,1,613133,613850,0,0
15,1000,0,1,0,1,2,1,0,616649,617649,0,1
15,849,1,0,1,0,0,1,0,620648,621497,0,1
15,600,1,0,1,0,2,0,1,624280,624880,0,1
15,733,0,1,0,1,2,1,0,627545,628278,0,1
15,867,1,0,1,0,1,1,0,631227,632094,0,1
15,1300,0,0,0,1,1,1,0,634676,635976,1,NaN
15,683,0,1,0,1,2,0,1,638842,639525,0,1
15,683,0,1,1,0,1,1,0,642224,642907,0,0
15,550,0,1,0,1,0,0,1,645623,646173,0,1
15,783,1,0,1,0,2,1,0,648805,649588,0,1
15,600,1,0,1,0,0,1,0,652470,653070,0,1
15,899,1,0,1,0,2,0,1,655953,656852,0,1
15,734,1,0,1,0,2,0,1,659701,660435,0,1
15,500,1,0,1,0,2,1,0,663167,663667,0,1
15,1299,0,0,0,1,0,0,1,666566,667865,1,NaN
15,567,1,0,0,1,1,0,1,671014,671581,0,0
15,517,0,1,0,1,2,0,1,674180,674697,0,1
15,550,0,1,1,0,1,1,0,677396,677946,0,0
15,633,1,0,1,0,2,1,0,680628,681261,0,1
15,483,1,0,1,0,2,1,0,684060,684543,0,1
15,600,1,0,1,0,0,1,0,687576,688176,0,1
15,599,0,1,0,1,0,1,0,691025,691624,0,1
15,534,0,1,0,1,1,1,0,694473,695007,0,1
15,599,1,0,1,0,1,0,1,697956,698555,0,1
15,583,1,0,1,0,1,0,1,701471,702054,0,1
15,600,0,1,0,1,0,0,1,705053,705653,0,1
15,799,1,0,1,0,1,1,0,708186,708985,0,1
15,500,0,1,0,1,2,1,0,711984,712484,0,1
15,550,1,0,1,0,1,0,1,715400,715950,0,1
15,666,0,1,0,1,1,0,1,718649,719315,0,1
15,567,0,1,0,1,1,1,0,722114,722681,0,1
15,700,1,0,1,0,0,0,1,725563,726263,0,1
15,550,0,1,0,1,1,0,1,729179,729729,0,1
15,749,0,1,0,1,2,0,1,732578,733327,0,1
15,616,0,1,0,1,0,1,0,736310,736926,0,1
15,899,0,1,0,1,0,1,0,739809,740708,0,1
15,566,1,0,1,0,0,0,1,743441,744007,0,1
15,583,0,1,0,1,1,0,1,746623,747206,0,1
15,600,1,0,1,0,0,1,0,750055,750655,0,1
15,767,0,1,0,1,1,1,0,753654,754421,0,1
15,666,0,1,0,1,2,0,1,757403,758069,0,1
15,583,1,0,1,0,0,0,1,761002,761585,0,1
15,566,0,1,0,1,0,1,0,764534,765100,0,1
15,633,1,0,1,0,1,0,1,768116,768749,0,1
15,700,0,1,0,1,2,1,0,771298,771998,0,1
15,1083,1,0,1,0,2,0,1,774764,775847,0,1
15,583,0,1,1,0,2,1,0,778396,778979,0,0
15,483,0,1,0,1,1,0,1,781828,782311,0,1
15,516,1,0,1,0,0,0,1,785094,785610,0,1
15,766,1,0,1,0,2,0,1,788193,788959,0,1
15,650,1,0,1,0,0,0,1,806755,807405,0,1
15,483,1,0,1,0,1,0,1,810238,810721,0,1
15,550,0,1,0,1,1,0,1,813636,814186,0,1
15,666,1,0,1,0,1,0,1,817002,817668,0,1
15,1249,1,0,1,0,2,1,0,820401,821650,0,1
15,549,0,1,0,1,1,0,1,824300,824849,0,1
15,733,0,1,0,1,1,0,1,827465,828198,0,1
15,516,0,1,0,1,1,0,1,831131,831647,0,1
15,416,1,0,1,0,2,1,0,834330,834746,0,1
15,683,0,1,0,1,1,1,0,837645,838328,0,1
15,783,0,1,0,1,1,0,1,841111,841894,0,1
15,733,1,0,0,1,0,1,0,844493,845226,0,0
15,766,1,0,1,0,2,1,0,847959,848725,0,1
15,533,1,0,1,0,2,0,1,851424,851957,0,1
15,833,0,1,0,1,1,0,1,854823,855656,0,1
15,483,1,0,1,0,0,0,1,858622,859105,0,1
15,516,1,0,1,0,1,1,0,861871,862387,0,1
15,550,1,0,1,0,2,0,1,865103,865653,0,1
15,600,1,0,1,0,0,0,1,868668,869268,0,1
15,567,1,0,1,0,0,1,0,872267,872834,0,1
15,700,0,1,0,1,2,0,1,875566,876266,0,1
15,617,0,1,0,1,0,0,1,878815,879432,0,1
15,684,0,1,0,1,1,0,1,881997,882681,0,1
15,616,1,0,1,0,2,0,1,885230,885846,0,1
15,500,0,1,0,1,1,0,1,888745,889245,0,1
15,1299,0,0,0,1,0,1,0,891911,893210,1,NaN
15,634,0,1,0,1,1,0,1,896209,896843,0,1
15,600,1,0,1,0,0,0,1,899858,900458,0,1
15,800,1,0,1,0,0,0,1,903440,904240,0,1
15,766,1,0,1,0,2,1,0,907056,907822,0,1
15,1099,1,0,1,0,0,0,1,910655,911754,0,1
15,966,0,1,0,1,0,0,1,914420,915386,0,1
15,1300,0,0,0,1,0,1,0,918302,919602,1,NaN
15,583,0,1,0,1,0,0,1,922334,922917,0,1
15,450,1,0,1,0,0,1,0,925716,926166,0,1
15,650,0,1,0,1,2,0,1,928965,929615,0,1
15,700,0,1,0,1,1,0,1,932547,933247,0,1
15,450,1,0,1,0,2,0,1,936130,936580,0,1
15,667,1,0,1,0,2,1,0,939545,940212,0,1
15,500,1,0,1,0,0,1,0,943094,943594,0,1
15,616,0,1,0,1,0,1,0,946460,947076,0,1
15,967,0,1,0,1,1,0,1,950058,951025,0,1
15,400,1,0,1,0,2,0,1,954040,954440,0,1
15,416,0,1,0,1,1,1,0,957373,957789,0,1
15,683,1,0,1,0,2,0,1,960772,961455,0,1
15,533,0,1,0,1,1,0,1,964104,964637,0,1
15,600,1,0,1,0,2,1,0,967519,968119,0,1
15,500,0,1,0,1,1,0,1,970885,971385,0,1
15,533,1,0,1,0,2,1,0,974117,974650,0,1
15,666,1,0,1,0,0,1,0,977200,977866,0,1
15,1150,1,0,1,0,2,1,0,980865,982015,0,1
15,517,1,0,1,0,2,0,1,984580,985097,0,1
15,617,1,0,1,0,2,0,1,987829,988446,0,1
15,683,0,1,0,1,2,0,1,991212,991895,0,1
15,800,1,0,0,1,2,0,1,994677,995477,0,0
15,1016,0,1,0,1,1,1,0,998076,999092,0,1
15,700,0,1,0,1,2,0,1,1001791,1002491,0,1
15,533,1,0,1,0,2,0,1,1005340,1005873,0,1
15,550,0,1,0,1,1,1,0,1008689,1009239,0,1
15,1300,0,0,1,0,0,1,0,1012021,1013321,1,NaN
15,916,1,0,1,0,0,0,1,1016137,1017053,0,1
15,716,0,1,0,1,0,1,0,1019636,1020352,0,1
15,600,1,0,1,0,2,1,0,1023368,1023968,0,1
15,566,0,1,0,1,0,1,0,1026717,1027283,0,1
15,800,0,1,0,1,2,0,1,1030199,1030999,0,1
15,684,1,0,1,0,0,1,0,1033614,1034298,0,1
15,700,1,0,1,0,0,1,0,1036980,1037680,0,1
15,650,0,1,0,1,0,1,0,1040512,1041162,0,1
15,633,1,0,1,0,1,1,0,1043978,1044611,0,1
15,733,0,1,0,1,0,0,1,1047177,1047910,0,1
15,567,1,0,1,0,0,0,1,1050492,1051059,0,1
15,783,1,0,1,0,1,0,1,1053874,1054657,0,1
15,700,0,1,0,1,1,0,1,1057373,1058073,0,1
15,567,1,0,1,0,2,0,1,1068842,1069409,0,1
15,1183,1,0,0,1,1,1,0,1072275,1073458,0,0
15,600,0,1,0,1,1,1,0,1076240,1076840,0,1
15,567,0,1,1,0,0,0,1,1079422,1079989,0,0
15,500,1,0,1,0,2,1,0,1082938,1083438,0,1
15,700,0,1,0,1,1,0,1,1086103,1086803,0,1
15,1300,0,0,0,1,0,1,0,1089719,1091019,1,NaN
15,583,1,0,1,0,0,0,1,1094018,1094601,0,1
15,717,0,1,0,1,2,1,0,1097283,1098000,0,1
15,1016,0,1,0,1,0,0,1,1100932,1101948,0,1
15,566,1,0,1,0,2,0,1,1104481,1105047,0,1
15,617,0,1,0,1,1,0,1,1107996,1108613,0,1
15,1299,0,0,0,1,1,0,1,1111312,1112611,1,NaN
15,600,1,0,1,0,0,0,1,1115544,1116144,0,1
15,616,1,0,1,0,2,0,1,1119043,1119659,0,1
15,666,0,1,0,1,1,0,1,1122192,1122858,0,1
15,666,1,0,1,0,0,1,0,1125774,1126440,0,1
15,1300,0,0,1,0,0,1,0,1129206,1130506,1,NaN
15,650,1,0,1,0,0,1,0,1133221,1133871,0,1
15,700,1,0,1,0,2,0,1,1136720,1137420,0,1
15,816,1,0,1,0,2,1,0,1140286,1141102,0,1
15,867,1,0,1,0,2,1,0,1143984,1144851,0,1
15,550,1,0,1,0,2,0,1,1147400,1147950,0,1
15,1033,0,1,0,1,1,1,0,1150766,1151799,0,1
15,717,0,1,0,1,0,1,0,1154514,1155231,0,1
15,583,1,0,0,1,0,0,1,1157813,1158396,0,0
15,566,0,1,0,1,1,1,0,1160946,1161512,0,1
15,650,1,0,1,0,2,0,1,1164311,1164961,0,1
15,866,0,1,0,1,1,1,0,1167527,1168393,0,1
15,683,1,0,1,0,0,0,1,1171242,1171925,0,1
15,516,1,0,1,0,2,0,1,1174608,1175124,0,1
15,533,0,1,0,1,0,0,1,1177690,1178223,0,1
15,800,0,1,0,1,2,0,1,1181089,1181889,0,1
15,583,0,1,0,1,1,0,1,1184871,1185454,0,1
15,566,1,0,1,0,2,1,0,1188237,1188803,0,1
15,1300,0,0,0,1,0,1,0,1191419,1192719,1,NaN
15,633,0,1,0,1,1,1,0,1195734,1196367,0,1
15,600,0,1,0,1,0,0,1,1199200,1199800,0,1
15,666,0,1,0,1,2,1,0,1202582,1203248,0,1
15,433,1,0,1,0,2,1,0,1205914,1206347,0,1
15,717,0,1,0,1,1,1,0,1209113,1209830,0,1
15,800,1,0,0,1,0,1,0,1212695,1213495,0,0
15,817,0,1,0,1,1,1,0,1216094,1216911,0,1
15,633,1,0,1,0,1,0,1,1219776,1220409,0,1
15,867,0,1,1,0,1,1,0,1223425,1224292,0,0
15,783,1,0,1,0,0,0,1,1227224,1228007,0,1
15,666,1,0,1,0,2,1,0,1230673,1231339,0,1
15,749,1,0,1,0,1,0,1,1234272,1235021,0,1
15,633,0,1,0,1,0,0,1,1237904,1238537,0,1
15,449,0,1,1,0,2,1,0,1241453,1241902,0,0
15,683,0,1,0,1,1,1,0,1244535,1245218,0,1
15,867,1,0,1,0,0,0,1,1247817,1248684,0,1
15,783,0,1,0,1,0,1,0,1251566,1252349,0,1
15,600,1,0,1,0,0,0,1,1254881,1255481,0,1
15,600,0,1,0,1,1,0,1,1258114,1258714,0,1
15,500,1,0,1,0,0,0,1,1261379,1261879,0,1
15,483,0,1,0,1,1,1,0,1264862,1265345,0,1
15,649,1,0,1,0,2,0,1,1268011,1268660,0,1
15,517,0,1,0,1,1,0,1,1271509,1272026,0,1
15,900,0,1,1,0,0,1,0,1274758,1275658,0,0
15,750,1,0,1,0,2,0,1,1278640,1279390,0,1
15,516,1,0,1,0,2,0,1,1281973,1282489,0,1
15,600,0,1,0,1,1,1,0,1285238,1285838,0,1
15,566,1,0,1,0,0,1,0,1288504,1289070,0,1
15,1299,0,0,1,0,1,1,0,1291853,1293152,1,NaN
15,666,0,1,0,1,0,1,0,1296168,1296834,0,1
15,717,0,1,0,1,1,0,1,1299450,1300167,0,1
15,517,1,0,1,0,2,0,1,1302999,1303516,0,1
15,583,1,0,1,0,2,0,1,1306281,1306864,0,1
16,867,1,0,0,1,2,1,0,12054,12921,0,0
16,650,0,1,0,1,1,0,1,15503,16153,0,1
16,983,0,1,0,1,1,1,0,18685,19668,0,1
16,666,1,0,1,0,2,0,1,22601,23267,0,1
16,583,1,0,1,0,2,0,1,26033,26616,0,1
16,917,0,1,1,0,0,1,0,29315,30232,0,0
16,649,0,1,0,1,0,1,0,33231,33880,0,1
16,600,0,1,0,1,2,1,0,36779,37379,0,1
16,817,0,1,1,0,2,1,0,40328,41145,0,0
16,667,1,0,1,0,2,1,0,43677,44344,0,1
16,799,1,0,0,1,1,1,0,47343,48142,0,0
16,983,1,0,1,0,1,1,0,50675,51658,0,1
16,1066,0,1,0,1,1,0,1,54607,55673,0,1
16,700,1,0,1,0,2,1,0,58422,59122,0,1
16,633,1,0,1,0,0,1,0,61838,62471,0,1
16,634,1,0,0,1,0,0,1,65103,65737,0,0
16,850,1,0,0,1,2,0,1,68369,69219,0,0
16,617,1,0,1,0,2,0,1,72051,72668,0,1
16,849,1,0,0,1,1,0,1,75367,76216,0,0
16,1300,0,0,0,1,1,0,1,79032,80332,1,NaN
16,934,0,1,0,1,2,0,1,83197,84131,0,1
16,699,1,0,1,0,0,0,1,86980,87679,0,1
16,1100,0,1,0,1,2,0,1,90495,91595,0,1
16,616,1,0,1,0,0,0,1,94194,94810,0,1
16,733,0,1,0,1,0,0,1,97393,98126,0,1
16,617,0,1,0,1,0,1,0,100758,101375,0,1
16,600,1,0,1,0,1,1,0,103957,104557,0,1
16,1300,0,0,0,1,1,0,1,107356,108656,1,NaN
16,750,0,1,0,1,1,0,1,111488,112238,0,1
16,866,0,1,0,1,1,0,1,115137,116003,0,1
16,1049,1,0,0,1,1,1,0,118936,119985,0,0
16,900,1,0,0,1,2,0,1,122768,123668,0,0
16,916,0,1,0,1,1,0,1,126250,127166,0,1
16,633,1,0,0,1,0,0,1,129766,130399,0,0
16,666,0,1,0,1,1,1,0,133148,133814,0,1
16,650,1,0,1,0,2,0,1,136380,137030,0,1
16,600,1,0,1,0,0,1,0,139812,140412,0,1
16,683,0,1,0,1,2,1,0,143161,143844,0,1
16,683,0,1,0,1,0,0,1,146577,147260,0,1
16,850,0,1,0,1,2,1,0,150275,151125,0,1
16,633,1,0,1,0,0,0,1,153841,154474,0,1
16,784,0,1,1,0,2,1,0,157306,158090,0,0
16,600,1,0,1,0,2,0,1,160739,161339,0,1
16,616,0,1,0,1,1,1,0,164338,164954,0,1
16,750,0,1,0,1,0,0,1,167503,168253,0,1
16,933,0,1,0,1,1,1,0,170852,171785,0,1
16,667,1,0,1,0,2,0,1,174667,175334,0,1
16,650,0,1,0,1,1,1,0,178216,178866,0,1
16,799,0,1,0,1,1,1,0,181399,182198,0,1
16,667,0,1,0,1,0,0,1,184964,185631,0,1
16,716,0,1,0,1,1,1,0,188580,189296,0,1
16,700,0,1,0,1,0,1,0,191962,192662,0,1
16,650,0,1,0,1,2,0,1,195311,195961,0,1
16,567,0,1,0,1,1,1,0,198776,199343,0,1
16,734,0,1,1,0,1,0,1,202208,202942,0,0
16,783,1,0,1,0,1,1,0,205774,206557,0,1
16,1117,0,1,1,0,2,0,1,209106,210223,0,0
16,683,1,0,1,0,2,0,1,213238,213921,0,1
16,1050,1,0,1,0,1,0,1,216487,217537,0,1
16,650,1,0,1,0,2,0,1,220419,221069,0,1
16,666,1,0,1,0,0,0,1,223935,224601,0,1
16,1017,0,1,1,0,0,1,0,227433,228450,0,0
16,766,0,1,0,1,1,1,0,231116,231882,0,1
16,733,0,1,0,1,1,1,0,234415,235148,0,1
16,584,0,1,0,1,0,1,0,237763,238347,0,1
16,733,1,0,1,0,0,0,1,241112,241845,0,1
16,617,0,1,0,1,1,1,0,244661,245278,0,1
16,533,1,0,1,0,2,1,0,248177,248710,0,1
16,517,0,1,0,1,1,1,0,251259,251776,0,1
16,633,0,1,0,1,1,0,1,254675,255308,0,1
16,599,1,0,1,0,2,0,1,257874,258473,0,1
16,650,1,0,1,0,2,0,1,261022,261672,0,1
16,617,0,1,0,1,1,1,0,281978,282595,0,1
16,633,0,1,0,1,0,0,1,285477,286110,0,1
16,584,1,0,1,0,2,1,0,288909,289493,0,1
16,533,1,0,1,0,0,0,1,292492,293025,0,1
16,533,1,0,1,0,1,0,1,295624,296157,0,1
16,667,1,0,1,0,2,1,0,299106,299773,0,1
16,667,1,0,1,0,2,0,1,302488,303155,0,1
16,583,1,0,1,0,0,0,1,305787,306370,0,1
16,933,0,1,0,1,0,0,1,309203,310136,0,1
16,683,1,0,0,1,2,0,1,312752,313435,0,0
16,717,1,0,1,0,2,0,1,316450,317167,0,1
16,683,0,1,0,1,1,0,1,319949,320632,0,1
16,917,0,1,0,1,0,0,1,323198,324115,0,1
16,1083,0,1,0,1,0,1,0,326914,327997,0,1
16,650,1,0,1,0,2,0,1,330762,331412,0,1
16,617,1,0,1,0,2,1,0,334361,334978,0,1
16,1083,0,1,1,0,0,1,0,337510,338593,0,0
16,817,0,1,0,1,0,1,0,341192,342009,0,1
16,634,1,0,1,0,2,0,1,344824,345458,0,1
16,633,1,0,1,0,0,0,1,348090,348723,0,1
16,733,0,1,0,1,0,0,1,351756,352489,0,1
16,667,0,1,0,1,2,0,1,355071,355738,0,1
16,633,1,0,1,0,2,0,1,358470,359103,0,1
16,617,0,1,0,1,0,1,0,361902,362519,0,1
16,617,0,1,0,1,0,1,0,365384,366001,0,1
16,650,1,0,1,0,0,0,1,368850,369500,0,1
16,616,0,1,0,1,0,0,1,372299,372915,0,1
16,649,0,1,0,1,1,1,0,375698,376347,0,1
16,583,0,1,0,1,0,0,1,379080,379663,0,1
16,650,1,0,1,0,0,1,0,382379,383029,0,1
16,716,1,0,1,0,2,1,0,385978,386694,0,1
16,667,0,1,0,1,2,1,0,389643,390310,0,1
16,533,1,0,1,0,1,0,1,392892,393425,0,1
16,683,0,1,0,1,1,0,1,396208,396891,0,1
16,800,1,0,1,0,2,1,0,399690,400490,0,1
16,684,1,0,1,0,0,0,1,403055,403739,0,1
16,783,0,1,0,1,1,1,0,406454,407237,0,1
16,634,1,0,1,0,1,1,0,409836,410470,0,1
16,816,0,1,0,1,1,1,0,413469,414285,0,1
16,733,0,1,0,1,1,1,0,417184,417917,0,1
16,600,1,0,1,0,0,0,1,420899,421499,0,1
16,667,0,1,0,1,0,1,0,424365,425032,0,1
16,633,1,0,1,0,1,1,0,427664,428297,0,1
16,750,0,1,0,1,1,1,0,430896,431646,0,1
16,850,0,1,0,1,1,0,1,434278,435128,0,1
16,649,1,0,1,0,2,1,0,437761,438410,0,1
16,716,0,1,0,1,2,1,0,441393,442109,0,1
16,816,0,1,0,1,1,1,0,444742,445558,0,1
16,600,1,0,1,0,0,0,1,448507,449107,0,1
16,617,0,1,1,0,2,1,0,451706,452323,0,0
16,783,1,0,1,0,1,1,0,455272,456055,0,1
16,700,1,0,1,0,2,1,0,458687,459387,0,1
16,616,0,1,1,0,2,0,1,462136,462752,0,0
16,850,0,1,0,1,2,1,0,465285,466135,0,1
16,734,1,0,1,0,0,0,1,468900,469634,0,1
16,716,0,1,0,1,1,0,1,472266,472982,0,1
16,716,1,0,1,0,0,1,0,475615,476331,0,1
16,633,0,1,0,1,1,0,1,479264,479897,0,1
16,850,0,1,0,1,0,0,1,482629,483479,0,1
16,700,1,0,1,0,1,1,0,486095,486795,0,1
16,783,0,1,1,0,2,1,0,489527,490310,0,0
16,650,1,0,1,0,2,1,0,493292,493942,0,1
16,983,0,1,0,1,1,1,0,496625,497608,0,1
16,650,1,0,1,0,2,0,1,500407,501057,0,1
16,616,0,1,0,1,0,0,1,503739,504355,0,1
16,566,1,0,1,0,2,0,1,506988,507554,0,1
16,750,0,1,0,1,0,1,0,510437,511187,0,1
16,616,1,0,1,0,1,0,1,514169,514785,0,1
16,600,1,0,1,0,1,1,0,517734,518334,0,1
16,617,0,1,0,1,0,0,1,520883,521500,0,1
16,1200,1,0,1,0,1,1,0,524232,525432,0,1
16,733,1,0,1,0,2,1,0,528381,529114,0,1
16,750,0,1,0,1,0,0,1,531946,532696,0,1
16,750,0,1,0,1,0,0,1,549722,550472,0,1
16,683,1,0,1,0,2,0,1,553171,553854,0,1
16,616,1,0,1,0,0,0,1,556587,557203,0,1
16,533,1,0,1,0,1,0,1,560102,560635,0,1
16,650,0,1,0,1,0,0,1,563268,563918,0,1
16,566,1,0,1,0,1,0,1,566567,567133,0,1
16,700,0,1,0,1,1,0,1,570132,570832,0,1
16,550,1,0,1,0,2,1,0,573531,574081,0,1
16,600,1,0,1,0,0,1,0,577096,577696,0,1
16,584,1,0,1,0,2,0,1,580445,581029,0,1
16,717,1,0,1,0,0,1,0,583744,584461,0,1
16,584,1,0,1,0,0,1,0,587276,587860,0,1
16,600,0,1,0,1,0,1,0,590559,591159,0,1
16,533,1,0,1,0,0,0,1,594058,594591,0,1
16,783,1,0,1,0,0,1,0,597307,598090,0,1
16,749,0,1,0,1,2,1,0,600989,601738,0,1
16,717,1,0,1,0,1,1,0,604504,605221,0,1
16,650,0,1,0,1,1,0,1,607803,608453,0,1
16,717,0,1,0,1,2,1,0,611035,611752,0,1
16,583,1,0,1,0,2,0,1,614701,615284,0,1
16,649,1,0,1,0,1,0,1,618200,618849,0,1
16,700,1,0,1,0,2,0,1,621815,622515,0,1
16,616,1,0,1,0,2,1,0,625464,626080,0,1
16,616,1,0,0,1,0,1,0,628963,629579,0,0
16,617,0,1,0,1,0,1,0,632328,632945,0,1
16,833,0,1,0,1,0,1,0,635677,636510,0,1
16,700,0,1,0,1,0,1,0,639259,639959,0,1
16,666,0,1,0,1,0,0,1,642692,643358,0,1
16,567,1,0,1,0,0,0,1,646240,646807,0,1
16,750,0,1,1,0,1,1,0,649556,650306,0,0
16,566,1,0,1,0,2,0,1,653305,653871,0,1
16,717,1,0,1,0,1,1,0,656820,657537,0,1
16,600,1,0,1,0,2,0,1,660336,660936,0,1
16,616,1,0,1,0,2,0,1,663818,664434,0,1
16,583,0,1,0,1,2,0,1,666984,667567,0,1
16,550,1,0,1,0,0,0,1,670299,670849,0,1
16,567,1,0,1,0,2,0,1,673681,674248,0,1
16,650,0,1,1,0,0,0,1,676980,677630,0,0
16,716,0,1,0,1,1,1,0,680546,681262,0,1
16,650,0,1,0,1,1,0,1,683961,684611,0,1
16,666,0,1,0,1,1,1,0,687577,688243,0,1
16,617,0,1,0,1,0,1,0,691159,691776,0,1
16,683,1,0,1,0,1,0,1,694541,695224,0,1
16,617,0,1,0,1,2,0,1,697940,698557,0,1
16,649,0,1,1,0,2,1,0,701356,702005,0,0
16,550,1,0,1,0,0,0,1,704921,705471,0,1
16,566,0,1,0,1,0,0,1,708137,708703,0,1
16,633,0,1,0,1,0,1,0,711602,712235,0,1
16,684,0,1,0,1,2,1,0,715134,715818,0,1
16,800,0,1,1,0,2,1,0,718783,719583,0,0
16,717,0,1,0,1,0,1,0,722365,723082,0,1
16,650,1,0,1,0,2,1,0,726081,726731,0,1
16,850,0,1,0,1,0,1,0,729346,730196,0,1
16,633,1,0,1,0,0,1,0,732812,733445,0,1
16,633,1,0,1,0,2,0,1,736411,737044,0,1
16,617,1,0,1,0,1,0,1,739876,740493,0,1
16,600,1,0,1,0,0,1,0,743475,744075,0,1
16,616,0,1,0,1,0,1,0,747041,747657,0,1
16,733,0,1,0,1,2,0,1,750506,751239,0,1
16,717,0,1,0,1,0,0,1,753905,754622,0,1
16,667,0,1,0,1,2,1,0,757437,758104,0,1
16,650,0,1,0,1,1,1,0,760836,761486,0,1
16,1300,0,0,1,0,2,1,0,764218,765518,1,NaN
16,649,0,1,0,1,1,0,1,768684,769333,0,1
16,617,1,0,1,0,2,0,1,772032,772649,0,1
16,600,0,1,0,1,1,0,1,775331,775931,0,1
16,700,0,1,1,0,0,1,0,778830,779530,0,0
16,600,1,0,1,0,2,0,1,782362,782962,0,1
16,616,0,1,0,1,1,0,1,785545,786161,0,1
16,550,0,1,0,1,1,0,1,788927,789477,0,1
16,617,0,1,0,1,0,0,1,792342,792959,0,1
16,600,1,0,1,0,0,0,1,795791,796391,0,1
16,617,0,1,0,1,1,1,0,799240,799857,0,1
16,700,0,1,1,0,2,1,0,813239,813939,0,0
16,733,0,1,0,1,2,1,0,816488,817221,0,1
16,600,1,0,1,0,2,1,0,820220,820820,0,1
16,683,0,1,1,0,0,1,0,823369,824052,0,0
16,717,0,1,1,0,1,1,0,826768,827485,0,0
16,667,0,1,0,1,1,0,1,830017,830684,0,1
16,584,1,0,1,0,0,0,1,833349,833933,0,1
16,633,1,0,1,0,2,1,0,836748,837381,0,1
16,650,0,1,0,1,1,1,0,839914,840564,0,1
16,616,0,1,0,1,1,0,1,843563,844179,0,1
16,600,0,1,0,1,0,1,0,847028,847628,0,1
16,583,0,1,0,1,0,1,0,850594,851177,0,1
16,583,1,0,1,0,2,0,1,854043,854626,0,1
16,650,0,1,0,1,1,1,0,857208,857858,0,1
16,634,1,0,1,0,2,0,1,860540,861174,0,1
16,666,1,0,1,0,2,0,1,863856,864522,0,1
16,617,0,1,0,1,1,1,0,867338,867955,0,1
16,600,0,1,1,0,2,1,0,870954,871554,0,0
16,733,0,1,0,1,0,0,1,874419,875152,0,1
16,833,0,1,0,1,2,0,1,878051,878884,0,1
16,700,0,1,0,1,0,1,0,881617,882317,0,1
16,733,0,1,0,1,2,1,0,884866,885599,0,1
16,616,1,0,1,0,0,1,0,888548,889164,0,1
16,667,0,1,0,1,0,0,1,891980,892647,0,1
16,717,1,0,1,0,1,1,0,895612,896329,0,1
16,616,0,1,0,1,2,0,1,898878,899494,0,1
16,600,1,0,1,0,2,1,0,902443,903043,0,1
16,949,0,1,1,0,0,1,0,905776,906725,0,0
16,800,1,0,0,1,2,1,0,909341,910141,0,0
16,850,0,1,0,1,1,1,0,912840,913690,0,1
16,600,1,0,1,0,2,1,0,916222,916822,0,1
16,666,1,0,1,0,0,1,0,919821,920487,0,1
16,817,1,0,0,1,0,1,0,923203,924020,0,0
16,833,0,1,0,1,1,0,1,926652,927485,0,1
16,667,1,0,1,0,0,0,1,930267,930934,0,1
16,667,1,0,1,0,1,0,1,933816,934483,0,1
16,633,1,0,1,0,2,0,1,937115,937748,0,1
16,717,1,0,0,1,1,0,1,940397,941114,0,0
16,666,1,0,1,0,2,1,0,943880,944546,0,1
16,783,0,1,0,1,0,0,1,947412,948195,0,1
16,950,0,1,1,0,2,1,0,950894,951844,0,0
16,800,0,1,0,1,0,0,1,954826,955626,0,1
16,799,0,1,0,1,0,0,1,958342,959141,0,1
16,734,0,1,0,1,1,1,0,961940,962674,0,1
16,983,0,1,0,1,1,0,1,965656,966639,0,1
16,683,0,1,0,1,1,1,0,969388,970071,0,1
16,633,1,0,1,0,0,1,0,972870,973503,0,1
16,817,0,1,1,0,2,0,1,976102,976919,0,0
16,733,1,0,1,0,1,0,1,979685,980418,0,1
16,650,1,0,1,0,1,1,0,983233,983883,0,1
16,916,0,1,0,1,1,1,0,986799,987715,0,1
16,649,1,0,1,0,1,1,0,990598,991247,0,1
16,650,0,1,0,1,1,0,1,993963,994613,0,1
16,684,0,1,0,1,1,0,1,997245,997929,0,1
16,617,1,0,1,0,1,0,1,1000944,1001561,0,1
16,1067,1,0,1,0,1,0,1,1004426,1005493,0,1
16,733,1,0,1,0,0,1,0,1008109,1008842,0,1
16,617,1,0,1,0,2,0,1,1011557,1012174,0,1
16,599,1,0,1,0,1,1,0,1015190,1015789,0,1
16,750,1,0,1,0,0,1,0,1018738,1019488,0,1
16,650,0,1,0,1,2,1,0,1022254,1022904,0,1
16,634,0,1,0,1,2,0,1,1025519,1026153,0,1
16,649,0,1,0,1,1,0,1,1029152,1029801,0,1
16,750,0,1,0,1,1,0,1,1032534,1033284,0,1
16,834,0,1,0,1,0,1,0,1035899,1036733,0,1
16,599,0,1,0,1,1,0,1,1039532,1040131,0,1
16,683,0,1,1,0,0,0,1,1042814,1043497,0,0
16,583,0,1,1,0,0,1,0,1046529,1047112,0,0
16,683,1,0,1,0,2,0,1,1049845,1050528,0,1
16,733,1,0,1,0,1,0,1,1053344,1054077,0,1
16,616,0,1,0,1,2,0,1,1056743,1057359,0,1
16,650,0,1,0,1,1,0,1,1060358,1061008,0,1
16,700,1,0,1,0,0,1,0,1063790,1064490,0,1
16,966,1,0,0,1,1,0,1,1084686,1085652,0,0
16,617,1,0,1,0,1,1,0,1088668,1089285,0,1
16,550,1,0,1,0,0,0,1,1092050,1092600,0,1
16,616,1,0,1,0,2,1,0,1095216,1095832,0,1
16,700,0,1,0,1,1,0,1,1098598,1099298,0,1
16,683,0,1,0,1,1,1,0,1102080,1102763,0,1
16,533,1,0,1,0,0,0,1,1105296,1105829,0,1
16,650,1,0,0,1,2,0,1,1108728,1109378,0,0
16,800,0,1,0,1,0,0,1,1112310,1113110,0,1
16,616,0,1,0,1,1,0,1,1115726,1116342,0,1
16,600,0,1,0,1,0,0,1,1119058,1119658,0,1
16,550,1,0,1,0,2,0,1,1122640,1123190,0,1
16,633,0,1,0,1,1,1,0,1125889,1126522,0,1
16,567,0,1,0,1,1,1,0,1129288,1129855,0,1
16,616,1,0,1,0,0,1,0,1132587,1133203,0,1
16,516,1,0,1,0,0,0,1,1135836,1136352,0,1
16,634,0,1,0,1,1,1,0,1139151,1139785,0,1
16,649,1,0,1,0,2,0,1,1142634,1143283,0,1
16,600,1,0,1,0,0,1,0,1146099,1146699,0,1
16,600,0,1,0,1,1,1,0,1149248,1149848,0,1
16,583,0,1,0,1,0,1,0,1152864,1153447,0,1
16,667,0,1,0,1,2,1,0,1156262,1156929,0,1
16,583,0,1,0,1,1,0,1,1159728,1160311,0,1
16,549,1,0,1,0,2,1,0,1163194,1163743,0,1
16,667,1,0,1,0,2,1,0,1166542,1167209,0,1
16,567,1,0,1,0,0,1,0,1169991,1170558,0,1
16,649,1,0,1,0,2,1,0,1173274,1173923,0,1
16,716,1,0,1,0,0,1,0,1176656,1177372,0,1
16,717,1,0,0,1,0,1,0,1180321,1181038,0,0
16,733,1,0,0,1,1,1,0,1183670,1184403,0,0
16,666,1,0,1,0,0,0,1,1187419,1188085,0,1
16,766,1,0,0,1,0,1,0,1190718,1191484,0,0
16,550,1,0,1,0,0,1,0,1194200,1194750,0,1
16,600,0,1,0,1,1,0,1,1197732,1198332,0,1
16,633,1,0,1,0,0,1,0,1200998,1201631,0,1
16,517,1,0,1,0,1,0,1,1204363,1204880,0,1
16,600,0,1,0,1,0,1,0,1207829,1208429,0,1
16,1000,0,1,1,0,2,1,0,1211044,1212044,0,0
16,683,1,0,0,1,1,1,0,1215010,1215693,0,0
16,650,1,0,1,0,0,0,1,1218442,1219092,0,1
16,667,1,0,1,0,0,0,1,1222057,1222724,0,1
16,600,1,0,1,0,2,1,0,1225306,1225906,0,1
16,533,0,1,0,1,2,0,1,1228472,1229005,0,1
16,749,1,0,0,1,1,1,0,1231638,1232387,0,0
16,834,1,0,0,1,1,1,0,1235336,1236170,0,0
16,683,0,1,0,1,1,0,1,1238719,1239402,0,1
16,533,1,0,1,0,2,0,1,1242001,1242534,0,1
16,633,0,1,0,1,2,0,1,1245483,1246116,0,1
16,683,1,0,1,0,2,1,0,1248965,1249648,0,1
16,633,1,0,1,0,0,0,1,1252214,1252847,0,1
16,650,0,1,0,1,0,0,1,1255813,1256463,0,1
16,600,1,0,1,0,2,1,0,1259462,1260062,0,1
16,666,0,1,0,1,1,0,1,1262761,1263427,0,1
16,616,1,0,1,0,0,1,0,1266360,1266976,0,1
16,617,0,1,0,1,0,1,0,1269808,1270425,0,1
16,566,1,0,1,0,2,0,1,1273241,1273807,0,1
16,584,1,0,1,0,1,0,1,1276739,1277323,0,1
16,633,0,1,0,1,1,0,1,1280055,1280688,0,1
16,716,1,0,1,0,2,1,0,1283604,1284320,0,1
16,650,1,0,1,0,2,1,0,1287286,1287936,0,1
16,683,0,1,0,1,2,1,0,1290835,1291518,0,1
16,684,0,1,0,1,1,0,1,1294350,1295034,0,1
16,666,0,1,0,1,2,1,0,1297883,1298549,0,1
16,616,0,1,0,1,1,0,1,1301365,1301981,0,1
16,649,0,1,1,0,2,1,0,1304914,1305563,0,0
16,617,1,0,1,0,2,0,1,1308262,1308879,0,1
16,683,1,0,1,0,1,0,1,1311445,1312128,0,1
16,683,1,0,1,0,2,1,0,1314894,1315577,0,1
16,650,0,1,0,1,2,0,1,1318426,1319076,0,1
1,700,1,0,1,0,2,0,1,12446,13146,0,1
1,583,1,0,1,0,0,0,1,15962,16545,0,1
1,700,1,0,0,1,2,0,1,19211,19911,0,0
1,833,1,0,0,1,1,1,0,22543,23376,0,0
1,966,0,1,0,1,2,0,1,25959,26925,0,1
1,634,0,1,0,1,1,0,1,29657,30291,0,1
1,683,0,1,0,1,1,1,0,33023,33706,0,1
1,550,1,0,1,0,2,1,0,36605,37155,0,1
1,716,0,1,1,0,0,1,0,39771,40487,0,0
1,534,1,0,1,0,2,0,1,43186,43720,0,1
1,616,1,0,1,0,1,0,1,46552,47168,0,1
1,783,0,1,0,1,1,0,1,50051,50834,0,1
1,567,1,0,1,0,1,0,1,53816,54383,0,1
1,484,1,0,1,0,2,0,1,57198,57682,0,1
1,499,1,0,1,0,2,0,1,60631,61130,0,1
1,600,0,1,0,1,1,1,0,63946,64546,0,1
1,933,0,1,0,1,1,1,0,67162,68095,0,1
1,816,0,1,0,1,2,1,0,70894,71710,0,1
1,716,1,0,1,0,2,1,0,74493,75209,0,1
1,683,0,1,0,1,1,0,1,78092,78775,0,1
1,600,1,0,1,0,2,1,0,81474,82074,0,1
1,733,0,1,0,1,2,1,0,84623,85356,0,1
1,633,1,0,1,0,0,0,1,88205,88838,0,1
1,600,0,1,1,0,1,0,1,91870,92470,0,0
1,599,0,1,0,1,1,0,1,95203,95802,0,1
1,700,0,1,0,1,1,1,0,98585,99285,0,1
1,550,0,1,0,1,1,1,0,101850,102400,0,1
1,666,0,1,1,0,2,1,0,105316,105982,0,0
1,783,0,1,1,0,2,0,1,108615,109398,0,0
1,766,1,0,1,0,2,0,1,112397,113163,0,1
1,617,0,1,0,1,2,0,1,116079,116696,0,1
1,700,0,1,0,1,1,0,1,119328,120028,0,1
1,583,0,1,0,1,1,0,1,122977,123560,0,1
1,650,1,0,1,0,0,1,0,126142,126792,0,1
1,500,1,0,1,0,0,0,1,129791,130291,0,1
1,733,0,1,0,1,1,1,0,133190,133923,0,1
1,683,0,1,0,1,1,1,0,136822,137505,0,1
1,667,0,1,0,1,0,1,0,140421,141088,0,1
1,533,1,0,1,0,1,1,0,144103,144636,0,1
1,633,1,0,1,0,2,1,0,147436,148069,0,1
1,583,0,1,0,1,2,1,0,151001,151584,0,1
1,700,1,0,1,0,0,0,1,154533,155233,0,1
1,666,0,1,0,1,2,0,1,158099,158765,0,1
1,600,1,0,1,0,2,0,1,161464,162064,0,1
1,683,0,1,0,1,0,0,1,164830,165513,0,1
1,666,0,1,0,1,0,0,1,168229,168895,0,1
1,750,1,0,1,0,2,0,1,171894,172644,0,1
1,617,0,1,0,1,0,0,1,175526,176143,0,1
1,799,0,1,0,1,0,1,0,178909,179708,0,1
1,684,0,1,0,1,2,1,0,182307,182991,0,1
1,716,0,1,0,1,1,1,0,185890,186606,0,1
1,616,1,0,1,0,1,1,0,189222,189838,0,1
1,583,0,1,0,1,1,0,1,192554,193137,0,1
1,600,0,1,0,1,1,1,0,195720,196320,0,1
1,683,0,1,0,1,1,1,0,199069,199752,0,1
1,500,1,0,1,0,2,0,1,202584,203084,0,1
1,583,1,0,1,0,1,0,1,205850,206433,0,1
1,549,1,0,1,0,1,1,0,209149,209698,0,1
1,583,0,1,0,1,0,0,1,212398,212981,0,1
1,666,0,1,0,1,2,1,0,215830,216496,0,1
1,533,1,0,1,0,2,0,1,219429,219962,0,1
1,716,0,1,1,0,2,1,0,222728,223444,0,0
1,816,0,1,0,1,2,0,1,226210,227026,0,1
1,767,0,1,0,1,0,1,0,229825,230592,0,1
1,567,1,0,1,0,2,1,0,233424,233991,0,1
1,533,1,0,1,0,2,0,1,236773,237306,0,1
1,800,0,1,0,1,0,0,1,240205,241005,0,1
1,817,0,1,0,1,2,1,0,243837,244654,0,1
1,600,0,1,0,1,2,1,0,247469,248069,0,1
1,616,1,0,1,0,2,1,0,250785,251401,0,1
1,767,1,0,1,0,2,1,0,254400,255167,0,1
1,516,1,0,1,0,2,0,1,257833,258349,0,1
1,666,1,0,1,0,0,1,0,280349,281015,0,1
1,816,0,1,0,1,2,0,1,283798,284614,0,1
1,700,1,0,1,0,1,0,1,287613,288313,0,1
1,534,0,1,0,1,1,0,1,291328,291862,0,1
1,717,0,1,0,1,0,1,0,294477,295194,0,1
1,683,0,1,0,1,1,1,0,298176,298859,0,1
1,567,1,0,1,0,0,0,1,301525,302092,0,1
1,550,0,1,0,1,1,0,1,304791,305341,0,1
1,533,1,0,1,0,0,1,0,308040,308573,0,1
1,633,1,0,1,0,1,1,0,311289,311922,0,1
1,550,1,0,1,0,2,0,1,314571,315121,0,1
1,700,0,1,0,1,0,0,1,317953,318653,0,1
1,600,0,1,0,1,1,1,0,321452,322052,0,1
1,567,0,1,0,1,0,0,1,324617,325184,0,1
1,533,1,0,1,0,2,0,1,328083,328616,0,1
1,566,0,1,0,1,1,1,0,331349,331915,0,1
1,600,0,1,0,1,0,1,0,334631,335231,0,1
1,517,0,1,0,1,1,0,1,338113,338630,0,1
1,616,0,1,0,1,1,1,0,341279,341895,0,1
1,566,1,0,1,0,2,1,0,344878,345444,0,1
1,584,1,0,1,0,0,0,1,348326,348910,0,1
1,533,1,0,1,0,2,0,1,351792,352325,0,1
1,734,0,1,0,1,2,0,1,355157,355891,0,1
1,616,0,1,0,1,1,1,0,358640,359256,0,1
1,600,0,1,0,1,1,1,0,362005,362605,0,1
1,517,1,0,1,0,0,0,1,365604,366121,0,1
1,817,0,1,0,1,1,0,1,368986,369803,0,1
1,800,0,1,0,1,1,0,1,372385,373185,0,1
1,616,0,1,0,1,1,0,1,376051,376667,0,1
1,616,0,1,0,1,1,0,1,379350,379966,0,1
1,600,1,0,1,0,2,0,1,382982,383582,0,1
1,516,1,0,1,0,0,0,1,386581,387097,0,1
1,667,0,1,0,1,2,1,0,389696,390363,0,1
1,617,0,1,0,1,0,0,1,393278,393895,0,1
1,617,0,1,0,1,2,1,0,396777,397394,0,1
1,717,1,0,1,0,0,1,0,400259,400976,0,1
1,650,0,1,0,1,0,1,0,403725,404375,0,1
1,600,1,0,1,0,2,1,0,407157,407757,0,1
1,650,0,1,0,1,1,0,1,410589,411239,0,1
1,550,1,0,1,0,0,0,1,414221,414771,0,1
1,517,1,0,1,0,0,1,0,417520,418037,0,1
1,583,1,0,1,0,1,1,0,420969,421552,0,1
1,650,0,1,0,1,2,0,1,424485,425135,0,1
1,516,1,0,1,0,2,0,1,428017,428533,0,1
1,616,0,1,0,1,1,1,0,431466,432082,0,1
1,517,0,1,0,1,1,1,0,434731,435248,0,1
1,533,0,1,0,1,1,0,1,437914,438447,0,1
1,533,0,1,0,1,1,0,1,441346,441879,0,1
1,484,1,0,1,0,0,0,1,444761,445245,0,1
1,616,0,1,0,1,1,0,1,447944,448560,0,1
1,499,0,1,0,1,2,0,1,451543,452042,0,1
1,649,0,1,0,1,1,1,0,454692,455341,0,1
1,566,1,0,1,0,0,1,0,458074,458640,0,1
1,633,1,0,1,0,2,1,0,461439,462072,0,1
1,616,0,1,0,1,1,0,1,464672,465288,0,1
1,650,1,0,1,0,1,0,1,468204,468854,0,1
1,549,1,0,1,0,0,1,0,471803,472352,0,1
1,617,0,1,0,1,0,1,0,475068,475685,0,1
1,667,0,1,0,1,1,0,1,478700,479367,0,1
1,567,1,0,1,0,2,1,0,482332,482899,0,1
1,516,1,0,1,0,2,1,0,485515,486031,0,1
1,666,0,1,0,1,2,0,1,489047,489713,0,1
1,633,1,0,1,0,0,1,0,492596,493229,0,1
1,716,0,1,0,1,1,0,1,496178,496894,0,1
1,566,1,0,1,0,1,1,0,499727,500293,0,1
1,634,0,1,0,1,0,1,0,502942,503576,0,1
1,983,0,1,1,0,2,1,0,506158,507141,0,0
1,583,1,0,1,0,2,1,0,510107,510690,0,1
1,767,0,1,0,1,0,0,1,513622,514389,0,1
1,517,1,0,1,0,2,1,0,517154,517671,0,1
1,550,1,0,1,0,2,0,1,520320,520870,0,1
1,516,1,0,1,0,1,0,1,523719,524235,0,1
1,717,0,1,0,1,0,1,0,526951,527668,0,1
1,600,1,0,1,0,0,1,0,549117,549717,0,1
1,600,0,1,0,1,2,0,1,552549,553149,0,1
1,517,0,1,0,1,0,0,1,556148,556665,0,1
1,550,1,0,1,0,2,0,1,559314,559864,0,1
1,616,0,1,0,1,1,0,1,562713,563329,0,1
1,583,0,1,0,1,0,0,1,566295,566878,0,1
1,633,0,1,0,1,0,1,0,569660,570293,0,1
1,617,1,0,1,0,2,0,1,573309,573926,0,1
1,767,1,0,1,0,0,1,0,576641,577408,0,1
1,933,1,0,1,0,1,1,0,580357,581290,0,1
1,567,1,0,1,0,0,0,1,584222,584789,0,1
1,616,0,1,0,1,0,1,0,587638,588254,0,1
1,500,1,0,1,0,2,0,1,591253,591753,0,1
1,483,1,0,1,0,2,1,0,594552,595035,0,1
1,583,1,0,1,0,2,1,0,597768,598351,0,1
1,567,1,0,1,0,0,0,1,601100,601667,0,1
1,533,1,0,1,0,2,1,0,604382,604915,0,1
1,683,0,1,0,1,1,1,0,607565,608248,0,1
1,484,0,1,0,1,1,0,1,611063,611547,0,1
1,1083,1,0,1,0,0,1,0,614479,615562,0,1
1,617,0,1,0,1,2,0,1,618294,618911,0,1
1,617,0,1,0,1,1,0,1,621693,622310,0,1
1,500,1,0,1,0,1,0,1,625142,625642,0,1
1,583,1,0,1,0,1,0,1,628458,629041,0,1
1,566,1,0,1,0,0,1,0,632040,632606,0,1
1,567,0,1,0,1,0,1,0,635455,636022,0,1
1,500,0,1,0,1,1,0,1,638904,639404,0,1
1,616,0,1,0,1,0,0,1,642020,642636,0,1
1,534,1,0,1,0,2,1,0,645535,646069,0,1
1,533,1,0,1,0,2,0,1,648651,649184,0,1
1,617,1,0,1,0,0,1,0,651900,652517,0,1
1,766,0,1,0,1,2,1,0,655366,656132,0,1
1,683,0,1,0,1,0,0,1,658831,659514,0,1
1,550,1,0,1,0,0,0,1,662480,663030,0,1
1,483,0,1,0,1,0,0,1,665562,666045,0,1
1,599,0,1,0,1,1,1,0,668695,669294,0,1
1,650,1,0,1,0,1,1,0,672027,672677,0,1
1,600,0,1,0,1,1,1,0,675692,676292,0,1
1,600,1,0,1,0,0,1,0,678991,679591,0,1
1,617,1,0,1,0,2,0,1,682523,683140,0,1
1,583,0,1,0,1,1,1,0,685989,686572,0,1
1,483,1,0,1,0,2,0,1,689571,690054,0,1
1,566,1,0,1,0,2,1,0,692870,693436,0,1
1,583,1,0,1,0,0,0,1,696086,696669,0,1
1,483,1,0,1,0,2,0,1,699251,699734,0,1
1,583,0,1,0,1,0,0,1,702300,702883,0,1
1,549,1,0,1,0,0,0,1,705866,706415,0,1
1,566,0,1,0,1,1,1,0,708998,709564,0,1
1,633,0,1,0,1,1,1,0,712447,713080,0,1
1,516,1,0,1,0,1,0,1,715746,716262,0,1
1,534,1,0,1,0,0,1,0,719011,719545,0,1
1,583,0,1,0,1,0,1,0,722177,722760,0,1
1,600,0,1,0,1,0,1,0,725376,725976,0,1
1,683,0,1,0,1,2,0,1,728592,729275,0,1
1,567,0,1,0,1,1,1,0,732040,732607,0,1
1,817,0,1,0,1,1,0,1,735639,736456,0,1
1,550,0,1,0,1,1,1,0,739371,739921,0,1
1,566,1,0,1,0,1,1,0,742754,743320,0,1
1,600,0,1,0,1,1,0,1,746036,746636,0,1
1,567,1,0,1,0,2,1,0,749368,749935,0,1
1,667,0,1,0,1,1,1,0,752500,753167,0,1
1,633,0,1,0,1,1,1,0,755949,756582,0,1
1,534,1,0,1,0,2,1,0,759231,759765,0,1
1,484,1,0,1,0,2,0,1,762630,763114,0,1
1,533,0,1,0,1,1,1,0,765979,766512,0,1
1,533,1,0,1,0,0,0,1,769062,769595,0,1
1,566,0,1,0,1,1,0,1,772244,772810,0,1
1,517,1,0,1,0,0,1,0,775409,775926,0,1
1,550,0,1,0,1,1,1,0,778508,779058,0,1
1,616,0,1,0,1,2,1,0,781691,782307,0,1
1,700,1,0,1,0,0,1,0,784940,785640,0,1
1,517,1,0,1,0,2,0,1,788305,788822,0,1
1,500,0,1,0,1,0,0,1,791621,792121,0,1
1,633,1,0,1,0,1,0,1,810897,811530,0,1
1,683,0,1,0,1,1,1,0,814379,815062,0,1
1,549,1,0,1,0,0,1,0,817695,818244,0,1
1,500,0,1,0,1,1,0,1,820777,821277,0,1
1,766,0,1,0,1,2,1,0,823843,824609,0,1
1,750,0,1,1,0,0,1,0,827341,828091,0,0
1,583,1,0,1,0,0,1,0,830890,831473,0,1
1,617,0,1,1,0,1,1,0,834122,834739,0,0
1,583,0,1,0,1,0,1,0,837338,837921,0,1
1,650,0,1,0,1,1,0,1,840637,841287,0,1
1,584,0,1,0,1,1,0,1,844152,844736,0,1
1,467,1,0,1,0,2,0,1,847751,848218,0,1
1,599,0,1,0,1,1,0,1,850984,851583,0,1
1,583,1,0,1,0,1,1,0,854516,855099,0,1
1,516,1,0,1,0,1,1,0,857715,858231,0,1
1,550,1,0,1,0,2,1,0,860930,861480,0,1
1,450,1,0,1,0,0,0,1,864196,864646,0,1
1,533,1,0,1,0,0,0,1,867628,868161,0,1
1,450,1,0,1,0,2,0,1,870894,871344,0,1
1,517,1,0,1,0,1,1,0,873926,874443,0,1
1,600,1,0,1,0,0,1,0,877458,878058,0,1
1,483,1,0,1,0,2,1,0,880591,881074,0,1
1,433,1,0,1,0,2,0,1,884023,884456,0,1
1,667,0,1,1,0,0,1,0,887055,887722,0,0
1,600,0,1,0,1,0,0,1,890537,891137,0,1
1,599,1,0,1,0,2,1,0,893820,894419,0,1
1,667,0,1,0,1,0,1,0,897018,897685,0,1
1,600,0,1,0,1,1,0,1,900217,900817,0,1
1,533,0,1,0,1,1,0,1,903750,904283,0,1
1,633,1,0,1,0,1,1,0,906899,907532,0,1
1,516,0,1,0,1,0,0,1,910198,910714,0,1
1,617,1,0,1,0,2,1,0,913546,914163,0,1
1,550,1,0,1,0,0,0,1,917045,917595,0,1
1,617,1,0,1,0,2,1,0,920527,921144,0,1
1,583,0,1,0,1,2,1,0,923743,924326,0,1
1,449,1,0,1,0,2,0,1,927209,927658,0,1
1,550,1,0,1,0,1,0,1,930191,930741,0,1
1,483,0,1,0,1,0,1,0,933473,933956,0,1
1,534,0,1,0,1,0,0,1,936755,937289,0,1
1,466,1,0,1,0,2,1,0,940288,940754,0,1
1,549,0,1,0,1,2,1,0,943637,944186,0,1
1,983,1,0,1,0,0,0,1,947035,948018,0,1
1,567,0,1,0,1,0,1,0,950684,951251,0,1
1,567,1,0,1,0,0,0,1,953966,954533,0,1
1,616,0,1,0,1,0,0,1,957099,957715,0,1
1,549,1,0,1,0,0,0,1,960648,961197,0,1
1,567,0,1,0,1,1,1,0,964163,964730,0,1
1,550,0,1,0,1,0,1,0,967262,967812,0,1
1,700,0,1,0,1,2,0,1,970811,971511,0,1
1,533,1,0,1,0,0,0,1,974343,974876,0,1
1,517,1,0,1,0,2,1,0,977825,978342,0,1
1,417,1,0,1,0,2,0,1,981174,981591,0,1
1,467,0,1,0,1,2,0,1,984273,984740,0,1
1,517,1,0,1,0,1,0,1,987605,988122,0,1
1,466,0,1,0,1,2,1,0,990788,991254,0,1
1,600,0,1,0,1,0,0,1,993820,994420,0,1
1,816,1,0,1,0,0,1,0,997186,998002,0,1
1,600,0,1,1,0,2,0,1,1000601,1001201,0,0
1,483,1,0,1,0,2,0,1,1004217,1004700,0,1
1,600,0,1,0,1,2,1,0,1007249,1007849,0,1
1,583,1,0,1,0,1,1,0,1010481,1011064,0,1
1,517,1,0,1,0,2,1,0,1013630,1014147,0,1
1,517,1,0,1,0,0,0,1,1016879,1017396,0,1
1,800,1,0,1,0,2,0,1,1020311,1021111,0,1
1,500,1,0,1,0,0,0,1,1024043,1024543,0,1
1,417,1,0,1,0,2,0,1,1027209,1027626,0,1
1,434,1,0,1,0,0,0,1,1030641,1031075,0,1
1,783,0,1,0,1,2,0,1,1033790,1034573,0,1
1,683,1,0,1,0,2,1,0,1037206,1037889,0,1
1,550,1,0,1,0,0,0,1,1040505,1041055,0,1
1,534,0,1,0,1,0,0,1,1043720,1044254,0,1
1,716,1,0,1,0,1,1,0,1046786,1047502,0,1
1,600,0,1,0,1,0,1,0,1050135,1050735,0,1
1,650,0,1,0,1,1,1,0,1067504,1068154,0,1
1,533,0,1,0,1,1,0,1,1071136,1071669,0,1
1,767,0,1,1,0,0,1,0,1074635,1075402,0,0
1,616,0,1,0,1,1,1,0,1078001,1078617,0,1
1,500,1,0,1,0,2,0,1,1081433,1081933,0,1
1,600,1,0,1,0,1,0,1,1084532,1085132,0,1
1,550,0,1,0,1,1,0,1,1087847,1088397,0,1
1,583,0,1,0,1,1,1,0,1091013,1091596,0,1
1,483,1,0,1,0,2,1,0,1094495,1094978,0,1
1,483,1,0,1,0,2,0,1,1097678,1098161,0,1
1,550,0,1,1,0,0,0,1,1100810,1101360,0,0
1,600,0,1,0,1,1,0,1,1104342,1104942,0,1
1,616,0,1,0,1,1,1,0,1107541,1108157,0,1
1,783,0,1,0,1,0,1,0,1110707,1111490,0,1
1,650,0,1,0,1,0,1,0,1114122,1114772,0,1
1,550,0,1,0,1,1,1,0,1117438,1117988,0,1
1,550,0,1,0,1,1,0,1,1120737,1121287,0,1
1,500,1,0,1,0,2,1,0,1124019,1124519,0,1
1,633,0,1,0,1,0,0,1,1127301,1127934,0,1
1,633,1,0,1,0,2,1,0,1130567,1131200,0,1
1,583,1,0,1,0,0,1,0,1134016,1134599,0,1
1,466,1,0,1,0,2,1,0,1137598,1138064,0,1
1,550,1,0,1,0,2,0,1,1140947,1141497,0,1
1,583,0,1,0,1,2,1,0,1144379,1144962,0,1
1,534,0,1,0,1,1,0,1,1147644,1148178,0,1
1,617,0,1,0,1,0,1,0,1151143,1151760,0,1
1,850,0,1,1,0,0,1,0,1154409,1155259,0,0
1,633,1,0,1,0,1,1,0,1158208,1158841,0,1
1,583,0,1,0,1,0,0,1,1161473,1162056,0,1
1,516,1,0,1,0,1,0,1,1164789,1165305,0,1
1,633,1,0,1,0,2,1,0,1168088,1168721,0,1
1,584,1,0,1,0,2,1,0,1171253,1171837,0,1
1,583,1,0,1,0,0,1,0,1174619,1175202,0,1
1,683,0,1,0,1,0,0,1,1178068,1178751,0,1
1,517,1,0,0,1,0,1,0,1181433,1181950,0,0
1,633,0,1,0,1,0,1,0,1184782,1185415,0,1
1,533,1,0,1,0,0,0,1,1188148,1188681,0,1
1,600,0,1,0,1,0,1,0,1191663,1192263,0,1
1,533,0,1,0,1,0,0,1,1195012,1195545,0,1
1,600,1,0,1,0,1,0,1,1198311,1198911,0,1
1,500,0,1,0,1,1,0,1,1201710,1202210,0,1
1,567,0,1,0,1,0,1,0,1204742,1205309,0,1
1,467,0,1,0,1,1,1,0,1208191,1208658,0,1
1,466,1,0,1,0,2,0,1,1211307,1211773,0,1
1,616,0,1,0,1,0,1,0,1214373,1214989,0,1
1,617,0,1,0,1,2,0,1,1217588,1218205,0,1
1,583,1,0,1,0,0,1,0,1221004,1221587,0,1
1,600,0,1,0,1,2,1,0,1224519,1225119,0,1
1,633,0,1,0,1,0,0,1,1227668,1228301,0,1
1,583,1,0,1,0,2,1,0,1231034,1231617,0,1
1,600,0,1,0,1,2,0,1,1234566,1235166,0,1
1,567,0,1,0,1,0,0,1,1237948,1238515,0,1
1,617,0,1,1,0,2,1,0,1241347,1241964,0,0
1,650,0,1,1,0,2,1,0,1244646,1245296,0,0
1,650,0,1,0,1,1,0,1,1247995,1248645,0,1
1,617,0,1,0,1,0,0,1,1251327,1251944,0,1
1,683,0,1,0,1,1,0,1,1254959,1255642,0,1
1,600,1,0,1,0,0,0,1,1258541,1259141,0,1
1,516,1,0,1,0,1,1,0,1261957,1262473,0,1
1,633,1,0,1,0,0,1,0,1265239,1265872,0,1
1,617,1,0,1,0,1,0,1,1268871,1269488,0,1
1,583,1,0,1,0,2,0,1,1272337,1272920,0,1
1,617,0,1,0,1,1,1,0,1275852,1276469,0,1
1,616,0,1,0,1,0,1,0,1279168,1279784,0,1
1,600,0,1,0,1,1,1,0,1282517,1283117,0,1
1,466,1,0,1,0,2,0,1,1285666,1286132,0,1
1,550,0,1,0,1,0,1,0,1288848,1289398,0,1
1,534,1,0,1,0,1,0,1,1292280,1292814,0,1
1,583,0,1,0,1,0,0,1,1295413,1295996,0,1
2,600,1,0,0,1,1,1,0,16370,16970,0,0
2,500,1,0,1,0,1,0,1,19752,20252,0,1
2,583,1,0,1,0,1,1,0,23018,23601,0,1
2,650,1,0,0,1,0,1,0,26333,26983,0,0
2,617,0,1,0,1,1,1,0,29582,30199,0,1
2,617,0,1,0,1,2,1,0,33114,33731,0,1
2,433,1,0,1,0,2,0,1,36447,36880,0,1
2,517,1,0,1,0,1,0,1,39662,40179,0,1
2,367,1,0,1,0,2,0,1,42911,43278,0,1
2,650,0,1,0,1,0,0,1,46177,46827,0,1
2,566,0,1,0,1,2,0,1,49376,49942,0,1
2,716,0,1,0,1,1,1,0,52875,53591,0,1
2,700,0,1,0,1,1,1,0,56207,56907,0,1
2,467,1,0,1,0,2,0,1,59739,60206,0,1
2,483,0,1,0,1,0,0,1,62805,63288,0,1
2,499,0,1,0,1,1,0,1,66154,66653,0,1
2,584,0,1,0,1,1,1,0,69452,70036,0,1
2,550,0,1,0,1,2,0,1,72918,73468,0,1
2,483,0,1,0,1,0,0,1,76434,76917,0,1
2,550,0,1,0,1,0,1,0,79732,80282,0,1
2,533,1,0,1,0,1,0,1,82815,83348,0,1
2,483,1,0,1,0,2,0,1,85897,86380,0,1
2,683,0,1,0,1,2,1,0,89363,90046,0,1
2,450,0,1,0,1,1,0,1,92811,93261,0,1
2,517,0,1,0,1,1,1,0,96260,96777,0,1
2,517,0,1,0,1,2,1,0,99609,100126,0,1
2,817,1,0,1,0,2,1,0,102708,103525,0,1
2,483,0,1,0,1,1,1,0,106274,106757,0,1
2,384,0,1,0,1,1,1,0,109389,109773,0,1
2,483,1,0,1,0,0,1,0,112672,113155,0,1
2,433,0,1,0,1,1,1,0,115737,116170,0,1
2,550,1,0,1,0,2,0,1,118703,119253,0,1
2,550,0,1,0,1,2,1,0,121952,122502,0,1
2,500,1,0,1,0,0,0,1,125401,125901,0,1
2,383,0,1,0,1,1,0,1,128800,129183,0,1
2,567,0,1,1,0,2,1,0,131815,132382,0,0
2,483,1,0,1,0,0,0,1,135281,135764,0,1
2,466,0,1,0,1,1,1,0,138347,138813,0,1
2,450,0,1,0,1,1,0,1,141695,142145,0,1
2,433,0,1,0,1,1,0,1,144828,145261,0,1
2,483,1,0,1,0,1,1,0,148277,148760,0,1
2,483,1,0,1,0,1,0,1,151576,152059,0,1
2,383,0,1,0,1,0,0,1,154958,155341,0,1
2,467,0,1,0,1,0,1,0,157890,158357,0,1
2,467,1,0,1,0,0,0,1,161239,161706,0,1
2,350,0,1,0,1,1,0,1,164555,164905,0,1
2,384,0,1,0,1,0,1,0,167620,168004,0,1
2,500,0,1,0,1,1,1,0,170836,171336,0,1
2,350,1,0,1,0,2,0,1,173985,174335,0,1
2,517,0,1,1,0,2,0,1,177217,177734,0,0
2,483,1,0,1,0,0,0,1,180533,181016,0,1
2,533,0,1,0,1,0,0,1,183898,184431,0,1
2,467,0,1,0,1,1,1,0,187380,187847,0,1
2,450,0,1,1,0,0,0,1,190729,191179,0,0
2,384,1,0,1,0,2,0,1,193878,194262,0,1
2,483,0,1,0,1,2,0,1,197127,197610,0,1
2,417,1,0,1,0,2,1,0,200526,200943,0,1
2,583,0,1,1,0,2,1,0,203642,204225,0,0
2,467,0,1,0,1,1,0,1,207057,207524,0,1
2,517,0,1,0,1,2,1,0,210356,210873,0,1
2,600,1,0,1,0,2,1,0,213705,214305,0,1
2,450,0,1,1,0,2,0,1,216971,217421,0,0
2,383,1,0,1,0,2,0,1,220153,220536,0,1
2,400,1,0,1,0,2,1,0,223285,223685,0,1
2,566,0,1,1,0,2,1,0,226518,227084,0,0
2,533,0,1,0,1,1,0,1,230083,230616,0,1
2,667,0,1,0,1,0,0,1,233282,233949,0,1
2,400,1,0,1,0,2,0,1,236798,237198,0,1
2,500,0,1,0,1,0,0,1,240013,240513,0,1
2,400,0,1,1,0,1,0,1,243395,243795,0,0
2,466,0,1,0,1,1,0,1,246328,246794,0,1
2,500,0,1,0,1,0,0,1,249777,250277,0,1
2,450,0,1,0,1,0,0,1,269696,270146,0,1
2,516,1,0,0,1,1,0,1,272895,273411,0,0
2,500,1,0,1,0,1,0,1,276077,276577,0,1
2,483,1,0,1,0,1,0,1,279193,279676,0,1
2,484,0,1,0,1,2,1,0,282308,282792,0,1
2,450,1,0,1,0,1,0,1,285541,285991,0,1
2,416,1,0,1,0,2,1,0,288923,289339,0,1
2,566,0,1,0,1,1,0,1,292172,292738,0,1
2,600,1,0,1,0,0,1,0,295354,295954,0,1
2,450,1,0,1,0,2,1,0,298886,299336,0,1
2,499,1,0,1,0,1,1,0,302169,302668,0,1
2,517,1,0,1,0,0,1,0,305284,305801,0,1
2,483,1,0,1,0,1,1,0,308433,308916,0,1
2,483,1,0,1,0,0,1,0,311832,312315,0,1
2,517,1,0,0,1,2,1,0,315064,315581,0,0
2,517,1,0,1,0,1,0,1,318313,318830,0,1
2,483,0,1,0,1,1,0,1,321362,321845,0,1
2,867,0,1,0,1,2,1,0,324861,325728,0,1
2,499,1,0,1,0,1,0,1,328427,328926,0,1
2,433,0,1,0,1,1,0,1,331509,331942,0,1
2,466,1,0,1,0,2,1,0,334825,335291,0,1
2,383,0,1,0,1,0,0,1,337890,338273,0,1
2,500,0,1,0,1,2,0,1,340806,341306,0,1
2,433,0,1,0,1,1,0,1,344005,344438,0,1
2,467,0,1,0,1,0,1,0,347270,347737,0,1
2,517,1,0,1,0,1,1,0,350536,351053,0,1
2,467,0,1,0,1,0,0,1,353618,354085,0,1
2,516,1,0,1,0,0,1,0,356801,357317,0,1
2,399,1,0,1,0,2,0,1,360250,360649,0,1
2,400,1,0,1,0,2,0,1,363465,363865,0,1
2,400,0,1,0,1,1,0,1,366614,367014,0,1
2,467,1,0,1,0,2,1,0,369596,370063,0,1
2,484,0,1,0,1,1,1,0,372995,373479,0,1
2,599,0,1,0,1,1,0,1,376478,377077,0,1
2,450,0,1,0,1,0,0,1,379826,380276,0,1
2,516,1,0,1,0,0,1,0,382909,383425,0,1
2,400,1,0,1,0,2,1,0,386291,386691,0,1
2,516,1,0,1,0,1,1,0,389507,390023,0,1
2,467,0,1,0,1,1,1,0,392722,393189,0,1
2,600,1,0,1,0,0,1,0,395721,396321,0,1
2,467,1,0,1,0,0,0,1,399103,399570,0,1
2,500,0,1,0,1,1,0,1,402402,402902,0,1
2,533,0,1,0,1,2,0,1,405585,406118,0,1
2,483,0,1,0,1,2,1,0,408900,409383,0,1
2,600,1,0,1,0,1,0,1,412166,412766,0,1
2,417,0,1,0,1,1,1,0,415531,415948,0,1
2,466,0,1,0,1,1,1,0,418864,419330,0,1
2,400,0,1,1,0,1,1,0,422179,422579,0,0
2,400,0,1,0,1,1,1,0,425595,425995,0,1
2,400,1,0,1,0,2,1,0,428627,429027,0,1
2,434,0,1,0,1,0,1,0,432009,432443,0,1
2,416,0,1,0,1,0,1,0,435092,435508,0,1
2,450,1,0,1,0,2,1,0,438407,438857,0,1
2,417,0,1,1,0,0,1,0,441456,441873,0,0
2,400,1,0,1,0,2,0,1,444705,445105,0,1
2,483,1,0,1,0,1,1,0,447971,448454,0,1
2,583,1,0,1,0,1,1,0,451420,452003,0,1
2,516,1,0,1,0,1,1,0,454669,455185,0,1
2,516,1,0,1,0,2,1,0,457751,458267,0,1
2,417,0,1,0,1,1,0,1,461033,461450,0,1
2,417,0,1,0,1,1,1,0,464282,464699,0,1
2,500,1,0,1,0,1,0,1,467398,467898,0,1
2,416,1,0,1,0,2,0,1,470497,470913,0,1
2,500,1,0,1,0,2,1,0,473562,474062,0,1
2,450,0,1,0,1,1,0,1,476928,477378,0,1
2,433,0,1,0,1,1,1,0,479960,480393,0,1
2,483,0,1,0,1,0,0,1,483326,483809,0,1
2,417,0,1,0,1,0,0,1,486558,486975,0,1
2,483,0,1,0,1,2,0,1,489807,490290,0,1
2,516,1,0,1,0,0,1,0,493223,493739,0,1
2,550,0,1,1,0,1,0,1,496521,497071,0,0
2,600,1,0,1,0,0,1,0,499704,500304,0,1
2,550,0,1,0,1,0,0,1,503119,503669,0,1
2,583,1,0,1,0,0,1,0,522902,523485,0,1
2,483,1,0,1,0,1,1,0,526484,526967,0,1
2,416,0,1,0,1,1,1,0,529800,530216,0,1
2,416,1,0,1,0,2,1,0,533082,533498,0,1
2,500,1,0,1,0,2,1,0,536231,536731,0,1
2,534,1,0,1,0,1,1,0,539746,540280,0,1
2,517,0,1,0,1,0,1,0,543145,543662,0,1
2,400,1,0,1,0,2,0,1,546294,546694,0,1
2,516,0,1,0,1,0,1,0,549560,550076,0,1
2,483,1,0,1,0,0,1,0,553109,553592,0,1
2,516,0,1,0,1,1,1,0,556308,556824,0,1
2,416,1,0,1,0,2,0,1,559740,560156,0,1
2,400,1,0,1,0,2,1,0,562922,563322,0,1
2,417,0,1,0,1,1,1,0,566071,566488,0,1
2,550,0,1,0,1,0,0,1,569137,569687,0,1
2,383,0,1,0,1,1,0,1,572652,573035,0,1
2,400,1,0,1,0,2,1,0,576034,576434,0,1
2,416,1,0,1,0,2,0,1,579367,579783,0,1
2,533,0,1,0,1,2,1,0,582532,583065,0,1
2,499,0,1,0,1,1,1,0,585915,586414,0,1
2,467,0,1,0,1,1,1,0,589063,589530,0,1
2,684,0,1,0,1,0,1,0,592312,592996,0,1
2,483,0,1,0,1,0,0,1,595628,596111,0,1
2,567,0,1,0,1,2,1,0,598960,599527,0,1
2,400,1,0,1,0,2,1,0,602242,602642,0,1
2,433,0,1,0,1,1,1,0,605258,605691,0,1
2,533,0,1,0,1,0,1,0,608374,608907,0,1
2,550,1,0,1,0,0,0,1,611523,612073,0,1
2,517,1,0,1,0,0,0,1,614655,615172,0,1
2,450,0,1,0,1,1,1,0,618087,618537,0,1
2,466,0,1,0,1,1,1,0,621070,621536,0,1
2,467,1,0,1,0,2,0,1,624085,624552,0,1
2,433,0,1,0,1,0,0,1,627468,627901,0,1
2,450,0,1,0,1,1,0,1,630433,630883,0,1
2,416,0,1,0,1,1,1,0,633799,634215,0,1
2,584,0,1,0,1,0,1,0,636814,637398,0,1
2,400,1,0,1,0,2,1,0,640030,640430,0,1
2,583,1,0,1,0,1,1,0,643146,643729,0,1
2,567,0,1,0,1,1,0,1,646461,647028,0,1
2,566,0,1,0,1,1,0,1,649694,650260,0,1
2,433,1,0,1,0,2,1,0,653176,653609,0,1
2,583,1,0,1,0,0,0,1,656541,657124,0,1
2,517,1,0,1,0,0,0,1,659890,660407,0,1
2,534,0,1,0,1,2,1,0,663222,663756,0,1
2,500,0,1,0,1,0,1,0,666655,667155,0,1
2,534,0,1,0,1,0,1,0,669720,670254,0,1
2,466,0,1,0,1,1,0,1,673053,673519,0,1
2,617,1,0,1,0,2,0,1,676451,677068,0,1
2,500,0,1,0,1,0,1,0,679684,680184,0,1
2,467,1,0,1,0,2,1,0,682816,683283,0,1
2,600,1,0,1,0,0,0,1,686248,686848,0,1
2,650,1,0,1,0,0,1,0,689880,690530,0,1
2,500,1,0,1,0,0,0,1,693129,693629,0,1
2,700,0,1,0,1,0,0,1,696378,697078,0,1
2,717,0,1,0,1,2,1,0,699960,700677,0,1
2,567,1,0,1,0,0,0,1,703559,704126,0,1
2,584,1,0,1,0,0,1,0,706891,707475,0,1
2,550,0,1,0,1,1,1,0,710324,710874,0,1
2,533,0,1,0,1,0,1,0,713706,714239,0,1
2,484,1,0,1,0,2,1,0,717221,717705,0,1
2,483,0,1,0,1,0,1,0,720404,720887,0,1
2,600,1,0,1,0,0,1,0,723469,724069,0,1
2,467,1,0,1,0,2,1,0,726918,727385,0,1
2,700,0,1,0,1,0,1,0,730100,730800,0,1
2,450,1,0,1,0,2,0,1,733449,733899,0,1
2,483,1,0,1,0,2,0,1,736565,737048,0,1
2,583,0,1,1,0,2,0,1,739881,740464,0,0
2,566,1,0,1,0,0,1,0,743313,743879,0,1
2,617,0,1,0,1,2,0,1,746428,747045,0,1
2,667,0,1,0,1,2,0,1,749577,750244,0,1
2,566,1,0,1,0,0,0,1,753160,753726,0,1
2,649,1,0,1,0,0,1,0,756309,756958,0,1
2,483,0,1,0,1,1,1,0,759974,760457,0,1
2,484,1,0,1,0,2,1,0,779566,780050,0,1
2,416,1,0,1,0,2,0,1,782849,783265,0,1
2,433,0,1,0,1,0,0,1,785931,786364,0,1
2,417,1,0,1,0,2,1,0,789280,789697,0,1
2,550,1,0,1,0,2,0,1,792262,792812,0,1
2,417,0,1,0,1,0,0,1,795561,795978,0,1
2,499,0,1,0,1,1,1,0,798844,799343,0,1
2,417,1,0,1,0,2,0,1,802359,802776,0,1
2,417,0,1,0,1,0,0,1,805558,805975,0,1
2,566,1,0,1,0,0,1,0,808907,809473,0,1
2,466,0,1,0,1,1,0,1,812056,812522,0,1
2,733,1,0,1,0,0,1,0,815338,816071,0,1
2,450,1,0,1,0,2,0,1,818837,819287,0,1
2,516,0,1,0,1,1,0,1,822286,822802,0,1
2,400,1,0,1,0,2,0,1,825418,825818,0,1
2,417,1,0,1,0,2,1,0,828817,829234,0,1
2,466,0,1,0,1,2,0,1,832216,832682,0,1
2,599,0,1,0,1,0,1,0,835232,835831,0,1
2,634,1,0,1,0,1,1,0,838480,839114,0,1
2,400,0,1,0,1,1,0,1,842063,842463,0,1
2,399,0,1,0,1,1,1,0,845262,845661,0,1
2,533,1,0,1,0,0,0,1,848227,848760,0,1
2,366,1,0,1,0,2,0,1,851593,851959,0,1
2,516,1,0,1,0,0,1,0,854792,855308,0,1
2,417,1,0,1,0,0,0,1,857957,858374,0,1
2,400,1,0,1,0,2,0,1,861306,861706,0,1
2,533,0,1,0,1,0,1,0,864322,864855,0,1
2,433,0,1,0,1,2,1,0,867571,868004,0,1
2,466,0,1,0,1,2,0,1,870970,871436,0,1
2,533,0,1,0,1,1,0,1,874252,874785,0,1
2,466,0,1,0,1,1,1,0,877618,878084,0,1
2,567,0,1,0,1,1,0,1,880883,881450,0,1
2,500,0,1,0,1,0,0,1,884115,884615,0,1
2,516,0,1,0,1,0,0,1,887348,887864,0,1
2,433,0,1,0,1,1,0,1,890880,891313,0,1
2,434,1,0,1,0,0,0,1,894245,894679,0,1
2,550,0,1,1,0,0,1,0,897494,898044,0,0
2,550,1,0,1,0,1,1,0,900743,901293,0,1
2,499,1,0,1,0,2,0,1,904226,904725,0,1
2,550,0,1,0,1,2,0,1,907724,908274,0,1
2,617,1,0,1,0,1,1,0,910973,911590,0,1
2,584,1,0,1,0,0,1,0,914505,915089,0,1
2,650,1,0,1,0,2,0,1,917888,918538,0,1
2,567,1,0,1,0,0,0,1,921153,921720,0,1
2,449,0,1,0,1,0,0,1,924486,924935,0,1
2,434,0,1,0,1,0,1,0,927834,928268,0,1
2,550,1,0,1,0,0,0,1,931150,931700,0,1
2,483,0,1,0,1,0,0,1,934266,934749,0,1
2,533,0,1,1,0,2,1,0,937598,938131,0,0
2,516,1,0,1,0,2,0,1,940997,941513,0,1
2,450,0,1,0,1,0,0,1,944146,944596,0,1
2,433,1,0,1,0,2,0,1,947611,948044,0,1
2,433,0,1,0,1,0,1,0,950694,951127,0,1
2,599,1,0,1,0,2,1,0,953943,954542,0,1
2,600,1,0,1,0,0,0,1,957525,958125,0,1
2,583,0,1,0,1,2,0,1,961107,961690,0,1
2,467,1,0,1,0,2,1,0,964689,965156,0,1
2,483,1,0,1,0,2,1,0,967855,968338,0,1
2,583,1,0,1,0,0,1,0,971070,971653,0,1
2,499,1,0,1,0,2,1,0,974203,974702,0,1
2,600,0,1,0,1,0,0,1,977568,978168,0,1
2,483,0,1,0,1,0,1,0,980817,981300,0,1
2,466,1,0,1,0,2,0,1,984233,984699,0,1
2,433,0,1,0,1,1,0,1,987315,987748,0,1
2,450,0,1,0,1,2,0,1,990414,990864,0,1
2,466,0,1,0,1,1,0,1,993713,994179,0,1
2,484,1,0,1,0,2,1,0,996928,997412,0,1
2,633,0,1,0,1,2,1,0,1000427,1001060,0,1
2,533,0,1,0,1,2,1,0,1003843,1004376,0,1
2,517,0,1,0,1,1,0,1,1007125,1007642,0,1
2,616,1,0,1,0,1,1,0,1010341,1010957,0,1
2,500,1,0,1,0,2,0,1,1013873,1014373,0,1
2,534,0,1,0,1,2,0,1,1017088,1017622,0,1
2,533,1,0,1,0,0,1,0,1037791,1038324,0,1
2,649,1,0,1,0,0,0,1,1041007,1041656,0,1
2,467,1,0,1,0,1,0,1,1044572,1045039,0,1
2,533,0,1,0,1,2,0,1,1047621,1048154,0,1
2,433,0,1,0,1,1,1,0,1050987,1051420,0,1
2,433,1,0,1,0,2,0,1,1054369,1054802,0,1
2,467,1,0,1,0,2,1,0,1057451,1057918,0,1
2,566,1,0,1,0,0,0,1,1060617,1061183,0,1
2,500,1,0,1,0,0,1,0,1064066,1064566,0,1
2,533,1,0,1,0,0,1,0,1067581,1068114,0,1
2,617,0,1,0,1,1,0,1,1070830,1071447,0,1
2,533,1,0,1,0,1,1,0,1074362,1074895,0,1
2,333,0,1,0,1,1,0,1,1077545,1077878,0,1
2,517,0,1,0,1,2,0,1,1080860,1081377,0,1
2,517,1,0,1,0,2,0,1,1084159,1084676,0,1
2,450,1,0,1,0,2,0,1,1087275,1087725,0,1
2,433,0,1,0,1,0,1,0,1090457,1090890,0,1
2,433,0,1,0,1,2,0,1,1093889,1094322,0,1
2,650,1,0,1,0,2,1,0,1097138,1097788,0,1
2,550,1,0,1,0,0,1,0,1100370,1100920,0,1
2,500,1,0,1,0,1,0,1,1103703,1104203,0,1
2,466,1,0,1,0,0,0,1,1106785,1107251,0,1
2,450,1,0,1,0,2,0,1,1110117,1110567,0,1
2,533,1,0,1,0,0,0,1,1113316,1113849,0,1
2,484,1,0,1,0,2,0,1,1116548,1117032,0,1
2,450,1,0,1,0,0,0,1,1119814,1120264,0,1
2,499,1,0,1,0,1,0,1,1123030,1123529,0,1
2,516,1,0,1,0,0,1,0,1126212,1126728,0,1
2,550,0,1,0,1,1,1,0,1129661,1130211,0,1
2,517,0,1,0,1,0,0,1,1133026,1133543,0,1
2,467,0,1,0,1,2,1,0,1136075,1136542,0,1
2,566,1,0,1,0,2,0,1,1139391,1139957,0,1
2,350,0,1,0,1,1,0,1,1142806,1143156,0,1
2,567,1,0,1,0,0,0,1,1145922,1146489,0,1
2,550,1,0,1,0,0,0,1,1149071,1149621,0,1
2,550,0,1,0,1,2,1,0,1152203,1152753,0,1
2,450,1,0,1,0,2,1,0,1155652,1156102,0,1
2,517,1,0,1,0,2,1,0,1158701,1159218,0,1
2,567,0,1,0,1,1,1,0,1161800,1162367,0,1
2,416,0,1,1,0,0,1,0,1165166,1165582,0,0
2,683,1,0,1,0,2,1,0,1168365,1169048,0,1
2,383,0,1,0,1,1,1,0,1171814,1172197,0,1
2,434,0,1,0,1,0,1,0,1175162,1175596,0,1
2,400,1,0,1,0,2,1,0,1178161,1178561,0,1
2,433,0,1,0,1,1,1,0,1181377,1181810,0,1
2,483,0,1,0,1,2,0,1,1184576,1185059,0,1
2,616,1,0,1,0,0,1,0,1187592,1188208,0,1
2,400,0,1,0,1,1,0,1,1191041,1191441,0,1
2,433,0,1,0,1,0,1,0,1194273,1194706,0,1
2,499,0,1,0,1,0,1,0,1197339,1197838,0,1
2,566,1,0,1,0,0,0,1,1200421,1200987,0,1
2,450,0,1,0,1,0,0,1,1203686,1204136,0,1
2,583,0,1,0,1,1,1,0,1207085,1207668,0,1
2,550,0,1,0,1,0,1,0,1210584,1211134,0,1
2,467,0,1,0,1,0,1,0,1213766,1214233,0,1
2,433,0,1,0,1,1,0,1,1216799,1217232,0,1
2,616,0,1,0,1,1,1,0,1219948,1220564,0,1
2,466,1,0,1,0,1,0,1,1223397,1223863,0,1
2,533,0,1,0,1,1,1,0,1226829,1227362,0,1
2,450,0,1,0,1,1,0,1,1230128,1230578,0,1
2,416,0,1,0,1,1,0,1,1233427,1233843,0,1
2,483,0,1,0,1,0,1,0,1236509,1236992,0,1
2,416,0,1,0,1,1,0,1,1239758,1240174,0,1
2,433,1,0,1,0,2,1,0,1242707,1243140,0,1
2,467,0,1,0,1,1,0,1,1245739,1246206,0,1
2,450,0,1,0,1,1,1,0,1249205,1249655,0,1
2,534,1,0,1,0,1,0,1,1252520,1253054,0,1
2,533,1,0,1,0,0,0,1,1255969,1256502,0,1
2,550,1,0,1,0,0,0,1,1259168,1259718,0,1
3,466,1,0,1,0,2,0,1,21898,22364,0,1
3,583,1,0,0,1,0,1,0,25047,25630,0,0
3,550,0,1,0,1,0,0,1,28396,28946,0,1
3,433,1,0,1,0,0,1,0,31628,32061,0,1
3,400,1,0,1,0,2,0,1,34910,35310,0,1
3,749,1,0,0,1,1,1,0,38193,38942,0,0
3,417,1,0,1,0,2,1,0,41808,42225,0,1
3,517,0,1,0,1,1,0,1,44890,45407,0,1
3,450,1,0,1,0,2,0,1,48356,48806,0,1
3,550,1,0,0,1,0,1,0,51388,51938,0,0
3,533,1,0,1,0,0,1,0,54637,55170,0,1
3,500,1,0,1,0,2,1,0,58069,58569,0,1
3,383,0,1,0,1,0,0,1,61235,61618,0,1
3,417,1,0,0,1,2,0,1,64267,64684,0,0
3,699,0,1,0,1,1,0,1,67650,68349,0,1
3,600,0,1,0,1,0,1,0,71298,71898,0,1
3,799,0,1,0,1,1,0,1,74581,75380,0,1
3,450,1,0,1,0,2,1,0,78196,78646,0,1
3,400,0,1,0,1,1,1,0,81362,81762,0,1
3,550,1,0,0,1,0,1,0,84761,85311,0,0
3,700,1,0,1,0,0,1,0,88276,88976,0,1
3,850,1,0,1,0,1,0,1,91958,92808,0,1
3,450,0,1,0,1,0,0,1,95674,96124,0,1
3,483,1,0,1,0,2,0,1,98756,99239,0,1
3,533,1,0,1,0,1,0,1,102222,102755,0,1
3,434,0,1,0,1,2,0,1,105770,106204,0,1
3,384,0,1,0,1,1,0,1,108969,109353,0,1
3,650,0,1,0,1,0,0,1,112318,112968,0,1
3,566,1,0,1,0,1,1,0,115984,116550,0,1
3,517,0,1,0,1,2,0,1,119549,120066,0,1
3,466,1,0,1,0,1,0,1,122832,123298,0,1
3,533,1,0,1,0,0,1,0,125881,126414,0,1
3,717,0,1,0,1,2,1,0,128996,129713,0,1
3,566,0,1,1,0,1,0,1,132512,133078,0,0
3,616,0,1,0,1,1,0,1,136011,136627,0,1
3,483,1,0,1,0,2,0,1,139626,140109,0,1
3,516,1,0,1,0,0,1,0,142992,143508,0,1
3,533,0,1,0,1,1,0,1,146374,146907,0,1
3,500,1,0,1,0,2,0,1,149906,150406,0,1
3,517,0,1,0,1,1,1,0,152988,153505,0,1
3,500,1,0,1,0,0,1,0,156137,156637,0,1
3,550,0,1,0,1,0,1,0,159536,160086,0,1
3,783,1,0,0,1,0,0,1,163035,163818,0,0
3,633,0,1,0,1,1,1,0,166551,167184,0,1
3,917,0,1,0,1,1,1,0,169749,170666,0,1
3,467,1,0,1,0,2,0,1,173598,174065,0,1
3,533,1,0,1,0,2,1,0,176597,177130,0,1
3,866,1,0,0,1,1,1,0,180013,180879,0,0
3,400,1,0,1,0,2,1,0,183462,183862,0,1
3,500,1,0,1,0,1,0,1,186527,187027,0,1
3,717,1,0,0,1,1,1,0,189576,190293,0,0
3,483,0,1,0,1,1,0,1,193225,193708,0,1
3,400,1,0,1,0,2,0,1,196557,196957,0,1
3,800,0,1,0,1,1,0,1,199773,200573,0,1
3,800,0,1,0,1,0,1,0,203238,204038,0,1
3,617,1,0,0,1,1,1,0,206887,207504,0,0
3,400,1,0,1,0,2,0,1,210453,210853,0,1
3,566,1,0,1,0,1,0,1,213552,214118,0,1
3,550,1,0,1,0,0,1,0,216967,217517,0,1
3,533,0,1,0,1,0,1,0,220116,220649,0,1
3,550,1,0,1,0,2,1,0,223432,223982,0,1
3,933,1,0,0,1,2,1,0,226881,227814,0,0
3,383,0,1,0,1,0,1,0,230480,230863,0,1
3,450,1,0,1,0,0,0,1,233412,233862,0,1
3,366,0,1,0,1,1,1,0,236878,237244,0,1
3,717,1,0,0,1,0,0,1,240026,240743,0,0
3,699,1,0,1,0,1,1,0,243659,244358,0,1
3,666,1,0,1,0,0,1,0,247091,247757,0,1
3,549,0,1,0,1,2,0,1,250690,251239,0,1
3,516,1,0,1,0,0,0,1,253989,254505,0,1
3,1049,0,1,0,1,2,0,1,257521,258570,0,1
3,433,1,0,1,0,2,0,1,261120,261553,0,1
3,516,1,0,1,0,2,1,0,280639,281155,0,1
3,616,0,1,0,1,1,1,0,283988,284604,0,1
3,449,0,1,0,1,0,0,1,287487,287936,0,1
3,667,1,0,1,0,1,1,0,290935,291602,0,1
3,583,1,0,1,0,1,0,1,294401,294984,0,1
3,516,0,1,0,1,0,0,1,297567,298083,0,1
3,500,1,0,1,0,2,0,1,300682,301182,0,1
3,416,1,0,1,0,2,0,1,304098,304514,0,1
3,483,1,0,1,0,2,0,1,307097,307580,0,1
3,600,0,1,0,1,1,0,1,310246,310846,0,1
3,434,1,0,1,0,2,1,0,313761,314195,0,1
3,699,1,0,1,0,2,0,1,316994,317693,0,1
3,683,0,1,0,1,1,1,0,320459,321142,0,1
3,417,0,1,0,1,1,0,1,323908,324325,0,1
3,500,0,1,0,1,1,0,1,326874,327374,0,1
3,500,0,1,0,1,1,0,1,330089,330589,0,1
3,483,1,0,1,0,0,0,1,333272,333755,0,1
3,483,0,1,0,1,1,1,0,336404,336887,0,1
3,700,0,1,0,1,2,1,0,339786,340486,0,1
3,683,0,1,0,1,0,1,0,343252,343935,0,1
3,483,1,0,1,0,2,1,0,346751,347234,0,1
3,500,0,1,0,1,1,0,1,350049,350549,0,1
3,466,0,1,0,1,1,1,0,353532,353998,0,1
3,567,0,1,0,1,2,1,0,356897,357464,0,1
3,434,1,0,1,0,0,0,1,360379,360813,0,1
3,567,1,0,1,0,1,1,0,363678,364245,0,1
3,750,1,0,1,0,0,1,0,366794,367544,0,1
3,567,0,1,0,1,2,1,0,370159,370726,0,1
3,566,0,1,0,1,0,0,1,373542,374108,0,1
3,416,1,0,1,0,2,0,1,376841,377257,0,1
3,666,1,0,1,0,2,1,0,380140,380806,0,1
3,999,0,1,1,0,2,1,0,383722,384721,0,0
3,467,1,0,1,0,2,1,0,387287,387754,0,1
3,550,0,1,0,1,1,1,0,390519,391069,0,1
3,600,0,1,0,1,1,1,0,393702,394302,0,1
3,750,0,1,0,1,0,0,1,396884,397634,0,1
3,667,0,1,0,1,0,1,0,400466,401133,0,1
3,567,1,0,1,0,1,0,1,403715,404282,0,1
3,783,0,1,0,1,1,1,0,406881,407664,0,1
3,517,0,1,0,1,1,1,0,410596,411113,0,1
3,567,1,0,1,0,1,1,0,413895,414462,0,1
3,517,1,0,1,0,2,0,1,417344,417861,0,1
3,767,0,1,0,1,2,0,1,420826,421593,0,1
3,583,1,0,1,0,1,0,1,424342,424925,0,1
3,600,0,1,0,1,1,1,0,427557,428157,0,1
3,533,0,1,0,1,0,0,1,431090,431623,0,1
3,733,1,0,1,0,2,0,1,434605,435338,0,1
3,466,0,1,0,1,1,1,0,438204,438670,0,1
3,700,0,1,0,1,0,0,1,441586,442286,0,1
3,616,0,1,0,1,0,0,1,445035,445651,0,1
3,550,0,1,0,1,1,0,1,448234,448784,0,1
3,434,1,0,1,0,0,1,0,451549,451983,0,1
3,683,0,1,0,1,0,0,1,454832,455515,0,1
3,450,1,0,1,0,0,0,1,458464,458914,0,1
3,700,0,1,0,1,2,1,0,461813,462513,0,1
3,533,0,1,0,1,2,0,1,465162,465695,0,1
3,450,1,0,1,0,2,1,0,468594,469044,0,1
3,550,0,1,0,1,1,1,0,471776,472326,0,1
3,750,0,1,0,1,2,1,0,474858,475608,0,1
3,434,1,0,1,0,0,1,0,478457,478891,0,1
3,500,1,0,1,0,1,1,0,481723,482223,0,1
3,517,0,1,0,1,1,0,1,484805,485322,0,1
3,466,1,0,1,0,0,0,1,488121,488587,0,1
3,433,1,0,1,0,2,1,0,491470,491903,0,1
3,766,0,1,0,1,2,0,1,494702,495468,0,1
3,483,1,0,1,0,2,1,0,498068,498551,0,1
3,784,1,0,1,0,2,1,0,501366,502150,0,1
3,483,1,0,1,0,0,1,0,505115,505598,0,1
3,534,1,0,1,0,0,1,0,508547,509081,0,1
3,650,1,0,0,1,2,0,1,512013,512663,0,0
3,900,0,1,0,1,1,1,0,515545,516445,0,1
3,416,1,0,1,0,2,0,1,519411,519827,0,1
3,383,0,1,0,1,1,0,1,522793,523176,0,1
3,567,0,1,0,1,2,0,1,541955,542522,0,1
3,450,1,0,1,0,0,1,0,545537,545987,0,1
3,500,0,1,0,1,1,0,1,548986,549486,0,1
3,550,0,1,0,1,0,0,1,552518,553068,0,1
3,567,0,1,0,1,1,1,0,555884,556451,0,1
3,549,0,1,0,1,2,1,0,559150,559699,0,1
3,833,1,0,1,0,0,1,0,562582,563415,0,1
3,783,0,1,0,1,1,0,1,566147,566930,0,1
3,733,0,1,0,1,0,1,0,569463,570196,0,1
3,466,0,1,0,1,1,1,0,572762,573228,0,1
3,400,1,0,1,0,0,0,1,576061,576461,0,1
3,550,0,1,0,1,2,1,0,578993,579543,0,1
3,400,1,0,1,0,2,0,1,582542,582942,0,1
3,399,1,0,1,0,2,0,1,585758,586157,0,1
3,483,1,0,1,0,0,0,1,588890,589373,0,1
3,533,0,1,0,1,1,1,0,592372,592905,0,1
3,567,0,1,0,1,1,1,0,595571,596138,0,1
3,433,1,0,1,0,1,1,0,598920,599353,0,1
3,533,0,1,0,1,2,1,0,601886,602419,0,1
3,483,1,0,1,0,2,1,0,605301,605784,0,1
3,567,1,0,1,0,1,0,1,608633,609200,0,1
3,783,0,1,0,1,1,0,1,611966,612749,0,1
3,433,1,0,1,0,1,0,1,615681,616114,0,1
3,583,1,0,1,0,0,0,1,619047,619630,0,1
3,599,0,1,0,1,1,1,0,622296,622895,0,1
3,566,0,1,0,1,0,0,1,625495,626061,0,1
3,450,1,0,1,0,2,1,0,628627,629077,0,1
3,550,0,1,0,1,0,1,0,631976,632526,0,1
3,500,1,0,1,0,2,1,0,635558,636058,0,1
3,467,1,0,1,0,1,1,0,638740,639207,0,1
3,433,1,0,1,0,0,0,1,642189,642622,0,1
3,549,0,1,0,1,1,0,1,645655,646204,0,1
3,450,1,0,1,0,1,0,1,648787,649237,0,1
3,433,1,0,1,0,2,1,0,652136,652569,0,1
3,416,1,0,1,0,2,0,1,655485,655901,0,1
3,400,1,0,1,0,2,1,0,658450,658850,0,1
3,417,1,0,1,0,0,0,1,661516,661933,0,1
3,450,1,0,1,0,1,1,0,664915,665365,0,1
3,433,1,0,1,0,2,0,1,668047,668480,0,1
3,783,0,1,0,1,0,0,1,671446,672229,0,1
3,616,0,1,0,1,1,0,1,675012,675628,0,1
3,383,1,0,1,0,2,0,1,678394,678777,0,1
3,450,1,0,1,0,2,1,0,681659,682109,0,1
3,667,1,0,0,1,2,1,0,685058,685725,0,0
3,633,1,0,0,1,2,0,1,688707,689340,0,0
3,833,0,1,0,1,2,1,0,692089,692922,0,1
3,433,1,0,1,0,2,0,1,695805,696238,0,1
3,816,0,1,1,0,1,1,0,699187,700003,0,0
3,450,1,0,1,0,0,1,0,702686,703136,0,1
3,600,0,1,0,1,0,1,0,706151,706751,0,1
3,417,1,0,1,0,2,1,0,709367,709784,0,1
3,550,0,1,0,1,2,1,0,712333,712883,0,1
3,516,1,0,1,0,2,1,0,715582,716098,0,1
3,449,1,0,1,0,0,1,0,718681,719130,0,1
3,900,1,0,1,0,2,1,0,721796,722696,0,1
3,500,0,1,0,1,0,0,1,725362,725862,0,1
3,434,0,1,0,1,1,0,1,728427,728861,0,1
3,583,0,1,0,1,1,0,1,731443,732026,0,1
3,500,1,0,1,0,2,1,0,734642,735142,0,1
3,483,1,0,1,0,1,0,1,737808,738291,0,1
3,483,1,0,1,0,2,1,0,741307,741790,0,1
3,550,1,0,1,0,0,0,1,744539,745089,0,1
3,417,1,0,1,0,0,0,1,747754,748171,0,1
3,500,0,1,0,1,0,1,0,750970,751470,0,1
3,683,1,0,1,0,0,1,0,754452,755135,0,1
3,434,1,0,1,0,2,1,0,758034,758468,0,1
3,683,0,1,0,1,0,1,0,761283,761966,0,1
3,433,1,0,1,0,1,0,1,764749,765182,0,1
3,466,0,1,0,1,1,1,0,768048,768514,0,1
3,550,0,1,0,1,2,1,0,771380,771930,0,1
3,567,0,1,1,0,0,0,1,774745,775312,0,0
3,434,1,0,1,0,0,0,1,778244,778678,0,1
3,466,0,1,0,1,1,0,1,781277,781743,0,1
3,517,0,1,0,1,1,0,1,798399,798916,0,1
3,466,1,0,1,0,1,0,1,801632,802098,0,1
3,450,1,0,1,0,2,0,1,805047,805497,0,1
3,516,1,0,1,0,0,1,0,808263,808779,0,1
3,433,0,1,0,1,2,0,1,811445,811878,0,1
3,433,1,0,1,0,2,0,1,814511,814944,0,1
3,483,1,0,1,0,0,0,1,817860,818343,0,1
3,533,0,1,0,1,1,1,0,821059,821592,0,1
3,467,1,0,1,0,2,1,0,824407,824874,0,1
3,434,1,0,1,0,2,0,1,827756,828190,0,1
3,450,1,0,1,0,0,0,1,831155,831605,0,1
3,467,1,0,1,0,0,0,1,834354,834821,0,1
3,617,0,1,0,1,0,1,0,837786,838403,0,1
3,484,1,0,1,0,2,1,0,841418,841902,0,1
3,466,0,1,0,1,0,1,0,844551,845017,0,1
3,499,0,1,0,1,0,1,0,848000,848499,0,1
3,517,0,1,0,1,1,1,0,851365,851882,0,1
3,466,1,0,1,0,2,0,1,854781,855247,0,1
3,516,0,1,0,1,0,1,0,857930,858446,0,1
3,483,1,0,1,0,1,0,1,861295,861778,0,1
3,633,1,0,1,0,2,0,1,864594,865227,0,1
3,550,0,1,0,1,1,1,0,867876,868426,0,1
3,567,1,0,1,0,1,1,0,871025,871592,0,1
3,567,0,1,0,1,0,1,0,874624,875191,0,1
3,583,0,1,0,1,0,0,1,877940,878523,0,1
3,717,1,0,1,0,2,1,0,881122,881839,0,1
3,599,1,0,1,0,0,1,0,884838,885437,0,1
3,667,0,1,0,1,1,0,1,888053,888720,0,1
3,484,1,0,1,0,2,0,1,891485,891969,0,1
3,499,1,0,1,0,0,1,0,894718,895217,0,1
3,650,0,1,0,1,1,1,0,897900,898550,0,1
3,667,0,1,0,1,0,1,0,901215,901882,0,1
3,533,1,0,1,0,0,0,1,904831,905364,0,1
3,650,0,1,0,1,1,1,0,908180,908830,0,1
3,584,0,1,0,1,1,1,0,911745,912329,0,1
3,467,1,0,1,0,2,0,1,915194,915661,0,1
3,500,1,0,1,0,2,1,0,918626,919126,0,1
3,566,1,0,1,0,0,1,0,922092,922658,0,1
3,600,0,1,0,1,0,1,0,925491,926091,0,1
3,534,0,1,0,1,1,0,1,929006,929540,0,1
3,467,1,0,1,0,0,1,0,932555,933022,0,1
3,583,0,1,0,1,0,1,0,935654,936237,0,1
3,450,1,0,1,0,0,0,1,939170,939620,0,1
3,417,1,0,1,0,0,1,0,942235,942652,0,1
3,449,1,0,1,0,2,1,0,945568,946017,0,1
3,516,1,0,1,0,0,1,0,948850,949366,0,1
3,417,1,0,1,0,0,0,1,951915,952332,0,1
3,416,1,0,1,0,0,0,1,954865,955281,0,1
3,600,0,1,0,1,1,1,0,957947,958547,0,1
3,416,1,0,1,0,2,0,1,961496,961912,0,1
3,566,1,0,0,1,2,0,1,964645,965211,0,0
3,450,1,0,1,0,0,0,1,968193,968643,0,1
3,467,1,0,1,0,0,0,1,971409,971876,0,1
3,583,0,1,0,1,0,0,1,974558,975141,0,1
3,400,0,1,0,1,1,0,1,977857,978257,0,1
3,483,1,0,1,0,0,1,0,980956,981439,0,1
3,483,1,0,1,0,1,0,1,984105,984588,0,1
3,466,1,0,1,0,0,0,1,987354,987820,0,1
3,533,0,1,0,1,2,1,0,990586,991119,0,1
3,800,0,1,0,1,1,0,1,993868,994668,0,1
3,466,1,0,1,0,0,1,0,997451,997917,0,1
3,900,1,0,1,0,0,1,0,1000566,1001466,0,1
3,550,1,0,1,0,1,1,0,1004115,1004665,0,1
3,633,1,0,1,0,2,1,0,1007564,1008197,0,1
3,566,0,1,0,1,2,0,1,1011113,1011679,0,1
3,500,1,0,1,0,2,0,1,1014228,1014728,0,1
3,517,1,0,1,0,2,1,0,1017294,1017811,0,1
3,483,0,1,1,0,2,1,0,1020743,1021226,0,0
3,733,0,1,0,1,2,0,1,1023925,1024658,0,1
3,683,0,1,0,1,0,1,0,1027624,1028307,0,1
3,650,0,1,0,1,0,1,0,1031156,1031806,0,1
3,434,1,0,1,0,2,0,1,1034638,1035072,0,1
3,600,0,1,0,1,1,0,1,1037737,1038337,0,1
3,566,0,1,0,1,0,0,1,1056280,1056846,0,1
3,516,0,1,0,1,1,0,1,1059629,1060145,0,1
3,449,0,1,0,1,1,1,0,1063128,1063577,0,1
3,434,1,0,1,0,0,0,1,1066376,1066810,0,1
3,550,0,1,0,1,0,1,0,1069592,1070142,0,1
3,550,0,1,0,1,1,1,0,1072874,1073424,0,1
3,400,0,1,0,1,1,0,1,1076190,1076590,0,1
3,483,1,0,1,0,1,1,0,1079256,1079739,0,1
3,549,0,1,0,1,0,1,0,1082505,1083054,0,1
3,500,0,1,0,1,0,0,1,1086070,1086570,0,1
3,417,1,0,1,0,2,1,0,1089502,1089919,0,1
3,484,1,0,1,0,0,0,1,1092784,1093268,0,1
3,550,0,1,0,1,0,1,0,1096083,1096633,0,1
3,516,1,0,1,0,1,1,0,1099466,1099982,0,1
3,450,1,0,1,0,0,0,1,1102848,1103298,0,1
3,733,0,1,0,1,1,0,1,1105830,1106563,0,1
3,450,1,0,1,0,2,1,0,1109462,1109912,0,1
3,416,1,0,1,0,0,0,1,1112695,1113111,0,1
3,566,0,1,0,1,0,0,1,1115777,1116343,0,1
3,566,0,1,0,1,1,1,0,1118893,1119459,0,1
3,700,0,1,0,1,1,1,0,1122358,1123058,0,1
3,417,1,0,1,0,2,0,1,1125740,1126157,0,1
3,633,1,0,1,0,1,1,0,1128773,1129406,0,1
3,433,1,0,1,0,0,1,0,1132122,1132555,0,1
3,384,1,0,1,0,2,0,1,1135570,1135954,0,1
3,617,0,1,0,1,0,0,1,1138769,1139386,0,1
3,466,1,0,1,0,2,1,0,1142152,1142618,0,1
3,466,0,1,0,1,0,1,0,1145534,1146000,0,1
3,633,0,1,0,1,1,0,1,1148583,1149216,0,1
3,467,1,0,1,0,2,0,1,1152198,1152665,0,1
3,1066,0,1,0,1,0,0,1,1155481,1156547,0,1
3,617,0,1,0,1,2,1,0,1159529,1160146,0,1
3,434,1,0,1,0,0,0,1,1162911,1163345,0,1
3,584,0,1,0,1,1,0,1,1166010,1166594,0,1
3,534,0,1,0,1,0,0,1,1169209,1169743,0,1
3,517,0,1,0,1,1,1,0,1172308,1172825,0,1
3,483,0,1,0,1,1,1,0,1175607,1176090,0,1
3,467,0,1,0,1,0,0,1,1179139,1179606,0,1
3,899,0,1,1,0,0,1,0,1182172,1183071,0,0
3,634,0,1,0,1,2,0,1,1186070,1186704,0,1
3,450,1,0,1,0,2,0,1,1189353,1189803,0,1
3,533,0,1,0,1,1,0,1,1192385,1192918,0,1
3,533,0,1,0,1,1,1,0,1195784,1196317,0,1
3,500,0,1,0,1,1,0,1,1198933,1199433,0,1
3,499,0,1,0,1,1,0,1,1201999,1202498,0,1
3,550,0,1,1,0,1,1,0,1205364,1205914,0,0
3,734,1,0,1,0,1,1,0,1208596,1209330,0,1
3,816,0,1,0,1,2,1,0,1212079,1212895,0,1
3,517,1,0,1,0,1,0,1,1215844,1216361,0,1
3,733,0,1,0,1,0,0,1,1219326,1220059,0,1
3,550,0,1,0,1,1,1,0,1222725,1223275,0,1
3,466,1,0,1,0,1,1,0,1226191,1226657,0,1
3,733,0,1,0,1,1,0,1,1229506,1230239,0,1
3,567,0,1,0,1,0,0,1,1232988,1233555,0,1
3,533,0,1,0,1,2,0,1,1236104,1236637,0,1
3,733,1,0,0,1,0,1,0,1239653,1240386,0,0
3,700,0,1,0,1,1,0,1,1243268,1243968,0,1
3,784,1,0,1,0,2,0,1,1247000,1247784,0,1
3,467,1,0,1,0,2,1,0,1250599,1251066,0,1
3,567,0,1,0,1,1,0,1,1254031,1254598,0,1
3,417,1,0,1,0,2,0,1,1257447,1257864,0,1
3,566,0,1,0,1,1,0,1,1260796,1261362,0,1
3,850,0,1,0,1,0,0,1,1264061,1264911,0,1
3,416,1,0,1,0,2,1,0,1267544,1267960,0,1
3,383,1,0,1,0,2,0,1,1270909,1271292,0,1
3,400,1,0,0,1,2,0,1,1273975,1274375,0,0
3,683,1,0,0,1,2,1,0,1277091,1277774,0,0
3,450,1,0,1,0,2,1,0,1280389,1280839,0,1
3,517,1,0,1,0,2,0,1,1283705,1284222,0,1
4,550,0,1,0,1,1,1,0,23379,23929,0,1
4,450,0,1,0,1,1,1,0,26545,26995,0,1
4,450,0,1,1,0,1,1,0,29627,30077,0,0
4,650,0,1,0,1,2,1,0,32643,33293,0,1
4,450,1,0,1,0,2,1,0,36108,36558,0,1
4,483,1,0,1,0,2,0,1,39391,39874,0,1
4,700,0,1,1,0,2,0,1,42606,43306,0,0
4,467,1,0,1,0,0,1,0,46238,46705,0,1
4,417,1,0,1,0,2,1,0,49487,49904,0,1
4,500,0,1,0,1,1,1,0,52686,53186,0,1
4,833,0,1,0,1,2,0,1,56035,56868,0,1
4,833,1,0,1,0,0,1,0,59534,60367,0,1
4,550,1,0,1,0,1,0,1,63233,63783,0,1
4,633,0,1,0,1,1,0,1,66565,67198,0,1
4,550,0,1,0,1,0,1,0,69781,70331,0,1
4,600,0,1,0,1,2,0,1,73346,73946,0,1
4,450,1,0,1,0,2,1,0,76762,77212,0,1
4,833,0,1,1,0,2,1,0,79977,80810,0,0
4,567,1,0,1,0,0,1,0,83826,84393,0,1
4,649,1,0,1,0,2,1,0,87392,88041,0,1
4,567,0,1,0,1,2,0,1,90840,91407,0,1
4,550,0,1,0,1,0,0,1,93989,94539,0,1
4,583,1,0,1,0,0,1,0,97122,97705,0,1
4,550,0,1,0,1,2,1,0,100554,101104,0,1
4,449,1,0,1,0,0,0,1,103820,104269,0,1
4,567,0,1,0,1,2,0,1,106835,107402,0,1
4,634,0,1,0,1,1,0,1,110267,110901,0,1
4,466,1,0,1,0,2,0,1,113550,114016,0,1
4,567,0,1,0,1,1,1,0,117015,117582,0,1
4,599,0,1,0,1,1,0,1,120148,120747,0,1
4,650,0,1,0,1,1,0,1,123313,123963,0,1
4,550,0,1,0,1,0,0,1,126979,127529,0,1
4,499,1,0,1,0,2,0,1,130178,130677,0,1
4,599,1,0,1,0,1,1,0,133227,133826,0,1
4,500,1,0,1,0,1,0,1,136392,136892,0,1
4,517,0,1,0,1,1,0,1,139841,140358,0,1
4,583,0,1,0,1,0,1,0,143323,143906,0,1
4,483,1,0,1,0,2,0,1,146556,147039,0,1
4,467,1,0,1,0,0,0,1,149771,150238,0,1
4,733,0,1,0,1,1,1,0,152854,153587,0,1
4,866,0,1,0,1,2,0,1,156136,157002,0,1
4,417,1,0,1,0,2,0,1,159768,160185,0,1
4,500,0,1,0,1,0,0,1,163150,163650,0,1
4,383,0,1,0,1,1,0,1,166516,166899,0,1
4,466,0,1,0,1,1,0,1,169915,170381,0,1
4,583,0,1,1,0,2,1,0,173214,173797,0,0
4,433,1,0,1,0,2,0,1,176629,177062,0,1
4,550,0,1,0,1,0,0,1,179811,180361,0,1
4,500,0,1,0,1,1,1,0,182977,183477,0,1
4,450,1,0,1,0,2,1,0,186459,186909,0,1
4,534,0,1,0,1,0,1,0,189641,190175,0,1
4,700,0,1,1,0,0,1,0,192940,193640,0,0
4,549,0,1,0,1,1,1,0,196523,197072,0,1
4,450,1,0,1,0,2,0,1,199888,200338,0,1
4,733,1,0,1,0,2,1,0,203087,203820,0,1
4,966,0,1,1,0,0,1,0,206603,207569,0,0
4,517,1,0,1,0,1,1,0,210218,210735,0,1
4,584,1,0,1,0,0,0,1,213500,214084,0,1
4,650,0,1,0,1,1,0,1,216633,217283,0,1
4,517,0,1,0,1,0,1,0,220298,220815,0,1
4,433,1,0,1,0,0,1,0,223464,223897,0,1
4,633,0,1,0,1,0,1,0,226646,227279,0,1
4,533,0,1,0,1,1,0,1,230162,230695,0,1
4,484,1,0,1,0,2,1,0,233710,234194,0,1
4,516,1,0,1,0,2,1,0,237193,237709,0,1
4,583,1,0,1,0,2,0,1,240508,241091,0,1
4,500,1,0,1,0,0,0,1,243624,244124,0,1
4,483,1,0,1,0,0,0,1,246873,247356,0,1
4,784,0,1,1,0,0,1,0,249888,250672,0,0
4,584,1,0,1,0,2,1,0,253337,253921,0,1
4,550,0,1,0,1,2,1,0,256553,257103,0,1
4,533,0,1,0,1,1,0,1,259902,260435,0,1
4,550,1,0,1,0,0,0,1,278028,278578,0,1
4,450,1,0,1,0,2,1,0,281493,281943,0,1
4,517,0,1,0,1,0,0,1,284942,285459,0,1
4,450,1,0,1,0,1,1,0,288274,288724,0,1
4,416,1,0,1,0,1,1,0,291707,292123,0,1
4,516,0,1,0,1,1,1,0,294939,295455,0,1
4,483,1,0,1,0,2,0,1,298321,298804,0,1
4,634,1,0,1,0,1,1,0,301403,302037,0,1
4,467,1,0,1,0,1,0,1,304719,305186,0,1
4,433,1,0,1,0,2,0,1,308185,308618,0,1
4,583,0,1,0,1,1,1,0,311550,312133,0,1
4,633,1,0,1,0,2,1,0,315132,315765,0,1
4,483,1,0,1,0,2,1,0,318398,318881,0,1
4,516,0,1,0,1,2,0,1,321697,322213,0,1
4,450,1,0,1,0,1,0,1,325012,325462,0,1
4,483,0,1,0,1,1,0,1,328378,328861,0,1
4,566,0,1,0,1,1,0,1,331827,332393,0,1
4,550,1,0,1,0,0,1,0,335042,335592,0,1
4,533,0,1,0,1,2,0,1,338575,339108,0,1
4,550,0,1,0,1,0,1,0,341957,342507,0,1
4,534,0,1,0,1,1,1,0,345222,345756,0,1
4,616,0,1,0,1,2,1,0,348305,348921,0,1
4,567,0,1,0,1,1,0,1,351770,352337,0,1
4,483,1,0,1,0,2,1,0,355303,355786,0,1
4,667,1,0,1,0,0,0,1,358801,359468,0,1
4,483,0,1,0,1,0,1,0,362300,362783,0,1
4,399,0,1,1,0,2,1,0,365483,365882,0,0
4,400,1,0,1,0,2,0,1,368881,369281,0,1
4,484,0,1,0,1,0,0,1,372030,372514,0,1
4,617,0,1,0,1,0,0,1,375096,375713,0,1
4,550,0,1,0,1,0,0,1,378495,379045,0,1
4,483,0,1,0,1,1,0,1,381927,382410,0,1
4,467,0,1,0,1,2,1,0,385259,385726,0,1
4,433,0,1,0,1,1,0,1,388692,389125,0,1
4,567,0,1,0,1,0,1,0,391907,392474,0,1
4,433,1,0,1,0,2,0,1,395456,395889,0,1
4,400,1,0,1,0,2,0,1,398555,398955,0,1
4,484,0,1,0,1,0,1,0,401637,402121,0,1
4,933,0,1,1,0,1,1,0,404686,405619,0,0
4,450,1,0,1,0,2,0,1,408268,408718,0,1
4,434,1,0,1,0,2,0,1,411517,411951,0,1
4,500,0,1,0,1,2,1,0,414633,415133,0,1
4,616,1,0,1,0,1,1,0,417899,418515,0,1
4,466,0,1,0,1,1,0,1,421048,421514,0,1
4,450,0,1,0,1,1,0,1,424047,424497,0,1
4,566,0,1,0,1,1,0,1,427096,427662,0,1
4,516,0,1,0,1,1,1,0,430545,431061,0,1
4,484,0,1,0,1,1,0,1,433743,434227,0,1
4,467,1,0,1,0,0,0,1,436809,437276,0,1
4,733,0,1,0,1,1,0,1,440275,441008,0,1
4,550,0,1,1,0,2,1,0,443790,444340,0,0
4,483,1,0,1,0,2,1,0,447256,447739,0,1
4,483,1,0,1,0,2,0,1,450738,451221,0,1
4,483,0,1,0,1,2,1,0,453970,454453,0,1
4,483,0,1,0,1,0,0,1,457286,457769,0,1
4,450,1,0,1,0,0,0,1,460401,460851,0,1
4,1083,0,1,1,0,1,0,1,463567,464650,0,0
4,500,1,0,1,0,0,1,0,467616,468116,0,1
4,533,0,1,0,1,1,1,0,470948,471481,0,1
4,517,0,1,0,1,1,1,0,474480,474997,0,1
4,416,1,0,1,0,1,0,1,477796,478212,0,1
4,517,0,1,0,1,1,1,0,481211,481728,0,1
4,516,0,1,0,1,0,1,0,484427,484943,0,1
4,566,0,1,0,1,0,1,0,487626,488192,0,1
4,533,1,0,1,0,2,1,0,490775,491308,0,1
4,684,0,1,1,0,2,1,0,493990,494674,0,0
4,450,0,1,0,1,1,0,1,497473,497923,0,1
4,634,0,1,1,0,2,0,1,500821,501455,0,0
4,500,0,1,0,1,0,0,1,504004,504504,0,1
4,484,1,0,1,0,2,1,0,507319,507803,0,1
4,500,0,1,0,1,0,0,1,510818,511318,0,1
4,516,0,1,1,0,2,1,0,514284,514800,0,0
4,716,0,1,1,0,0,1,0,517666,518382,0,0
4,617,0,1,0,1,0,1,0,532645,533262,0,1
4,450,0,1,0,1,1,0,1,535994,536444,0,1
4,749,1,0,1,0,0,1,0,539360,540109,0,1
4,450,1,0,1,0,2,1,0,543125,543575,0,1
4,534,1,0,1,0,0,1,0,546107,546641,0,1
4,450,1,0,1,0,2,0,1,549273,549723,0,1
4,466,1,0,1,0,0,0,1,552389,552855,0,1
4,649,0,1,0,1,0,0,1,555588,556237,0,1
4,650,0,1,1,0,0,1,0,559070,559720,0,0
4,500,1,0,1,0,1,0,1,562519,563019,0,1
4,600,0,1,0,1,1,0,1,565618,566218,0,1
4,550,0,1,0,1,1,1,0,569083,569633,0,1
4,416,1,0,1,0,2,0,1,572249,572665,0,1
4,417,1,0,1,0,2,0,1,575514,575931,0,1
4,533,0,1,0,1,0,0,1,578780,579313,0,1
4,517,0,1,0,1,0,0,1,581929,582446,0,1
4,433,1,0,1,0,2,0,1,585428,585861,0,1
4,550,0,1,0,1,1,0,1,588777,589327,0,1
4,650,0,1,0,1,1,0,1,592292,592942,0,1
4,416,0,1,0,1,1,0,1,595758,596174,0,1
4,400,1,0,1,0,2,0,1,598773,599173,0,1
4,684,0,1,0,1,2,0,1,601922,602606,0,1
4,583,0,1,0,1,0,1,0,605155,605738,0,1
4,717,0,1,1,0,1,1,0,608420,609137,0,0
4,883,0,1,0,1,0,1,0,611903,612786,0,1
4,567,0,1,0,1,1,1,0,615401,615968,0,1
4,650,0,1,0,1,0,0,1,618767,619417,0,1
4,483,0,1,0,1,1,0,1,622099,622582,0,1
4,483,0,1,0,1,1,1,0,625615,626098,0,1
4,433,1,0,1,0,2,1,0,628664,629097,0,1
4,400,1,0,1,0,0,0,1,631696,632096,0,1
4,517,0,1,0,1,1,1,0,634728,635245,0,1
4,516,0,1,0,1,1,1,0,637961,638477,0,1
4,633,0,1,0,1,2,1,0,641126,641759,0,1
4,450,1,0,1,0,0,0,1,644325,644775,0,1
4,516,0,1,1,0,2,0,1,647491,648007,0,0
4,549,1,0,0,1,0,1,0,650657,651206,0,0
4,550,1,0,1,0,0,1,0,653822,654372,0,1
4,550,1,0,1,0,1,0,1,657371,657921,0,1
4,500,1,0,1,0,1,1,0,660886,661386,0,1
4,600,0,1,0,1,0,1,0,664235,664835,0,1
4,650,0,1,0,1,1,0,1,667834,668484,0,1
4,600,0,1,0,1,0,0,1,671183,671783,0,1
4,550,1,0,1,0,0,1,0,674549,675099,0,1
4,666,0,1,0,1,0,1,0,678031,678697,0,1
4,566,1,0,1,0,0,1,0,681713,682279,0,1
4,800,0,1,0,1,0,1,0,685295,686095,0,1
4,683,0,1,0,1,2,1,0,688944,689627,0,1
4,799,0,1,0,1,1,1,0,692360,693159,0,1
4,650,0,1,0,1,0,1,0,695742,696392,0,1
4,566,0,1,0,1,1,1,0,699124,699690,0,1
4,600,0,1,0,1,0,0,1,702256,702856,0,1
4,533,0,1,0,1,0,1,0,705805,706338,0,1
4,517,1,0,1,0,0,0,1,709287,709804,0,1
4,1017,0,1,0,1,0,1,0,712386,713403,0,1
4,516,1,0,1,0,0,0,1,716102,716618,0,1
4,633,0,1,0,1,0,0,1,719534,720167,0,1
4,450,1,0,1,0,2,1,0,722966,723416,0,1
4,566,1,0,1,0,2,1,0,726282,726848,0,1
4,467,0,1,0,1,1,0,1,729414,729881,0,1
4,600,0,1,0,1,0,1,0,732613,733213,0,1
4,666,0,1,1,0,2,1,0,736112,736778,0,0
4,467,1,0,1,0,2,0,1,739477,739944,0,1
4,450,0,1,1,0,0,1,0,742743,743193,0,0
4,416,1,0,1,0,2,0,1,745992,746408,0,1
4,516,0,1,0,1,1,0,1,749191,749707,0,1
4,599,0,1,0,1,0,0,1,752307,752906,0,1
4,566,0,1,0,1,1,0,1,755589,756155,0,1
4,800,1,0,1,0,0,1,0,758971,759771,0,1
4,966,0,1,1,0,1,0,1,762370,763336,0,0
4,666,0,1,0,1,2,0,1,766019,766685,0,1
4,517,1,0,1,0,2,0,1,769667,770184,0,1
4,484,1,0,1,0,1,0,1,772916,773400,0,1
4,583,1,0,1,0,0,0,1,789466,790049,0,1
4,450,1,0,1,0,2,1,0,792731,793181,0,1
4,883,1,0,1,0,2,1,0,795914,796797,0,1
4,500,0,1,0,1,1,1,0,799596,800096,0,1
4,467,1,0,1,0,0,0,1,802811,803278,0,1
4,549,0,1,0,1,1,1,0,806294,806843,0,1
4,683,0,1,1,0,1,1,0,809626,810309,0,0
4,500,1,0,1,0,0,1,0,813091,813591,0,1
4,533,0,1,0,1,2,0,1,816240,816773,0,1
4,566,0,1,0,1,2,0,1,819756,820322,0,1
4,583,1,0,1,0,0,0,1,823071,823654,0,1
4,567,1,0,1,0,2,0,1,826520,827087,0,1
4,650,1,0,1,0,2,1,0,830086,830736,0,1
4,566,0,1,0,1,2,0,1,833718,834284,0,1
4,516,1,0,1,0,2,1,0,837067,837583,0,1
4,567,0,1,0,1,2,0,1,840399,840966,0,1
4,549,0,1,0,1,2,1,0,843765,844314,0,1
4,450,1,0,1,0,0,0,1,847263,847713,0,1
4,499,1,0,1,0,2,1,0,850696,851195,0,1
4,533,1,0,1,0,0,0,1,853828,854361,0,1
4,517,1,0,1,0,2,0,1,857260,857777,0,1
4,583,0,1,0,1,1,1,0,860459,861042,0,1
4,484,1,0,1,0,0,0,1,863891,864375,0,1
4,549,1,0,1,0,0,1,0,867224,867773,0,1
4,650,0,1,0,1,0,1,0,870606,871256,0,1
4,550,1,0,1,0,0,1,0,874021,874571,0,1
4,549,0,1,0,1,0,1,0,877254,877803,0,1
4,850,0,1,1,0,1,1,0,880602,881452,0,0
4,649,0,1,0,1,0,1,0,884235,884884,0,1
4,717,1,0,1,0,2,1,0,887900,888617,0,1
4,566,0,1,0,1,1,0,1,891216,891782,0,1
4,667,0,1,0,1,1,1,0,894581,895248,0,1
4,616,0,1,0,1,2,1,0,898247,898863,0,1
4,650,0,1,0,1,1,1,0,901762,902412,0,1
4,533,0,1,0,1,1,1,0,905428,905961,0,1
4,499,0,1,0,1,1,1,0,908777,909276,0,1
4,650,0,1,0,1,0,1,0,912092,912742,0,1
4,550,0,1,0,1,1,1,0,915674,916224,0,1
4,450,1,0,1,0,2,1,0,919106,919556,0,1
4,583,0,1,0,1,2,0,1,922106,922689,0,1
4,400,1,0,1,0,2,0,1,925554,925954,0,1
4,500,1,0,1,0,2,0,1,928653,929153,0,1
4,483,0,1,0,1,1,1,0,932169,932652,0,1
4,600,1,0,1,0,1,1,0,935634,936234,0,1
4,583,0,1,0,1,0,0,1,939100,939683,0,1
4,550,0,1,0,1,0,0,1,942299,942849,0,1
4,516,1,0,1,0,0,0,1,945498,946014,0,1
4,633,0,1,0,1,1,1,0,948830,949463,0,1
4,750,0,1,0,1,1,0,1,951996,952746,0,1
4,583,0,1,0,1,0,0,1,955661,956244,0,1
4,650,0,1,0,1,2,1,0,959060,959710,0,1
4,533,1,0,1,0,0,0,1,962492,963025,0,1
4,583,1,0,1,0,2,1,0,965591,966174,0,1
4,534,1,0,1,0,1,0,1,969023,969557,0,1
4,833,0,1,1,0,0,1,0,972322,973155,0,0
4,633,0,1,0,1,1,0,1,975988,976621,0,1
4,583,0,1,0,1,2,0,1,979587,980170,0,1
4,467,1,0,1,0,2,1,0,983152,983619,0,1
4,516,0,1,0,1,0,0,1,986268,986784,0,1
4,733,0,1,0,1,2,0,1,989617,990350,0,1
4,533,1,0,1,0,1,0,1,992899,993432,0,1
4,583,0,1,0,1,1,0,1,996098,996681,0,1
4,667,0,1,0,1,0,0,1,999463,1000130,0,1
4,517,1,0,1,0,1,0,1,1002912,1003429,0,1
4,517,0,1,0,1,2,1,0,1006061,1006578,0,1
4,567,1,0,1,0,0,0,1,1009360,1009927,0,1
4,717,1,0,1,0,2,1,0,1012892,1013609,0,1
4,566,1,0,1,0,0,1,0,1016175,1016741,0,1
4,600,0,1,0,1,1,1,0,1019540,1020140,0,1
4,483,1,0,1,0,0,0,1,1023156,1023639,0,1
4,533,1,0,1,0,0,0,1,1026355,1026888,0,1
4,500,1,0,1,0,0,0,1,1029437,1029937,0,1
4,483,0,1,0,1,1,1,0,1032719,1033202,0,1
4,500,1,0,1,0,0,1,0,1051082,1051582,0,1
4,400,0,1,0,1,1,1,0,1054314,1054714,0,1
4,467,1,0,1,0,1,1,0,1057463,1057930,0,1
4,417,1,0,1,0,2,0,1,1060762,1061179,0,1
4,499,0,1,0,1,1,1,0,1063878,1064377,0,1
4,550,1,0,1,0,0,1,0,1067293,1067843,0,1
4,450,1,0,1,0,2,1,0,1070659,1071109,0,1
4,533,1,0,1,0,1,1,0,1073841,1074374,0,1
4,533,1,0,1,0,2,0,1,1077373,1077906,0,1
4,583,0,1,0,1,1,1,0,1080522,1081105,0,1
4,516,1,0,1,0,1,0,1,1084138,1084654,0,1
4,583,0,1,0,1,2,1,0,1087653,1088236,0,1
4,533,0,1,0,1,0,0,1,1090969,1091502,0,1
4,633,1,0,1,0,0,0,1,1094468,1095101,0,1
4,733,0,1,0,1,2,0,1,1097933,1098666,0,1
4,484,1,0,1,0,2,1,0,1101215,1101699,0,1
4,533,0,1,0,1,1,1,0,1104531,1105064,0,1
4,516,0,1,0,1,0,1,0,1107647,1108163,0,1
4,567,0,1,0,1,0,0,1,1111045,1111612,0,1
4,633,0,1,0,1,1,0,1,1114378,1115011,0,1
4,666,0,1,0,1,1,0,1,1117627,1118293,0,1
4,466,1,0,1,0,0,1,0,1120859,1121325,0,1
4,433,1,0,1,0,2,0,1,1123908,1124341,0,1
4,733,0,1,0,1,1,1,0,1127107,1127840,0,1
4,600,0,1,0,1,2,0,1,1130822,1131422,0,1
4,566,0,1,0,1,0,0,1,1134005,1134571,0,1
4,516,0,1,0,1,1,0,1,1137287,1137803,0,1
4,583,1,0,1,0,0,1,0,1140519,1141102,0,1
4,483,1,0,1,0,1,0,1,1144018,1144501,0,1
4,567,0,1,0,1,0,1,0,1147500,1148067,0,1
4,500,0,1,0,1,0,0,1,1150766,1151266,0,1
4,433,1,0,1,0,0,0,1,1153798,1154231,0,1
4,483,1,0,1,0,2,0,1,1157164,1157647,0,1
4,733,1,0,1,0,1,1,0,1160646,1161379,0,1
4,483,1,0,1,0,1,0,1,1164278,1164761,0,1
4,683,1,0,1,0,0,1,0,1167494,1168177,0,1
4,517,0,1,0,1,0,0,1,1171109,1171626,0,1
4,450,1,0,1,0,2,0,1,1174358,1174808,0,1
4,533,1,0,1,0,2,0,1,1177657,1178190,0,1
4,1083,0,1,1,0,1,1,0,1181056,1182139,0,0
4,583,1,0,1,0,0,1,0,1185121,1185704,0,1
4,1100,1,0,0,1,1,0,1,1188470,1189570,0,0
4,483,1,0,1,0,2,0,1,1192352,1192835,0,1
4,484,1,0,1,0,1,0,1,1195684,1196168,0,1
4,533,0,1,0,1,2,1,0,1199200,1199733,0,1
4,466,0,1,0,1,1,0,1,1202299,1202765,0,1
4,433,1,0,1,0,2,0,1,1205681,1206114,0,1
4,467,1,0,1,0,1,1,0,1208963,1209430,0,1
4,666,0,1,0,1,1,1,0,1212346,1213012,0,1
4,500,1,0,1,0,2,1,0,1216044,1216544,0,1
4,517,0,1,0,1,0,1,0,1219143,1219660,0,1
4,616,0,1,0,1,2,1,0,1222226,1222842,0,1
4,566,0,1,0,1,2,1,0,1225658,1226224,0,1
4,467,0,1,0,1,1,0,1,1229240,1229707,0,1
4,700,0,1,0,1,1,1,0,1232339,1233039,0,1
4,450,1,0,1,0,2,1,0,1235638,1236088,0,1
4,550,0,1,0,1,0,0,1,1238787,1239337,0,1
4,833,1,0,1,0,2,0,1,1242086,1242919,0,1
4,583,1,0,1,0,0,0,1,1245918,1246501,0,1
4,516,1,0,1,0,2,1,0,1249167,1249683,0,1
4,483,0,1,0,1,0,1,0,1252616,1253099,0,1
4,616,0,1,0,1,2,1,0,1255815,1256431,0,1
4,500,1,0,1,0,2,0,1,1259097,1259597,0,1
4,550,0,1,0,1,1,1,0,1262462,1263012,0,1
4,933,0,1,1,0,0,0,1,1265595,1266528,0,0
4,683,0,1,0,1,1,0,1,1269410,1270093,0,1
4,534,1,0,1,0,1,0,1,1272742,1273276,0,1
4,516,0,1,0,1,1,1,0,1275825,1276341,0,1
4,467,1,0,1,0,2,0,1,1279240,1279707,0,1
5,1250,1,0,1,0,2,0,1,15810,17060,0,1
5,983,0,1,0,1,0,1,0,19809,20792,0,1
5,650,1,0,1,0,2,0,1,23491,24141,0,1
5,1050,0,1,0,1,1,0,1,27123,28173,0,1
5,1149,0,1,0,1,1,1,0,30872,32021,0,1
5,667,1,0,1,0,0,0,1,34670,35337,0,1
5,983,0,1,0,1,1,1,0,38319,39302,0,1
5,1299,0,0,0,1,0,0,1,41835,43134,1,NaN
5,583,1,0,1,0,2,1,0,46067,46650,0,1
5,616,1,0,1,0,2,0,1,49249,49865,0,1
5,599,1,0,1,0,2,0,1,52415,53014,0,1
5,1149,0,1,0,1,1,0,1,55764,56913,0,1
5,1300,0,0,0,1,0,0,1,59762,61062,1,NaN
5,666,1,0,1,0,1,1,0,63978,64644,0,1
5,633,1,0,1,0,0,1,0,67210,67843,0,1
5,600,1,0,1,0,0,1,0,70425,71025,0,1
5,1299,0,0,1,0,2,1,0,73608,74907,1,NaN
5,1049,0,1,0,1,1,1,0,77990,79039,0,1
5,1000,0,1,0,1,1,1,0,81805,82805,0,1
5,800,1,0,1,0,2,1,0,85604,86404,0,1
5,1300,0,0,1,0,2,1,0,89419,90719,1,NaN
5,866,0,1,0,1,0,0,1,93851,94717,0,1
5,1299,0,0,1,0,1,1,0,97367,98666,1,NaN
5,617,1,0,1,0,0,0,1,101815,102432,0,1
5,699,1,0,1,0,0,0,1,105281,105980,0,1
5,1299,0,0,0,1,1,1,0,108963,110262,1,NaN
5,866,0,1,0,1,0,0,1,113145,114011,0,1
5,1233,0,1,0,1,1,0,1,116877,118110,0,1
5,1300,0,0,0,1,0,0,1,121075,122375,1,NaN
5,616,0,1,0,1,1,0,1,125391,126007,0,1
5,866,0,1,0,1,2,0,1,128673,129539,0,1
5,950,0,1,0,1,0,0,1,132172,133122,0,1
5,699,1,0,1,0,2,1,0,136021,136720,0,1
5,1033,0,1,0,1,1,1,0,139403,140436,0,1
5,850,1,0,1,0,1,1,0,143235,144085,0,1
5,1300,0,0,1,0,2,0,1,146917,148217,1,NaN
5,1150,0,1,0,1,1,0,1,151349,152499,0,1
5,933,0,1,0,1,1,1,0,155031,155964,0,1
5,1167,0,1,0,1,0,0,1,158896,160063,0,1
5,1216,0,1,1,0,0,0,1,162729,163945,0,0
5,916,0,1,0,1,2,0,1,166694,167610,0,1
5,917,1,0,1,0,0,1,0,170509,171426,0,1
5,1300,0,0,1,0,2,1,0,174241,175541,1,NaN
5,900,1,0,1,0,1,0,1,178373,179273,0,1
5,799,0,1,1,0,0,1,0,182156,182955,0,0
5,1233,0,1,0,1,0,0,1,185671,186904,0,1
5,550,1,0,1,0,0,0,1,189603,190153,0,1
5,750,0,1,0,1,1,1,0,192802,193552,0,1
5,917,0,1,0,1,1,0,1,196284,197201,0,1
5,633,1,0,1,0,2,1,0,199800,200433,0,1
5,566,1,0,1,0,2,0,1,203282,203848,0,1
5,650,0,1,0,1,1,0,1,206564,207214,0,1
5,817,0,1,0,1,1,1,0,209796,210613,0,1
5,733,0,1,0,1,0,1,0,213329,214062,0,1
5,800,1,0,1,0,2,0,1,216661,217461,0,1
5,867,0,1,0,1,1,1,0,220426,221293,0,1
5,1233,1,0,0,1,0,1,0,224225,225458,0,0
5,650,0,1,0,1,1,0,1,228007,228657,0,1
5,533,1,0,1,0,0,0,1,231506,232039,0,1
5,633,1,0,1,0,2,1,0,234905,235538,0,1
5,650,0,1,0,1,2,0,1,238537,239187,0,1
5,566,1,0,1,0,1,0,1,242053,242619,0,1
5,833,0,1,0,1,0,1,0,245468,246301,0,1
5,717,0,1,0,1,1,0,1,248950,249667,0,1
5,566,1,0,1,0,1,0,1,252616,253182,0,1
5,617,1,0,1,0,2,0,1,256181,256798,0,1
5,683,1,0,1,0,2,1,0,259647,260330,0,1
5,550,1,0,1,0,2,0,1,263229,263779,0,1
5,433,1,0,1,0,2,0,1,266461,266894,0,1
5,766,0,1,0,1,2,1,0,269827,270593,0,1
5,500,1,0,1,0,2,1,0,273592,274092,0,1
5,500,1,0,0,1,2,0,1,276758,277258,0,0
5,633,1,0,1,0,0,0,1,293757,294390,0,1
5,500,1,0,1,0,0,0,1,297339,297839,0,1
5,566,1,0,1,0,0,0,1,300655,301221,0,1
5,717,0,1,0,1,2,1,0,304220,304937,0,1
5,900,0,1,0,1,1,0,1,307636,308536,0,1
5,850,0,1,1,0,0,0,1,311318,312168,0,0
5,1300,0,0,1,0,2,1,0,315200,316500,1,NaN
5,734,1,0,1,0,2,1,0,319215,319949,0,1
5,700,1,0,1,0,0,1,0,322531,323231,0,1
5,600,1,0,1,0,0,0,1,326230,326830,0,1
5,684,0,1,0,1,1,0,1,329495,330179,0,1
5,617,1,0,1,0,1,0,1,332811,333428,0,1
5,1183,1,0,1,0,1,0,1,336293,337476,0,1
5,516,1,0,1,0,1,1,0,340059,340575,0,1
5,650,1,0,1,0,0,1,0,343491,344141,0,1
5,517,1,0,1,0,0,0,1,347123,347640,0,1
5,483,1,0,1,0,0,0,1,350222,350705,0,1
5,700,0,1,0,1,0,1,0,353704,354404,0,1
5,683,0,1,0,1,1,0,1,357053,357736,0,1
5,683,0,1,0,1,0,0,1,360585,361268,0,1
5,867,0,1,1,0,0,1,0,364267,365134,0,0
5,966,0,1,1,0,2,1,0,368033,368999,0,0
5,700,0,1,1,0,0,1,0,371998,372698,0,0
5,650,0,1,0,1,0,1,0,375497,376147,0,1
5,599,0,1,0,1,1,1,0,378763,379362,0,1
5,683,0,1,0,1,1,1,0,382212,382895,0,1
5,650,0,1,0,1,0,0,1,385610,386260,0,1
5,650,1,0,1,0,0,1,0,389109,389759,0,1
5,533,1,0,1,0,1,1,0,392292,392825,0,1
5,783,0,1,0,1,0,0,1,395857,396640,0,1
5,600,1,0,1,0,2,0,1,399256,399856,0,1
5,700,0,1,0,1,2,0,1,402821,403521,0,1
5,583,1,0,1,0,2,0,1,406437,407020,0,1
5,649,0,1,0,1,1,1,0,409653,410302,0,1
5,617,1,0,1,0,2,0,1,413168,413785,0,1
5,800,0,1,0,1,2,0,1,416400,417200,0,1
5,600,1,0,1,0,0,0,1,420216,420816,0,1
5,666,0,1,0,1,1,0,1,423565,424231,0,1
5,733,0,1,0,1,1,0,1,426964,427697,0,1
5,616,1,0,1,0,0,0,1,430546,431162,0,1
5,917,1,0,1,0,0,1,0,434061,434978,0,1
5,666,0,1,0,1,1,1,0,437877,438543,0,1
5,817,0,1,1,0,2,1,0,441292,442109,0,0
5,833,0,1,0,1,0,0,1,444641,445474,0,1
5,467,1,0,1,0,2,0,1,448023,448490,0,1
5,600,1,0,1,0,0,1,0,451222,451822,0,1
5,1116,0,1,0,1,0,1,0,454538,455654,0,1
5,750,0,1,1,0,1,0,1,458403,459153,0,0
5,783,0,1,0,1,0,1,0,461952,462735,0,1
5,600,1,0,1,0,0,1,0,465584,466184,0,1
5,700,0,1,0,1,1,0,1,469166,469866,0,1
5,516,1,0,1,0,1,0,1,472699,473215,0,1
5,849,0,1,0,1,2,1,0,476181,477030,0,1
5,650,0,1,0,1,0,1,0,479696,480346,0,1
5,666,0,1,0,1,1,0,1,482962,483628,0,1
5,617,0,1,0,1,1,0,1,486244,486861,0,1
5,1266,1,0,1,0,0,1,0,489510,490776,0,1
5,584,1,0,1,0,0,0,1,493358,493942,0,1
5,666,1,0,1,0,0,0,1,496674,497340,0,1
5,650,1,0,1,0,2,1,0,500173,500823,0,1
5,733,0,1,0,1,1,0,1,503505,504238,0,1
5,716,0,1,0,1,0,0,1,507121,507837,0,1
5,634,1,0,1,0,2,1,0,510669,511303,0,1
5,666,0,1,0,1,2,0,1,514085,514751,0,1
5,767,0,1,0,1,1,1,0,517417,518184,0,1
5,750,1,0,1,0,1,1,0,521033,521783,0,1
5,733,0,1,0,1,0,0,1,524665,525398,0,1
5,1250,1,0,1,0,0,1,0,528097,529347,0,1
5,484,1,0,1,0,2,1,0,532062,532546,0,1
5,584,0,1,0,1,1,1,0,535261,535845,0,1
5,899,0,1,1,0,0,1,0,538794,539693,0,0
5,1083,1,0,1,0,2,1,0,542359,543442,0,1
5,817,0,1,0,1,0,0,1,546241,547058,0,1
5,566,1,0,1,0,1,0,1,563674,564240,0,1
5,517,1,0,1,0,1,0,1,567039,567556,0,1
5,783,0,1,0,1,0,1,0,570088,570871,0,1
5,1300,0,0,1,0,1,0,1,573470,574770,1,NaN
5,616,1,0,1,0,1,1,0,577686,578302,0,1
5,517,1,0,1,0,2,0,1,581001,581518,0,1
5,533,1,0,1,0,2,1,0,584084,584617,0,1
5,800,1,0,1,0,1,1,0,587566,588366,0,1
5,700,0,1,0,1,2,1,0,591248,591948,0,1
5,583,1,0,1,0,1,0,1,594880,595463,0,1
5,917,1,0,1,0,1,1,0,598062,598979,0,1
5,683,0,1,0,1,0,1,0,601778,602461,0,1
5,500,1,0,1,0,2,0,1,605343,605843,0,1
5,1033,1,0,1,0,2,1,0,608559,609592,0,1
5,1116,0,1,0,1,0,1,0,612541,613657,0,1
5,616,0,1,0,1,2,1,0,616440,617056,0,1
5,600,0,1,0,1,0,0,1,620005,620605,0,1
5,566,1,0,1,0,2,0,1,623554,624120,0,1
5,667,0,1,0,1,1,1,0,627086,627753,0,1
5,584,0,1,0,1,2,1,0,630318,630902,0,1
5,766,0,1,0,1,1,0,1,633751,634517,0,1
5,816,0,1,0,1,1,1,0,637233,638049,0,1
5,600,0,1,0,1,0,0,1,640915,641515,0,1
5,583,1,0,1,0,0,0,1,644497,645080,0,1
5,1166,1,0,1,0,2,1,0,647913,649079,0,1
5,1266,1,0,1,0,2,1,0,651628,652894,0,1
5,700,0,1,0,1,2,0,1,655727,656427,0,1
5,800,0,1,0,1,0,0,1,659092,659892,0,1
5,633,0,1,0,1,0,1,0,662691,663324,0,1
5,666,0,1,0,1,1,1,0,666040,666706,0,1
5,566,1,0,1,0,2,0,1,669539,670105,0,1
5,850,0,1,1,0,2,1,0,673104,673954,0,0
5,583,0,1,0,1,0,1,0,676687,677270,0,1
5,583,0,1,0,1,1,1,0,680002,680585,0,1
5,633,0,1,0,1,1,1,0,683484,684117,0,1
5,600,0,1,0,1,2,0,1,686900,687500,0,1
5,650,0,1,0,1,0,1,0,690315,690965,0,1
5,566,0,1,0,1,2,0,1,693548,694114,0,1
5,500,1,0,1,0,2,0,1,696763,697263,0,1
5,650,0,1,0,1,1,0,1,699862,700512,0,1
5,667,1,0,1,0,0,0,1,703511,704178,0,1
5,849,1,0,1,0,0,1,0,707127,707976,0,1
5,550,0,1,0,1,0,1,0,710942,711492,0,1
5,666,1,0,1,0,0,1,0,714158,714824,0,1
5,667,0,1,0,1,1,0,1,717806,718473,0,1
5,650,0,1,0,1,0,0,1,721355,722005,0,1
5,650,0,1,1,0,1,0,1,724571,725221,0,0
5,550,1,0,1,0,0,0,1,728203,728753,0,1
5,617,0,1,0,1,0,1,0,731385,732002,0,1
5,633,0,1,0,1,0,0,1,734984,735617,0,1
5,866,1,0,1,0,2,1,0,738583,739449,0,1
5,600,1,0,1,0,2,1,0,742448,743048,0,1
5,666,0,1,0,1,0,0,1,746014,746680,0,1
5,517,1,0,1,0,0,1,0,749679,750196,0,1
5,699,0,1,1,0,2,0,1,752762,753461,0,0
5,617,0,1,0,1,1,1,0,756460,757077,0,1
5,633,0,1,0,1,2,1,0,759959,760592,0,1
5,517,1,0,1,0,2,1,0,763291,763808,0,1
5,816,0,1,0,1,2,0,1,766474,767290,0,1
5,800,0,1,1,0,1,1,0,770289,771089,0,0
5,666,1,0,1,0,2,1,0,773955,774621,0,1
5,516,1,0,1,0,1,0,1,777154,777670,0,1
5,600,0,1,0,1,1,0,1,780219,780819,0,1
5,650,0,1,0,1,1,1,0,783718,784368,0,1
5,583,1,0,1,0,1,1,0,787300,787883,0,1
5,533,1,0,1,0,2,0,1,790649,791182,0,1
5,866,1,0,1,0,1,1,0,794215,795081,0,1
5,733,0,1,0,1,0,1,0,797630,798363,0,1
5,634,0,1,0,1,1,1,0,801262,801896,0,1
5,650,0,1,0,1,1,0,1,804728,805378,0,1
5,717,0,1,1,0,2,0,1,807993,808710,0,0
5,667,0,1,0,1,2,0,1,811592,812259,0,1
5,699,0,1,0,1,1,1,0,814825,815524,0,1
5,533,0,1,0,1,1,0,1,832544,833077,0,1
5,900,0,1,0,1,2,0,1,835926,836826,0,1
5,666,0,1,0,1,2,1,0,839725,840391,0,1
5,584,0,1,1,0,2,1,0,842940,843524,0,0
5,550,0,1,0,1,0,0,1,846273,846823,0,1
5,533,0,1,0,1,0,1,0,849455,849988,0,1
5,650,0,1,0,1,0,1,0,853004,853654,0,1
5,750,1,0,1,0,2,1,0,856369,857119,0,1
5,683,1,0,1,0,2,1,0,860018,860701,0,1
5,583,0,1,0,1,1,1,0,863650,864233,0,1
5,633,0,1,0,1,1,0,1,866866,867499,0,1
5,550,0,1,0,1,0,1,0,870415,870965,0,1
5,716,1,0,1,0,2,1,0,873864,874580,0,1
5,533,1,0,1,0,1,0,1,877579,878112,0,1
5,666,0,1,0,1,1,0,1,880945,881611,0,1
5,667,1,0,1,0,0,1,0,884593,885260,0,1
5,550,1,0,1,0,0,0,1,887959,888509,0,1
5,1067,0,1,0,1,0,1,0,891474,892541,0,1
5,633,1,0,1,0,2,0,1,895140,895773,0,1
5,1050,1,0,1,0,0,1,0,898389,899439,0,1
5,1233,0,1,0,1,1,1,0,902104,903337,0,1
5,917,1,0,1,0,2,1,0,905936,906853,0,1
5,599,1,0,1,0,0,0,1,909669,910268,0,1
5,749,0,1,0,1,1,0,1,913251,914000,0,1
5,699,0,1,0,1,0,1,0,916700,917399,0,1
5,1099,0,1,0,1,0,1,0,920232,921331,0,1
5,800,0,1,0,1,2,1,0,924147,924947,0,1
5,783,0,1,0,1,0,0,1,927613,928396,0,1
5,567,1,0,1,0,2,0,1,931278,931845,0,1
5,683,0,1,0,1,1,0,1,934727,935410,0,1
5,750,0,1,0,1,2,1,0,937959,938709,0,1
5,650,0,1,0,1,1,0,1,941325,941975,0,1
5,750,0,1,0,1,0,0,1,944840,945590,0,1
5,617,0,1,1,0,2,0,1,948522,949139,0,0
5,583,1,0,1,0,0,0,1,952088,952671,0,1
5,750,0,1,0,1,2,0,1,955370,956120,0,1
5,483,1,0,1,0,0,1,0,959069,959552,0,1
5,517,1,0,1,0,2,0,1,962251,962768,0,1
5,550,1,0,1,0,2,0,1,965750,966300,0,1
5,683,0,1,0,1,1,1,0,969232,969915,0,1
5,650,1,0,1,0,2,0,1,972748,973398,0,1
5,1017,0,1,0,1,1,0,1,976363,977380,0,1
5,1250,0,1,0,1,0,1,0,980295,981545,0,1
5,683,0,1,0,1,1,0,1,984244,984927,0,1
5,533,1,0,1,0,1,1,0,987543,988076,0,1
5,1066,0,1,0,1,1,1,0,991092,992158,0,1
5,583,1,0,1,0,0,0,1,994957,995540,0,1
5,550,1,0,1,0,0,1,0,998223,998773,0,1
5,433,1,0,1,0,2,0,1,1001405,1001838,0,1
5,450,1,0,1,0,2,0,1,1004804,1005254,0,1
5,683,0,1,0,1,2,1,0,1007853,1008536,0,1
5,450,1,0,1,0,2,0,1,1011402,1011852,0,1
5,533,1,0,1,0,2,1,0,1014551,1015084,0,1
5,734,0,1,0,1,2,1,0,1017616,1018350,0,1
5,699,0,1,0,1,0,1,0,1021149,1021848,0,1
5,600,0,1,0,1,2,0,1,1024664,1025264,0,1
5,550,1,0,1,0,1,0,1,1027913,1028463,0,1
5,566,1,0,1,0,0,1,0,1031079,1031645,0,1
5,817,0,1,0,1,0,1,0,1034644,1035461,0,1
5,616,0,1,0,1,1,1,0,1038110,1038726,0,1
5,484,1,0,1,0,2,0,1,1041275,1041759,0,1
5,466,1,0,1,0,2,1,0,1044591,1045057,0,1
5,1300,0,0,0,1,2,1,0,1048056,1049356,1,NaN
5,683,0,1,0,1,1,1,0,1052172,1052855,0,1
5,416,1,0,1,0,2,0,1,1055821,1056237,0,1
5,634,0,1,0,1,0,0,1,1059019,1059653,0,1
5,567,1,0,1,0,0,1,0,1062435,1063002,0,1
5,849,0,1,0,1,2,1,0,1066001,1066850,0,1
5,500,1,0,1,0,2,1,0,1069649,1070149,0,1
5,800,0,1,0,1,0,0,1,1072765,1073565,0,1
5,767,1,0,1,0,2,1,0,1076497,1077264,0,1
5,933,0,1,0,1,1,0,1,1080279,1081212,0,1
5,800,0,1,0,1,1,1,0,1083778,1084578,0,1
5,1133,0,1,0,1,0,0,1,1102277,1103410,0,1
5,1116,1,0,0,1,1,1,0,1106143,1107259,0,0
5,516,1,0,1,0,2,1,0,1110125,1110641,0,1
5,517,1,0,1,0,2,0,1,1113290,1113807,0,1
5,650,0,1,0,1,2,0,1,1116722,1117372,0,1
5,500,1,0,1,0,2,0,1,1120355,1120855,0,1
5,583,0,1,0,1,1,1,0,1123820,1124403,0,1
5,850,0,1,0,1,1,1,0,1126952,1127802,0,1
5,633,0,1,0,1,1,0,1,1130368,1131001,0,1
5,499,1,0,1,0,1,0,1,1133934,1134433,0,1
5,833,1,0,1,0,2,0,1,1136966,1137799,0,1
5,450,1,0,1,0,2,0,1,1140781,1141231,0,1
5,833,0,1,1,0,0,1,0,1144097,1144930,0,0
5,650,0,1,0,1,2,1,0,1147762,1148412,0,1
5,633,0,1,0,1,1,1,0,1151161,1151794,0,1
5,717,0,1,0,1,1,0,1,1154760,1155477,0,1
5,650,0,1,0,1,1,0,1,1158142,1158792,0,1
5,517,1,0,1,0,0,1,0,1161491,1162008,0,1
5,667,0,1,0,1,0,0,1,1164940,1165607,0,1
5,600,0,1,0,1,1,1,0,1168139,1168739,0,1
5,567,0,1,0,1,2,1,0,1171271,1171838,0,1
5,700,0,1,0,1,1,0,1,1174853,1175553,0,1
5,683,0,1,0,1,0,1,0,1178336,1179019,0,1
5,616,0,1,0,1,1,1,0,1182018,1182634,0,1
5,633,0,1,0,1,1,0,1,1185517,1186150,0,1
5,566,1,0,1,0,1,1,0,1188749,1189315,0,1
5,483,1,0,1,0,2,1,0,1191981,1192464,0,1
5,683,0,1,1,0,0,0,1,1195330,1196013,0,0
5,799,0,1,1,0,0,1,0,1198646,1199445,0,0
5,616,0,1,0,1,2,0,1,1202278,1202894,0,1
5,566,1,0,1,0,0,1,0,1205610,1206176,0,1
5,650,0,1,0,1,1,1,0,1208842,1209492,0,1
5,483,1,0,1,0,1,0,1,1212158,1212641,0,1
5,467,1,0,1,0,0,0,1,1215640,1216107,0,1
5,466,1,0,1,0,2,0,1,1219106,1219572,0,1
5,534,1,0,1,0,2,0,1,1222504,1223038,0,1
5,799,1,0,1,0,0,1,0,1225787,1226586,0,1
5,667,0,1,1,0,2,1,0,1229252,1229919,0,0
5,566,1,0,1,0,2,0,1,1232468,1233034,0,1
5,500,0,1,0,1,1,0,1,1235700,1236200,0,1
5,650,0,1,0,1,0,1,0,1239149,1239799,0,1
5,566,0,1,0,1,1,0,1,1242398,1242964,0,1
5,616,1,0,1,0,2,1,0,1245897,1246513,0,1
5,616,0,1,0,1,1,1,0,1249279,1249895,0,1
5,633,0,1,0,1,0,0,1,1252728,1253361,0,1
5,550,1,0,1,0,0,1,0,1256277,1256827,0,1
5,683,1,0,1,0,2,1,0,1259792,1260475,0,1
5,666,1,0,1,0,2,0,1,1263058,1263724,0,1
5,1066,0,1,0,1,0,0,1,1266307,1267373,0,1
5,517,1,0,1,0,2,0,1,1270055,1270572,0,1
5,583,1,0,1,0,2,1,0,1273371,1273954,0,1
5,716,0,1,0,1,0,1,0,1276937,1277653,0,1
5,716,0,1,0,1,1,0,1,1280419,1281135,0,1
5,516,1,0,1,0,1,1,0,1283668,1284184,0,1
5,699,0,1,0,1,1,1,0,1286767,1287466,0,1
5,716,0,1,0,1,2,1,0,1290266,1290982,0,1
5,700,0,1,0,1,2,0,1,1294014,1294714,0,1
5,1233,1,0,1,0,1,1,0,1297513,1298746,0,1
5,567,1,0,1,0,0,0,1,1301678,1302245,0,1
5,500,1,0,1,0,1,1,0,1304927,1305427,0,1
5,816,0,1,0,1,1,0,1,1307993,1308809,0,1
5,483,1,0,1,0,0,0,1,1311475,1311958,0,1
5,450,1,0,1,0,0,0,1,1314841,1315291,0,1
5,717,0,1,0,1,2,1,0,1318106,1318823,0,1
5,950,1,0,0,1,1,1,0,1321472,1322422,0,0
5,1083,0,1,0,1,1,0,1,1325004,1326087,0,1
5,633,0,1,1,0,1,1,0,1328636,1329269,0,0
5,516,1,0,1,0,1,0,1,1332302,1332818,0,1
5,483,1,0,1,0,0,0,1,1335834,1336317,0,1
6,500,1,0,1,0,0,1,0,14905,15405,0,1
6,667,1,0,1,0,1,1,0,18004,18671,0,1
6,550,0,1,0,1,1,1,0,21570,22120,0,1
6,550,1,0,1,0,1,0,1,24652,25202,0,1
6,416,1,0,1,0,2,0,1,28168,28584,0,1
6,567,0,1,0,1,1,0,1,31183,31750,0,1
6,699,1,0,0,1,0,0,1,34416,35115,0,0
6,450,1,0,1,0,0,0,1,38048,38498,0,1
6,550,0,1,0,1,0,0,1,41180,41730,0,1
6,633,0,1,0,1,2,0,1,44279,44912,0,1
6,583,0,1,0,1,1,1,0,47795,48378,0,1
6,616,0,1,0,1,0,0,1,51227,51843,0,1
6,483,1,0,0,1,0,0,1,54459,54942,0,0
6,566,0,1,0,1,1,0,1,57825,58391,0,1
6,716,1,0,1,0,1,1,0,61074,61790,0,1
6,567,1,0,0,1,2,0,1,64372,64939,0,0
6,566,1,0,1,0,0,0,1,67555,68121,0,1
6,450,1,0,1,0,2,0,1,71087,71537,0,1
6,484,1,0,1,0,2,0,1,74502,74986,0,1
6,483,1,0,1,0,0,0,1,77685,78168,0,1
6,567,0,1,0,1,1,1,0,80967,81534,0,1
6,616,1,0,0,1,0,1,0,84166,84782,0,0
6,550,0,1,0,1,1,0,1,87665,88215,0,1
6,416,1,0,1,0,0,0,1,90864,91280,0,1
6,517,1,0,1,0,1,1,0,94029,94546,0,1
6,749,0,1,0,1,1,0,1,97512,98261,0,1
6,716,0,1,0,1,0,1,0,101194,101910,0,1
6,433,1,0,1,0,2,1,0,104643,105076,0,1
6,549,1,0,1,0,1,0,1,107842,108391,0,1
6,533,0,1,0,1,2,0,1,111007,111540,0,1
6,650,0,1,0,1,1,0,1,114123,114773,0,1
6,417,1,0,1,0,2,0,1,117455,117872,0,1
6,467,1,0,1,0,0,0,1,120704,121171,0,1
6,533,1,0,0,1,0,1,0,123936,124469,0,0
6,633,0,1,1,0,0,1,0,127385,128018,0,0
6,466,1,0,1,0,2,0,1,131034,131500,0,1
6,633,0,1,0,1,1,0,1,134083,134716,0,1
6,466,1,0,1,0,2,0,1,137299,137765,0,1
6,633,0,1,0,1,1,1,0,140398,141031,0,1
6,516,1,0,1,0,2,1,0,143980,144496,0,1
6,716,0,1,0,1,2,1,0,147212,147928,0,1
6,633,0,1,0,1,1,1,0,150678,151311,0,1
6,717,0,1,0,1,2,1,0,154126,154843,0,1
6,433,1,0,1,0,0,1,0,157592,158025,0,1
6,533,1,0,1,0,1,0,1,160891,161424,0,1
6,650,0,1,0,1,0,1,0,164323,164973,0,1
6,666,0,1,0,1,2,1,0,167722,168388,0,1
6,633,0,1,0,1,0,0,1,171221,171854,0,1
6,667,0,1,0,1,2,0,1,174436,175103,0,1
6,483,1,0,1,0,2,0,1,177952,178435,0,1
6,599,1,0,1,0,2,1,0,181168,181767,0,1
6,450,1,0,1,0,2,1,0,184733,185183,0,1
6,583,0,1,0,1,0,0,1,187749,188332,0,1
6,467,1,0,1,0,2,0,1,190914,191381,0,1
6,517,0,1,0,1,0,0,1,194213,194730,0,1
6,533,0,1,0,1,0,1,0,197446,197979,0,1
6,450,1,0,1,0,2,0,1,200928,201378,0,1
6,500,1,0,1,0,1,0,1,204310,204810,0,1
6,550,0,1,0,1,1,0,1,207542,208092,0,1
6,416,1,0,1,0,0,1,0,210858,211274,0,1
6,483,0,1,0,1,1,1,0,213874,214357,0,1
6,516,0,1,0,1,0,1,0,217206,217722,0,1
6,534,0,1,0,1,2,1,0,220421,220955,0,1
6,500,0,1,0,1,1,0,1,223970,224470,0,1
6,433,1,0,1,0,0,1,0,227386,227819,0,1
6,566,0,1,0,1,2,1,0,230785,231351,0,1
6,583,0,1,0,1,0,1,0,234000,234583,0,1
6,400,1,0,1,0,2,0,1,237349,237749,0,1
6,533,0,1,0,1,0,1,0,240748,241281,0,1
6,516,1,0,1,0,1,0,1,244197,244713,0,1
6,516,1,0,1,0,0,1,0,247296,247812,0,1
6,717,0,1,0,1,0,0,1,250611,251328,0,1
6,450,1,0,1,0,1,1,0,274041,274491,0,1
6,450,0,1,0,1,0,0,1,277456,277906,0,1
6,450,1,0,1,0,1,1,0,280738,281188,0,1
6,500,0,1,0,1,1,1,0,284121,284621,0,1
6,417,1,0,1,0,2,1,0,287536,287953,0,1
6,383,1,0,1,0,2,1,0,290902,291285,0,1
6,500,1,0,1,0,0,1,0,293834,294334,0,1
6,400,1,0,1,0,2,1,0,297116,297516,0,1
6,516,1,0,1,0,2,1,0,300532,301048,0,1
6,550,0,1,0,1,1,1,0,303614,304164,0,1
6,616,0,1,0,1,2,1,0,307030,307646,0,1
6,433,1,0,1,0,2,1,0,310612,311045,0,1
6,516,0,1,0,1,0,1,0,314011,314527,0,1
6,566,0,1,0,1,0,1,0,317360,317926,0,1
6,484,0,1,0,1,1,0,1,320575,321059,0,1
6,450,1,0,1,0,2,1,0,323758,324208,0,1
6,516,0,1,0,1,1,0,1,327207,327723,0,1
6,466,0,1,0,1,1,1,0,330339,330805,0,1
6,450,1,0,1,0,0,0,1,333538,333988,0,1
6,483,0,1,0,1,1,1,0,336987,337470,0,1
6,533,0,1,0,1,0,0,1,340186,340719,0,1
6,517,0,1,0,1,0,0,1,343518,344035,0,1
6,616,0,1,0,1,1,0,1,346667,347283,0,1
6,466,1,0,1,0,2,0,1,349816,350282,0,1
6,467,0,1,0,1,0,1,0,353048,353515,0,1
6,500,0,1,0,1,2,1,0,356064,356564,0,1
6,433,1,0,1,0,0,1,0,359413,359846,0,1
6,550,1,0,1,0,2,1,0,362595,363145,0,1
6,550,0,1,0,1,0,1,0,366144,366694,0,1
6,566,1,0,1,0,1,1,0,369243,369809,0,1
6,500,1,0,1,0,1,0,1,372775,373275,0,1
6,517,0,1,0,1,1,0,1,376007,376524,0,1
6,499,1,0,1,0,0,0,1,379090,379589,0,1
6,433,1,0,1,0,2,0,1,382355,382788,0,1
6,450,0,1,0,1,0,1,0,385554,386004,0,1
6,516,0,1,0,1,0,1,0,388820,389336,0,1
6,500,1,0,1,0,0,1,0,391969,392469,0,1
6,516,0,1,0,1,2,0,1,395168,395684,0,1
6,366,1,0,1,0,2,1,0,398467,398833,0,1
6,533,0,1,0,1,2,0,1,401399,401932,0,1
6,466,0,1,0,1,1,1,0,404515,404981,0,1
6,500,0,1,0,1,0,1,0,407780,408280,0,1
6,434,0,1,0,1,1,0,1,411112,411546,0,1
6,416,1,0,1,0,2,0,1,414295,414711,0,1
6,534,0,1,0,1,0,0,1,417560,418094,0,1
6,500,1,0,1,0,0,0,1,420693,421193,0,1
6,483,0,1,0,1,1,0,1,423925,424408,0,1
6,434,0,1,0,1,1,1,0,427240,427674,0,1
6,533,0,1,0,1,1,0,1,430256,430789,0,1
6,500,0,1,0,1,0,1,0,433388,433888,0,1
6,366,1,0,1,0,2,1,0,436621,436987,0,1
6,483,1,0,1,0,0,1,0,439903,440386,0,1
6,450,0,1,0,1,1,0,1,443185,443635,0,1
6,417,1,0,1,0,0,0,1,446517,446934,0,1
6,366,1,0,1,0,0,1,0,449700,450066,0,1
6,450,0,1,0,1,0,0,1,452599,453049,0,1
6,467,0,1,0,1,0,1,0,455614,456081,0,1
6,483,0,1,0,1,2,1,0,459047,459530,0,1
6,483,0,1,1,0,2,1,0,462446,462929,0,0
6,583,1,0,1,0,2,1,0,465628,466211,0,1
6,533,0,1,0,1,0,0,1,468927,469460,0,1
6,516,1,0,1,0,0,1,0,472276,472792,0,1
6,550,0,1,0,1,0,0,1,475491,476041,0,1
6,449,1,0,1,0,1,0,1,478874,479323,0,1
6,450,0,1,0,1,2,0,1,481906,482356,0,1
6,467,0,1,0,1,2,1,0,484888,485355,0,1
6,399,0,1,0,1,2,1,0,487971,488370,0,1
6,467,0,1,0,1,2,1,0,491269,491736,0,1
6,467,0,1,0,1,0,1,0,494585,495052,0,1
6,483,0,1,0,1,1,1,0,497801,498284,0,1
6,533,0,1,1,0,0,1,0,501283,501816,0,0
6,584,0,1,0,1,1,0,1,504798,505382,0,1
6,533,1,0,1,0,0,1,0,508031,508564,0,1
6,550,1,0,1,0,0,1,0,555359,555909,0,1
6,483,0,1,0,1,0,0,1,558625,559108,0,1
6,367,1,0,1,0,1,0,1,562007,562374,0,1
6,467,1,0,1,0,2,0,1,564956,565423,0,1
6,450,0,1,0,1,1,1,0,567988,568438,0,1
6,434,0,1,0,1,2,0,1,570987,571421,0,1
6,433,1,0,1,0,1,1,0,574020,574453,0,1
6,533,0,1,0,1,0,0,1,577302,577835,0,1
6,450,0,1,0,1,0,1,0,580817,581267,0,1
6,467,0,1,0,1,2,0,1,584266,584733,0,1
6,450,1,0,1,0,2,0,1,587299,587749,0,1
6,500,0,1,0,1,2,1,0,590331,590831,0,1
6,466,1,0,1,0,0,1,0,593847,594313,0,1
6,416,1,0,1,0,0,1,0,597029,597445,0,1
6,300,1,0,1,0,0,0,1,600178,600478,0,1
6,516,0,1,0,1,1,0,1,603327,603843,0,1
6,333,0,1,0,1,2,0,1,606759,607092,0,1
6,300,1,0,1,0,1,0,1,609658,609958,0,1
6,467,0,1,0,1,2,0,1,612840,613307,0,1
6,500,0,1,0,1,1,0,1,616289,616789,0,1
6,534,0,1,0,1,0,0,1,619621,620155,0,1
6,500,1,0,1,0,1,1,0,622787,623287,0,1
6,450,0,1,1,0,1,1,0,626136,626586,0,0
6,550,0,1,0,1,1,0,1,629168,629718,0,1
6,416,0,1,0,1,1,0,1,632484,632900,0,1
6,550,0,1,0,1,2,1,0,635616,636166,0,1
6,450,0,1,0,1,1,1,0,638798,639248,0,1
6,633,1,0,1,0,2,1,0,641848,642481,0,1
6,517,1,0,1,0,0,1,0,645246,645763,0,1
6,500,1,0,1,0,1,1,0,648379,648879,0,1
6,483,0,1,0,1,1,0,1,651594,652077,0,1
6,566,0,1,0,1,2,0,1,654927,655493,0,1
6,433,1,0,1,0,0,0,1,658142,658575,0,1
6,383,0,1,0,1,1,0,1,661491,661874,0,1
6,550,0,1,0,1,2,1,0,664623,665173,0,1
6,433,0,1,0,1,1,1,0,668106,668539,0,1
6,500,1,0,1,0,1,0,1,671354,671854,0,1
6,383,1,0,1,0,2,0,1,674520,674903,0,1
6,467,1,0,1,0,1,0,1,677869,678336,0,1
6,433,1,0,1,0,0,0,1,681235,681668,0,1
6,467,0,1,0,1,2,1,0,684533,685000,0,1
6,383,1,0,1,0,1,0,1,687916,688299,0,1
6,384,1,0,1,0,0,0,1,690831,691215,0,1
6,483,0,1,0,1,1,0,1,693914,694397,0,1
6,484,0,1,0,1,2,0,1,697029,697513,0,1
6,433,1,0,1,0,1,1,0,700412,700845,0,1
6,683,0,1,1,0,1,1,0,703644,704327,0,0
6,500,0,1,0,1,1,0,1,707226,707726,0,1
6,400,0,1,0,1,0,1,0,710292,710692,0,1
6,534,0,1,0,1,1,0,1,713357,713891,0,1
6,450,1,0,1,0,0,1,0,716723,717173,0,1
6,517,1,0,1,0,0,0,1,719755,720272,0,1
6,583,0,1,0,1,0,1,0,723154,723737,0,1
6,466,0,1,0,1,0,1,0,726770,727236,0,1
6,433,1,0,1,0,2,0,1,729819,730252,0,1
6,416,1,0,1,0,0,1,0,732818,733234,0,1
6,367,1,0,1,0,0,0,1,736033,736400,0,1
6,433,0,1,0,1,2,0,1,739182,739615,0,1
6,500,0,1,0,1,1,1,0,742598,743098,0,1
6,516,0,1,1,0,0,0,1,745847,746363,0,0
6,383,1,0,1,0,2,0,1,749112,749495,0,1
6,533,0,1,0,1,0,1,0,752228,752761,0,1
6,450,1,0,1,0,1,0,1,755710,756160,0,1
6,666,1,0,1,0,1,1,0,759109,759775,0,1
6,433,1,0,1,0,0,0,1,762375,762808,0,1
6,433,1,0,1,0,0,1,0,765474,765907,0,1
6,583,0,1,0,1,2,1,0,768606,769189,0,1
6,450,0,1,0,1,2,0,1,771721,772171,0,1
6,583,0,1,0,1,2,1,0,774837,775420,0,1
6,416,1,0,1,0,1,0,1,778303,778719,0,1
6,449,0,1,0,1,1,1,0,781652,782101,0,1
6,449,1,0,1,0,1,0,1,784801,785250,0,1
6,417,1,0,1,0,2,0,1,788249,788666,0,1
6,383,0,1,0,1,2,1,0,848159,848542,0,1
6,400,0,1,0,1,2,0,1,851274,851674,0,1
6,383,0,1,0,1,2,1,0,854523,854906,0,1
6,400,0,1,0,1,0,1,0,857705,858105,0,1
6,383,0,1,0,1,0,1,0,860921,861304,0,1
6,300,0,1,1,0,0,1,0,864187,864487,0,0
6,517,0,1,0,1,2,1,0,867269,867786,0,1
6,500,0,1,0,1,0,0,1,870351,870851,0,1
6,400,1,0,1,0,1,0,1,873817,874217,0,1
6,400,1,0,1,0,2,0,1,877232,877632,0,1
6,466,1,0,1,0,1,0,1,880515,880981,0,1
6,584,1,0,1,0,2,1,0,883913,884497,0,1
6,383,1,0,1,0,0,1,0,887179,887562,0,1
6,416,1,0,1,0,2,1,0,890145,890561,0,1
6,517,0,1,0,1,2,0,1,893527,894044,0,1
6,433,1,0,1,0,0,1,0,896959,897392,0,1
6,450,1,0,1,0,1,1,0,900225,900675,0,1
6,467,0,1,0,1,2,0,1,903690,904157,0,1
6,433,1,0,1,0,1,1,0,906806,907239,0,1
6,483,0,1,0,1,0,0,1,910105,910588,0,1
6,400,0,1,0,1,2,1,0,913537,913937,0,1
6,367,1,0,1,0,0,1,0,916869,917236,0,1
6,367,1,0,1,0,0,0,1,919885,920252,0,1
6,433,1,0,1,0,1,1,0,923167,923600,0,1
6,383,1,0,1,0,1,0,1,926233,926616,0,1
6,466,1,0,1,0,1,0,1,929449,929915,0,1
6,467,0,1,0,1,1,0,1,932547,933014,0,1
6,450,0,1,1,0,2,0,1,935863,936313,0,0
6,517,0,1,0,1,2,1,0,938912,939429,0,1
6,416,0,1,0,1,0,1,0,942078,942494,0,1
6,384,1,0,1,0,1,0,1,945293,945677,0,1
6,333,0,1,0,1,0,1,0,948642,948975,0,1
6,383,1,0,1,0,2,0,1,951575,951958,0,1
6,467,1,0,1,0,1,0,1,954607,955074,0,1
6,383,1,0,1,0,2,1,0,957923,958306,0,1
6,500,0,1,0,1,1,0,1,961021,961521,0,1
6,383,1,0,1,0,0,1,0,964154,964537,0,1
6,516,1,0,1,0,2,0,1,967203,967719,0,1
6,383,1,0,1,0,1,0,1,970335,970718,0,1
6,483,0,1,0,1,2,1,0,973584,974067,0,1
6,350,1,0,1,0,0,1,0,977083,977433,0,1
6,400,1,0,1,0,2,0,1,980315,980715,0,1
6,366,1,0,1,0,0,0,1,983481,983847,0,1
6,333,1,0,1,0,2,1,0,986763,987096,0,1
6,500,0,1,0,1,1,0,1,989662,990162,0,1
6,367,0,1,0,1,2,1,0,992994,993361,0,1
6,383,0,1,0,1,2,0,1,996193,996576,0,1
6,516,1,0,1,0,2,1,0,999126,999642,0,1
6,433,0,1,1,0,1,0,1,1002475,1002908,0,0
6,416,0,1,0,1,2,0,1,1005524,1005940,0,1
6,517,1,0,1,0,2,1,0,1008539,1009056,0,1
6,483,1,0,1,0,1,0,1,1011788,1012271,0,1
6,466,0,1,0,1,1,0,1,1014854,1015320,0,1
6,533,0,1,0,1,1,0,1,1018186,1018719,0,1
6,433,1,0,1,0,0,1,0,1021568,1022001,0,1
6,500,0,1,0,1,0,0,1,1024867,1025367,0,1
6,567,1,0,1,0,2,1,0,1028349,1028916,0,1
6,433,1,0,1,0,1,0,1,1031465,1031898,0,1
6,416,1,0,1,0,2,1,0,1034764,1035180,0,1
6,483,0,1,1,0,0,0,1,1038080,1038563,0,0
6,483,0,1,0,1,0,1,0,1041495,1041978,0,1
6,533,0,1,1,0,1,1,0,1044927,1045460,0,0
6,516,0,1,0,1,2,1,0,1047993,1048509,0,1
6,400,0,1,0,1,1,1,0,1051342,1051742,0,1
6,450,0,1,0,1,0,1,0,1054357,1054807,0,1
6,533,1,0,1,0,0,0,1,1057623,1058156,0,1
6,550,1,0,0,1,2,0,1,1060972,1061522,0,0
6,466,0,1,1,0,1,1,0,1064071,1064537,0,0
6,433,0,1,0,1,0,1,0,1067287,1067720,0,1
7,433,0,1,0,1,1,0,1,14686,15119,0,1
7,583,1,0,1,0,0,1,0,17952,18535,0,1
7,749,0,1,0,1,0,0,1,21101,21850,0,1
7,550,0,1,0,1,0,1,0,24866,25416,0,1
7,683,0,1,0,1,1,0,1,28032,28715,0,1
7,467,1,0,1,0,0,1,0,31547,32014,0,1
7,433,1,0,1,0,2,1,0,34896,35329,0,1
7,866,0,1,0,1,0,1,0,38345,39211,0,1
7,450,1,0,0,1,0,1,0,42077,42527,0,0
7,733,1,0,0,1,1,0,1,45359,46092,0,0
7,533,1,0,1,0,2,0,1,48692,49225,0,1
7,683,1,0,1,0,2,1,0,51774,52457,0,1
7,633,0,1,0,1,0,0,1,55123,55756,0,1
7,900,1,0,0,1,0,1,0,58388,59288,0,0
7,616,1,0,1,0,2,0,1,61954,62570,0,1
7,450,1,0,1,0,2,0,1,65386,65836,0,1
7,450,1,0,1,0,1,1,0,68835,69285,0,1
7,667,0,1,0,1,0,1,0,72250,72917,0,1
7,717,0,1,0,1,1,1,0,75799,76516,0,1
7,617,1,0,1,0,1,1,0,79448,80065,0,1
7,783,0,1,0,1,2,1,0,82997,83780,0,1
7,466,1,0,1,0,2,1,0,86796,87262,0,1
7,1149,0,1,1,0,2,1,0,90195,91344,0,0
7,716,0,1,0,1,2,1,0,94210,94926,0,1
7,700,0,1,0,1,0,0,1,97642,98342,0,1
7,483,1,0,0,1,0,0,1,101241,101724,0,0
7,616,1,0,1,0,2,1,0,104290,104906,0,1
7,450,1,0,1,0,2,1,0,107872,108322,0,1
7,567,0,1,0,1,1,1,0,110921,111488,0,1
7,466,1,0,1,0,0,0,1,114337,114803,0,1
7,900,1,0,0,1,2,1,0,117669,118569,0,0
7,617,0,1,0,1,0,1,0,121201,121818,0,1
7,500,1,0,1,0,0,0,1,124483,124983,0,1
7,450,1,0,1,0,1,1,0,127666,128116,0,1
7,550,0,1,0,1,1,0,1,131031,131581,0,1
7,700,0,1,0,1,1,0,1,134263,134963,0,1
7,750,1,0,0,1,2,0,1,137512,138262,0,0
7,467,1,0,1,0,0,0,1,141111,141578,0,1
7,517,0,1,1,0,1,1,0,144410,144927,0,0
7,517,0,1,1,0,1,0,1,147892,148409,0,0
7,666,0,1,0,1,2,0,1,151108,151774,0,1
7,617,0,1,0,1,0,0,1,154623,155240,0,1
7,500,1,0,1,0,0,0,1,157856,158356,0,1
7,467,0,1,0,1,1,1,0,160921,161388,0,1
7,633,0,1,0,1,1,1,0,164087,164720,0,1
7,517,0,1,0,1,1,1,0,167286,167803,0,1
7,500,0,1,0,1,1,0,1,170452,170952,0,1
7,517,0,1,0,1,1,1,0,173917,174434,0,1
7,400,1,0,1,0,2,1,0,177083,177483,0,1
7,700,0,1,0,1,1,1,0,180232,180932,0,1
7,516,1,0,1,0,1,1,0,183731,184247,0,1
7,533,0,1,0,1,1,1,0,187196,187729,0,1
7,566,0,1,0,1,2,0,1,190662,191228,0,1
7,500,1,0,1,0,0,1,0,193844,194344,0,1
7,599,1,0,1,0,2,1,0,196960,197559,0,1
7,466,1,0,1,0,1,0,1,200542,201008,0,1
7,517,0,1,0,1,0,0,1,203657,204174,0,1
7,517,0,1,0,1,1,1,0,207156,207673,0,1
7,533,1,0,1,0,0,0,1,210555,211088,0,1
7,533,1,0,1,0,2,0,1,213921,214454,0,1
7,500,1,0,1,0,2,1,0,216986,217486,0,1
7,583,0,1,1,0,2,0,1,220452,221035,0,0
7,566,1,0,0,1,1,0,1,223801,224367,0,0
7,666,0,1,1,0,0,1,0,227283,227949,0,0
7,483,1,0,1,0,2,0,1,230565,231048,0,1
7,483,1,0,1,0,0,0,1,234014,234497,0,1
7,550,0,1,0,1,1,1,0,237080,237630,0,1
7,549,0,1,0,1,1,0,1,240529,241078,0,1
7,500,1,0,1,0,1,0,1,244094,244594,0,1
7,550,0,1,0,1,0,0,1,247443,247993,0,1
7,467,1,0,1,0,0,0,1,250975,251442,0,1
7,584,0,1,0,1,0,1,0,254257,254841,0,1
7,467,1,0,1,0,1,0,1,266750,267217,0,1
7,483,0,1,0,1,0,0,1,270099,270582,0,1
7,717,0,1,0,1,2,0,1,273531,274248,0,1
7,516,0,1,0,1,0,0,1,277097,277613,0,1
7,466,1,0,1,0,1,0,1,280529,280995,0,1
7,634,0,1,0,1,0,1,0,283644,284278,0,1
7,467,1,0,1,0,0,0,1,287010,287477,0,1
7,800,1,0,0,1,1,0,1,290109,290909,0,0
7,449,1,0,1,0,2,0,1,293575,294024,0,1
7,600,0,1,0,1,0,1,0,296740,297340,0,1
7,684,1,0,1,0,0,1,0,300022,300706,0,1
7,550,0,1,0,1,2,0,1,303305,303855,0,1
7,450,1,0,1,0,2,0,1,306570,307020,0,1
7,567,0,1,0,1,0,0,1,309819,310386,0,1
7,516,1,0,1,0,0,1,0,313002,313518,0,1
7,550,0,1,0,1,2,1,0,316450,317000,0,1
7,683,0,1,0,1,1,0,1,319799,320482,0,1
7,616,1,0,0,1,1,1,0,323082,323698,0,0
7,650,0,1,0,1,1,0,1,326314,326964,0,1
7,500,1,0,1,0,0,1,0,329863,330363,0,1
7,733,1,0,1,0,2,1,0,332928,333661,0,1
7,566,1,0,1,0,2,1,0,336294,336860,0,1
7,533,0,1,1,0,0,1,0,339460,339993,0,0
7,667,0,1,0,1,1,1,0,342925,343592,0,1
7,716,1,0,1,0,2,1,0,346391,347107,0,1
7,566,0,1,0,1,2,0,1,349823,350389,0,1
7,766,0,1,0,1,1,1,0,353105,353871,0,1
7,549,1,0,0,1,1,1,0,356471,357020,0,0
7,599,0,1,0,1,1,0,1,359620,360219,0,1
7,533,0,1,1,0,1,1,0,363135,363668,0,0
7,550,1,0,1,0,2,0,1,366684,367234,0,1
7,467,1,0,1,0,2,0,1,369866,370333,0,1
7,584,0,1,0,1,0,1,0,373298,373882,0,1
7,700,1,0,1,0,2,0,1,376714,377414,0,1
7,483,1,0,1,0,0,0,1,380146,380629,0,1
7,500,1,0,1,0,0,0,1,383212,383712,0,1
7,500,0,1,0,1,1,1,0,386394,386894,0,1
7,484,0,1,0,1,1,1,0,389876,390360,0,1
7,533,0,1,0,1,1,1,0,393209,393742,0,1
7,583,0,1,0,1,0,0,1,396474,397057,0,1
7,500,1,0,1,0,0,0,1,400023,400523,0,1
7,433,1,0,1,0,2,0,1,403355,403788,0,1
7,500,1,0,1,0,2,0,1,406354,406854,0,1
7,550,0,1,0,1,2,0,1,409720,410270,0,1
7,567,0,1,0,1,1,1,0,413035,413602,0,1
7,1133,0,1,1,0,1,1,0,416434,417567,0,0
7,483,1,0,1,0,1,0,1,420516,420999,0,1
7,567,0,1,0,1,0,1,0,423815,424382,0,1
7,433,1,0,1,0,2,0,1,427181,427614,0,1
7,583,0,1,0,1,1,1,0,430280,430863,0,1
7,466,0,1,0,1,1,0,1,433529,433995,0,1
7,649,0,1,0,1,2,0,1,436978,437627,0,1
7,633,1,0,1,0,2,0,1,440610,441243,0,1
7,533,0,1,0,1,1,1,0,443992,444525,0,1
7,583,0,1,0,1,1,1,0,447291,447874,0,1
7,483,1,0,1,0,0,0,1,450806,451289,0,1
7,483,0,1,0,1,0,0,1,453989,454472,0,1
7,483,1,0,1,0,0,0,1,457054,457537,0,1
7,533,0,1,0,1,1,0,1,460403,460936,0,1
7,583,1,0,1,0,2,1,0,463652,464235,0,1
7,550,1,0,1,0,2,0,1,466884,467434,0,1
7,533,0,1,0,1,0,0,1,470067,470600,0,1
7,549,0,1,0,1,0,1,0,473466,474015,0,1
7,533,0,1,0,1,1,0,1,476731,477264,0,1
7,534,1,0,1,0,1,1,0,480063,480597,0,1
7,416,1,0,1,0,2,0,1,483529,483945,0,1
7,433,0,1,0,1,1,1,0,486928,487361,0,1
7,633,0,1,0,1,1,1,0,490327,490960,0,1
7,517,0,1,0,1,0,0,1,493925,494442,0,1
7,467,0,1,0,1,0,1,0,497241,497708,0,1
7,516,1,0,1,0,2,1,0,500557,501073,0,1
7,583,0,1,0,1,0,0,1,504006,504589,0,1
7,450,0,1,0,1,1,1,0,507354,507804,0,1
7,550,1,0,1,0,2,0,1,520724,521274,0,1
7,500,0,1,0,1,1,1,0,524256,524756,0,1
7,567,1,0,1,0,2,1,0,527471,528038,0,1
7,550,0,1,0,1,0,1,0,530920,531470,0,1
7,517,0,1,0,1,1,0,1,534219,534736,0,1
7,433,1,0,1,0,2,0,1,537468,537901,0,1
7,367,0,1,0,1,1,0,1,540800,541167,0,1
7,400,1,0,1,0,0,0,1,544149,544549,0,1
7,600,0,1,1,0,2,1,0,547448,548048,0,0
7,417,1,0,1,0,2,1,0,550947,551364,0,1
7,433,1,0,1,0,2,1,0,553913,554346,0,1
7,483,0,1,1,0,0,1,0,557262,557745,0,0
7,634,0,1,0,1,0,0,1,560760,561394,0,1
7,584,0,1,0,1,2,0,1,564359,564943,0,1
7,550,0,1,0,1,1,0,1,567758,568308,0,1
7,533,0,1,0,1,2,1,0,571274,571807,0,1
7,567,0,1,0,1,2,0,1,574639,575206,0,1
7,500,0,1,0,1,0,1,0,578155,578655,0,1
7,550,0,1,1,0,2,1,0,581370,581920,0,0
7,499,1,0,1,0,2,0,1,584903,585402,0,1
7,533,1,0,1,0,1,0,1,588268,588801,0,1
7,534,1,0,1,0,0,1,0,591650,592184,0,1
7,600,0,1,0,1,0,0,1,594766,595366,0,1
7,483,1,0,1,0,1,1,0,598248,598731,0,1
7,566,1,0,1,0,2,1,0,601414,601980,0,1
7,550,0,1,0,1,0,1,0,604796,605346,0,1
7,600,0,1,0,1,1,1,0,608228,608828,0,1
7,717,0,1,0,1,1,0,1,611427,612144,0,1
7,666,1,0,1,0,1,0,1,614893,615559,0,1
7,583,0,1,0,1,1,0,1,618475,619058,0,1
7,550,0,1,0,1,1,0,1,621707,622257,0,1
7,534,0,1,0,1,1,1,0,625239,625773,0,1
7,616,1,0,1,0,0,0,1,628522,629138,0,1
7,516,0,1,0,1,1,0,1,632154,632670,0,1
7,550,0,1,0,1,1,0,1,635303,635853,0,1
7,533,0,1,0,1,1,0,1,638852,639385,0,1
7,600,0,1,0,1,0,1,0,642184,642784,0,1
7,750,0,1,1,0,2,1,0,645316,646066,0,0
7,567,0,1,0,1,0,0,1,648848,649415,0,1
7,434,1,0,1,0,2,1,0,652230,652664,0,1
7,600,1,0,1,0,1,1,0,655679,656279,0,1
7,666,0,1,1,0,0,1,0,658812,659478,0,0
7,467,1,0,1,0,1,0,1,662360,662827,0,1
7,500,1,0,1,0,2,0,1,665793,666293,0,1
7,416,1,0,1,0,2,0,1,669175,669591,0,1
7,517,1,0,1,0,0,0,1,672407,672924,0,1
7,617,1,0,1,0,2,0,1,675489,676106,0,1
7,550,0,1,0,1,1,0,1,678755,679305,0,1
7,617,0,1,1,0,0,1,0,681987,682604,0,0
7,433,0,1,0,1,1,1,0,685220,685653,0,1
7,349,1,0,1,0,2,1,0,688569,688918,0,1
7,583,1,0,1,0,0,1,0,691484,692067,0,1
7,566,0,1,0,1,1,0,1,695050,695616,0,1
7,683,0,1,0,1,0,0,1,698332,699015,0,1
7,583,0,1,0,1,1,1,0,701881,702464,0,1
7,567,1,0,1,0,0,0,1,705246,705813,0,1
7,617,0,1,0,1,0,0,1,708595,709212,0,1
7,583,1,0,1,0,2,1,0,711861,712444,0,1
7,616,1,0,1,0,2,1,0,715360,715976,0,1
7,533,0,1,0,1,1,0,1,718775,719308,0,1
7,533,1,0,1,0,0,1,0,722224,722757,0,1
7,500,1,0,1,0,0,1,0,725506,726006,0,1
7,500,1,0,1,0,2,1,0,728672,729172,0,1
7,450,1,0,1,0,1,0,1,731788,732238,0,1
7,550,1,0,0,1,2,1,0,734970,735520,0,0
7,583,0,1,0,1,1,1,0,738519,739102,0,1
7,567,1,0,1,0,2,1,0,742001,742568,0,1
7,766,1,0,0,1,1,1,0,745267,746033,0,0
7,534,1,0,1,0,2,0,1,748865,749399,0,1
7,633,1,0,1,0,1,0,1,752398,753031,0,1
7,1000,1,0,1,0,2,0,1,755580,756580,0,1
7,1167,0,1,0,1,0,1,0,759195,760362,0,1
7,533,1,0,1,0,0,1,0,763294,763827,0,1
7,517,1,0,1,0,1,0,1,779016,779533,0,1
7,483,1,0,1,0,0,1,0,782499,782982,0,1
7,566,0,1,0,1,1,1,0,785748,786314,0,1
7,533,1,0,1,0,0,1,0,789180,789713,0,1
7,717,1,0,0,1,0,0,1,792345,793062,0,0
7,749,0,1,0,1,2,1,0,795628,796377,0,1
7,484,1,0,1,0,0,0,1,799176,799660,0,1
7,767,0,1,0,1,1,1,0,802425,803192,0,1
7,467,1,0,1,0,2,0,1,806024,806491,0,1
7,599,0,1,0,1,2,0,1,809157,809756,0,1
7,416,1,0,1,0,0,0,1,812739,813155,0,1
7,450,1,0,1,0,0,0,1,815988,816438,0,1
7,516,1,0,1,0,2,0,1,819170,819686,0,1
7,584,0,1,0,1,0,0,1,822535,823119,0,1
7,833,0,1,0,1,0,0,1,825951,826784,0,1
7,600,0,1,0,1,1,0,1,829500,830100,0,1
7,483,1,0,1,0,2,1,0,832799,833282,0,1
7,767,0,1,0,1,2,1,0,836214,836981,0,1
7,833,0,1,0,1,2,1,0,839863,840696,0,1
7,466,1,0,1,0,0,0,1,843679,844145,0,1
7,533,0,1,0,1,0,0,1,846811,847344,0,1
7,567,0,1,0,1,1,0,1,849893,850460,0,1
7,583,1,0,1,0,2,1,0,853342,853925,0,1
7,483,1,0,1,0,1,1,0,856574,857057,0,1
7,650,1,0,1,0,0,1,0,859973,860623,0,1
7,650,0,1,0,1,2,1,0,863239,863889,0,1
7,583,1,0,1,0,2,1,0,866738,867321,0,1
7,500,1,0,1,0,0,1,0,870336,870836,0,1
7,550,0,1,0,1,2,1,0,873452,874002,0,1
7,666,1,0,1,0,2,1,0,876718,877384,0,1
7,466,1,0,1,0,2,0,1,880000,880466,0,1
7,650,0,1,0,1,2,0,1,883082,883732,0,1
7,433,1,0,1,0,2,0,1,886498,886931,0,1
7,566,0,1,0,1,0,1,0,889697,890263,0,1
7,467,1,0,1,0,1,0,1,892979,893446,0,1
7,583,0,1,0,1,2,0,1,896045,896628,0,1
7,766,0,1,0,1,0,1,0,899427,900193,0,1
7,450,1,0,1,0,2,0,1,902992,903442,0,1
7,550,1,0,1,0,1,1,0,906158,906708,0,1
7,599,0,1,0,1,1,0,1,909524,910123,0,1
7,566,0,1,0,1,0,1,0,913106,913672,0,1
7,517,1,0,1,0,2,1,0,916271,916788,0,1
7,766,0,1,0,1,1,0,1,919554,920320,0,1
7,667,0,1,0,1,2,1,0,923169,923836,0,1
7,500,1,0,1,0,2,0,1,926651,927151,0,1
7,600,1,0,1,0,0,0,1,930083,930683,0,1
7,583,0,1,0,1,1,0,1,933699,934282,0,1
7,633,0,1,0,1,1,1,0,937048,937681,0,1
7,634,0,1,1,0,2,1,0,940413,941047,0,0
7,533,1,0,1,0,0,1,0,944046,944579,0,1
7,684,1,0,1,0,1,0,1,947394,948078,0,1
7,617,0,1,0,1,1,1,0,950793,951410,0,1
7,650,0,1,0,1,2,1,0,954142,954792,0,1
7,583,0,1,0,1,0,1,0,957441,958024,0,1
7,584,0,1,0,1,1,0,1,960723,961307,0,1
7,449,1,0,1,0,0,1,0,964156,964605,0,1
7,449,1,0,1,0,1,1,0,967405,967854,0,1
7,516,1,0,1,0,2,0,1,970487,971003,0,1
7,484,1,0,1,0,0,1,0,973802,974286,0,1
7,434,1,0,1,0,1,1,0,977051,977485,0,1
7,417,1,0,1,0,2,0,1,980217,980634,0,1
7,800,0,1,0,1,2,0,1,983666,984466,0,1
7,616,0,1,0,1,2,1,0,987348,987964,0,1
7,517,1,0,1,0,1,1,0,990530,991047,0,1
7,533,1,0,1,0,0,1,0,993713,994246,0,1
7,433,1,0,1,0,2,0,1,997245,997678,0,1
7,416,1,0,1,0,1,0,1,1000694,1001110,0,1
7,466,1,0,1,0,0,0,1,1003643,1004109,0,1
7,466,1,0,0,1,0,1,0,1007075,1007541,0,0
7,1299,0,0,0,1,1,0,1,1010524,1011823,1,NaN
7,566,1,0,1,0,0,0,1,1014739,1015305,0,1
7,550,1,0,1,0,2,1,0,1018304,1018854,0,1
7,783,0,1,0,1,2,0,1,1021587,1022370,0,1
7,567,1,0,1,0,0,1,0,1041339,1041906,0,1
7,400,1,0,1,0,0,0,1,1044771,1045171,0,1
7,599,0,1,0,1,0,0,1,1048154,1048753,0,1
7,567,0,1,0,1,0,0,1,1051552,1052119,0,1
7,433,1,0,1,0,0,1,0,1054735,1055168,0,1
7,500,1,0,1,0,0,1,0,1058167,1058667,0,1
7,667,0,1,0,1,2,0,1,1061582,1062249,0,1
7,434,1,0,1,0,2,1,0,1065031,1065465,0,1
7,550,0,1,0,1,0,1,0,1068130,1068680,0,1
7,466,1,0,1,0,2,1,0,1071696,1072162,0,1
7,467,0,1,0,1,1,1,0,1074911,1075378,0,1
7,767,0,1,0,1,2,0,1,1078110,1078877,0,1
7,649,0,1,0,1,1,0,1,1081493,1082142,0,1
7,533,0,1,0,1,2,0,1,1084825,1085358,0,1
7,500,1,0,1,0,2,0,1,1088290,1088790,0,1
7,567,0,1,0,1,1,0,1,1091739,1092306,0,1
7,633,0,1,0,1,0,0,1,1094955,1095588,0,1
7,633,0,1,0,1,0,1,0,1098337,1098970,0,1
7,833,0,1,0,1,1,1,0,1101786,1102619,0,1
7,567,0,1,0,1,1,1,0,1105201,1105768,0,1
7,667,0,1,0,1,0,1,0,1108750,1109417,0,1
7,717,0,1,0,1,0,1,0,1112349,1113066,0,1
7,550,1,0,1,0,0,1,0,1115698,1116248,0,1
7,633,0,1,0,1,1,0,1,1118897,1119530,0,1
7,516,1,0,1,0,0,0,1,1122213,1122729,0,1
7,467,1,0,1,0,2,1,0,1125578,1126045,0,1
7,450,1,0,1,0,2,0,1,1128944,1129394,0,1
7,716,1,0,0,1,1,1,0,1132176,1132892,0,0
7,483,1,0,1,0,2,1,0,1135725,1136208,0,1
7,616,0,1,1,0,0,0,1,1139157,1139773,0,0
7,583,0,1,0,1,1,0,1,1142639,1143222,0,1
7,583,0,1,0,1,1,0,1,1146188,1146771,0,1
7,800,0,1,0,1,2,1,0,1149420,1150220,0,1
7,567,0,1,1,0,2,1,0,1153169,1153736,0,0
7,533,1,0,1,0,2,0,1,1156618,1157151,0,1
7,567,0,1,0,1,2,1,0,1159950,1160517,0,1
7,667,1,0,1,0,2,1,0,1163282,1163949,0,1
7,517,0,1,0,1,0,1,0,1166781,1167298,0,1
7,517,1,0,0,1,1,1,0,1170063,1170580,0,0
7,516,1,0,1,0,1,0,1,1173146,1173662,0,1
7,617,0,1,0,1,0,0,1,1176611,1177228,0,1
7,600,0,1,0,1,2,1,0,1180110,1180710,0,1
7,516,1,0,1,0,2,1,0,1183659,1184175,0,1
7,533,0,1,1,0,2,0,1,1186941,1187474,0,0
7,633,0,1,0,1,0,1,0,1190007,1190640,0,1
7,500,1,0,1,0,2,0,1,1193189,1193689,0,1
7,466,1,0,1,0,0,1,0,1196655,1197121,0,1
7,450,1,0,1,0,0,0,1,1199820,1200270,0,1
7,450,1,0,1,0,2,0,1,1202819,1203269,0,1
7,516,1,0,0,1,0,1,0,1206102,1206618,0,0
7,450,1,0,1,0,0,1,0,1209617,1210067,0,1
7,483,1,0,1,0,2,0,1,1212666,1213149,0,1
7,600,1,0,1,0,1,1,0,1215998,1216598,0,1
7,416,1,0,1,0,2,1,0,1219514,1219930,0,1
7,433,1,0,1,0,0,0,1,1222913,1223346,0,1
7,617,0,1,0,1,1,1,0,1225978,1226595,0,1
7,584,0,1,0,1,1,0,1,1229610,1230194,0,1
7,650,1,0,1,0,1,1,0,1233043,1233693,0,1
7,649,0,1,0,1,0,0,1,1236342,1236991,0,1
7,600,0,1,0,1,1,1,0,1239924,1240524,0,1
7,666,0,1,0,1,1,0,1,1243523,1244189,0,1
7,650,1,0,1,0,1,1,0,1246788,1247438,0,1
7,600,0,1,0,1,0,0,1,1250304,1250904,0,1
7,616,1,0,0,1,2,1,0,1253453,1254069,0,0
7,833,0,1,0,1,1,0,1,1256718,1257551,0,1
7,517,1,0,1,0,1,0,1,1260267,1260784,0,1
7,434,1,0,1,0,0,0,1,1263649,1264083,0,1
7,500,1,0,1,0,2,0,1,1266648,1267148,0,1
7,500,1,0,1,0,1,0,1,1270164,1270664,0,1
8,500,1,0,1,0,2,0,1,13900,14400,0,1
8,733,1,0,1,0,0,1,0,16982,17715,0,1
8,467,1,0,1,0,2,0,1,20497,20964,0,1
8,600,1,0,0,1,1,1,0,23613,24213,0,0
8,633,1,0,1,0,1,1,0,27145,27778,0,1
8,700,1,0,0,1,0,1,0,30661,31361,0,0
8,533,1,0,1,0,2,0,1,34243,34776,0,1
8,583,1,0,0,1,1,0,1,37375,37958,0,0
8,650,0,1,0,1,1,0,1,40757,41407,0,1
8,550,1,0,1,0,2,1,0,44256,44806,0,1
8,566,1,0,0,1,2,0,1,47422,47988,0,0
8,534,1,0,1,0,2,0,1,50787,51321,0,1
8,484,1,0,1,0,1,0,1,54136,54620,0,1
8,483,1,0,1,0,2,1,0,57602,58085,0,1
8,533,1,0,1,0,2,1,0,60934,61467,0,1
8,484,1,0,0,1,0,1,0,64366,64850,0,0
8,717,1,0,0,1,0,0,1,67665,68382,0,0
8,634,1,0,0,1,2,1,0,71247,71881,0,0
8,516,1,0,1,0,2,1,0,74630,75146,0,1
8,550,1,0,0,1,1,0,1,77795,78345,0,0
8,450,1,0,1,0,0,1,0,81227,81677,0,1
8,450,1,0,1,0,0,0,1,84410,84860,0,1
8,517,1,0,0,1,2,1,0,87492,88009,0,0
8,517,1,0,0,1,1,0,1,90774,91291,0,0
8,817,1,0,0,1,0,1,0,93823,94640,0,0
8,1016,0,1,0,1,0,0,1,97306,98322,0,1
8,716,1,0,1,0,2,1,0,101071,101787,0,1
8,500,1,0,1,0,2,1,0,104503,105003,0,1
8,517,1,0,0,1,0,1,0,107685,108202,0,0
8,1016,1,0,0,1,0,1,0,111001,112017,0,0
8,600,1,0,1,0,2,0,1,114883,115483,0,1
8,483,1,0,1,0,0,0,1,118049,118532,0,1
8,583,1,0,1,0,0,1,0,121398,121981,0,1
8,583,1,0,1,0,1,1,0,124613,125196,0,1
8,517,1,0,1,0,0,1,0,127762,128279,0,1
8,534,1,0,0,1,0,1,0,130944,131478,0,0
8,533,1,0,1,0,0,0,1,134227,134760,0,1
8,517,1,0,1,0,1,0,1,137292,137809,0,1
8,883,0,1,0,1,0,0,1,140558,141441,0,1
8,733,0,1,0,1,0,1,0,143974,144707,0,1
8,550,0,1,0,1,1,1,0,147539,148089,0,1
8,683,0,1,1,0,2,1,0,150655,151338,0,0
8,517,1,0,1,0,2,0,1,154320,154837,0,1
8,700,0,1,0,1,1,0,1,157419,158119,0,1
8,650,1,0,1,0,1,0,1,160751,161401,0,1
8,583,1,0,1,0,0,0,1,164000,164583,0,1
8,617,0,1,0,1,1,1,0,167599,168216,0,1
8,666,0,1,0,1,1,1,0,170998,171664,0,1
8,866,0,1,0,1,0,0,1,174197,175063,0,1
8,799,0,1,0,1,2,0,1,177996,178795,0,1
8,584,1,0,1,0,0,0,1,181594,182178,0,1
8,484,1,0,1,0,2,1,0,184793,185277,0,1
8,550,1,0,1,0,2,1,0,188092,188642,0,1
8,600,0,1,0,1,0,1,0,191674,192274,0,1
8,567,0,1,0,1,0,0,1,195140,195707,0,1
8,550,0,1,0,1,0,1,0,198422,198972,0,1
8,533,1,0,1,0,0,1,0,201655,202188,0,1
8,466,1,0,1,0,0,1,0,204837,205303,0,1
8,650,0,1,0,1,0,0,1,207986,208636,0,1
8,516,0,1,0,1,1,0,1,211435,211951,0,1
8,949,0,1,0,1,1,0,1,214534,215483,0,1
8,717,0,1,0,1,1,1,0,218199,218916,0,1
8,533,1,0,1,0,2,0,1,221898,222431,0,1
8,467,1,0,1,0,0,0,1,225180,225647,0,1
8,533,0,1,0,1,1,1,0,228396,228929,0,1
8,649,1,0,1,0,0,0,1,231845,232494,0,1
8,467,0,1,0,1,1,1,0,235293,235760,0,1
8,483,1,0,1,0,2,0,1,238309,238792,0,1
8,483,1,0,1,0,0,1,0,241325,241808,0,1
8,500,0,1,0,1,0,1,0,244474,244974,0,1
8,567,0,1,1,0,2,0,1,247556,248123,0,0
8,567,0,1,0,1,2,1,0,250888,251455,0,1
8,633,1,0,1,0,0,1,0,272734,273367,0,1
8,516,1,0,1,0,2,1,0,276300,276816,0,1
8,683,0,1,0,1,2,0,1,279432,280115,0,1
8,500,1,0,1,0,2,0,1,282781,283281,0,1
8,667,0,1,0,1,0,1,0,286213,286880,0,1
8,517,1,0,1,0,0,0,1,289612,290129,0,1
8,483,0,1,0,1,1,1,0,292711,293194,0,1
8,583,1,0,0,1,1,0,1,295843,296426,0,0
8,550,1,0,1,0,2,1,0,299142,299692,0,1
8,433,1,0,1,0,2,0,1,302441,302874,0,1
8,450,1,0,1,0,0,1,0,305490,305940,0,1
8,450,1,0,1,0,2,1,0,308939,309389,0,1
8,400,1,0,1,0,1,0,1,312321,312721,0,1
8,634,0,1,0,1,0,0,1,315403,316037,0,1
8,434,1,0,1,0,2,1,0,318952,319386,0,1
8,583,1,0,1,0,2,1,0,322018,322601,0,1
8,400,1,0,1,0,2,0,1,325234,325634,0,1
8,466,1,0,1,0,0,0,1,328283,328749,0,1
8,817,0,1,0,1,1,0,1,331681,332498,0,1
8,616,0,1,0,1,0,1,0,335447,336063,0,1
8,667,0,1,0,1,0,1,0,338729,339396,0,1
8,683,0,1,0,1,0,1,0,341928,342611,0,1
8,500,0,1,0,1,1,0,1,345177,345677,0,1
8,484,0,1,0,1,0,1,0,348409,348893,0,1
8,517,0,1,0,1,1,0,1,351858,352375,0,1
8,467,1,0,1,0,0,0,1,355090,355557,0,1
8,433,1,0,1,0,2,0,1,358423,358856,0,1
8,633,0,1,0,1,1,1,0,361838,362471,0,1
8,484,0,1,1,0,0,1,0,365170,365654,0,0
8,666,0,1,0,1,1,1,0,368203,368869,0,1
8,617,0,1,1,0,0,0,1,371435,372052,0,0
8,566,0,1,0,1,1,1,0,374901,375467,0,1
8,566,1,0,1,0,2,0,1,378283,378849,0,1
8,467,1,0,1,0,2,0,1,381848,382315,0,1
8,650,0,1,0,1,0,1,0,385330,385980,0,1
8,700,0,1,0,1,1,0,1,388929,389629,0,1
8,516,0,1,1,0,2,1,0,392262,392778,0,0
8,517,0,1,0,1,0,1,0,395427,395944,0,1
8,466,0,1,0,1,0,0,1,398493,398959,0,1
8,433,1,0,1,0,1,0,1,401575,402008,0,1
8,634,0,1,0,1,2,1,0,404807,405441,0,1
8,533,1,0,1,0,1,0,1,408040,408573,0,1
8,849,1,0,0,1,0,0,1,411439,412288,0,0
8,716,0,1,0,1,1,1,0,415021,415737,0,1
8,583,0,1,1,0,0,1,0,418420,419003,0,0
8,850,1,0,0,1,2,0,1,421785,422635,0,0
8,450,1,0,1,0,2,0,1,425184,425634,0,1
8,717,0,1,0,1,2,1,0,428466,429183,0,1
8,600,1,0,0,1,0,1,0,432015,432615,0,0
8,534,1,0,0,1,2,1,0,435147,435681,0,0
8,799,1,0,0,1,1,1,0,438480,439279,0,0
8,983,0,1,0,1,1,0,1,441879,442862,0,1
8,600,1,0,1,0,2,1,0,445511,446111,0,1
8,500,1,0,1,0,1,1,0,448726,449226,0,1
8,617,0,1,0,1,1,1,0,451775,452392,0,1
8,500,1,0,1,0,2,0,1,455374,455874,0,1
8,583,0,1,0,1,2,0,1,458473,459056,0,1
8,733,0,1,0,1,1,0,1,461705,462438,0,1
8,583,1,0,1,0,0,0,1,465188,465771,0,1
8,683,0,1,0,1,2,0,1,468387,469070,0,1
8,550,0,1,0,1,0,1,0,471935,472485,0,1
8,533,0,1,0,1,2,1,0,475284,475817,0,1
8,583,1,0,1,0,0,1,0,478750,479333,0,1
8,417,1,0,1,0,2,0,1,482365,482782,0,1
8,600,0,1,0,1,1,1,0,485381,485981,0,1
8,516,0,1,0,1,1,1,0,488647,489163,0,1
8,550,1,0,1,0,1,0,1,491895,492445,0,1
8,566,1,0,1,0,0,1,0,495378,495944,0,1
8,550,1,0,1,0,2,0,1,498726,499276,0,1
8,683,0,1,0,1,2,0,1,501909,502592,0,1
8,583,0,1,0,1,1,0,1,505191,505774,0,1
8,467,0,1,0,1,1,1,0,508323,508790,0,1
8,583,1,0,1,0,1,0,1,511506,512089,0,1
8,533,1,0,1,0,0,0,1,525378,525911,0,1
8,766,0,1,1,0,1,0,1,528694,529460,0,0
8,617,0,1,0,1,1,0,1,532459,533076,0,1
8,467,1,0,1,0,2,1,0,536091,536558,0,1
8,416,0,1,0,1,2,1,0,539157,539573,0,1
8,533,0,1,0,1,1,1,0,542106,542639,0,1
8,467,0,1,0,1,2,1,0,545588,546055,0,1
8,567,0,1,0,1,0,0,1,548820,549387,0,1
8,433,0,1,0,1,1,1,0,552103,552536,0,1
8,416,0,1,0,1,1,1,0,555435,555851,0,1
8,467,1,0,1,0,1,0,1,558800,559267,0,1
8,450,0,1,0,1,2,0,1,562133,562583,0,1
8,500,0,1,0,1,1,0,1,565265,565765,0,1
8,549,1,0,1,0,1,1,0,568681,569230,0,1
8,534,1,0,1,0,0,0,1,571879,572413,0,1
8,500,1,0,1,0,1,1,0,575328,575828,0,1
8,600,0,1,0,1,1,0,1,578844,579444,0,1
8,483,0,1,0,1,1,0,1,582426,582909,0,1
8,516,0,1,0,1,0,1,0,585825,586341,0,1
8,483,0,1,0,1,0,0,1,589107,589590,0,1
8,400,0,1,0,1,2,1,0,592223,592623,0,1
8,500,1,0,1,0,1,0,1,595305,595805,0,1
8,483,1,0,1,0,2,1,0,598671,599154,0,1
8,433,1,0,1,0,2,0,1,601803,602236,0,1
8,566,0,1,1,0,0,1,0,605252,605818,0,0
8,450,0,1,0,1,1,0,1,608634,609084,0,1
8,500,1,0,1,0,1,1,0,611683,612183,0,1
8,683,1,0,1,0,0,1,0,615149,615832,0,1
8,483,1,0,1,0,0,0,1,618431,618914,0,1
8,484,0,1,1,0,0,1,0,621546,622030,0,0
8,533,0,1,0,1,2,0,1,624679,625212,0,1
8,600,1,0,1,0,0,1,0,627894,628494,0,1
8,583,1,0,1,0,2,1,0,631443,632026,0,1
8,466,0,1,0,1,1,1,0,634959,635425,0,1
8,483,0,1,1,0,2,1,0,638341,638824,0,0
8,466,0,1,0,1,1,1,0,641690,642156,0,1
8,450,1,0,1,0,1,0,1,644772,645222,0,1
8,416,0,1,0,1,0,0,1,648088,648504,0,1
8,450,1,0,1,0,2,1,0,651337,651787,0,1
8,433,0,1,0,1,0,1,0,654719,655152,0,1
8,516,0,1,0,1,0,0,1,658168,658684,0,1
8,567,0,1,0,1,1,0,1,661233,661800,0,1
8,533,0,1,0,1,1,0,1,664366,664899,0,1
8,367,0,1,0,1,1,1,0,667598,667965,0,1
8,600,1,0,1,0,1,1,0,670830,671430,0,1
8,467,1,0,1,0,2,0,1,674429,674896,0,1
8,499,0,1,0,1,1,0,1,677795,678294,0,1
8,483,1,0,1,0,2,1,0,681210,681693,0,1
8,433,1,0,1,0,2,1,0,684709,685142,0,1
8,400,0,1,0,1,1,0,1,687741,688141,0,1
8,650,1,0,1,0,2,1,0,690724,691374,0,1
8,467,0,1,0,1,1,0,1,694139,694606,0,1
8,417,1,0,1,0,0,0,1,697421,697838,0,1
8,534,1,0,1,0,1,1,0,700770,701304,0,1
8,450,0,1,0,1,1,0,1,704236,704686,0,1
8,467,0,1,0,1,1,0,1,707651,708118,0,1
8,450,1,0,1,0,1,1,0,710917,711367,0,1
8,466,1,0,1,0,0,1,0,714166,714632,0,1
8,383,1,0,1,0,0,0,1,717448,717831,0,1
8,616,0,1,0,1,1,1,0,720514,721130,0,1
8,434,0,1,0,1,1,1,0,724029,724463,0,1
8,433,1,0,1,0,1,0,1,727195,727628,0,1
8,650,1,0,1,0,2,0,1,730594,731244,0,1
8,500,1,0,1,0,0,0,1,734059,734559,0,1
8,449,1,0,1,0,2,1,0,737442,737891,0,1
8,467,1,0,1,0,1,1,0,740907,741374,0,1
8,633,0,1,0,1,0,1,0,744356,744989,0,1
8,599,0,1,0,1,1,1,0,747772,748371,0,1
8,450,1,0,1,0,0,0,1,751054,751504,0,1
8,400,1,0,1,0,2,0,1,754186,754586,0,1
8,617,0,1,0,1,0,0,1,757318,757935,0,1
8,433,0,1,0,1,0,0,1,760684,761117,0,1
8,583,0,1,0,1,2,1,0,763950,764533,0,1
8,583,1,0,1,0,0,1,0,781582,782165,0,1
8,483,1,0,1,0,2,1,0,785181,785664,0,1
8,433,0,1,0,1,0,1,0,788213,788646,0,1
8,550,1,0,1,0,2,1,0,791212,791762,0,1
8,467,1,0,1,0,2,1,0,794544,795011,0,1
8,433,0,1,0,1,1,0,1,797810,798243,0,1
8,500,1,0,0,1,1,1,0,801209,801709,0,0
8,567,1,0,0,1,0,0,1,804674,805241,0,0
8,583,0,1,0,1,1,1,0,808240,808823,0,1
8,517,1,0,1,0,2,0,1,811522,812039,0,1
8,466,1,0,1,0,0,0,1,814738,815204,0,1
8,650,1,0,1,0,1,1,0,817903,818553,0,1
8,667,1,0,0,1,0,1,0,821535,822202,0,0
8,800,1,0,1,0,2,1,0,824734,825534,0,1
8,567,0,1,0,1,0,0,1,828566,829133,0,1
8,500,0,1,1,0,1,1,0,831665,832165,0,0
8,483,0,1,1,0,2,1,0,834898,835381,0,0
8,450,1,0,1,0,2,0,1,838380,838830,0,1
8,600,0,1,0,1,2,0,1,841745,842345,0,1
8,533,1,0,1,0,0,0,1,845211,845744,0,1
8,533,0,1,0,1,1,0,1,848643,849176,0,1
8,500,0,1,0,1,1,0,1,852125,852625,0,1
8,550,0,1,0,1,1,0,1,855224,855774,0,1
8,467,1,0,1,0,2,1,0,858473,858940,0,1
8,633,0,1,0,1,2,0,1,861889,862522,0,1
8,600,0,1,0,1,0,0,1,865471,866071,0,1
8,883,0,1,0,1,1,0,1,869070,869953,0,1
8,499,0,1,1,0,1,1,0,872969,873468,0,0
8,533,0,1,0,1,1,1,0,876151,876684,0,1
8,466,0,1,0,1,0,0,1,879650,880116,0,1
8,517,0,1,0,1,2,0,1,882732,883249,0,1
8,466,0,1,0,1,0,0,1,885998,886464,0,1
8,550,0,1,0,1,1,0,1,889263,889813,0,1
8,450,1,0,1,0,1,1,0,892545,892995,0,1
8,633,0,1,0,1,1,1,0,895944,896577,0,1
8,466,1,0,1,0,0,1,0,899310,899776,0,1
8,500,1,0,1,0,2,1,0,902509,903009,0,1
8,600,0,1,0,1,1,0,1,905691,906291,0,1
8,533,0,1,0,1,2,1,0,908907,909440,0,1
8,583,1,0,1,0,2,1,0,911972,912555,0,1
8,500,0,1,0,1,0,0,1,915438,915938,0,1
8,500,1,0,1,0,2,1,0,918787,919287,0,1
8,467,0,1,0,1,2,1,0,922302,922769,0,1
8,517,1,0,1,0,2,0,1,925651,926168,0,1
8,616,1,0,1,0,0,1,0,929017,929633,0,1
8,450,0,1,0,1,1,1,0,932232,932682,0,1
8,466,0,1,0,1,2,1,0,935398,935864,0,1
8,433,1,0,1,0,1,0,1,938680,939113,0,1
8,483,1,0,1,0,2,0,1,941729,942212,0,1
8,466,1,0,1,0,1,1,0,944845,945311,0,1
8,433,1,0,1,0,0,1,0,948094,948527,0,1
8,500,1,0,1,0,2,0,1,951293,951793,0,1
8,650,0,1,0,1,0,0,1,954558,955208,0,1
8,549,1,0,1,0,0,0,1,957891,958440,0,1
8,534,1,0,1,0,2,1,0,961289,961823,0,1
8,500,1,0,1,0,2,0,1,964605,965105,0,1
8,517,0,1,0,1,2,0,1,967687,968204,0,1
8,700,0,1,0,1,1,1,0,970953,971653,0,1
8,517,1,0,1,0,2,1,0,974268,974785,0,1
8,466,1,0,1,0,0,1,0,977701,978167,0,1
8,566,1,0,1,0,2,0,1,981083,981649,0,1
8,600,1,0,1,0,2,0,1,984332,984932,0,1
8,550,1,0,1,0,2,1,0,987764,988314,0,1
8,516,1,0,1,0,0,1,0,991163,991679,0,1
8,550,1,0,1,0,0,0,1,994628,995178,0,1
8,483,0,1,0,1,0,0,1,997894,998377,0,1
8,649,0,1,0,1,1,0,1,1001360,1002009,0,1
8,600,1,0,1,0,0,1,0,1005008,1005608,0,1
8,533,0,1,0,1,1,1,0,1008207,1008740,0,1
8,533,1,0,1,0,1,0,1,1011406,1011939,0,1
8,667,0,1,0,1,0,0,1,1014505,1015172,0,1
8,483,0,1,0,1,0,0,1,1018104,1018587,0,1
8,600,1,0,1,0,0,1,0,1021136,1021736,0,1
8,533,0,1,0,1,2,0,1,1038719,1039252,0,1
8,533,1,0,1,0,0,0,1,1042051,1042584,0,1
8,566,1,0,1,0,0,0,1,1045567,1046133,0,1
8,450,1,0,1,0,2,1,0,1048865,1049315,0,1
8,417,0,1,0,1,0,0,1,1052114,1052531,0,1
8,550,0,1,0,1,2,1,0,1055497,1056047,0,1
8,450,0,1,0,1,1,0,1,1058729,1059179,0,1
8,433,0,1,1,0,2,1,0,1061711,1062144,0,0
8,433,1,0,1,0,0,0,1,1064877,1065310,0,1
8,417,1,0,1,0,2,1,0,1068026,1068443,0,1
8,383,1,0,1,0,2,0,1,1071458,1071841,0,1
8,533,0,1,0,1,1,0,1,1074674,1075207,0,1
8,467,1,0,1,0,2,0,1,1077739,1078206,0,1
8,550,1,0,1,0,1,1,0,1081105,1081655,0,1
8,650,0,1,0,1,0,0,1,1084420,1085070,0,1
8,516,1,0,0,1,1,1,0,1087903,1088419,0,0
8,483,1,0,1,0,0,0,1,1091435,1091918,0,1
8,567,1,0,1,0,2,0,1,1094567,1095134,0,1
8,517,1,0,1,0,1,1,0,1097766,1098283,0,1
8,516,0,1,0,1,2,1,0,1101265,1101781,0,1
8,517,0,1,0,1,0,0,1,1104347,1104864,0,1
8,616,1,0,1,0,2,1,0,1107413,1108029,0,1
8,567,0,1,0,1,0,0,1,1110928,1111495,0,1
8,517,0,1,0,1,1,1,0,1114477,1114994,0,1
8,450,0,1,0,1,2,1,0,1117659,1118109,0,1
8,433,1,0,1,0,1,0,1,1120675,1121108,0,1
8,366,0,1,0,1,1,0,1,1123791,1124157,0,1
8,500,0,1,0,1,1,1,0,1126840,1127340,0,1
8,433,0,1,0,1,0,1,0,1130355,1130788,0,1
8,450,0,1,0,1,1,1,0,1133654,1134104,0,1
8,483,0,1,0,1,1,0,1,1136770,1137253,0,1
8,550,1,0,1,0,1,1,0,1139852,1140402,0,1
8,416,1,0,1,0,2,0,1,1143068,1143484,0,1
8,484,0,1,0,1,0,1,0,1146083,1146567,0,1
8,517,1,0,1,0,2,1,0,1149249,1149766,0,1
8,483,0,1,0,1,2,0,1,1152798,1153281,0,1
8,500,1,0,1,0,2,0,1,1156263,1156763,0,1
8,483,1,0,1,0,2,0,1,1159346,1159829,0,1
8,550,1,0,1,0,1,0,1,1162445,1162995,0,1
8,516,0,1,0,1,2,1,0,1165777,1166293,0,1
8,483,0,1,0,1,1,1,0,1168876,1169359,0,1
8,483,1,0,1,0,0,1,0,1171942,1172425,0,1
8,483,0,1,0,1,0,1,0,1175357,1175840,0,1
8,466,1,0,1,0,1,0,1,1178723,1179189,0,1
8,433,1,0,1,0,2,0,1,1181855,1182288,0,1
8,483,1,0,1,0,2,0,1,1185187,1185670,0,1
8,484,0,1,0,1,0,1,0,1188669,1189153,0,1
8,533,1,0,1,0,0,0,1,1191702,1192235,0,1
8,433,0,1,0,1,2,0,1,1194834,1195267,0,1
8,483,0,1,1,0,2,0,1,1197900,1198383,0,0
8,450,1,0,1,0,0,0,1,1200982,1201432,0,1
8,500,1,0,1,0,0,1,0,1204314,1204814,0,1
8,400,0,1,0,1,2,0,1,1207363,1207763,0,1
8,467,0,1,0,1,1,0,1,1210795,1211262,0,1
8,550,0,1,0,1,2,0,1,1214061,1214611,0,1
8,417,0,1,0,1,1,1,0,1217393,1217810,0,1
8,533,0,1,0,1,0,1,0,1220559,1221092,0,1
8,450,0,1,0,1,1,1,0,1223808,1224258,0,1
8,450,0,1,0,1,0,1,0,1226990,1227440,0,1
8,449,0,1,0,1,1,1,0,1230456,1230905,0,1
8,550,1,0,1,0,0,1,0,1233788,1234338,0,1
8,450,0,1,0,1,0,0,1,1237103,1237553,0,1
8,566,1,0,1,0,2,0,1,1240336,1240902,0,1
8,533,0,1,0,1,1,1,0,1243718,1244251,0,1
8,416,0,1,0,1,1,0,1,1246834,1247250,0,1
8,483,1,0,1,0,2,0,1,1250249,1250732,0,1
8,483,0,1,0,1,1,0,1,1253348,1253831,0,1
8,500,1,0,1,0,0,1,0,1256730,1257230,0,1
8,567,1,0,1,0,0,0,1,1260112,1260679,0,1
9,583,0,1,0,1,1,1,0,10360,10943,0,1
9,416,1,0,1,0,2,1,0,13626,14042,0,1
9,467,1,0,1,0,2,0,1,16641,17108,0,1
9,517,1,0,1,0,1,1,0,19640,20157,0,1
9,534,1,0,1,0,1,0,1,22939,23473,0,1
9,717,0,1,0,1,1,0,1,26438,27155,0,1
9,700,1,0,0,1,1,1,0,29787,30487,0,0
9,717,0,1,0,1,0,0,1,33069,33786,0,1
9,633,1,0,1,0,2,1,0,36502,37135,0,1
9,683,1,0,1,0,0,0,1,39934,40617,0,1
9,567,1,0,1,0,0,1,0,43316,43883,0,1
9,533,1,0,1,0,2,0,1,46815,47348,0,1
9,700,0,1,1,0,1,0,1,50147,50847,0,0
9,700,0,1,0,1,1,1,0,53779,54479,0,1
9,583,0,1,0,1,0,0,1,57095,57678,0,1
9,567,0,1,0,1,0,0,1,60227,60794,0,1
9,684,0,1,0,1,0,0,1,63359,64043,0,1
9,917,0,1,1,0,1,1,0,66575,67492,0,0
9,483,1,0,1,0,2,1,0,70324,70807,0,1
9,917,0,1,0,1,1,0,1,73356,74273,0,1
9,583,1,0,1,0,0,1,0,76972,77555,0,1
9,633,0,1,0,1,1,1,0,80404,81037,0,1
9,583,1,0,1,0,1,0,1,83836,84419,0,1
9,766,0,1,0,1,0,1,0,87352,88118,0,1
9,816,1,0,1,0,0,1,0,91117,91933,0,1
9,583,1,0,1,0,0,1,0,94849,95432,0,1
9,684,0,1,0,1,0,0,1,98031,98715,0,1
9,549,1,0,1,0,0,0,1,101614,102163,0,1
9,750,0,1,0,1,0,0,1,104996,105746,0,1
9,699,0,1,1,0,1,1,0,108595,109294,0,0
9,617,1,0,1,0,1,1,0,112143,112760,0,1
9,467,1,0,1,0,0,0,1,115392,115859,0,1
9,700,0,1,1,0,0,1,0,118841,119541,0,0
9,716,0,1,0,1,0,0,1,122407,123123,0,1
9,800,0,1,0,1,2,1,0,125672,126472,0,1
9,533,1,0,1,0,0,1,0,129071,129604,0,1
9,950,0,1,0,1,1,0,1,132520,133470,0,1
9,883,1,0,1,0,2,1,0,136386,137269,0,1
9,816,1,0,0,1,0,0,1,139818,140634,0,0
9,900,1,0,0,1,0,1,0,143633,144533,0,0
9,983,1,0,1,0,1,1,0,147082,148065,0,1
9,717,0,1,0,1,0,0,1,150747,151464,0,1
9,833,0,1,0,1,1,1,0,154196,155029,0,1
9,700,1,0,1,0,2,0,1,157828,158528,0,1
9,600,1,0,1,0,2,1,0,161144,161744,0,1
9,916,0,1,0,1,0,1,0,164293,165209,0,1
9,1050,0,1,0,1,1,0,1,168058,169108,0,1
9,550,1,0,1,0,2,0,1,171957,172507,0,1
9,583,0,1,0,1,2,1,0,175356,175939,0,1
9,550,1,0,1,0,2,0,1,178572,179122,0,1
9,750,0,1,0,1,0,1,0,181937,182687,0,1
9,650,1,0,1,0,2,0,1,185236,185886,0,1
9,584,1,0,1,0,2,0,1,188418,189002,0,1
9,983,0,1,0,1,1,1,0,192001,192984,0,1
9,833,0,1,0,1,0,0,1,195999,196832,0,1
9,700,0,1,0,1,1,1,0,199748,200448,0,1
9,783,0,1,0,1,1,1,0,203330,204113,0,1
9,733,0,1,0,1,1,0,1,207012,207745,0,1
9,816,0,1,0,1,1,0,1,210328,211144,0,1
9,550,1,0,1,0,2,0,1,214010,214560,0,1
9,783,0,1,0,1,2,0,1,217342,218125,0,1
9,700,0,1,0,1,0,0,1,221008,221708,0,1
9,583,1,0,1,0,0,0,1,224373,224956,0,1
9,566,1,0,1,0,2,1,0,227789,228355,0,1
9,749,0,1,0,1,1,0,1,231338,232087,0,1
9,750,0,1,0,1,0,1,0,235070,235820,0,1
9,600,1,0,1,0,0,0,1,238435,239035,0,1
9,600,1,0,1,0,1,0,1,241684,242284,0,1
9,850,0,1,1,0,2,1,0,245283,246133,0,0
9,583,1,0,1,0,2,0,1,248682,249265,0,1
9,883,0,1,0,1,1,1,0,252081,252964,0,1
9,716,0,1,0,1,1,1,0,255880,256596,0,1
9,683,0,1,0,1,1,1,0,271325,272008,0,1
9,650,0,1,0,1,1,0,1,274941,275591,0,1
9,534,1,0,1,0,0,1,0,278256,278790,0,1
9,583,1,0,1,0,2,1,0,281705,282288,0,1
9,650,0,1,0,1,1,1,0,285254,285904,0,1
9,699,0,1,0,1,1,0,1,288670,289369,0,1
9,533,1,0,1,0,2,0,1,292102,292635,0,1
9,800,0,1,0,1,0,1,0,295401,296201,0,1
9,583,0,1,0,1,1,0,1,299183,299766,0,1
9,767,0,1,0,1,2,0,1,302748,303515,0,1
9,783,0,1,0,1,0,1,0,306064,306847,0,1
9,600,1,0,1,0,2,1,0,309429,310029,0,1
9,784,0,1,0,1,1,0,1,312628,313412,0,1
9,717,0,1,0,1,1,1,0,316077,316794,0,1
9,549,1,0,1,0,1,1,0,319410,319959,0,1
9,600,0,1,0,1,1,0,1,322542,323142,0,1
9,634,1,0,1,0,1,0,1,325857,326491,0,1
9,667,0,1,1,0,0,1,0,329306,329973,0,0
9,584,1,0,1,0,1,0,1,332888,333472,0,1
9,733,0,1,0,1,1,1,0,336487,337220,0,1
9,667,1,0,1,0,2,1,0,340069,340736,0,1
9,750,0,1,0,1,2,1,0,343485,344235,0,1
9,550,1,0,1,0,2,0,1,347100,347650,0,1
9,666,0,1,0,1,1,1,0,350566,351232,0,1
9,750,0,1,0,1,2,0,1,354131,354881,0,1
9,600,0,1,0,1,1,0,1,357680,358280,0,1
9,499,1,0,1,0,2,0,1,360813,361312,0,1
9,733,0,1,0,1,1,1,0,364128,364861,0,1
9,833,1,0,1,0,0,1,0,367394,368227,0,1
9,516,1,0,1,0,0,0,1,371226,371742,0,1
9,666,0,1,0,1,0,0,1,374575,375241,0,1
9,583,1,0,1,0,2,0,1,378040,378623,0,1
9,700,0,1,0,1,2,0,1,381156,381856,0,1
9,567,1,0,1,0,0,1,0,384721,385288,0,1
9,683,0,1,0,1,1,0,1,388254,388937,0,1
9,517,1,0,1,0,2,0,1,391919,392436,0,1
9,650,0,1,0,1,0,1,0,395118,395768,0,1
9,567,1,0,1,0,0,1,0,398500,399067,0,1
9,684,0,1,0,1,2,0,1,401832,402516,0,1
9,683,0,1,0,1,1,0,1,405198,405881,0,1
9,683,0,1,0,1,2,1,0,408830,409513,0,1
9,533,1,0,1,0,2,0,1,412246,412779,0,1
9,716,0,1,0,1,0,1,0,415445,416161,0,1
9,633,0,1,0,1,0,1,0,418894,419527,0,1
9,700,0,1,1,0,1,1,0,422142,422842,0,0
9,683,0,1,0,1,0,0,1,425691,426374,0,1
9,600,1,0,1,0,2,0,1,429390,429990,0,1
9,733,0,1,0,1,0,0,1,432789,433522,0,1
9,583,0,1,0,1,2,0,1,436471,437054,0,1
9,617,1,0,1,0,0,0,1,439720,440337,0,1
9,666,1,0,1,0,0,1,0,442886,443552,0,1
9,767,0,1,0,1,1,1,0,446151,446918,0,1
9,717,0,1,0,1,1,0,1,449733,450450,0,1
9,583,1,0,1,0,0,0,1,453432,454015,0,1
9,833,0,1,1,0,1,1,0,457014,457847,0,0
9,534,1,0,1,0,2,0,1,460796,461330,0,1
9,666,1,0,1,0,0,1,0,464362,465028,0,1
9,600,0,1,0,1,1,0,1,467794,468394,0,1
9,683,0,1,0,1,1,1,0,471143,471826,0,1
9,667,0,1,0,1,0,0,1,474758,475425,0,1
9,583,1,0,1,0,0,0,1,478074,478657,0,1
9,699,0,1,0,1,1,1,0,481440,482139,0,1
9,683,0,1,1,0,0,1,0,484972,485655,0,0
9,733,0,1,0,1,2,1,0,488487,489220,0,1
9,783,1,0,1,0,0,1,0,491836,492619,0,1
9,684,0,1,0,1,2,1,0,495168,495852,0,1
9,600,1,0,1,0,2,1,0,498534,499134,0,1
9,750,0,1,0,1,2,1,0,501983,502733,0,1
9,600,0,1,0,1,1,0,1,505515,506115,0,1
9,683,1,0,1,0,2,1,0,509097,509780,0,1
9,650,0,1,0,1,1,0,1,512563,513213,0,1
9,616,1,0,1,0,0,0,1,515912,516528,0,1
9,750,0,1,0,1,1,1,0,519260,520010,0,1
9,717,0,1,0,1,0,1,0,550156,550873,0,1
9,516,1,0,1,0,2,1,0,553622,554138,0,1
9,466,1,0,1,0,2,1,0,556971,557437,0,1
9,600,0,1,0,1,0,1,0,560303,560903,0,1
9,617,0,1,0,1,2,1,0,563485,564102,0,1
9,800,0,1,0,1,1,1,0,566701,567501,0,1
9,516,1,0,1,0,2,0,1,570433,570949,0,1
9,533,1,0,1,0,1,0,1,573699,574232,0,1
9,683,0,1,0,1,0,0,1,576914,577597,0,1
9,633,1,0,1,0,2,0,1,580496,581129,0,1
9,633,0,1,0,1,2,1,0,583845,584478,0,1
9,566,1,0,1,0,1,1,0,587461,588027,0,1
9,616,1,0,1,0,0,1,0,590893,591509,0,1
9,600,0,1,0,1,2,0,1,594375,594975,0,1
9,633,1,0,1,0,2,0,1,597741,598374,0,1
9,617,1,0,1,0,0,1,0,601056,601673,0,1
9,617,1,0,1,0,1,1,0,604305,604922,0,1
9,600,1,0,1,0,1,0,1,607687,608287,0,1
9,900,0,1,1,0,2,1,0,611236,612136,0,0
9,633,0,1,0,1,1,0,1,614885,615518,0,1
9,717,0,1,0,1,1,1,0,618417,619134,0,1
9,699,0,1,0,1,1,0,1,621883,622582,0,1
9,633,0,1,0,1,2,1,0,625465,626098,0,1
9,633,0,1,0,1,1,1,0,628897,629530,0,1
9,600,0,1,0,1,1,1,0,632196,632796,0,1
9,583,0,1,0,1,1,1,0,635778,636361,0,1
9,700,1,0,1,0,2,1,0,639377,640077,0,1
9,933,0,1,1,0,2,1,0,643042,643975,0,0
9,566,1,0,1,0,1,1,0,646525,647091,0,1
9,749,1,0,1,0,0,0,1,649674,650423,0,1
9,717,0,1,0,1,2,1,0,653422,654139,0,1
9,649,0,1,0,1,1,0,1,656755,657404,0,1
9,800,0,1,0,1,2,0,1,660203,661003,0,1
9,517,1,0,1,0,2,1,0,664002,664519,0,1
9,733,0,1,0,1,1,1,0,667434,668167,0,1
9,850,0,1,0,1,1,1,0,670883,671733,0,1
9,550,1,0,1,0,2,0,1,674382,674932,0,1
9,683,0,1,0,1,2,0,1,677514,678197,0,1
9,583,1,0,1,0,0,0,1,681030,681613,0,1
9,600,1,0,1,0,1,1,0,684162,684762,0,1
9,1016,1,0,1,0,0,0,1,687428,688444,0,1
9,633,0,1,0,1,2,1,0,691110,691743,0,1
9,700,0,1,1,0,2,1,0,694342,695042,0,0
9,683,0,1,0,1,0,1,0,698058,698741,0,1
9,650,1,0,1,0,2,1,0,701540,702190,0,1
9,983,1,0,1,0,2,0,1,704889,705872,0,1
9,650,1,0,1,0,2,1,0,708637,709287,0,1
9,599,1,0,1,0,0,1,0,712120,712719,0,1
9,717,0,1,0,1,1,1,0,715685,716402,0,1
9,700,0,1,0,1,1,0,1,719184,719884,0,1
9,633,1,0,1,0,0,1,0,722666,723299,0,1
9,783,0,1,0,1,0,1,0,726332,727115,0,1
9,733,0,1,0,1,0,1,0,729714,730447,0,1
9,600,1,0,1,0,2,1,0,733429,734029,0,1
9,733,0,1,0,1,1,0,1,736828,737561,0,1
9,533,1,0,1,0,0,0,1,740194,740727,0,1
9,683,1,0,1,0,2,1,0,743443,744126,0,1
9,600,1,0,1,0,1,0,1,747025,747625,0,1
9,617,0,1,0,1,0,1,0,750257,750874,0,1
9,550,1,0,1,0,1,0,1,753789,754339,0,1
9,666,0,1,1,0,2,0,1,756922,757588,0,0
9,600,1,0,1,0,2,1,0,760520,761120,0,1
9,566,1,0,1,0,1,0,1,763753,764319,0,1
9,600,1,0,1,0,0,1,0,767235,767835,0,1
9,550,0,1,0,1,1,1,0,770384,770934,0,1
9,550,1,0,1,0,2,1,0,773799,774349,0,1
9,566,1,0,1,0,2,1,0,777082,777648,0,1
9,684,0,1,1,0,2,1,0,780480,781164,0,0
9,717,0,1,0,1,0,1,0,783796,784513,0,1
9,533,1,0,1,0,2,0,1,787295,787828,0,1
9,900,0,1,1,0,2,1,0,790527,791427,0,0
9,600,1,0,1,0,2,0,1,794409,795009,0,1
9,716,0,1,1,0,0,1,0,797575,798291,0,0
9,733,0,1,0,1,0,1,0,823791,824524,0,1
9,717,0,1,0,1,1,1,0,827506,828223,0,1
9,600,0,1,0,1,1,1,0,830872,831472,0,1
9,600,0,1,0,1,1,0,1,834254,834854,0,1
9,583,0,1,0,1,1,0,1,837786,838369,0,1
9,649,0,1,0,1,0,0,1,841202,841851,0,1
9,566,0,1,0,1,0,1,0,844434,845000,0,1
9,500,1,0,1,0,2,1,0,847766,848266,0,1
9,616,0,1,0,1,0,0,1,851265,851881,0,1
9,516,1,0,1,0,0,0,1,854514,855030,0,1
9,667,0,1,0,1,0,0,1,857646,858313,0,1
9,667,1,0,1,0,0,0,1,860945,861612,0,1
9,767,0,1,0,1,0,0,1,864427,865194,0,1
9,633,0,1,0,1,1,0,1,868093,868726,0,1
9,767,0,1,0,1,2,0,1,871608,872375,0,1
9,516,1,0,1,0,2,0,1,875024,875540,0,1
9,566,1,0,1,0,2,1,0,878523,879089,0,1
9,666,0,1,0,1,1,0,1,881822,882488,0,1
9,583,1,0,1,0,0,0,1,885037,885620,0,1
9,600,1,0,1,0,2,0,1,888586,889186,0,1
9,634,0,1,0,1,0,0,1,892001,892635,0,1
9,683,1,0,1,0,1,1,0,895567,896250,0,1
9,700,0,1,0,1,2,0,1,899182,899882,0,1
9,783,0,1,0,1,1,1,0,902548,903331,0,1
9,534,1,0,1,0,0,0,1,906263,906797,0,1
9,550,1,0,1,0,1,0,1,909512,910062,0,1
9,617,0,1,0,1,0,1,0,912628,913245,0,1
9,550,1,0,1,0,2,1,0,916060,916610,0,1
9,733,0,1,0,1,0,0,1,919576,920309,0,1
9,533,1,0,1,0,0,0,1,923041,923574,0,1
9,599,1,0,1,0,2,1,0,926174,926773,0,1
9,667,0,1,0,1,1,1,0,929572,930239,0,1
9,550,1,0,1,0,0,0,1,932838,933388,0,1
9,699,0,1,0,1,1,1,0,936204,936903,0,1
9,600,0,1,0,1,1,0,1,939619,940219,0,1
9,583,0,1,0,1,1,1,0,942935,943518,0,1
9,733,0,1,0,1,0,0,1,946267,947000,0,1
9,583,0,1,0,1,0,1,0,949866,950449,0,1
9,533,0,1,0,1,0,0,1,953281,953814,0,1
9,599,1,0,1,0,2,0,1,956664,957263,0,1
9,616,1,0,1,0,0,0,1,960296,960912,0,1
9,733,0,1,0,1,1,1,0,963695,964428,0,1
9,550,1,0,1,0,0,0,1,967127,967677,0,1
9,733,0,1,0,1,2,1,0,970259,970992,0,1
9,699,0,1,0,1,0,1,0,973525,974224,0,1
9,566,1,0,1,0,1,1,0,976824,977390,0,1
9,566,1,0,1,0,0,0,1,980356,980922,0,1
9,533,1,0,1,0,2,1,0,983605,984138,0,1
9,566,0,1,0,1,2,0,1,986854,987420,0,1
9,717,0,1,0,1,1,0,1,990152,990869,0,1
9,617,0,1,0,1,1,1,0,993518,994135,0,1
9,533,1,0,1,0,2,0,1,997150,997683,0,1
9,533,1,0,1,0,2,0,1,1000599,1001132,0,1
9,600,1,0,1,0,2,0,1,1003898,1004498,0,1
9,566,1,0,1,0,2,1,0,1007264,1007830,0,1
9,683,0,1,0,1,0,1,0,1010696,1011379,0,1
9,650,0,1,0,1,0,0,1,1014161,1014811,0,1
9,583,1,0,1,0,2,0,1,1017460,1018043,0,1
9,700,0,1,0,1,1,1,0,1020909,1021609,0,1
9,500,1,0,1,0,2,0,1,1024591,1025091,0,1
9,516,1,0,1,0,1,0,1,1028057,1028573,0,1
9,549,1,0,1,0,2,0,1,1031156,1031705,0,1
9,766,1,0,1,0,0,1,0,1034355,1035121,0,1
9,733,0,1,0,1,1,0,1,1038053,1038786,0,1
9,717,0,1,1,0,2,0,1,1041685,1042402,0,0
9,516,1,0,1,0,0,1,0,1045218,1045734,0,1
9,533,1,0,1,0,1,0,1,1048550,1049083,0,1
9,683,0,1,0,1,0,1,0,1051932,1052615,0,1
9,783,0,1,0,1,1,1,0,1055581,1056364,0,1
9,850,0,1,1,0,2,1,0,1059313,1060163,0,0
9,600,1,0,1,0,0,1,0,1062912,1063512,0,1
9,534,1,0,1,0,0,1,0,1066427,1066961,0,1
9,600,1,0,1,0,0,1,0,1069793,1070393,0,1
9,666,1,0,1,0,1,0,1,1132279,1132945,0,1
9,599,1,0,1,0,1,1,0,1135578,1136177,0,1
9,700,0,1,0,1,1,0,1,1138993,1139693,0,1
9,567,1,0,1,0,1,0,1,1142475,1143042,0,1
9,550,0,1,0,1,1,1,0,1145957,1146507,0,1
9,583,0,1,0,1,0,0,1,1149390,1149973,0,1
9,667,0,1,0,1,2,1,0,1152605,1153272,0,1
9,517,1,0,1,0,2,0,1,1155904,1156421,0,1
9,550,1,0,1,0,2,1,0,1159220,1159770,0,1
9,500,1,0,1,0,0,0,1,1162369,1162869,0,1
9,816,0,1,0,1,2,0,1,1165618,1166434,0,1
9,1016,1,0,0,1,0,0,1,1169017,1170033,0,0
9,833,0,1,0,1,2,0,1,1173032,1173865,0,1
9,600,1,0,1,0,0,1,0,1176714,1177314,0,1
9,600,0,1,0,1,1,0,1,1180063,1180663,0,1
9,850,0,1,0,1,0,1,0,1183462,1184312,0,1
9,616,0,1,0,1,0,1,0,1187194,1187810,0,1
9,567,1,0,1,0,0,0,1,1190476,1191043,0,1
9,700,0,1,0,1,0,1,0,1193958,1194658,0,1
9,699,0,1,0,1,1,0,1,1197241,1197940,0,1
9,583,1,0,1,0,2,0,1,1200773,1201356,0,1
9,750,0,1,0,1,2,0,1,1204205,1204955,0,1
9,617,1,0,1,0,1,1,0,1207887,1208504,0,1
9,700,0,1,0,1,2,0,1,1211419,1212119,0,1
9,550,1,0,1,0,0,0,1,1214968,1215518,0,1
9,766,0,1,0,1,0,1,0,1218417,1219183,0,1
9,550,1,0,1,0,0,1,0,1221932,1222482,0,1
9,533,1,0,1,0,0,0,1,1225015,1225548,0,1
9,533,1,0,1,0,1,1,0,1228464,1228997,0,1
9,583,1,0,1,0,1,0,1,1231746,1232329,0,1
9,550,1,0,1,0,0,0,1,1235211,1235761,0,1
9,566,0,1,0,1,2,1,0,1238544,1239110,0,1
9,783,0,1,0,1,2,1,0,1241926,1242709,0,1
9,633,1,0,1,0,2,1,0,1245258,1245891,0,1
9,500,1,0,1,0,2,1,0,1248840,1249340,0,1
9,533,1,0,1,0,1,0,1,1252056,1252589,0,1
9,633,0,1,0,1,0,1,0,1255588,1256221,0,1
9,516,1,0,1,0,0,0,1,1258787,1259303,0,1
9,700,0,1,0,1,2,0,1,1262202,1262902,0,1
9,566,1,0,1,0,2,1,0,1265435,1266001,0,1
9,517,1,0,1,0,2,0,1,1268950,1269467,0,1
9,700,0,1,0,1,1,0,1,1272432,1273132,0,1
9,733,0,1,0,1,1,0,1,1276031,1276764,0,1
9,466,1,0,1,0,2,0,1,1279697,1280163,0,1
9,717,0,1,0,1,1,0,1,1282729,1283446,0,1
9,583,1,0,1,0,2,1,0,1286095,1286678,0,1
9,734,0,1,0,1,0,1,0,1289443,1290177,0,1
9,583,1,0,1,0,2,1,0,1293176,1293759,0,1
9,549,1,0,1,0,2,0,1,1296325,1296874,0,1
9,767,0,1,0,1,0,0,1,1299823,1300590,0,1
9,567,1,0,1,0,2,0,1,1303522,1304089,0,1
9,700,0,1,0,1,1,0,1,1306704,1307404,0,1
9,783,0,1,0,1,0,0,1,1310420,1311203,0,1
9,767,0,1,0,1,2,1,0,1313952,1314719,0,1
9,800,0,1,0,1,1,1,0,1317501,1318301,0,1
9,867,0,1,0,1,1,0,1,1320983,1321850,0,1
9,1017,0,1,0,1,1,1,0,1324565,1325582,0,1
9,717,1,0,1,0,0,1,0,1328114,1328831,0,1
9,833,0,1,1,0,0,0,1,1331446,1332279,0,0
9,517,1,0,1,0,0,1,0,1335045,1335562,0,1
9,550,1,0,1,0,1,1,0,1338161,1338711,0,1
9,916,0,1,0,1,1,0,1,1341260,1342176,0,1
9,900,1,0,1,0,2,0,1,1345142,1346042,0,1
9,599,0,1,0,1,2,0,1,1348741,1349340,0,1
9,700,0,1,1,0,2,1,0,1351873,1352573,0,0
9,817,0,1,0,1,1,0,1,1355355,1356172,0,1
9,767,0,1,0,1,2,1,0,1358837,1359604,0,1
9,749,0,1,0,1,0,0,1,1362170,1362919,0,1
9,717,0,1,0,1,1,0,1,1365768,1366485,0,1
10,466,1,0,1,0,2,0,1,12020,12486,0,1
10,516,1,0,1,0,0,1,0,15452,15968,0,1
10,350,1,0,1,0,2,1,0,18784,19134,0,1
10,366,0,1,0,1,1,0,1,21900,22266,0,1
10,534,1,0,0,1,1,0,1,24815,25349,0,0
10,383,1,0,1,0,2,1,0,27998,28381,0,1
10,367,1,0,0,1,0,1,0,31230,31597,0,0
10,350,0,1,0,1,0,0,1,34146,34496,0,1
10,467,1,0,0,1,2,1,0,37161,37628,0,0
10,416,1,0,1,0,1,1,0,40544,40960,0,1
10,384,1,0,1,0,2,0,1,43809,44193,0,1
10,600,1,0,1,0,1,1,0,47125,47725,0,1
10,500,1,0,0,1,0,0,1,50707,51207,0,0
10,483,0,1,0,1,1,0,1,54006,54489,0,1
10,450,0,1,0,1,0,1,0,57238,57688,0,1
10,516,0,1,0,1,2,0,1,60704,61220,0,1
10,450,0,1,0,1,2,1,0,63986,64436,0,1
10,533,0,1,1,0,2,1,0,67035,67568,0,0
10,433,0,1,0,1,0,0,1,70584,71017,0,1
10,383,1,0,1,0,2,1,0,73766,74149,0,1
10,583,0,1,0,1,1,1,0,77165,77748,0,1
10,384,0,1,0,1,1,0,1,80297,80681,0,1
10,483,0,1,0,1,0,0,1,83580,84063,0,1
10,367,1,0,1,0,2,0,1,86878,87245,0,1
10,367,1,0,1,0,2,1,0,90027,90394,0,1
10,634,0,1,1,0,1,1,0,93176,93810,0,0
10,466,0,1,0,1,1,0,1,96592,97058,0,1
10,466,0,1,0,1,0,1,0,99808,100274,0,1
10,483,1,0,1,0,0,1,0,102840,103323,0,1
10,500,0,1,1,0,0,1,0,106322,106822,0,0
10,517,0,1,1,0,2,1,0,109621,110138,0,0
10,416,1,0,1,0,1,1,0,112887,113303,0,1
10,500,0,1,0,1,2,1,0,115969,116469,0,1
10,700,0,1,1,0,1,0,1,119068,119768,0,0
10,483,0,1,1,0,0,0,1,122534,123017,0,0
10,516,0,1,0,1,1,0,1,125666,126182,0,1
10,650,0,1,1,0,1,0,1,128998,129648,0,0
10,466,0,1,0,1,0,1,0,132514,132980,0,1
10,500,0,1,0,1,1,0,1,135796,136296,0,1
10,450,1,0,1,0,2,0,1,139061,139511,0,1
10,450,1,0,1,0,1,0,1,142410,142860,0,1
10,516,1,0,1,0,0,1,0,145693,146209,0,1
10,517,0,1,1,0,0,0,1,149208,149725,0,0
10,483,1,0,1,0,0,0,1,152374,152857,0,1
10,433,1,0,1,0,2,1,0,155723,156156,0,1
10,550,0,1,0,1,1,1,0,158855,159405,0,1
10,450,0,1,0,1,0,0,1,162137,162587,0,1
10,516,1,0,1,0,2,1,0,165503,166019,0,1
10,450,0,1,0,1,2,1,0,168635,169085,0,1
10,500,0,1,0,1,0,1,0,171701,172201,0,1
10,500,0,1,0,1,0,0,1,174916,175416,0,1
10,433,0,1,0,1,1,1,0,178432,178865,0,1
10,467,0,1,0,1,1,1,0,181864,182331,0,1
10,567,1,0,1,0,0,0,1,185163,185730,0,1
10,417,0,1,1,0,1,1,0,188545,188962,0,0
10,567,0,1,0,1,1,0,1,191594,192161,0,1
10,417,1,0,1,0,2,0,1,194893,195310,0,1
10,450,1,0,0,1,2,0,1,198342,198792,0,0
10,533,0,1,0,1,1,0,1,201774,202307,0,1
10,550,1,0,1,0,0,0,1,205323,205873,0,1
10,583,0,1,1,0,2,1,0,208522,209105,0,0
10,550,0,1,0,1,0,0,1,211654,212204,0,1
10,467,0,1,0,1,0,1,0,214753,215220,0,1
10,483,0,1,0,1,0,1,0,218002,218485,0,1
10,400,1,0,1,0,2,1,0,221268,221668,0,1
10,466,0,1,0,1,1,0,1,224234,224700,0,1
10,367,0,1,0,1,1,0,1,227582,227949,0,1
10,433,1,0,1,0,0,0,1,230615,231048,0,1
10,484,1,0,1,0,0,0,1,233780,234264,0,1
10,467,1,0,1,0,2,0,1,237196,237663,0,1
10,466,1,0,1,0,0,0,1,240445,240911,0,1
10,417,1,0,1,0,2,0,1,243827,244244,0,1
10,717,1,0,1,0,0,0,1,261596,262313,0,1
10,516,0,1,1,0,0,0,1,265162,265678,0,0
10,650,0,1,1,0,1,1,0,268611,269261,0,0
10,417,1,0,1,0,2,0,1,272276,272693,0,1
10,517,1,0,1,0,1,0,1,275708,276225,0,1
10,433,1,0,1,0,1,0,1,278941,279374,0,1
10,534,0,1,0,1,0,0,1,282156,282690,0,1
10,400,1,0,1,0,2,0,1,285655,286055,0,1
10,616,0,1,1,0,2,1,0,288971,289587,0,0
10,566,0,1,1,0,1,0,1,292503,293069,0,0
10,466,0,1,0,1,1,1,0,295919,296385,0,1
10,466,0,1,0,1,2,0,1,299351,299817,0,1
10,584,0,1,1,0,2,1,0,302516,303100,0,0
10,533,0,1,0,1,2,1,0,305649,306182,0,1
10,483,0,1,0,1,0,0,1,309064,309547,0,1
10,417,1,0,1,0,2,0,1,312463,312880,0,1
10,450,0,1,0,1,0,0,1,315912,316362,0,1
10,433,0,1,0,1,1,1,0,319311,319744,0,1
10,417,1,0,1,0,2,0,1,322693,323110,0,1
10,434,0,1,0,1,0,0,1,326025,326459,0,1
10,433,0,1,0,1,0,0,1,329424,329857,0,1
10,433,0,1,0,1,1,1,0,332390,332823,0,1
10,400,1,0,1,0,0,0,1,335689,336089,0,1
10,433,1,0,1,0,0,0,1,339021,339454,0,1
10,483,1,0,1,0,1,0,1,342437,342920,0,1
10,499,0,1,0,1,1,1,0,345786,346285,0,1
10,516,1,0,1,0,2,1,0,349018,349534,0,1
10,650,0,1,1,0,1,0,1,352167,352817,0,0
10,466,0,1,0,1,2,0,1,355766,356232,0,1
10,500,0,1,0,1,0,1,0,358798,359298,0,1
10,500,0,1,0,1,2,0,1,361980,362480,0,1
10,450,1,0,1,0,2,0,1,365496,365946,0,1
10,450,0,1,0,1,0,1,0,368611,369061,0,1
10,400,0,1,0,1,1,1,0,371860,372260,0,1
10,333,0,1,0,1,1,0,1,375043,375376,0,1
10,433,0,1,0,1,1,1,0,378275,378708,0,1
10,383,1,0,1,0,2,0,1,381507,381890,0,1
10,350,0,1,1,0,1,0,1,384839,385189,0,0
10,500,1,0,1,0,0,0,1,388122,388622,0,1
10,533,1,0,1,0,0,1,0,391587,392120,0,1
10,466,0,1,0,1,0,0,1,395053,395519,0,1
10,417,0,1,0,1,1,0,1,398285,398702,0,1
10,383,1,0,1,0,1,0,1,401634,402017,0,1
10,466,0,1,0,1,1,1,0,404583,405049,0,1
10,483,1,0,1,0,0,1,0,408015,408498,0,1
10,516,0,1,0,1,1,0,1,411431,411947,0,1
10,716,0,1,1,0,0,1,0,414480,415196,0,0
10,434,0,1,1,0,0,1,0,418078,418512,0,0
10,584,0,1,1,0,0,0,1,421327,421911,0,0
10,416,0,1,0,1,1,0,1,424610,425026,0,1
10,483,0,1,0,1,2,1,0,428025,428508,0,1
10,466,1,0,1,0,2,1,0,431091,431557,0,1
10,433,0,1,0,1,1,1,0,434440,434873,0,1
10,500,0,1,1,0,1,1,0,437655,438155,0,0
10,434,1,0,1,0,1,1,0,440854,441288,0,1
10,400,1,0,1,0,2,0,1,444003,444403,0,1
10,466,0,1,0,1,2,1,0,447219,447685,0,1
10,467,0,1,0,1,0,0,1,450551,451018,0,1
10,416,1,0,1,0,1,0,1,453817,454233,0,1
10,483,0,1,0,1,0,0,1,457216,457699,0,1
10,450,0,1,1,0,2,1,0,460231,460681,0,0
10,449,1,0,1,0,0,0,1,463664,464113,0,1
10,483,0,1,0,1,0,0,1,466663,467146,0,1
10,383,0,1,0,1,1,0,1,469845,470228,0,1
10,367,0,1,0,1,1,1,0,473177,473544,0,1
10,384,0,1,1,0,2,1,0,476209,476593,0,0
10,433,0,1,1,0,0,1,0,479592,480025,0,0
10,399,0,1,0,1,2,0,1,483041,483440,0,1
10,399,0,1,0,1,0,1,0,486090,486489,0,1
10,383,0,1,0,1,0,0,1,489072,489455,0,1
10,400,0,1,0,1,2,1,0,492437,492837,0,1
10,384,0,1,1,0,1,0,1,495636,496020,0,0
10,450,0,1,0,1,2,1,0,498969,499419,0,1
10,433,1,0,1,0,2,0,1,515445,515878,0,1
10,484,0,1,0,1,0,1,0,518743,519227,0,1
10,483,0,1,0,1,1,0,1,522059,522542,0,1
10,433,0,1,0,1,0,1,0,525225,525658,0,1
10,417,0,1,0,1,1,0,1,528207,528624,0,1
10,450,0,1,1,0,2,1,0,531206,531656,0,0
10,416,1,0,1,0,2,0,1,534655,535071,0,1
10,400,0,1,0,1,0,0,1,537920,538320,0,1
10,566,0,1,1,0,2,0,1,540853,541419,0,0
10,450,0,1,0,1,1,1,0,544435,544885,0,1
10,516,0,1,0,1,1,1,0,547651,548167,0,1
10,383,0,1,1,0,0,0,1,550950,551333,0,0
10,467,1,0,1,0,1,1,0,554265,554732,0,1
10,466,0,1,0,1,0,0,1,557681,558147,0,1
10,433,1,0,1,0,0,1,0,561113,561546,0,1
10,566,0,1,1,0,0,1,0,564212,564778,0,0
10,417,0,1,0,1,2,0,1,567377,567794,0,1
10,417,1,0,1,0,0,0,1,570526,570943,0,1
10,534,1,0,1,0,2,1,0,573825,574359,0,1
10,533,0,1,0,1,1,1,0,576908,577441,0,1
10,400,1,0,1,0,0,0,1,580390,580790,0,1
10,500,0,1,0,1,0,1,0,583705,584205,0,1
10,550,0,1,0,1,0,0,1,586938,587488,0,1
10,516,1,0,1,0,2,0,1,590387,590903,0,1
10,400,0,1,0,1,1,1,0,593769,594169,0,1
10,450,1,0,1,0,0,1,0,597018,597468,0,1
10,366,1,0,1,0,2,0,1,600017,600383,0,1
10,467,1,0,1,0,2,1,0,603149,603616,0,1
10,434,0,1,0,1,2,1,0,606181,606615,0,1
10,416,0,1,0,1,0,1,0,609514,609930,0,1
10,500,0,1,0,1,1,1,0,612829,613329,0,1
10,417,0,1,1,0,2,1,0,616328,616745,0,0
10,483,1,0,1,0,2,0,1,619477,619960,0,1
10,550,0,1,0,1,0,1,0,622693,623243,0,1
10,400,0,1,0,1,1,1,0,626008,626408,0,1
10,384,0,1,0,1,1,0,1,629007,629391,0,1
10,466,1,0,1,0,0,1,0,632190,632656,0,1
10,484,0,1,0,1,0,0,1,635638,636122,0,1
10,400,0,1,0,1,0,1,0,639037,639437,0,1
10,417,0,1,1,0,0,1,0,642086,642503,0,0
10,383,0,1,0,1,0,1,0,645252,645635,0,1
10,417,0,1,0,1,0,0,1,648384,648801,0,1
10,433,0,1,0,1,1,0,1,651600,652033,0,1
10,449,1,0,1,0,2,1,0,654666,655115,0,1
10,450,1,0,1,0,0,1,0,657881,658331,0,1
10,450,0,1,0,1,1,0,1,660880,661330,0,1
10,466,1,0,1,0,2,1,0,663996,664462,0,1
10,483,1,0,1,0,1,0,1,667245,667728,0,1
10,583,0,1,1,0,0,1,0,670377,670960,0,0
10,399,0,1,0,1,1,0,1,673843,674242,0,1
10,400,0,1,0,1,1,1,0,677025,677425,0,1
10,433,0,1,0,1,0,1,0,680274,680707,0,1
10,383,1,0,1,0,2,0,1,683723,684106,0,1
10,633,1,0,1,0,1,1,0,687088,687721,0,1
10,433,0,1,1,0,2,1,0,690404,690837,0,0
10,550,0,1,0,1,2,0,1,693436,693986,0,1
10,417,1,0,1,0,0,0,1,696818,697235,0,1
10,583,0,1,0,1,2,0,1,700051,700634,0,1
10,400,0,1,1,0,0,1,0,703633,704033,0,0
10,384,0,1,1,0,1,1,0,706748,707132,0,0
10,350,1,0,1,0,2,0,1,709764,710114,0,1
10,400,0,1,0,1,1,1,0,712880,713280,0,1
10,483,1,0,1,0,1,1,0,716229,716712,0,1
10,384,1,0,1,0,2,0,1,719344,719728,0,1
10,433,0,1,0,1,1,0,1,722643,723076,0,1
10,350,0,1,0,1,2,1,0,725759,726109,0,1
10,450,0,1,0,1,2,0,1,728658,729108,0,1
10,417,0,1,1,0,0,1,0,731707,732124,0,0
10,416,1,0,1,0,1,0,1,734923,735339,0,1
10,416,0,1,0,1,0,0,1,738105,738521,0,1
10,366,0,1,0,1,0,1,0,741104,741470,0,1
10,366,0,1,0,1,0,1,0,744503,744869,0,1
10,400,0,1,0,1,0,1,0,747668,748068,0,1
10,383,1,0,1,0,0,0,1,763761,764144,0,1
10,467,0,1,0,1,1,0,1,766760,767227,0,1
10,383,0,1,0,1,1,0,1,770059,770442,0,1
10,433,1,0,1,0,0,0,1,773358,773791,0,1
10,533,0,1,0,1,2,1,0,776357,776890,0,1
10,334,1,0,1,0,0,0,1,779572,779906,0,1
10,350,1,0,1,0,2,0,1,782638,782988,0,1
10,367,1,0,1,0,2,0,1,785637,786004,0,1
10,433,0,1,0,1,0,1,0,788853,789286,0,1
10,400,0,1,0,1,1,1,0,792118,792518,0,1
10,350,0,1,0,1,1,0,1,795067,795417,0,1
10,217,1,0,1,0,2,0,1,798033,798250,0,1
10,400,1,0,1,0,2,0,1,801032,801432,0,1
10,400,0,1,0,1,1,1,0,804331,804731,0,1
10,466,0,1,0,1,2,1,0,807547,808013,0,1
10,350,1,0,1,0,2,1,0,810862,811212,0,1
10,400,1,0,1,0,0,1,0,813778,814178,0,1
10,450,0,1,0,1,1,0,1,816877,817327,0,1
10,317,0,1,0,1,1,1,0,820109,820426,0,1
10,384,0,1,0,1,1,1,0,823441,823825,0,1
10,483,0,1,1,0,0,1,0,826657,827140,0,0
10,533,0,1,0,1,2,0,1,829706,830239,0,1
10,316,0,1,0,1,1,1,0,833222,833538,0,1
10,434,0,1,0,1,1,0,1,836420,836854,0,1
10,416,0,1,0,1,1,0,1,839503,839919,0,1
10,367,1,0,1,0,2,0,1,842518,842885,0,1
10,400,1,0,1,0,2,1,0,845884,846284,0,1
10,450,1,0,1,0,2,1,0,848950,849400,0,1
10,333,0,1,0,1,1,1,0,852349,852682,0,1
10,1299,0,0,1,0,2,1,0,855398,856697,1,NaN
10,417,1,0,1,0,0,0,1,859396,859813,0,1
10,366,0,1,0,1,1,0,1,862812,863178,0,1
10,366,0,1,0,1,1,1,0,865811,866177,0,1
10,616,1,0,1,0,2,0,1,868727,869343,0,1
10,367,1,0,1,0,2,1,0,872025,872392,0,1
10,500,0,1,0,1,0,0,1,875208,875708,0,1
10,384,0,1,0,1,0,1,0,878623,879007,0,1
10,683,0,1,1,0,2,0,1,881656,882339,0,0
10,316,1,0,1,0,2,1,0,884955,885271,0,1
10,416,0,1,0,1,1,1,0,888037,888453,0,1
10,534,1,0,1,0,1,0,1,891402,891936,0,1
10,450,1,0,1,0,0,0,1,894718,895168,0,1
10,516,1,0,1,0,2,0,1,898067,898583,0,1
10,483,0,1,0,1,0,1,0,901249,901732,0,1
10,383,0,1,0,1,1,0,1,904348,904731,0,1
10,417,0,1,1,0,0,0,1,907530,907947,0,0
10,400,1,0,1,0,0,1,0,910913,911313,0,1
10,400,1,0,1,0,2,1,0,914178,914578,0,1
10,500,0,1,0,1,2,0,1,917227,917727,0,1
10,483,0,1,0,1,0,1,0,920493,920976,0,1
10,400,1,0,1,0,2,0,1,923858,924258,0,1
10,417,1,0,1,0,0,1,0,927007,927424,0,1
10,350,0,1,0,1,1,1,0,930306,930656,0,1
10,333,1,0,1,0,2,0,1,933372,933705,0,1
10,350,0,1,0,1,1,0,1,936604,936954,0,1
10,666,1,0,1,0,2,1,0,939887,940553,0,1
10,600,1,0,1,0,1,0,1,943369,943969,0,1
10,550,0,1,0,1,1,1,0,946534,947084,0,1
10,550,0,1,0,1,2,0,1,949750,950300,0,1
10,416,1,0,1,0,2,1,0,953066,953482,0,1
10,417,0,1,1,0,2,0,1,956314,956731,0,0
10,433,0,1,0,1,1,1,0,959747,960180,0,1
10,617,0,1,1,0,1,1,0,963062,963679,0,0
10,500,0,1,0,1,0,1,0,966478,966978,0,1
10,383,1,0,1,0,2,1,0,969777,970160,0,1
10,617,0,1,1,0,1,1,0,972759,973376,0,0
10,499,0,1,1,0,2,0,1,976325,976824,0,0
10,433,0,1,0,1,2,1,0,979807,980240,0,1
10,416,0,1,0,1,0,1,0,982956,983372,0,1
10,417,0,1,0,1,1,1,0,986038,986455,0,1
10,416,0,1,0,1,2,1,0,989104,989520,0,1
10,583,1,0,1,0,1,1,0,992403,992986,0,1
10,333,0,1,0,1,1,0,1,995935,996268,0,1
10,433,0,1,1,0,0,1,0,1013091,1013524,0,0
10,417,0,1,0,1,0,0,1,1016156,1016573,0,1
10,500,0,1,0,1,2,0,1,1019205,1019705,0,1
10,433,0,1,0,1,1,0,1,1022321,1022754,0,1
10,350,0,1,1,0,1,1,0,1025720,1026070,0,0
10,483,0,1,1,0,0,0,1,1028869,1029352,0,0
10,550,1,0,1,0,0,0,1,1032001,1032551,0,1
10,450,0,1,0,1,0,0,1,1035417,1035867,0,1
10,533,0,1,0,1,0,1,0,1038632,1039165,0,1
10,350,1,0,1,0,2,0,1,1042014,1042364,0,1
10,384,0,1,0,1,1,1,0,1045113,1045497,0,1
10,517,1,0,1,0,0,1,0,1048179,1048696,0,1
10,484,0,1,0,1,2,1,0,1051311,1051795,0,1
10,416,0,1,0,1,0,0,1,1054594,1055010,0,1
10,367,0,1,0,1,1,0,1,1057959,1058326,0,1
10,500,0,1,0,1,0,1,0,1061258,1061758,0,1
10,450,0,1,0,1,1,1,0,1064740,1065190,0,1
10,516,0,1,0,1,2,1,0,1068073,1068589,0,1
10,383,0,1,0,1,1,1,0,1071388,1071771,0,1
10,599,1,0,1,0,0,1,0,1074421,1075020,0,1
10,500,1,0,1,0,2,0,1,1077869,1078369,0,1
10,500,1,0,1,0,2,0,1,1081335,1081835,0,1
10,567,1,0,1,0,2,0,1,1084817,1085384,0,1
10,434,0,1,0,1,1,0,1,1088199,1088633,0,1
10,533,1,0,1,0,2,1,0,1091615,1092148,0,1
10,500,0,1,0,1,1,0,1,1094997,1095497,0,1
10,383,0,1,0,1,1,0,1,1098096,1098479,0,1
10,483,0,1,0,1,0,1,0,1101412,1101895,0,1
10,367,1,0,1,0,2,0,1,1104627,1104994,0,1
10,349,0,1,1,0,1,0,1,1107910,1108259,0,0
10,500,1,0,1,0,0,0,1,1110992,1111492,0,1
10,417,0,1,0,1,1,1,0,1114424,1114841,0,1
10,550,0,1,1,0,0,1,0,1117573,1118123,0,0
10,584,0,1,1,0,2,1,0,1120755,1121339,0,0
10,366,1,0,1,0,2,1,0,1124038,1124404,0,1
10,416,0,1,0,1,0,0,1,1127137,1127553,0,1
10,433,0,1,0,1,1,1,0,1130102,1130535,0,1
10,533,1,0,1,0,1,0,1,1133285,1133818,0,1
10,384,1,0,1,0,2,0,1,1136483,1136867,0,1
10,400,1,0,1,0,0,0,1,1139549,1139949,0,1
10,500,1,0,1,0,1,1,0,1142565,1143065,0,1
10,434,0,1,0,1,2,0,1,1145780,1146214,0,1
10,534,1,0,1,0,2,1,0,1148929,1149463,0,1
10,533,0,1,1,0,0,1,0,1152412,1152945,0,0
10,517,1,0,1,0,0,0,1,1155927,1156444,0,1
10,400,1,0,1,0,2,1,0,1159359,1159759,0,1
10,366,1,0,1,0,0,1,0,1162392,1162758,0,1
10,400,1,0,1,0,2,1,0,1165607,1166007,0,1
10,450,0,1,0,1,1,0,1,1169023,1169473,0,1
10,567,0,1,0,1,2,0,1,1172438,1173005,0,1
10,567,1,0,1,0,2,1,0,1175537,1176104,0,1
10,500,0,1,0,1,2,0,1,1178703,1179203,0,1
10,400,0,1,0,1,1,1,0,1181952,1182352,0,1
10,484,0,1,0,1,2,1,0,1185317,1185801,0,1
10,400,0,1,0,1,1,0,1,1188750,1189150,0,1
10,483,0,1,0,1,1,1,0,1191949,1192432,0,1
10,517,0,1,0,1,0,0,1,1195447,1195964,0,1
10,617,1,0,1,0,2,1,0,1198696,1199313,0,1
10,384,1,0,1,0,2,0,1,1202095,1202479,0,1
10,433,0,1,1,0,0,1,0,1205261,1205694,0,0
10,550,0,1,0,1,1,1,0,1208560,1209110,0,1
10,433,0,1,0,1,1,0,1,1212142,1212575,0,1
10,467,0,1,0,1,0,0,1,1215324,1215791,0,1
10,400,1,0,1,0,1,1,0,1218773,1219173,0,1
10,467,0,1,0,1,1,1,0,1221955,1222422,0,1
10,367,0,1,0,1,1,0,1,1225221,1225588,0,1
10,467,1,0,1,0,2,1,0,1228453,1228920,0,1
10,500,0,1,0,1,2,0,1,1231552,1232052,0,1
10,483,1,0,1,0,0,1,0,1235001,1235484,0,1
11,1300,0,0,1,0,2,1,0,9165,10465,1,NaN
11,1300,0,0,0,1,0,1,0,13597,14897,1,NaN
11,1199,1,0,0,1,2,1,0,18046,19245,0,0
11,800,1,0,1,0,2,1,0,21894,22694,0,1
11,683,1,0,1,0,0,1,0,25510,26193,0,1
11,599,1,0,1,0,1,1,0,28776,29375,0,1
11,534,1,0,1,0,2,0,1,32224,32758,0,1
11,583,0,1,0,1,2,1,0,35357,35940,0,1
11,466,0,1,0,1,1,0,1,38556,39022,0,1
11,999,0,1,0,1,1,0,1,41905,42904,0,1
11,1150,0,1,0,1,1,0,1,45553,46703,0,1
11,733,1,0,1,0,1,1,0,49552,50285,0,1
11,833,1,0,1,0,1,0,1,53201,54034,0,1
11,650,0,1,0,1,0,1,0,56716,57366,0,1
11,983,0,1,0,1,1,1,0,60065,61048,0,1
11,683,1,0,1,0,1,0,1,63931,64614,0,1
11,650,1,0,1,0,2,0,1,67629,68279,0,1
11,634,0,1,0,1,0,1,0,70978,71612,0,1
11,616,0,1,0,1,0,1,0,74444,75060,0,1
11,899,0,1,0,1,1,1,0,78043,78942,0,1
11,850,0,1,0,1,2,1,0,81675,82525,0,1
11,1233,1,0,1,0,2,1,0,85340,86573,0,1
11,733,0,1,0,1,1,1,0,89189,89922,0,1
11,700,0,1,0,1,1,1,0,92521,93221,0,1
11,766,0,1,0,1,0,1,0,95804,96570,0,1
11,567,0,1,0,1,1,1,0,99352,99919,0,1
11,1067,1,0,1,0,0,0,1,102851,103918,0,1
11,650,0,1,0,1,0,1,0,106833,107483,0,1
11,700,0,1,0,1,2,0,1,110399,111099,0,1
11,683,1,0,1,0,0,1,0,114064,114747,0,1
11,1133,1,0,1,0,0,0,1,117746,118879,0,1
11,767,0,1,1,0,0,1,0,121778,122545,0,0
11,650,0,1,0,1,0,1,0,125094,125744,0,1
11,1066,0,1,0,1,1,1,0,128743,129809,0,1
11,983,0,1,1,0,1,1,0,132625,133608,0,0
11,767,1,0,0,1,1,0,1,136440,137207,0,0
11,516,1,0,0,1,1,1,0,139823,140339,0,0
11,1017,0,1,1,0,0,1,0,143221,144238,0,0
11,749,0,1,0,1,1,1,0,146804,147553,0,1
11,617,1,0,1,0,2,1,0,150369,150986,0,1
11,533,1,0,1,0,1,0,1,153835,154368,0,1
11,516,1,0,1,0,0,0,1,156967,157483,0,1
11,417,1,0,1,0,2,0,1,160282,160699,0,1
11,517,1,0,1,0,0,1,0,163381,163898,0,1
11,550,1,0,1,0,2,1,0,166564,167114,0,1
11,383,1,0,1,0,2,1,0,169813,170196,0,1
11,650,1,0,1,0,1,1,0,173028,173678,0,1
11,617,1,0,1,0,0,1,0,176627,177244,0,1
11,583,1,0,1,0,2,0,1,179826,180409,0,1
11,717,0,1,0,1,1,0,1,183075,183792,0,1
11,583,1,0,1,0,0,1,0,186407,186990,0,1
11,766,1,0,0,1,1,0,1,189690,190456,0,0
11,516,1,0,1,0,1,1,0,193172,193688,0,1
11,733,1,0,1,0,0,1,0,196504,197237,0,1
11,583,1,0,1,0,2,0,1,200136,200719,0,1
11,533,1,0,1,0,2,0,1,203568,204101,0,1
11,700,0,1,0,1,1,1,0,206917,207617,0,1
11,983,0,1,0,1,1,1,0,210449,211432,0,1
11,800,1,0,1,0,2,1,0,214165,214965,0,1
11,634,0,1,0,1,1,1,0,217530,218164,0,1
11,749,1,0,1,0,1,0,1,220763,221512,0,1
11,700,0,1,0,1,1,1,0,224495,225195,0,1
11,634,0,1,0,1,0,1,0,227910,228544,0,1
11,716,1,0,1,0,1,1,0,231176,231892,0,1
11,683,0,1,0,1,1,0,1,234908,235591,0,1
11,933,0,1,0,1,2,0,1,238207,239140,0,1
11,683,1,0,1,0,2,1,0,242139,242822,0,1
11,583,0,1,0,1,0,0,1,245521,246104,0,1
11,984,1,0,0,1,1,0,1,248953,249937,0,0
11,667,1,0,1,0,2,1,0,252652,253319,0,1
11,517,1,0,1,0,2,0,1,256151,256668,0,1
11,849,1,0,1,0,2,1,0,259567,260416,0,1
11,983,1,0,0,1,2,0,1,273769,274752,0,0
11,817,1,0,0,1,1,0,1,277701,278518,0,0
11,616,1,0,1,0,2,0,1,281117,281733,0,1
11,699,0,1,0,1,1,0,1,284366,285065,0,1
11,783,0,1,0,1,1,1,0,287998,288781,0,1
11,700,0,1,0,1,1,0,1,291463,292163,0,1
11,700,1,0,1,0,2,0,1,294779,295479,0,1
11,634,1,0,1,0,1,0,1,298344,298978,0,1
11,583,1,0,1,0,0,0,1,301977,302560,0,1
11,700,1,0,1,0,2,0,1,305109,305809,0,1
11,1066,0,1,0,1,1,0,1,308808,309874,0,1
11,700,1,0,1,0,2,0,1,312440,313140,0,1
11,867,1,0,1,0,1,0,1,316005,316872,0,1
11,634,0,1,0,1,0,1,0,319787,320421,0,1
11,949,0,1,0,1,1,1,0,323320,324269,0,1
11,800,0,1,0,1,1,1,0,326918,327718,0,1
11,600,1,0,1,0,2,0,1,330617,331217,0,1
11,550,1,0,1,0,2,0,1,334099,334649,0,1
11,733,0,1,0,1,2,1,0,337498,338231,0,1
11,667,0,1,0,1,0,1,0,341130,341797,0,1
11,600,1,0,1,0,2,1,0,344379,344979,0,1
11,599,0,1,0,1,0,1,0,347512,348111,0,1
11,633,1,0,1,0,2,1,0,350861,351494,0,1
11,834,1,0,1,0,0,0,1,354109,354943,0,1
11,633,1,0,1,0,2,0,1,357708,358341,0,1
11,700,0,1,0,1,1,0,1,360924,361624,0,1
11,866,1,0,1,0,2,1,0,364573,365439,0,1
11,616,1,0,1,0,2,0,1,368072,368688,0,1
11,817,1,0,1,0,1,1,0,371420,372237,0,1
11,633,1,0,1,0,2,1,0,375036,375669,0,1
11,649,1,0,1,0,1,1,0,378402,379051,0,1
11,634,1,0,1,0,2,1,0,381900,382534,0,1
11,1100,0,1,0,1,0,0,1,385349,386449,0,1
11,600,1,0,1,0,2,1,0,389481,390081,0,1
11,717,1,0,1,0,1,0,1,392963,393680,0,1
11,833,0,1,0,1,1,0,1,396662,397495,0,1
11,716,0,1,0,1,2,0,1,400511,401227,0,1
11,600,1,0,1,0,0,0,1,404126,404726,0,1
11,600,1,0,1,0,2,1,0,407359,407959,0,1
11,717,0,1,0,1,0,1,0,410624,411341,0,1
11,817,1,0,0,1,1,1,0,414306,415123,0,0
11,583,0,1,0,1,1,1,0,417922,418505,0,1
11,784,1,0,1,0,0,1,0,421437,422221,0,1
11,899,0,1,0,1,2,1,0,425070,425969,0,1
11,867,0,1,0,1,0,0,1,428968,429835,0,1
11,1016,0,1,0,1,0,0,1,432567,433583,0,1
11,1150,1,0,1,0,1,1,0,436216,437366,0,1
11,899,1,0,1,0,0,1,0,439965,440864,0,1
11,767,0,1,0,1,2,1,0,443613,444380,0,1
11,700,0,1,0,1,1,0,1,447012,447712,0,1
11,616,1,0,1,0,2,0,1,450445,451061,0,1
11,667,0,1,0,1,0,0,1,454010,454677,0,1
11,816,0,1,0,1,1,0,1,457259,458075,0,1
11,716,0,1,0,1,1,1,0,460875,461591,0,1
11,683,1,0,1,0,2,0,1,464140,464823,0,1
11,816,0,1,0,1,1,1,0,467389,468205,0,1
11,617,0,1,0,1,1,0,1,470921,471538,0,1
11,1099,0,1,0,1,0,0,1,474487,475586,0,1
11,500,1,0,1,0,2,0,1,478485,478985,0,1
11,617,0,1,0,1,1,1,0,481884,482501,0,1
11,600,1,0,1,0,1,0,1,485150,485750,0,1
11,666,0,1,0,1,0,1,0,488349,489015,0,1
11,633,1,0,1,0,0,0,1,492014,492647,0,1
11,600,0,1,0,1,1,1,0,495646,496246,0,1
11,716,1,0,1,0,0,0,1,499179,499895,0,1
11,600,0,1,0,1,0,0,1,502727,503327,0,1
11,500,0,1,0,1,0,1,0,505860,506360,0,1
11,583,0,1,0,1,1,1,0,509309,509892,0,1
11,750,1,0,1,0,2,1,0,512424,513174,0,1
11,650,0,1,0,1,1,0,1,515990,516640,0,1
11,583,1,0,1,0,1,1,0,519455,520038,0,1
11,766,1,0,1,0,0,1,0,522821,523587,0,1
11,600,0,1,0,1,1,0,1,526136,526736,0,1
11,517,0,1,0,1,1,0,1,545602,546119,0,1
11,617,1,0,1,0,2,0,1,548851,549468,0,1
11,433,1,0,0,1,2,1,0,552117,552550,0,0
11,433,0,1,0,1,0,0,1,555433,555866,0,1
11,267,1,0,0,1,2,0,1,558498,558765,0,0
11,616,0,1,0,1,1,1,0,561464,562080,0,1
11,750,0,1,0,1,1,1,0,564829,565579,0,1
11,733,0,1,0,1,1,0,1,568378,569111,0,1
11,600,0,1,0,1,0,0,1,571694,572294,0,1
11,633,0,1,0,1,1,0,1,574993,575626,0,1
11,566,0,1,1,0,0,1,0,578475,579041,0,0
11,1133,1,0,1,0,2,1,0,581941,583074,0,1
11,683,0,1,0,1,1,0,1,586006,586689,0,1
11,683,1,0,1,0,0,0,1,589438,590121,0,1
11,816,1,0,1,0,2,0,1,592737,593553,0,1
11,683,0,1,0,1,1,1,0,596469,597152,0,1
11,550,1,0,1,0,0,1,0,599801,600351,0,1
11,616,0,1,0,1,0,0,1,603367,603983,0,1
11,800,1,0,1,0,0,1,0,606782,607582,0,1
11,850,1,0,1,0,1,1,0,610598,611448,0,1
11,717,0,1,0,1,1,0,1,614313,615030,0,1
11,783,0,1,0,1,1,0,1,617862,618645,0,1
11,716,0,1,0,1,2,0,1,621411,622127,0,1
11,684,0,1,0,1,1,1,0,624976,625660,0,1
11,800,0,1,1,0,2,1,0,628575,629375,0,0
11,866,1,0,1,0,0,1,0,632224,633090,0,1
11,700,1,0,1,0,0,0,1,636023,636723,0,1
11,666,0,1,0,1,2,0,1,639722,640388,0,1
11,633,1,0,1,0,2,1,0,643187,643820,0,1
11,866,0,1,0,1,0,1,0,646753,647619,0,1
11,900,0,1,0,1,2,1,0,650235,651135,0,1
11,733,0,1,0,1,0,0,1,653800,654533,0,1
11,784,1,0,1,0,2,1,0,657382,658166,0,1
11,1033,0,1,0,1,2,0,1,661015,662048,0,1
11,733,0,1,0,1,0,1,0,664863,665596,0,1
11,550,1,0,1,0,1,0,1,668562,669112,0,1
11,733,0,1,0,1,0,0,1,672061,672794,0,1
11,700,1,0,1,0,0,0,1,675710,676410,0,1
11,566,0,1,0,1,0,1,0,679292,679858,0,1
11,583,0,1,0,1,0,0,1,682574,683157,0,1
11,750,1,0,1,0,1,1,0,686056,686806,0,1
11,800,0,1,0,1,1,0,1,689722,690522,0,1
11,866,1,0,1,0,2,1,0,693304,694170,0,1
11,700,1,0,1,0,0,1,0,697003,697703,0,1
11,550,1,0,1,0,0,0,1,700285,700835,0,1
11,633,1,0,1,0,1,0,1,703384,704017,0,1
11,666,0,1,0,1,2,1,0,706583,707249,0,1
11,667,1,0,1,0,1,1,0,710165,710832,0,1
11,1183,1,0,1,0,0,0,1,713381,714564,0,1
11,617,0,1,0,1,1,1,0,717329,717946,0,1
11,650,0,1,0,1,2,0,1,720628,721278,0,1
11,700,1,0,1,0,0,1,0,723994,724694,0,1
11,617,0,1,1,0,0,0,1,727276,727893,0,0
11,684,0,1,1,0,1,0,1,730808,731492,0,0
11,666,1,0,1,0,2,0,1,734224,734890,0,1
11,633,0,1,0,1,2,1,0,737423,738056,0,1
11,767,0,1,0,1,0,0,1,740905,741672,0,1
11,700,1,0,1,0,0,0,1,744687,745387,0,1
11,583,1,0,1,0,2,1,0,748203,748786,0,1
11,716,1,0,1,0,1,1,0,751735,752451,0,1
11,567,0,1,0,1,1,0,1,755267,755834,0,1
11,600,1,0,1,0,0,0,1,758716,759316,0,1
11,700,1,0,1,0,2,0,1,762231,762931,0,1
11,516,0,1,0,1,1,0,1,765664,766180,0,1
11,533,1,0,1,0,2,1,0,768846,769379,0,1
11,583,1,0,1,0,0,0,1,772195,772778,0,1
11,616,0,1,0,1,1,0,1,775594,776210,0,1
11,517,1,0,1,0,1,0,1,779159,779676,0,1
11,500,1,0,1,0,2,0,1,782691,783191,0,1
11,566,1,0,1,0,2,1,0,786007,786573,0,1
11,483,1,0,1,0,2,0,1,789439,789922,0,1
11,833,1,0,0,1,1,0,1,792938,793771,0,0
11,650,1,0,1,0,0,0,1,796320,796970,0,1
11,683,1,0,1,0,1,1,0,806553,807236,0,1
11,617,0,1,0,1,0,0,1,810068,810685,0,1
11,483,0,1,0,1,0,0,1,813534,814017,0,1
11,433,0,1,0,1,0,0,1,816683,817116,0,1
11,384,1,0,1,0,2,0,1,819798,820182,0,1
11,383,0,1,1,0,0,0,1,822931,823314,0,0
11,500,1,0,1,0,2,1,0,826030,826530,0,1
11,517,1,0,1,0,2,0,1,829112,829629,0,1
11,583,0,1,0,1,2,1,0,832311,832894,0,1
11,533,1,0,1,0,0,0,1,835693,836226,0,1
11,649,0,1,0,1,2,0,1,838926,839575,0,1
11,600,0,1,0,1,0,1,0,842358,842958,0,1
11,550,1,0,1,0,0,1,0,845790,846340,0,1
11,517,1,0,1,0,2,1,0,849355,849872,0,1
11,583,0,1,1,0,2,0,1,852471,853054,0,0
11,616,1,0,1,0,0,1,0,855820,856436,0,1
11,616,0,1,0,1,1,0,1,859419,860035,0,1
11,867,0,1,0,1,0,1,0,862834,863701,0,1
11,466,1,0,1,0,2,1,0,866250,866716,0,1
11,584,0,1,0,1,0,1,0,869665,870249,0,1
11,700,0,1,0,1,0,1,0,873214,873914,0,1
11,484,1,0,1,0,2,1,0,876646,877130,0,1
11,550,1,0,1,0,1,0,1,879829,880379,0,1
11,567,0,1,0,1,0,0,1,883111,883678,0,1
11,599,1,0,1,0,2,1,0,886477,887076,0,1
11,666,0,1,0,1,1,0,1,889659,890325,0,1
11,533,1,0,1,0,2,0,1,893091,893624,0,1
11,633,0,1,0,1,1,1,0,896307,896940,0,1
11,516,0,1,0,1,0,0,1,899689,900205,0,1
11,566,1,0,1,0,2,0,1,902955,903521,0,1
11,700,1,0,1,0,0,1,0,906487,907187,0,1
11,683,0,1,0,1,2,0,1,909802,910485,0,1
11,617,1,0,1,0,2,1,0,913451,914068,0,1
11,816,1,0,1,0,2,1,0,916800,917616,0,1
11,700,0,1,0,1,2,1,0,920382,921082,0,1
11,650,1,0,1,0,0,1,0,923764,924414,0,1
11,700,0,1,0,1,0,0,1,927380,928080,0,1
11,733,0,1,0,1,1,0,1,930762,931495,0,1
11,550,1,0,1,0,1,0,1,934061,934611,0,1
11,699,1,0,1,0,0,0,1,937327,938026,0,1
11,883,1,0,1,0,2,0,1,940609,941492,0,1
11,817,0,1,0,1,0,1,0,944174,944991,0,1
11,583,0,1,0,1,1,0,1,947790,948373,0,1
11,700,0,1,0,1,0,0,1,951089,951789,0,1
11,583,0,1,1,0,2,1,0,954654,955237,0,0
11,617,1,0,0,1,1,1,0,957853,958470,0,0
11,717,1,0,1,0,0,1,0,961285,962002,0,1
11,583,0,1,0,1,2,0,1,964801,965384,0,1
11,600,0,1,1,0,1,1,0,968183,968783,0,0
11,500,0,1,0,1,1,1,0,971415,971915,0,1
11,583,1,0,1,0,0,0,1,974631,975214,0,1
11,650,0,1,0,1,1,1,0,977930,978580,0,1
11,633,1,0,1,0,2,1,0,981129,981762,0,1
11,750,1,0,1,0,0,0,1,984728,985478,0,1
11,1300,0,0,0,1,0,0,1,988493,989793,1,NaN
11,883,0,1,1,0,2,0,1,992842,993725,0,0
11,550,1,0,1,0,0,0,1,996674,997224,0,1
11,683,0,1,0,1,0,0,1,1000206,1000889,0,1
11,583,0,1,0,1,2,1,0,1003638,1004221,0,1
11,517,0,1,0,1,0,0,1,1006770,1007287,0,1
11,367,0,1,1,0,1,0,1,1010219,1010586,0,0
11,350,1,0,0,1,0,1,0,1013568,1013918,0,0
11,567,1,0,1,0,0,0,1,1016517,1017084,0,1
11,399,1,0,1,0,2,0,1,1019900,1020299,0,1
11,584,0,1,0,1,2,1,0,1023148,1023732,0,1
11,583,0,1,0,1,2,0,1,1026481,1027064,0,1
11,600,1,0,1,0,2,0,1,1029613,1030213,0,1
11,583,1,0,1,0,2,0,1,1032995,1033578,0,1
11,550,0,1,0,1,1,1,0,1036494,1037044,0,1
11,700,1,0,1,0,0,1,0,1039643,1040343,0,1
11,700,0,1,0,1,0,1,0,1043092,1043792,0,1
11,700,1,0,1,0,1,0,1,1046591,1047291,0,1
11,650,1,0,1,0,2,1,0,1049906,1050556,0,1
11,566,0,1,0,1,0,1,0,1067586,1068152,0,1
11,517,0,1,0,1,1,0,1,1071101,1071618,0,1
11,567,0,1,0,1,2,0,1,1074300,1074867,0,1
11,466,0,1,0,1,1,0,1,1077816,1078282,0,1
11,499,0,1,0,1,1,1,0,1080865,1081364,0,1
11,516,0,1,0,1,1,1,0,1084047,1084563,0,1
11,550,0,1,0,1,0,1,0,1087396,1087946,0,1
11,634,1,0,1,0,2,1,0,1090561,1091195,0,1
11,549,0,1,0,1,0,0,1,1093794,1094343,0,1
11,616,1,0,1,0,0,1,0,1097043,1097659,0,1
11,667,1,0,1,0,0,1,0,1100341,1101008,0,1
11,566,0,1,0,1,1,1,0,1103724,1104290,0,1
11,616,0,1,0,1,1,1,0,1106956,1107572,0,1
11,516,0,1,1,0,0,1,0,1110372,1110888,0,0
11,550,1,0,1,0,0,0,1,1113787,1114337,0,1
11,667,1,0,1,0,2,0,1,1116919,1117586,0,1
11,750,0,1,0,1,1,1,0,1120535,1121285,0,1
11,666,1,0,1,0,2,0,1,1124167,1124833,0,1
11,566,1,0,1,0,2,1,0,1127466,1128032,0,1
11,616,1,0,1,0,1,0,1,1130665,1131281,0,1
11,650,1,0,1,0,0,0,1,1134180,1134830,0,1
11,633,0,1,0,1,1,0,1,1137779,1138412,0,1
11,583,0,1,0,1,0,1,0,1141145,1141728,0,1
11,466,0,1,0,1,1,1,0,1144544,1145010,0,1
11,666,0,1,0,1,2,1,0,1147793,1148459,0,1
11,533,1,0,1,0,0,0,1,1151458,1151991,0,1
11,749,1,0,1,0,1,1,0,1154824,1155573,0,1
11,650,0,1,0,1,2,1,0,1158572,1159222,0,1
11,650,1,0,0,1,2,1,0,1162154,1162804,0,0
11,716,0,1,0,1,1,1,0,1165587,1166303,0,1
11,816,1,0,1,0,0,1,0,1168969,1169785,0,1
11,617,1,0,1,0,2,0,1,1172351,1172968,0,1
11,783,0,1,0,1,1,1,0,1175500,1176283,0,1
11,683,0,1,1,0,2,1,0,1178916,1179599,0,0
11,483,1,0,1,0,1,0,1,1182598,1183081,0,1
11,533,0,1,0,1,0,0,1,1186047,1186580,0,1
11,567,0,1,0,1,1,0,1,1189312,1189879,0,1
11,466,1,0,1,0,0,0,1,1192528,1192994,0,1
11,567,0,1,0,1,2,0,1,1195710,1196277,0,1
11,600,0,1,0,1,0,0,1,1198909,1199509,0,1
11,783,1,0,1,0,0,1,0,1202191,1202974,0,1
11,750,1,0,1,0,2,1,0,1205507,1206257,0,1
11,817,0,1,0,1,2,0,1,1208939,1209756,0,1
11,683,1,0,1,0,2,1,0,1212688,1213371,0,1
11,616,0,1,0,1,1,0,1,1216287,1216903,0,1
11,783,0,1,1,0,0,1,0,1219469,1220252,0,0
11,667,0,1,0,1,1,1,0,1223051,1223718,0,1
11,567,0,1,0,1,0,0,1,1226650,1227217,0,1
11,699,0,1,0,1,1,1,0,1229966,1230665,0,1
11,617,1,0,1,0,2,0,1,1233314,1233931,0,1
11,634,0,1,0,1,1,0,1,1236513,1237147,0,1
11,966,1,0,1,0,2,0,1,1239879,1240845,0,1
11,683,0,1,0,1,1,0,1,1243461,1244144,0,1
11,850,0,1,0,1,2,0,1,1247010,1247860,0,1
11,650,1,0,1,0,1,1,0,1250459,1251109,0,1
11,633,0,1,0,1,1,0,1,1254108,1254741,0,1
11,667,1,0,1,0,2,0,1,1257573,1258240,0,1
11,650,0,1,0,1,0,0,1,1261005,1261655,0,1
11,583,0,1,0,1,2,0,1,1264238,1264821,0,1
11,666,0,1,0,1,0,0,1,1267520,1268186,0,1
11,617,1,0,1,0,2,0,1,1271085,1271702,0,1
11,649,0,1,0,1,0,1,0,1274668,1275317,0,1
11,600,1,0,1,0,2,1,0,1278000,1278600,0,1
11,717,0,1,0,1,0,1,0,1281515,1282232,0,1
11,616,1,0,1,0,2,0,1,1284848,1285464,0,1
11,567,0,1,1,0,0,1,0,1288246,1288813,0,0
11,600,1,0,1,0,0,0,1,1291595,1292195,0,1
11,549,0,1,0,1,0,1,0,1295078,1295627,0,1
11,766,0,1,0,1,2,1,0,1298160,1298926,0,1
12,483,0,1,0,1,2,0,1,10571,11054,0,1
12,433,0,1,0,1,0,0,1,14036,14469,0,1
12,383,0,1,0,1,1,1,0,17302,17685,0,1
12,467,0,1,0,1,0,0,1,20484,20951,0,1
12,483,1,0,1,0,1,0,1,23833,24316,0,1
12,434,1,0,1,0,0,1,0,27115,27549,0,1
12,399,1,0,1,0,2,1,0,30498,30897,0,1
12,400,1,0,1,0,2,0,1,33746,34146,0,1
12,450,1,0,1,0,0,1,0,37045,37495,0,1
12,483,1,0,1,0,0,0,1,40478,40961,0,1
12,383,1,0,1,0,2,0,1,43743,44126,0,1
12,434,1,0,1,0,2,1,0,47125,47559,0,1
12,450,0,1,1,0,0,0,1,50208,50658,0,0
12,416,1,0,1,0,2,1,0,53457,53873,0,1
12,417,1,0,1,0,0,0,1,56772,57189,0,1
12,433,1,0,1,0,2,1,0,59821,60254,0,1
12,433,0,1,0,1,0,0,1,63287,63720,0,1
12,483,0,1,1,0,1,0,1,66686,67169,0,0
12,533,1,0,1,0,2,0,1,69968,70501,0,1
12,683,0,1,0,1,1,0,1,73350,74033,0,1
12,400,1,0,1,0,2,1,0,76966,77366,0,1
12,533,1,0,1,0,1,1,0,79915,80448,0,1
12,649,0,1,0,1,0,1,0,83064,83713,0,1
12,517,0,1,0,1,1,1,0,86612,87129,0,1
12,550,0,1,0,1,0,0,1,89945,90495,0,1
12,483,0,1,0,1,1,0,1,93194,93677,0,1
12,533,0,1,0,1,0,0,1,96426,96959,0,1
12,483,1,0,1,0,0,1,0,99958,100441,0,1
12,516,1,0,1,0,0,1,0,103024,103540,0,1
12,450,1,0,1,0,2,0,1,106423,106873,0,1
12,533,0,1,0,1,0,0,1,109405,109938,0,1
12,533,0,1,0,1,2,1,0,112887,113420,0,1
12,566,1,0,1,0,2,1,0,116053,116619,0,1
12,467,0,1,0,1,1,0,1,119585,120052,0,1
12,616,1,0,1,0,0,1,0,122984,123600,0,1
12,500,0,1,0,1,1,1,0,126466,126966,0,1
12,483,0,1,0,1,0,1,0,129982,130465,0,1
12,567,0,1,0,1,0,1,0,133297,133864,0,1
12,433,1,0,1,0,2,0,1,136646,137079,0,1
12,467,1,0,1,0,1,1,0,139995,140462,0,1
12,483,0,1,0,1,0,0,1,143361,143844,0,1
12,467,1,0,1,0,2,0,1,146659,147126,0,1
12,450,0,1,0,1,0,0,1,149925,150375,0,1
12,466,1,0,1,0,0,0,1,153291,153757,0,1
12,700,0,1,0,1,0,0,1,156556,157256,0,1
12,450,0,1,0,1,1,0,1,160272,160722,0,1
12,517,1,0,1,0,0,1,0,163387,163904,0,1
12,433,0,1,0,1,1,0,1,166636,167069,0,1
12,416,0,1,0,1,0,0,1,169852,170268,0,1
12,400,1,0,1,0,2,0,1,173067,173467,0,1
12,483,0,1,0,1,1,1,0,176017,176500,0,1
12,416,0,1,0,1,1,1,0,179249,179665,0,1
12,450,0,1,0,1,1,0,1,182564,183014,0,1
12,500,1,0,1,0,1,1,0,185730,186230,0,1
12,517,0,1,0,1,1,1,0,189112,189629,0,1
12,416,1,0,1,0,2,0,1,192228,192644,0,1
12,466,0,1,1,0,1,0,1,195577,196043,0,0
12,533,0,1,0,1,1,0,1,198909,199442,0,1
12,566,1,0,1,0,0,1,0,202058,202624,0,1
12,450,0,1,0,1,2,0,1,205207,205657,0,1
12,483,1,0,1,0,0,1,0,208223,208706,0,1
12,450,0,1,0,1,0,0,1,211688,212138,0,1
12,550,0,1,0,1,0,1,0,215120,215670,0,1
12,549,0,1,0,1,1,1,0,218503,219052,0,1
12,417,1,0,1,0,2,1,0,221968,222385,0,1
12,434,1,0,1,0,2,0,1,225300,225734,0,1
12,417,0,1,0,1,0,0,1,228616,229033,0,1
12,384,1,0,1,0,2,0,1,231981,232365,0,1
12,466,0,1,0,1,0,0,1,235064,235530,0,1
12,550,1,0,1,0,0,0,1,238113,238663,0,1
12,466,0,1,0,1,2,1,0,241462,241928,0,1
12,466,1,0,1,0,0,0,1,244511,244977,0,1
12,483,0,1,1,0,1,1,0,265317,265800,0,0
12,666,1,0,1,0,2,1,0,268716,269382,0,1
12,533,0,1,1,0,2,0,1,271948,272481,0,0
12,416,1,0,1,0,2,0,1,275447,275863,0,1
12,434,0,1,0,1,2,1,0,278462,278896,0,1
12,533,0,1,0,1,2,1,0,281578,282111,0,1
12,533,0,1,0,1,2,0,1,284727,285260,0,1
12,450,1,0,1,0,0,1,0,287993,288443,0,1
12,500,0,1,0,1,2,0,1,291225,291725,0,1
12,416,1,0,1,0,0,0,1,294674,295090,0,1
12,433,0,1,0,1,2,1,0,297656,298089,0,1
12,534,0,1,1,0,2,1,0,301038,301572,0,0
12,449,0,1,0,1,0,0,1,304571,305020,0,1
12,499,0,1,0,1,0,1,0,307620,308119,0,1
12,433,1,0,1,0,2,0,1,310785,311218,0,1
12,534,0,1,0,1,0,1,0,313967,314501,0,1
12,717,1,0,1,0,0,1,0,317133,317850,0,1
12,550,1,0,1,0,1,1,0,320682,321232,0,1
12,517,0,1,0,1,2,0,1,323864,324381,0,1
12,450,0,1,0,1,0,1,0,327080,327530,0,1
12,500,0,1,0,1,1,0,1,330162,330662,0,1
12,533,0,1,1,0,2,1,0,333378,333911,0,0
12,533,0,1,0,1,0,1,0,336743,337276,0,1
12,450,1,0,1,0,0,0,1,340209,340659,0,1
12,433,1,0,1,0,2,0,1,343541,343974,0,1
12,516,0,1,0,1,1,0,1,346990,347506,0,1
12,500,0,1,0,1,1,0,1,350272,350772,0,1
12,433,0,1,0,1,1,0,1,353738,354171,0,1
12,633,0,1,0,1,1,0,1,356720,357353,0,1
12,517,0,1,0,1,0,1,0,359969,360486,0,1
12,500,1,0,1,0,0,1,0,363268,363768,0,1
12,534,0,1,0,1,0,1,0,366633,367167,0,1
12,533,0,1,1,0,1,1,0,369849,370382,0,0
12,434,1,0,1,0,2,0,1,373381,373815,0,1
12,466,1,0,1,0,1,0,1,376414,376880,0,1
12,466,0,1,0,1,1,0,1,379596,380062,0,1
12,450,0,1,0,1,0,1,0,382645,383095,0,1
12,550,0,1,0,1,1,1,0,385794,386344,0,1
12,516,1,0,1,0,2,0,1,389193,389709,0,1
12,483,0,1,0,1,2,0,1,392625,393108,0,1
12,616,0,1,0,1,0,1,0,396024,396640,0,1
12,484,0,1,0,1,0,0,1,399339,399823,0,1
12,433,1,0,1,0,0,0,1,402805,403238,0,1
12,416,1,0,1,0,0,0,1,406171,406587,0,1
12,383,1,0,1,0,0,0,1,409503,409886,0,1
12,400,1,0,1,0,2,1,0,412552,412952,0,1
12,400,1,0,1,0,1,1,0,415584,415984,0,1
12,567,0,1,0,1,1,0,1,418866,419433,0,1
12,500,0,1,0,1,0,0,1,422132,422632,0,1
12,417,0,1,0,1,0,0,1,425464,425881,0,1
12,433,0,1,0,1,1,1,0,428763,429196,0,1
12,450,0,1,0,1,1,1,0,431979,432429,0,1
12,450,0,1,0,1,1,1,0,435361,435811,0,1
12,416,0,1,0,1,0,0,1,438777,439193,0,1
12,433,0,1,0,1,0,1,0,442092,442525,0,1
12,434,1,0,1,0,2,1,0,445074,445508,0,1
12,450,0,1,0,1,0,1,0,448240,448690,0,1
12,433,1,0,1,0,2,0,1,451656,452089,0,1
12,533,1,0,1,0,1,1,0,454705,455238,0,1
12,533,0,1,1,0,0,1,0,458037,458570,0,0
12,500,1,0,1,0,0,1,0,461286,461786,0,1
12,500,1,0,1,0,2,1,0,464368,464868,0,1
12,416,0,1,0,1,1,1,0,467684,468100,0,1
12,400,0,1,1,0,0,0,1,471116,471516,0,0
12,416,1,0,1,0,2,1,0,474132,474548,0,1
12,450,1,0,1,0,0,1,0,477297,477747,0,1
12,399,1,0,1,0,2,1,0,480280,480679,0,1
12,416,0,1,0,1,1,1,0,483362,483778,0,1
12,483,0,1,0,1,0,1,0,486361,486844,0,1
12,566,1,0,1,0,2,1,0,489710,490276,0,1
12,400,0,1,0,1,1,0,1,493275,493675,0,1
12,417,1,0,1,0,2,1,0,496291,496708,0,1
12,467,0,1,0,1,1,1,0,499656,500123,0,1
12,516,1,0,1,0,2,1,0,515006,515522,0,1
12,400,0,1,0,1,2,0,1,518271,518671,0,1
12,400,0,1,0,1,1,1,0,521570,521970,0,1
12,400,0,1,1,0,2,0,1,524952,525352,0,0
12,367,0,1,0,1,1,0,1,528268,528635,0,1
12,399,0,1,0,1,1,1,0,531584,531983,0,1
12,366,0,1,0,1,1,1,0,534916,535282,0,1
12,434,1,0,1,0,1,0,1,538231,538665,0,1
12,433,1,0,1,0,2,0,1,541347,541780,0,1
12,366,1,0,1,0,2,0,1,544813,545179,0,1
12,516,0,1,0,1,2,1,0,548095,548611,0,1
12,400,0,1,0,1,1,0,1,551194,551594,0,1
12,566,0,1,0,1,1,0,1,554143,554709,0,1
12,400,1,0,1,0,2,1,0,557458,557858,0,1
12,483,1,0,1,0,1,1,0,560824,561307,0,1
12,399,0,1,1,0,0,1,0,564090,564489,0,0
12,533,0,1,0,1,2,0,1,567172,567705,0,1
12,416,1,0,1,0,0,0,1,570371,570787,0,1
12,550,0,1,0,1,0,0,1,573486,574036,0,1
12,433,0,1,0,1,0,1,0,576619,577052,0,1
12,366,1,0,1,0,2,0,1,579768,580134,0,1
12,434,1,0,1,0,1,0,1,582933,583367,0,1
12,467,1,0,1,0,2,0,1,586032,586499,0,1
12,534,0,1,0,1,1,1,0,589231,589765,0,1
12,416,0,1,0,1,1,1,0,592464,592880,0,1
12,550,0,1,0,1,1,0,1,595596,596146,0,1
12,400,0,1,0,1,0,0,1,598978,599378,0,1
12,583,1,0,1,0,0,0,1,601977,602560,0,1
12,467,1,0,1,0,2,0,1,605509,605976,0,1
12,450,1,0,1,0,1,0,1,608692,609142,0,1
12,833,0,1,0,1,1,1,0,612157,612990,0,1
12,433,1,0,1,0,0,0,1,615773,616206,0,1
12,483,1,0,1,0,2,1,0,618905,619388,0,1
12,483,0,1,0,1,0,0,1,622387,622870,0,1
12,483,1,0,1,0,0,0,1,625886,626369,0,1
12,450,0,1,0,1,1,0,1,629118,629568,0,1
12,767,1,0,1,0,2,1,0,632300,633067,0,1
12,483,0,1,0,1,0,1,0,636083,636566,0,1
12,483,1,0,1,0,1,1,0,639332,639815,0,1
12,450,1,0,1,0,0,1,0,642597,643047,0,1
12,533,0,1,0,1,0,0,1,645713,646246,0,1
12,417,0,1,0,1,1,0,1,649245,649662,0,1
12,450,1,0,1,0,0,0,1,652344,652794,0,1
12,400,1,0,1,0,2,0,1,655476,655876,0,1
12,467,0,1,0,1,0,0,1,658425,658892,0,1
12,466,0,1,1,0,2,1,0,661541,662007,0,0
12,366,0,1,0,1,0,0,1,664990,665356,0,1
12,484,0,1,0,1,0,0,1,667955,668439,0,1
12,466,0,1,0,1,1,0,1,671388,671854,0,1
12,483,1,0,1,0,1,0,1,674387,674870,0,1
12,383,1,0,1,0,2,0,1,677769,678152,0,1
12,466,1,0,1,0,0,0,1,680768,681234,0,1
12,583,1,0,1,0,1,1,0,683884,684467,0,1
12,466,0,1,0,1,0,1,0,687466,687932,0,1
12,567,0,1,0,1,1,1,0,690731,691298,0,1
12,433,1,0,1,0,0,0,1,693997,694430,0,1
12,483,1,0,1,0,0,1,0,697379,697862,0,1
12,500,1,0,1,0,0,1,0,700878,701378,0,1
12,517,0,1,0,1,1,0,1,704010,704527,0,1
12,483,0,1,0,1,1,0,1,707093,707576,0,1
12,466,0,1,0,1,0,1,0,710425,710891,0,1
12,450,1,0,1,0,1,0,1,713840,714290,0,1
12,467,1,0,1,0,2,1,0,717289,717756,0,1
12,416,0,1,0,1,1,1,0,720305,720721,0,1
12,533,0,1,0,1,2,1,0,723737,724270,0,1
12,500,0,1,0,1,1,0,1,726819,727319,0,1
12,483,0,1,0,1,1,1,0,730285,730768,0,1
12,483,1,0,1,0,2,1,0,733417,733900,0,1
12,450,0,1,0,1,1,1,0,736533,736983,0,1
12,433,1,0,1,0,2,1,0,739915,740348,0,1
12,450,1,0,1,0,0,0,1,743031,743481,0,1
12,484,0,1,0,1,0,1,0,746446,746930,0,1
12,516,1,0,1,0,1,0,1,749712,750228,0,1
12,417,0,1,0,1,2,1,0,769544,769961,0,1
12,384,0,1,0,1,2,1,0,772543,772927,0,1
12,400,0,1,1,0,2,1,0,775542,775942,0,0
12,400,1,0,1,0,2,0,1,778625,779025,0,1
12,417,0,1,0,1,2,0,1,781707,782124,0,1
12,433,0,1,0,1,2,0,1,785023,785456,0,1
12,466,1,0,1,0,2,1,0,788305,788771,0,1
12,484,1,0,1,0,2,1,0,791670,792154,0,1
12,500,0,1,0,1,1,1,0,795136,795636,0,1
12,517,0,1,0,1,1,1,0,798368,798885,0,1
12,433,1,0,1,0,2,0,1,801617,802050,0,1
12,567,1,0,1,0,0,0,1,804766,805333,0,1
12,450,1,0,1,0,0,1,0,807932,808382,0,1
12,600,0,1,0,1,2,1,0,811197,811797,0,1
12,433,0,1,0,1,0,1,0,814513,814946,0,1
12,584,0,1,0,1,2,1,0,817545,818129,0,1
12,483,0,1,0,1,1,0,1,820878,821361,0,1
12,550,1,0,1,0,1,0,1,824160,824710,0,1
12,450,1,0,1,0,0,0,1,827392,827842,0,1
12,484,0,1,0,1,1,1,0,830624,831108,0,1
12,617,0,1,0,1,1,0,1,834073,834690,0,1
12,467,1,0,1,0,2,1,0,837255,837722,0,1
12,466,1,0,1,0,2,1,0,840288,840754,0,1
12,450,0,1,0,1,0,1,0,843420,843870,0,1
12,450,0,1,0,1,1,1,0,846519,846969,0,1
12,500,1,0,1,0,2,1,0,849535,850035,0,1
12,483,1,0,1,0,2,0,1,852834,853317,0,1
12,483,0,1,0,1,1,1,0,855866,856349,0,1
12,633,1,0,1,0,2,1,0,859048,859681,0,1
12,433,0,1,1,0,1,1,0,862697,863130,0,0
12,433,0,1,0,1,2,1,0,865946,866379,0,1
12,449,1,0,1,0,0,0,1,869312,869761,0,1
12,450,0,1,0,1,0,1,0,872494,872944,0,1
12,433,1,0,1,0,2,0,1,875543,875976,0,1
12,500,0,1,0,1,1,1,0,878708,879208,0,1
12,483,0,1,0,1,2,1,0,881891,882374,0,1
12,434,1,0,1,0,2,0,1,884906,885340,0,1
12,500,1,0,1,0,0,1,0,888189,888689,0,1
12,583,0,1,0,1,2,0,1,891621,892204,0,1
12,417,1,0,1,0,2,1,0,895153,895570,0,1
12,433,0,1,0,1,1,0,1,898519,898952,0,1
12,533,1,0,1,0,0,1,0,901834,902367,0,1
12,517,1,0,1,0,2,1,0,905166,905683,0,1
12,433,0,1,0,1,2,0,1,908549,908982,0,1
12,400,0,1,0,1,1,0,1,911698,912098,0,1
12,450,0,1,0,1,1,0,1,914647,915097,0,1
12,500,1,0,1,0,2,1,0,917912,918412,0,1
12,600,0,1,0,1,0,1,0,921428,922028,0,1
12,433,0,1,0,1,0,1,0,924677,925110,0,1
12,467,0,1,0,1,0,0,1,927892,928359,0,1
12,383,0,1,0,1,0,1,0,930925,931308,0,1
12,434,0,1,1,0,1,1,0,934090,934524,0,0
12,534,0,1,0,1,2,0,1,937422,937956,0,1
12,450,1,0,1,0,0,0,1,940521,940971,0,1
12,450,0,1,1,0,1,1,0,943587,944037,0,0
12,650,1,0,1,0,0,1,0,946786,947436,0,1
12,516,1,0,1,0,1,1,0,950252,950768,0,1
12,483,1,0,1,0,1,1,0,953517,954000,0,1
12,466,0,1,0,1,2,1,0,957033,957499,0,1
12,533,1,0,1,0,2,0,1,960132,960665,0,1
12,583,1,0,1,0,1,1,0,963431,964014,0,1
12,567,0,1,0,1,2,1,0,966996,967563,0,1
12,516,0,1,0,1,1,0,1,970412,970928,0,1
12,617,1,0,1,0,2,1,0,973927,974544,0,1
12,533,1,0,1,0,1,0,1,977476,978009,0,1
12,566,1,0,1,0,0,1,0,980692,981258,0,1
12,517,0,1,1,0,2,1,0,984190,984707,0,0
12,483,0,1,0,1,1,1,0,987306,987789,0,1
12,516,0,1,0,1,2,0,1,990722,991238,0,1
12,450,0,1,0,1,1,0,1,994137,994587,0,1
12,433,0,1,0,1,0,1,0,997353,997786,0,1
12,500,1,0,1,0,0,1,0,1000502,1001002,0,1
12,433,0,1,0,1,1,1,0,1003851,1004284,0,1
12,434,0,1,1,0,2,0,1,1020646,1021080,0,0
12,533,1,0,1,0,2,0,1,1023712,1024245,0,1
12,434,0,1,0,1,1,1,0,1027144,1027578,0,1
12,450,1,0,1,0,2,0,1,1030543,1030993,0,1
12,484,0,1,0,1,0,0,1,1033975,1034459,0,1
12,534,0,1,0,1,2,0,1,1037024,1037558,0,1
12,449,0,1,1,0,2,1,0,1040507,1040956,0,0
12,467,1,0,1,0,2,1,0,1043822,1044289,0,1
12,450,1,0,1,0,2,0,1,1047021,1047471,0,1
12,483,0,1,0,1,0,0,1,1050437,1050920,0,1
12,467,0,1,0,1,1,0,1,1053469,1053936,0,1
12,417,0,1,0,1,1,1,0,1056501,1056918,0,1
12,433,1,0,1,0,0,0,1,1059767,1060200,0,1
12,516,0,1,0,1,2,1,0,1063116,1063632,0,1
12,500,0,1,0,1,0,1,0,1066531,1067031,0,1
12,467,0,1,0,1,2,0,1,1069930,1070397,0,1
12,450,0,1,0,1,1,0,1,1073146,1073596,0,1
12,466,0,1,0,1,1,0,1,1076195,1076661,0,1
12,433,1,0,1,0,0,1,0,1079227,1079660,0,1
12,400,1,0,1,0,1,1,0,1082576,1082976,0,1
12,500,0,1,0,1,2,0,1,1085608,1086108,0,1
12,450,0,1,0,1,0,1,0,1088874,1089324,0,1
12,483,0,1,0,1,1,1,0,1092173,1092656,0,1
12,483,0,1,0,1,1,1,0,1095372,1095855,0,1
12,483,1,0,1,0,0,1,0,1098604,1099087,0,1
12,567,1,0,1,0,0,1,0,1101986,1102553,0,1
12,566,0,1,0,1,1,1,0,1105119,1105685,0,1
12,533,0,1,0,1,1,0,1,1108384,1108917,0,1
12,450,1,0,1,0,1,0,1,1111800,1112250,0,1
12,417,1,0,1,0,1,0,1,1114865,1115282,0,1
12,533,1,0,1,0,0,0,1,1118281,1118814,0,1
12,466,0,1,0,1,1,1,0,1121397,1121863,0,1
12,533,0,1,0,1,1,0,1,1124529,1125062,0,1
12,483,1,0,1,0,0,0,1,1127961,1128444,0,1
12,484,1,0,1,0,0,1,0,1131393,1131877,0,1
12,516,0,1,0,1,0,0,1,1134476,1134992,0,1
12,450,1,0,1,0,0,0,1,1137708,1138158,0,1
12,434,1,0,1,0,0,1,0,1140740,1141174,0,1
12,483,1,0,1,0,2,0,1,1143773,1144256,0,1
12,649,0,1,0,1,1,0,1,1147022,1147671,0,1
12,583,0,1,0,1,1,1,0,1150287,1150870,0,1
12,516,0,1,0,1,1,0,1,1153836,1154352,0,1
12,416,1,0,1,0,2,0,1,1156935,1157351,0,1
12,583,0,1,0,1,0,1,0,1160317,1160900,0,1
12,517,0,1,0,1,1,1,0,1163566,1164083,0,1
12,416,1,0,1,0,1,0,1,1166932,1167348,0,1
12,450,1,0,1,0,2,0,1,1170147,1170597,0,1
12,567,0,1,1,0,0,1,0,1173246,1173813,0,0
12,450,1,0,1,0,1,0,1,1176728,1177178,0,1
12,433,1,0,1,0,2,0,1,1179911,1180344,0,1
12,550,0,1,0,1,0,0,1,1183026,1183576,0,1
12,517,1,0,0,1,2,1,0,1186325,1186842,0,0
12,616,1,0,1,0,0,0,1,1189491,1190107,0,1
12,450,1,0,1,0,2,1,0,1193056,1193506,0,1
12,466,1,0,1,0,0,0,1,1196472,1196938,0,1
12,533,1,0,1,0,2,1,0,1199671,1200204,0,1
12,600,0,1,0,1,1,0,1,1203153,1203753,0,1
12,517,0,1,0,1,1,1,0,1206485,1207002,0,1
12,450,1,0,1,0,1,0,1,1209951,1210401,0,1
12,550,0,1,0,1,2,1,0,1213150,1213700,0,1
12,484,1,0,1,0,2,0,1,1216365,1216849,0,1
12,483,1,0,1,0,1,0,1,1219498,1219981,0,1
12,533,0,1,0,1,1,0,1,1222647,1223180,0,1
12,450,0,1,0,1,1,1,0,1225879,1226329,0,1
12,567,0,1,0,1,2,0,1,1228961,1229528,0,1
12,533,0,1,0,1,1,0,1,1232210,1232743,0,1
12,483,1,0,1,0,2,0,1,1235326,1235809,0,1
12,433,1,0,1,0,2,1,0,1238375,1238808,0,1
12,483,1,0,1,0,2,0,1,1241757,1242240,0,1
13,499,1,0,1,0,2,0,1,12209,12708,0,1
13,583,1,0,0,1,0,1,0,15291,15874,0,0
13,417,1,0,1,0,1,1,0,18606,19023,0,1
13,550,1,0,0,1,1,0,1,21589,22139,0,0
13,483,1,0,0,1,1,0,1,24688,25171,0,0
13,450,1,0,1,0,0,1,0,28020,28470,0,1
13,549,0,1,0,1,2,1,0,31486,32035,0,1
13,433,1,0,1,0,2,0,1,34768,35201,0,1
13,534,0,1,0,1,0,0,1,37833,38367,0,1
13,450,0,1,1,0,0,1,0,41199,41649,0,0
13,549,1,0,0,1,1,0,1,44415,44964,0,0
13,483,0,1,0,1,0,0,1,47680,48163,0,1
13,433,1,0,0,1,2,0,1,51146,51579,0,0
13,500,0,1,0,1,0,0,1,54345,54845,0,1
13,433,1,0,1,0,0,0,1,57427,57860,0,1
13,533,1,0,0,1,1,1,0,60576,61109,0,0
13,466,1,0,1,0,0,0,1,64025,64491,0,1
13,500,0,1,1,0,2,1,0,67324,67824,0,0
13,484,1,0,0,1,1,0,1,70489,70973,0,0
13,516,1,0,0,1,1,0,1,73672,74188,0,0
13,583,0,1,1,0,0,0,1,77187,77770,0,0
13,533,1,0,1,0,0,1,0,80370,80903,0,1
13,499,1,0,0,1,0,1,0,83469,83968,0,0
13,517,1,0,0,1,1,0,1,86617,87134,0,0
13,434,1,0,1,0,1,1,0,89916,90350,0,1
13,500,1,0,1,0,2,0,1,93065,93565,0,1
13,467,1,0,0,1,1,0,1,96114,96581,0,0
13,534,1,0,1,0,0,0,1,99313,99847,0,1
13,450,1,0,1,0,1,1,0,102762,103212,0,1
13,483,1,0,0,1,0,1,0,105811,106294,0,0
13,467,1,0,0,1,1,1,0,108860,109327,0,0
13,433,1,0,0,1,1,0,1,111859,112292,0,0
13,417,1,0,1,0,2,1,0,115158,115575,0,1
13,516,1,0,1,0,1,0,1,118174,118690,0,1
13,484,1,0,0,1,0,1,0,121489,121973,0,0
13,499,1,0,0,1,1,0,1,124822,125321,0,0
13,683,0,1,0,1,0,0,1,128004,128687,0,1
13,666,0,1,0,1,1,0,1,131653,132319,0,1
13,500,1,0,1,0,2,1,0,135018,135518,0,1
13,500,0,1,0,1,1,0,1,138067,138567,0,1
13,567,0,1,0,1,2,0,1,141316,141883,0,1
13,550,0,1,0,1,1,1,0,144598,145148,0,1
13,717,0,1,0,1,2,0,1,147797,148514,0,1
13,500,0,1,0,1,0,0,1,151513,152013,0,1
13,450,1,0,1,0,2,1,0,154662,155112,0,1
13,517,1,0,0,1,0,1,0,157994,158511,0,0
13,500,0,1,0,1,0,0,1,161526,162026,0,1
13,699,0,1,0,1,0,1,0,164759,165458,0,1
13,467,0,1,0,1,1,0,1,168324,168791,0,1
13,483,0,1,0,1,2,1,0,171423,171906,0,1
13,416,0,1,1,0,2,0,1,174639,175055,0,0
13,516,0,1,0,1,0,1,0,177971,178487,0,1
13,450,1,0,0,1,0,1,0,181336,181786,0,0
13,384,0,1,1,0,1,0,1,184585,184969,0,0
13,584,0,1,0,1,0,0,1,187534,188118,0,1
13,417,1,0,1,0,2,1,0,191033,191450,0,1
13,566,0,1,0,1,2,1,0,194016,194582,0,1
13,500,0,1,0,1,1,0,1,197431,197931,0,1
13,483,1,0,1,0,0,1,0,200497,200980,0,1
13,466,0,1,0,1,1,1,0,203646,204112,0,1
13,517,0,1,0,1,0,0,1,206928,207445,0,1
13,500,0,1,0,1,1,0,1,210144,210644,0,1
13,533,0,1,0,1,1,0,1,213393,213926,0,1
13,549,1,0,0,1,0,0,1,216542,217091,0,0
13,467,0,1,0,1,1,0,1,219857,220324,0,1
13,467,1,0,1,0,2,1,0,223156,223623,0,1
13,483,1,0,0,1,2,1,0,226205,226688,0,0
13,583,1,0,1,0,2,1,0,229654,230237,0,1
13,483,1,0,1,0,1,0,1,232953,233436,0,1
13,534,1,0,1,0,2,0,1,236318,236852,0,1
13,500,1,0,1,0,1,1,0,239434,239934,0,1
13,550,0,1,0,1,0,0,1,242616,243166,0,1
13,583,1,0,1,0,2,0,1,259842,260425,0,1
13,466,0,1,0,1,0,1,0,263125,263591,0,1
13,533,1,0,1,0,1,1,0,266607,267140,0,1
13,533,0,1,0,1,1,1,0,269789,270322,0,1
13,450,1,0,1,0,2,1,0,272905,273355,0,1
13,733,0,1,0,1,1,1,0,276154,276887,0,1
13,483,1,0,1,0,1,1,0,279869,280352,0,1
13,400,1,0,1,0,2,1,0,282968,283368,0,1
13,384,0,1,0,1,1,1,0,286050,286434,0,1
13,450,1,0,1,0,1,0,1,289166,289616,0,1
13,500,1,0,1,0,2,1,0,292348,292848,0,1
13,466,0,1,0,1,0,0,1,295631,296097,0,1
13,533,0,1,0,1,2,1,0,298713,299246,0,1
13,517,1,0,1,0,2,0,1,302195,302712,0,1
13,483,0,1,0,1,1,1,0,305544,306027,0,1
13,433,1,0,1,0,2,1,0,309026,309459,0,1
13,467,0,1,0,1,0,0,1,312225,312692,0,1
13,617,0,1,1,0,1,1,0,315474,316091,0,0
13,417,1,0,1,0,1,0,1,319106,319523,0,1
13,466,1,0,1,0,2,1,0,322272,322738,0,1
13,450,1,0,1,0,2,0,1,325537,325987,0,1
13,367,1,0,1,0,0,1,0,328836,329203,0,1
13,433,1,0,0,1,0,1,0,331969,332402,0,0
13,417,0,1,0,1,1,1,0,335001,335418,0,1
13,500,1,0,1,0,0,1,0,338083,338583,0,1
13,416,1,0,1,0,1,0,1,341199,341615,0,1
13,500,1,0,1,0,0,1,0,344531,345031,0,1
13,483,1,0,1,0,2,1,0,347580,348063,0,1
13,450,0,1,0,1,1,1,0,350662,351112,0,1
13,433,0,1,1,0,1,1,0,353695,354128,0,0
13,583,0,1,1,0,1,0,1,357027,357610,0,0
13,433,1,0,1,0,0,0,1,360176,360609,0,1
13,483,0,1,0,1,0,1,0,363608,364091,0,1
13,450,1,0,1,0,2,1,0,367007,367457,0,1
13,600,0,1,0,1,2,1,0,370239,370839,0,1
13,500,0,1,0,1,0,1,0,373805,374305,0,1
13,399,1,0,1,0,2,1,0,376971,377370,0,1
13,433,0,1,0,1,2,0,1,379970,380403,0,1
13,450,1,0,1,0,0,1,0,383418,383868,0,1
13,450,1,0,1,0,1,1,0,386401,386851,0,1
13,500,0,1,0,1,0,0,1,389600,390100,0,1
13,433,1,0,0,1,0,1,0,392899,393332,0,0
13,433,0,1,0,1,2,1,0,395981,396414,0,1
13,483,0,1,1,0,2,1,0,399113,399596,0,0
13,449,1,0,1,0,2,1,0,402196,402645,0,1
13,517,0,1,0,1,1,0,1,405644,406161,0,1
13,467,1,0,1,0,0,1,0,409060,409527,0,1
13,517,0,1,0,1,1,1,0,412159,412676,0,1
13,550,0,1,0,1,1,1,0,415491,416041,0,1
13,417,1,0,1,0,0,1,0,418790,419207,0,1
13,450,1,0,1,0,1,0,1,421889,422339,0,1
13,500,0,1,0,1,0,1,0,424921,425421,0,1
13,500,0,1,0,1,1,0,1,428370,428870,0,1
13,500,0,1,0,1,0,0,1,431519,432019,0,1
13,450,1,0,1,0,0,1,0,434718,435168,0,1
13,450,1,0,1,0,2,0,1,437817,438267,0,1
13,450,1,0,1,0,2,0,1,441133,441583,0,1
13,466,1,0,1,0,2,1,0,444132,444598,0,1
13,450,1,0,1,0,0,0,1,447581,448031,0,1
13,484,0,1,0,1,0,1,0,450746,451230,0,1
13,433,1,0,1,0,0,0,1,453979,454412,0,1
13,549,0,1,0,1,1,1,0,457228,457777,0,1
13,483,0,1,0,1,1,1,0,460310,460793,0,1
13,400,0,1,1,0,0,1,0,463392,463792,0,0
13,534,0,1,0,1,1,0,1,466774,467308,0,1
13,417,1,0,1,0,2,1,0,469973,470390,0,1
13,616,1,0,0,1,0,0,1,473289,473905,0,0
13,433,1,0,1,0,0,1,0,476871,477304,0,1
13,483,0,1,0,1,0,1,0,480320,480803,0,1
13,517,0,1,1,0,2,0,1,483602,484119,0,0
13,500,1,0,1,0,0,1,0,486968,487468,0,1
13,500,0,1,1,0,2,0,1,490350,490850,0,0
13,616,1,0,0,1,1,1,0,493766,494382,0,0
13,517,0,1,0,1,1,0,1,514871,515388,0,1
13,500,0,1,0,1,2,0,1,517920,518420,0,1
13,450,0,1,1,0,2,1,0,521003,521453,0,0
13,500,1,0,1,0,1,0,1,524068,524568,0,1
13,516,1,0,1,0,0,0,1,527401,527917,0,1
13,467,0,1,0,1,1,1,0,530549,531016,0,1
13,517,1,0,0,1,1,1,0,533948,534465,0,0
13,466,1,0,1,0,0,0,1,537481,537947,0,1
13,483,0,1,1,0,2,1,0,540696,541179,0,0
13,517,0,1,0,1,0,1,0,544145,544662,0,1
13,550,0,1,1,0,1,1,0,547477,548027,0,0
13,533,1,0,0,1,0,0,1,550576,551109,0,0
13,567,1,0,1,0,0,0,1,553875,554442,0,1
13,483,0,1,0,1,1,1,0,557008,557491,0,1
13,550,0,1,1,0,0,1,0,560290,560840,0,0
13,484,0,1,0,1,1,0,1,563655,564139,0,1
13,416,1,0,1,0,2,1,0,567138,567554,0,1
13,483,1,0,1,0,0,0,1,570220,570703,0,1
13,467,1,0,1,0,0,0,1,573352,573819,0,1
13,517,0,1,0,1,1,1,0,576434,576951,0,1
13,517,1,0,0,1,2,0,1,579733,580250,0,0
13,467,1,0,1,0,1,1,0,582982,583449,0,1
13,567,0,1,0,1,1,0,1,586081,586648,0,1
13,483,0,1,0,1,1,0,1,589597,590080,0,1
13,450,1,0,0,1,2,0,1,592662,593112,0,0
13,550,0,1,0,1,1,1,0,595995,596545,0,1
13,450,1,0,1,0,0,0,1,599577,600027,0,1
13,483,0,1,1,0,2,1,0,603009,603492,0,0
13,400,1,0,1,0,2,1,0,606325,606725,0,1
13,550,0,1,1,0,1,1,0,609707,610257,0,0
13,433,1,0,1,0,2,1,0,613256,613689,0,1
13,467,0,1,0,1,1,1,0,616471,616938,0,1
13,416,1,0,0,1,2,0,1,619754,620170,0,0
13,483,0,1,0,1,1,0,1,622819,623302,0,1
13,500,0,1,1,0,0,1,0,625835,626335,0,0
13,300,1,0,1,0,2,0,1,628917,629217,0,1
13,466,0,1,0,1,0,1,0,632033,632499,0,1
13,533,0,1,1,0,1,1,0,635365,635898,0,0
13,583,0,1,1,0,1,0,1,638431,639014,0,0
13,417,1,0,1,0,2,0,1,641913,642330,0,1
13,483,1,0,1,0,1,1,0,645245,645728,0,1
13,450,0,1,1,0,1,0,1,648344,648794,0,0
13,500,0,1,0,1,2,1,0,651793,652293,0,1
13,600,0,1,0,1,1,1,0,655275,655875,0,1
13,683,1,0,1,0,0,1,0,658624,659307,0,1
13,500,0,1,0,1,0,0,1,662190,662690,0,1
13,466,0,1,0,1,1,0,1,665572,666038,0,1
13,467,0,1,0,1,1,1,0,669054,669521,0,1
13,433,1,0,1,0,0,0,1,672553,672986,0,1
13,417,0,1,0,1,1,1,0,675735,676152,0,1
13,433,0,1,0,1,0,1,0,679151,679584,0,1
13,416,1,0,1,0,2,0,1,682600,683016,0,1
13,450,1,0,1,0,1,0,1,685599,686049,0,1
13,466,1,0,0,1,2,1,0,689048,689514,0,0
13,433,1,0,1,0,2,1,0,692097,692530,0,1
13,500,0,1,0,1,1,1,0,695429,695929,0,1
13,467,1,0,1,0,2,0,1,698594,699061,0,1
13,466,1,0,1,0,0,0,1,701677,702143,0,1
13,499,1,0,1,0,0,0,1,704876,705375,0,1
13,433,1,0,1,0,2,0,1,708341,708774,0,1
13,466,1,0,1,0,2,0,1,711407,711873,0,1
13,416,1,0,1,0,0,0,1,714456,714872,0,1
13,416,1,0,1,0,2,0,1,717472,717888,0,1
13,417,1,0,1,0,2,1,0,720437,720854,0,1
13,500,0,1,1,0,2,1,0,723569,724069,0,0
13,616,0,1,0,1,2,0,1,726602,727218,0,1
13,483,0,1,0,1,2,0,1,729884,730367,0,1
13,433,1,0,1,0,2,0,1,733383,733816,0,1
13,433,0,1,0,1,1,1,0,736549,736982,0,1
13,450,1,0,1,0,0,0,1,739964,740414,0,1
13,466,0,1,0,1,2,0,1,743230,743696,0,1
13,366,1,0,1,0,2,0,1,746612,746978,0,1
13,416,1,0,1,0,2,0,1,749761,750177,0,1
13,467,0,1,0,1,2,0,1,765913,766380,0,1
13,433,0,1,1,0,2,1,0,769279,769712,0,0
13,434,0,1,0,1,0,1,0,772411,772845,0,1
13,383,1,0,1,0,2,0,1,775477,775860,0,1
13,416,1,0,1,0,0,0,1,778726,779142,0,1
13,433,0,1,0,1,0,0,1,781858,782291,0,1
13,466,0,1,0,1,1,1,0,784841,785307,0,1
13,633,0,1,1,0,2,1,0,787956,788589,0,0
13,450,0,1,0,1,0,0,1,791522,791972,0,1
13,450,0,1,0,1,1,1,0,794587,795037,0,1
13,450,0,1,1,0,1,1,0,797853,798303,0,0
13,417,0,1,0,1,1,1,0,800952,801369,0,1
13,349,1,0,1,0,0,1,0,804318,804667,0,1
13,384,1,0,1,0,2,0,1,807616,808000,0,1
13,384,0,1,0,1,1,1,0,810915,811299,0,1
13,517,0,1,0,1,2,1,0,813964,814481,0,1
13,416,0,1,0,1,0,1,0,817047,817463,0,1
13,500,0,1,0,1,0,1,0,820162,820662,0,1
13,484,0,1,1,0,0,0,1,823361,823845,0,0
13,400,1,0,1,0,2,0,1,826610,827010,0,1
13,466,0,1,1,0,0,1,0,829776,830242,0,0
13,483,0,1,0,1,1,1,0,832958,833441,0,1
13,466,1,0,1,0,2,1,0,836074,836540,0,1
13,467,1,0,1,0,2,1,0,839289,839756,0,1
13,433,1,0,1,0,2,1,0,842422,842855,0,1
13,450,0,1,1,0,2,0,1,845887,846337,0,0
13,517,0,1,1,0,0,1,0,849236,849753,0,0
13,484,0,1,0,1,0,1,0,852568,853052,0,1
13,484,1,0,1,0,1,0,1,855617,856101,0,1
13,483,0,1,0,1,0,0,1,858833,859316,0,1
13,516,0,1,0,1,0,1,0,862232,862748,0,1
13,517,1,0,1,0,2,0,1,865314,865831,0,1
13,500,1,0,1,0,0,1,0,868380,868880,0,1
13,534,1,0,1,0,1,1,0,871495,872029,0,1
13,450,0,1,0,1,1,0,1,874878,875328,0,1
13,449,1,0,1,0,0,0,1,878327,878776,0,1
13,433,0,1,0,1,1,0,1,881742,882175,0,1
13,566,1,0,1,0,1,0,1,885008,885574,0,1
13,450,0,1,1,0,0,1,0,888240,888690,0,0
13,400,1,0,1,0,2,0,1,891489,891889,0,1
13,334,1,0,0,1,0,0,1,894754,895088,0,0
13,284,0,1,0,1,1,1,0,898103,898387,0,1
13,350,1,0,1,0,0,0,1,901236,901586,0,1
13,467,1,0,1,0,2,0,1,904551,905018,0,1
13,433,0,1,0,1,1,0,1,907884,908317,0,1
13,367,1,0,1,0,2,0,1,911199,911566,0,1
13,467,0,1,1,0,2,1,0,914498,914965,0,0
13,466,0,1,0,1,1,0,1,917564,918030,0,1
13,416,1,0,1,0,2,0,1,920613,921029,0,1
13,416,0,1,0,1,1,1,0,923895,924311,0,1
13,417,0,1,0,1,1,0,1,927310,927727,0,1
13,417,1,0,1,0,2,1,0,930676,931093,0,1
13,467,1,0,1,0,2,1,0,934008,934475,0,1
13,466,0,1,0,1,0,1,0,937024,937490,0,1
13,399,0,1,0,1,1,0,1,940140,940539,0,1
13,417,0,1,0,1,2,0,1,943355,943772,0,1
13,450,0,1,0,1,1,1,0,946421,946871,0,1
13,450,0,1,0,1,0,0,1,949553,950003,0,1
13,516,0,1,0,1,2,0,1,952919,953435,0,1
13,416,0,1,1,0,2,1,0,956268,956684,0,0
13,467,0,1,0,1,0,0,1,959666,960133,0,1
13,433,1,0,1,0,1,0,1,963082,963515,0,1
13,483,1,0,1,0,0,0,1,966298,966781,0,1
13,483,0,1,0,1,1,0,1,969563,970046,0,1
13,400,0,1,0,1,1,0,1,973029,973429,0,1
13,433,0,1,0,1,1,1,0,976178,976611,0,1
13,484,0,1,1,0,1,0,1,979193,979677,0,0
13,500,0,1,0,1,1,1,0,982442,982942,0,1
13,466,0,1,0,1,1,0,1,985908,986374,0,1
13,433,1,0,0,1,0,0,1,989207,989640,0,0
13,483,0,1,0,1,2,1,0,992289,992772,0,1
13,416,1,0,1,0,0,1,0,995355,995771,0,1
13,533,0,1,0,1,0,1,0,998737,999270,0,1
13,517,0,1,1,0,2,0,1,1021649,1022166,0,0
13,467,0,1,0,1,2,1,0,1024765,1025232,0,1
13,450,0,1,0,1,0,1,0,1027864,1028314,0,1
13,500,1,0,1,0,1,1,0,1031213,1031713,0,1
13,467,0,1,1,0,0,0,1,1034395,1034862,0,0
13,433,1,0,1,0,2,1,0,1037594,1038027,0,1
13,550,1,0,1,0,2,0,1,1040660,1041210,0,1
13,450,1,0,1,0,2,0,1,1043925,1044375,0,1
13,550,1,0,0,1,2,1,0,1046958,1047508,0,0
13,450,0,1,0,1,2,1,0,1050373,1050823,0,1
13,383,1,0,1,0,2,1,0,1053739,1054122,0,1
13,450,0,1,0,1,1,1,0,1057104,1057554,0,1
13,467,1,0,1,0,2,1,0,1060153,1060620,0,1
13,400,1,0,1,0,2,0,1,1063602,1064002,0,1
13,500,1,0,1,0,1,0,1,1066951,1067451,0,1
13,450,0,1,0,1,0,0,1,1070450,1070900,0,1
13,433,0,1,0,1,1,1,0,1073699,1074132,0,1
13,334,1,0,0,1,2,1,0,1076881,1077215,0,0
13,500,0,1,0,1,1,0,1,1080097,1080597,0,1
13,567,0,1,0,1,2,1,0,1083279,1083846,0,1
13,383,1,0,1,0,2,0,1,1086645,1087028,0,1
13,466,1,0,1,0,0,1,0,1089744,1090210,0,1
13,433,0,1,0,1,1,0,1,1092876,1093309,0,1
13,600,1,0,0,1,1,0,1,1096258,1096858,0,0
13,667,0,1,1,0,1,0,1,1099657,1100324,0,0
13,517,0,1,1,0,0,1,0,1103156,1103673,0,0
13,550,0,1,0,1,2,1,0,1106671,1107221,0,1
13,434,1,0,1,0,0,0,1,1110070,1110504,0,1
13,467,0,1,1,0,0,1,0,1113186,1113653,0,0
13,483,0,1,0,1,1,0,1,1116302,1116785,0,1
13,583,0,1,0,1,0,1,0,1119451,1120034,0,1
13,516,0,1,0,1,0,1,0,1122583,1123099,0,1
13,483,1,0,1,0,0,0,1,1126082,1126565,0,1
13,583,0,1,0,1,1,0,1,1129164,1129747,0,1
13,517,0,1,0,1,2,0,1,1132546,1133063,0,1
13,483,0,1,0,1,0,1,0,1135979,1136462,0,1
13,516,1,0,1,0,2,0,1,1139361,1139877,0,1
13,500,0,1,1,0,0,0,1,1142593,1143093,0,0
13,516,0,1,0,1,1,1,0,1146059,1146575,0,1
13,434,1,0,1,0,2,0,1,1149457,1149891,0,1
13,450,0,1,0,1,0,0,1,1152890,1153340,0,1
13,450,0,1,1,0,0,0,1,1155939,1156389,0,0
13,466,1,0,1,0,2,0,1,1159238,1159704,0,1
13,417,0,1,0,1,2,0,1,1162436,1162853,0,1
13,617,0,1,0,1,0,0,1,1165685,1166302,0,1
13,616,0,1,1,0,0,0,1,1169068,1169684,0,0
13,450,1,0,1,0,2,0,1,1172633,1173083,0,1
13,467,0,1,0,1,1,1,0,1176032,1176499,0,1
13,500,1,0,1,0,0,1,0,1179314,1179814,0,1
13,433,0,1,0,1,0,0,1,1182347,1182780,0,1
13,549,0,1,1,0,1,1,0,1185446,1185995,0,0
13,566,0,1,0,1,2,0,1,1188678,1189244,0,1
13,516,0,1,1,0,2,1,0,1192227,1192743,0,0
13,484,1,0,1,0,0,1,0,1195342,1195826,0,1
13,433,0,1,0,1,1,1,0,1198425,1198858,0,1
13,449,0,1,1,0,0,1,0,1201674,1202123,0,0
13,550,1,0,1,0,0,1,0,1204989,1205539,0,1
13,583,1,0,1,0,2,0,1,1208338,1208921,0,1
13,450,0,1,0,1,0,0,1,1211504,1211954,0,1
13,550,0,1,0,1,2,1,0,1214786,1215336,0,1
13,500,0,1,0,1,1,1,0,1217918,1218418,0,1
13,500,0,1,0,1,2,0,1,1221434,1221934,0,1
13,450,1,0,1,0,2,0,1,1224766,1225216,0,1
13,450,1,0,1,0,2,1,0,1228198,1228648,0,1
13,517,0,1,1,0,0,0,1,1231580,1232097,0,0
13,549,0,1,0,1,1,0,1,1235113,1235662,0,1
13,533,0,1,0,1,1,0,1,1238578,1239111,0,1
13,484,0,1,0,1,1,0,1,1242060,1242544,0,1
13,467,0,1,0,1,0,0,1,1245309,1245776,0,1
14,766,1,0,1,0,1,1,0,4589,5355,0,1
14,667,0,1,0,1,1,0,1,8304,8971,0,1
14,666,0,1,0,1,1,0,1,11920,12586,0,1
14,583,1,0,1,0,0,1,0,15302,15885,0,1
14,583,1,0,1,0,2,1,0,18668,19251,0,1
14,533,1,0,1,0,1,0,1,22000,22533,0,1
14,550,1,0,1,0,0,0,1,25349,25899,0,1
14,533,1,0,1,0,0,0,1,28848,29381,0,1
14,533,1,0,1,0,1,1,0,32263,32796,0,1
14,633,0,1,0,1,0,1,0,35412,36045,0,1
14,583,0,1,0,1,1,1,0,38928,39511,0,1
14,600,0,1,0,1,0,0,1,42460,43060,0,1
14,583,0,1,0,1,0,0,1,46025,46608,0,1
14,583,1,0,1,0,2,1,0,49341,49924,0,1
14,883,0,1,1,0,0,0,1,52690,53573,0,0
14,533,0,1,0,1,2,0,1,56222,56755,0,1
14,933,0,1,1,0,2,1,0,59721,60654,0,0
14,633,0,1,1,0,1,1,0,63220,63853,0,0
14,599,0,1,0,1,1,0,1,66819,67418,0,1
14,816,0,1,1,0,2,1,0,70101,70917,0,0
14,566,0,1,0,1,1,1,0,73550,74116,0,1
14,600,0,1,0,1,1,1,0,76765,77365,0,1
14,534,0,1,0,1,1,1,0,80297,80831,0,1
14,616,0,1,0,1,1,0,1,83480,84096,0,1
14,616,0,1,1,0,0,1,0,87029,87645,0,0
14,800,1,0,1,0,2,0,1,90544,91344,0,1
14,566,0,1,0,1,1,1,0,94143,94709,0,1
14,733,0,1,0,1,0,1,0,97325,98058,0,1
14,867,0,1,0,1,0,0,1,100657,101524,0,1
14,883,0,1,0,1,1,1,0,104140,105023,0,1
14,1050,1,0,1,0,2,1,0,107605,108655,0,1
14,750,0,1,0,1,1,1,0,111587,112337,0,1
14,884,1,0,1,0,2,1,0,115069,115953,0,1
14,633,1,0,1,0,0,0,1,118818,119451,0,1
14,883,0,1,1,0,0,1,0,122284,123167,0,0
14,633,1,0,1,0,2,1,0,126099,126732,0,1
14,883,0,1,0,1,2,1,0,129315,130198,0,1
14,716,0,1,0,1,1,0,1,132897,133613,0,1
14,766,1,0,0,1,2,1,0,136196,136962,0,0
14,700,1,0,0,1,0,1,0,139761,140461,0,0
14,866,0,1,0,1,1,0,1,143344,144210,0,1
14,699,1,0,0,1,2,0,1,146976,147675,0,0
14,600,1,0,1,0,0,1,0,150658,151258,0,1
14,1033,0,1,0,1,0,0,1,154157,155190,0,1
14,950,0,1,0,1,0,1,0,158155,159105,0,1
14,800,0,1,0,1,0,1,0,161737,162537,0,1
14,617,1,0,1,0,1,1,0,165536,166153,0,1
14,1099,0,1,0,1,2,0,1,168819,169918,0,1
14,833,0,1,0,1,2,0,1,172767,173600,0,1
14,883,1,0,0,1,0,0,1,176266,177149,0,0
14,783,1,0,1,0,1,1,0,179948,180731,0,1
14,617,1,0,1,0,0,0,1,183480,184097,0,1
14,650,1,0,1,0,2,1,0,186696,187346,0,1
14,550,1,0,1,0,2,0,1,189895,190445,0,1
14,650,0,1,0,1,0,1,0,193310,193960,0,1
14,917,0,1,1,0,0,0,1,196526,197443,0,0
14,633,1,0,1,0,2,0,1,200125,200758,0,1
14,566,1,0,1,0,2,0,1,203374,203940,0,1
14,683,0,1,0,1,2,0,1,206556,207239,0,1
14,1300,0,0,0,1,1,1,0,210055,211355,1,NaN
14,1166,0,1,0,1,1,1,0,214454,215620,0,1
14,650,0,1,0,1,0,0,1,218252,218902,0,1
14,766,0,1,0,1,2,1,0,221918,222684,0,1
14,617,1,0,1,0,0,1,0,225483,226100,0,1
14,667,1,0,1,0,2,1,0,228982,229649,0,1
14,900,1,0,1,0,0,1,0,232514,233414,0,1
14,633,1,0,1,0,2,0,1,236263,236896,0,1
14,650,0,1,0,1,0,1,0,239745,240395,0,1
14,683,0,1,0,1,1,0,1,243261,243944,0,1
14,600,0,1,0,1,0,0,1,246726,247326,0,1
14,600,1,0,1,0,2,1,0,249942,250542,0,1
14,716,0,1,0,1,2,0,1,253541,254257,0,1
14,733,1,0,1,0,1,1,0,275510,276243,0,1
14,583,1,0,1,0,0,1,0,279092,279675,0,1
14,634,0,1,0,1,2,0,1,282274,282908,0,1
14,583,1,0,1,0,0,1,0,285457,286040,0,1
14,516,1,0,1,0,0,1,0,288856,289372,0,1
14,600,0,1,0,1,1,1,0,291938,292538,0,1
14,650,0,1,0,1,1,0,1,295270,295920,0,1
14,1033,0,1,1,0,2,1,0,298869,299902,0,0
14,900,0,1,0,1,1,1,0,302751,303651,0,1
14,617,0,1,0,1,2,1,0,306233,306850,0,1
14,650,0,1,0,1,2,0,1,309749,310399,0,1
14,617,0,1,0,1,1,1,0,313264,313881,0,1
14,833,0,1,0,1,2,1,0,316797,317630,0,1
14,650,0,1,0,1,0,1,0,320512,321162,0,1
14,616,0,1,0,1,1,0,1,323811,324427,0,1
14,933,0,1,1,0,1,1,0,327193,328126,0,0
14,617,1,0,1,0,1,0,1,331125,331742,0,1
14,583,1,0,1,0,0,1,0,334691,335274,0,1
14,617,0,1,1,0,2,1,0,338156,338773,0,0
14,566,1,0,1,0,1,0,1,341672,342238,0,1
14,533,1,0,1,0,2,0,1,344937,345470,0,1
14,600,0,1,0,1,2,0,1,348136,348736,0,1
14,717,0,1,0,1,1,0,1,351668,352385,0,1
14,666,0,1,1,0,2,1,0,354984,355650,0,0
14,683,0,1,0,1,1,1,0,358366,359049,0,1
14,583,1,0,1,0,1,1,0,361732,362315,0,1
14,666,0,1,0,1,0,1,0,365181,365847,0,1
14,749,0,1,0,1,0,0,1,368530,369279,0,1
14,1100,0,1,0,1,2,0,1,371995,373095,0,1
14,667,0,1,0,1,1,0,1,376027,376694,0,1
14,983,0,1,0,1,0,1,0,379293,380276,0,1
14,899,0,1,0,1,0,0,1,383275,384174,0,1
14,950,0,1,0,1,0,1,0,386957,387907,0,1
14,733,0,1,0,1,2,1,0,390772,391505,0,1
14,600,1,0,1,0,2,0,1,394371,394971,0,1
14,550,1,0,1,0,0,0,1,397903,398453,0,1
14,583,1,0,1,0,2,1,0,401252,401835,0,1
14,783,1,0,1,0,2,1,0,404684,405467,0,1
14,633,0,1,0,1,1,0,1,408217,408850,0,1
14,666,0,1,0,1,0,0,1,411799,412465,0,1
14,1300,0,0,0,1,0,0,1,415014,416314,1,NaN
14,583,1,0,1,0,0,0,1,419213,419796,0,1
14,599,0,1,0,1,0,0,1,422329,422928,0,1
14,549,1,0,1,0,0,0,1,425578,426127,0,1
14,567,1,0,1,0,1,1,0,429026,429593,0,1
14,550,1,0,1,0,2,0,1,432225,432775,0,1
14,566,1,0,1,0,0,1,0,435791,436357,0,1
14,650,0,1,0,1,0,1,0,439056,439706,0,1
14,633,1,0,1,0,0,1,0,442439,443072,0,1
14,584,0,1,0,1,1,0,1,446037,446621,0,1
14,800,0,1,0,1,1,1,0,449503,450303,0,1
14,633,0,1,0,1,0,0,1,453052,453685,0,1
14,983,0,1,0,1,2,0,1,456501,457484,0,1
14,600,1,0,1,0,0,1,0,460416,461016,0,1
14,833,0,1,0,1,2,0,1,464032,464865,0,1
14,633,1,0,1,0,2,0,1,467414,468047,0,1
14,684,0,1,0,1,1,0,1,470829,471513,0,1
14,649,0,1,0,1,2,1,0,474062,474711,0,1
14,567,1,0,1,0,2,1,0,477677,478244,0,1
14,666,0,1,0,1,2,1,0,480893,481559,0,1
14,667,0,1,0,1,1,0,1,484258,484925,0,1
14,600,1,0,1,0,0,1,0,487874,488474,0,1
14,617,0,1,0,1,1,0,1,491156,491773,0,1
14,550,1,0,1,0,2,1,0,494355,494905,0,1
14,499,1,0,1,0,0,0,1,497571,498070,0,1
14,533,1,0,1,0,2,1,0,500753,501286,0,1
14,584,0,1,0,1,0,1,0,504268,504852,0,1
14,617,0,1,1,0,0,1,0,507467,508084,0,0
14,600,0,1,0,1,1,0,1,511016,511616,0,1
14,517,1,0,1,0,2,0,1,514498,515015,0,1
14,634,0,1,0,1,2,0,1,517747,518381,0,1
14,649,1,0,1,0,0,0,1,521080,521729,0,1
14,617,0,1,0,1,0,1,0,524295,524912,0,1
14,633,0,1,0,1,1,0,1,545751,546384,0,1
14,833,1,0,1,0,0,0,1,549150,549983,0,1
14,583,0,1,0,1,1,1,0,552916,553499,0,1
14,584,1,0,1,0,0,1,0,556414,556998,0,1
14,517,1,0,1,0,2,0,1,559863,560380,0,1
14,599,1,0,1,0,2,1,0,563046,563645,0,1
14,500,1,0,1,0,0,1,0,566294,566794,0,1
14,517,1,0,1,0,2,1,0,569410,569927,0,1
14,1200,0,1,1,0,2,1,0,572559,573759,0,0
14,483,1,0,1,0,2,1,0,576441,576924,0,1
14,550,0,1,0,1,1,0,1,579723,580273,0,1
14,583,0,1,0,1,1,1,0,583272,583855,0,1
14,617,0,1,0,1,1,1,0,586671,587288,0,1
14,600,0,1,0,1,0,0,1,590120,590720,0,1
14,599,1,0,1,0,0,0,1,593436,594035,0,1
14,766,1,0,1,0,0,1,0,597018,597784,0,1
14,749,0,1,0,1,0,1,0,600467,601216,0,1
14,600,0,1,0,1,1,0,1,604082,604682,0,1
14,550,1,0,1,0,2,0,1,607564,608114,0,1
14,583,0,1,0,1,2,1,0,610947,611530,0,1
14,917,1,0,1,0,0,1,0,614112,615029,0,1
14,583,0,1,0,1,1,1,0,618044,618627,0,1
14,650,0,1,0,1,2,0,1,621293,621943,0,1
14,750,1,0,1,0,2,1,0,624525,625275,0,1
14,633,0,1,0,1,2,1,0,627924,628557,0,1
14,583,1,0,1,0,0,0,1,631273,631856,0,1
14,600,0,1,0,1,1,0,1,634689,635289,0,1
14,550,1,0,1,0,0,0,1,638271,638821,0,1
14,600,0,1,0,1,0,1,0,641486,642086,0,1
14,600,0,1,0,1,0,0,1,644769,645369,0,1
14,566,0,1,0,1,1,0,1,647968,648534,0,1
14,600,0,1,0,1,0,1,0,651533,652133,0,1
14,567,0,1,1,0,0,1,0,655082,655649,0,0
14,567,0,1,0,1,1,0,1,658331,658898,0,1
14,666,1,0,1,0,2,0,1,661447,662113,0,1
14,550,1,0,1,0,2,1,0,665062,665612,0,1
14,500,1,0,1,0,2,0,1,668344,668844,0,1
14,600,0,1,0,1,1,1,0,671693,672293,0,1
14,616,0,1,0,1,0,1,0,675309,675925,0,1
14,550,1,0,1,0,2,0,1,678941,679491,0,1
14,633,0,1,0,1,0,1,0,682490,683123,0,1
14,600,1,0,1,0,1,1,0,686022,686622,0,1
14,550,1,0,1,0,2,0,1,689171,689721,0,1
14,566,1,0,1,0,2,1,0,692270,692836,0,1
14,617,0,1,0,1,1,0,1,695552,696169,0,1
14,683,1,0,1,0,1,1,0,699051,699734,0,1
14,783,0,1,0,1,0,1,0,702500,703283,0,1
14,583,1,0,1,0,2,1,0,706149,706732,0,1
14,583,1,0,1,0,2,0,1,709464,710047,0,1
14,500,1,0,1,0,2,0,1,713046,713546,0,1
14,533,1,0,1,0,0,0,1,716329,716862,0,1
14,666,0,1,0,1,1,1,0,719478,720144,0,1
14,650,0,1,0,1,2,1,0,723143,723793,0,1
14,667,0,1,0,1,0,0,1,726375,727042,0,1
14,667,0,1,0,1,2,1,0,730057,730724,0,1
14,616,1,0,1,0,2,0,1,733690,734306,0,1
14,616,1,0,1,0,2,1,0,737022,737638,0,1
14,650,0,1,0,1,1,0,1,740487,741137,0,1
14,616,0,1,0,1,1,1,0,744103,744719,0,1
14,600,1,0,1,0,2,1,0,747285,747885,0,1
14,617,1,0,1,0,1,0,1,750467,751084,0,1
14,700,0,1,0,1,1,1,0,753616,754316,0,1
14,583,1,0,1,0,1,1,0,757049,757632,0,1
14,666,0,1,0,1,0,0,1,760198,760864,0,1
14,583,1,0,1,0,0,0,1,763413,763996,0,1
14,666,0,1,0,1,0,0,1,766596,767262,0,1
14,583,1,0,1,0,0,0,1,770128,770711,0,1
14,699,0,1,0,1,1,1,0,773377,774076,0,1
14,600,1,0,1,0,1,0,1,776925,777525,0,1
14,650,0,1,0,1,0,1,0,780491,781141,0,1
14,816,1,0,1,0,2,0,1,784140,784956,0,1
14,766,0,1,0,1,1,1,0,787522,788288,0,1
14,867,0,1,0,1,2,1,0,791137,792004,0,1
14,616,1,0,1,0,2,1,0,808787,809403,0,1
14,533,1,0,1,0,1,0,1,812202,812735,0,1
14,516,1,0,1,0,2,0,1,815568,816084,0,1
14,633,0,1,0,1,0,0,1,819050,819683,0,1
14,683,0,1,0,1,0,1,0,822282,822965,0,1
14,633,0,1,1,0,2,1,0,825698,826331,0,0
14,550,0,1,0,1,2,0,1,829113,829663,0,1
14,533,1,0,1,0,2,1,0,832462,832995,0,1
14,567,1,0,1,0,0,0,1,835894,836461,0,1
14,583,1,0,1,0,0,1,0,839410,839993,0,1
14,716,0,1,0,1,0,1,0,842559,843275,0,1
14,567,0,1,0,1,1,0,1,846241,846808,0,1
14,700,0,1,0,1,1,1,0,849390,850090,0,1
14,749,0,1,1,0,2,0,1,852706,853455,0,0
14,550,1,0,1,0,2,0,1,856438,856988,0,1
14,617,0,1,1,0,2,0,1,859653,860270,0,0
14,516,1,0,1,0,2,1,0,863119,863635,0,1
14,583,1,0,1,0,1,0,1,866301,866884,0,1
14,850,1,0,1,0,0,1,0,869600,870450,0,1
14,633,0,1,0,1,0,1,0,873299,873932,0,1
14,583,1,0,1,0,1,0,1,876581,877164,0,1
14,650,0,1,0,1,1,1,0,879697,880347,0,1
14,683,0,1,0,1,0,1,0,883096,883779,0,1
14,684,0,1,0,1,1,1,0,886794,887478,0,1
14,600,1,0,1,0,0,0,1,890110,890710,0,1
14,650,0,1,0,1,0,1,0,893659,894309,0,1
14,616,1,0,1,0,0,1,0,896858,897474,0,1
14,599,1,0,1,0,2,0,1,900507,901106,0,1
14,1183,1,0,1,0,2,1,0,903955,905138,0,1
14,667,0,1,0,1,1,1,0,907704,908371,0,1
14,617,0,1,0,1,1,1,0,911286,911903,0,1
14,700,1,0,1,0,1,1,0,914752,915452,0,1
14,583,0,1,0,1,1,0,1,918251,918834,0,1
14,633,0,1,0,1,1,1,0,921666,922299,0,1
14,534,1,0,1,0,2,0,1,925248,925782,0,1
14,700,0,1,0,1,2,0,1,928614,929314,0,1
14,600,1,0,1,0,2,1,0,932096,932696,0,1
14,567,1,0,1,0,2,1,0,935395,935962,0,1
14,667,0,1,0,1,1,1,0,938627,939294,0,1
14,616,0,1,0,1,2,0,1,942143,942759,0,1
14,600,1,0,1,0,2,0,1,945458,946058,0,1
14,567,1,0,1,0,0,0,1,948657,949224,0,1
14,599,0,1,0,1,1,1,0,952190,952789,0,1
14,566,1,0,1,0,2,1,0,955439,956005,0,1
14,617,0,1,0,1,0,0,1,958687,959304,0,1
14,633,1,0,1,0,0,1,0,961920,962553,0,1
14,550,1,0,1,0,1,1,0,965485,966035,0,1
14,634,0,1,0,1,2,1,0,969017,969651,0,1
14,633,1,0,1,0,1,0,1,972650,973283,0,1
14,616,0,1,0,1,1,0,1,976132,976748,0,1
14,600,0,1,0,1,2,1,0,979414,980014,0,1
14,617,0,1,0,1,1,0,1,982946,983563,0,1
14,583,1,0,1,0,2,0,1,986312,986895,0,1
14,533,1,0,1,0,0,0,1,989894,990427,0,1
14,600,0,1,0,1,2,1,0,992993,993593,0,1
14,883,0,1,0,1,1,1,0,996159,997042,0,1
14,567,1,0,1,0,2,0,1,999657,1000224,0,1
14,566,1,0,1,0,2,0,1,1002973,1003539,0,1
14,883,0,1,1,0,1,0,1,1006455,1007338,0,0
14,600,1,0,1,0,1,0,1,1010287,1010887,0,1
14,567,1,0,1,0,2,1,0,1013619,1014186,0,1
14,633,1,0,1,0,2,0,1,1016835,1017468,0,1
14,617,1,0,1,0,0,0,1,1020067,1020684,0,1
14,1083,0,1,1,0,0,0,1,1023233,1024316,0,0
14,584,1,0,1,0,1,0,1,1026998,1027582,0,1
14,600,0,1,0,1,0,0,1,1030197,1030797,0,1
14,850,0,1,0,1,1,0,1,1033596,1034446,0,1
14,667,0,1,0,1,0,1,0,1036995,1037662,0,1
14,650,1,0,1,0,1,1,0,1040477,1041127,0,1
14,633,0,1,0,1,1,0,1,1044076,1044709,0,1
14,733,1,0,1,0,2,1,0,1047725,1048458,0,1
14,950,0,1,0,1,1,0,1,1051290,1052240,0,1
14,883,0,1,0,1,1,0,1,1054823,1055706,0,1
14,550,1,0,1,0,0,0,1,1078922,1079472,0,1
14,567,1,0,1,0,0,1,0,1082037,1082604,0,1
14,583,0,1,0,1,1,1,0,1085486,1086069,0,1
14,550,1,0,1,0,1,0,1,1088635,1089185,0,1
14,533,1,0,1,0,1,0,1,1091818,1092351,0,1
14,550,1,0,1,0,0,1,0,1095250,1095800,0,1
14,633,0,1,0,1,0,0,1,1098665,1099298,0,1
14,699,0,1,0,1,0,1,0,1101898,1102597,0,1
14,566,1,0,1,0,2,0,1,1105147,1105713,0,1
14,700,0,1,0,1,0,0,1,1108645,1109345,0,1
14,633,1,0,1,0,1,1,0,1111894,1112527,0,1
14,617,1,0,1,0,0,0,1,1115293,1115910,0,1
14,600,1,0,1,0,2,0,1,1118775,1119375,0,1
14,583,0,1,0,1,0,0,1,1122174,1122757,0,1
14,584,1,0,1,0,2,1,0,1125706,1126290,0,1
14,566,1,0,1,0,1,0,1,1128939,1129505,0,1
14,633,0,1,0,1,1,0,1,1132371,1133004,0,1
14,566,1,0,1,0,1,1,0,1135970,1136536,0,1
14,650,1,0,1,0,0,0,1,1139119,1139769,0,1
14,616,0,1,0,1,2,1,0,1142501,1143117,0,1
14,550,1,0,1,0,0,1,0,1145866,1146416,0,1
14,550,1,0,1,0,0,1,0,1148982,1149532,0,1
14,634,0,1,0,1,0,1,0,1152364,1152998,0,1
14,600,0,1,0,1,0,0,1,1155880,1156480,0,1
14,633,0,1,0,1,0,0,1,1159079,1159712,0,1
14,567,1,0,1,0,2,0,1,1162261,1162828,0,1
14,683,0,1,0,1,1,1,0,1165843,1166526,0,1
14,633,0,1,0,1,1,0,1,1169459,1170092,0,1
14,616,0,1,1,0,1,1,0,1172708,1173324,0,0
14,567,1,0,1,0,0,1,0,1176223,1176790,0,1
14,600,1,0,1,0,2,0,1,1179572,1180172,0,1
14,683,0,1,0,1,1,0,1,1182988,1183671,0,1
14,616,1,0,1,0,0,1,0,1186670,1187286,0,1
14,766,1,0,1,0,2,0,1,1189952,1190718,0,1
14,750,0,1,0,1,1,1,0,1193617,1194367,0,1
14,800,0,1,0,1,1,0,1,1196916,1197716,0,1
14,616,1,0,1,0,2,0,1,1200732,1201348,0,1
14,683,0,1,0,1,1,0,1,1204031,1204714,0,1
14,683,0,1,0,1,1,0,1,1207496,1208179,0,1
14,683,0,1,0,1,1,0,1,1210779,1211462,0,1
14,683,0,1,0,1,2,0,1,1214211,1214894,0,1
14,633,0,1,0,1,1,1,0,1217793,1218426,0,1
14,700,0,1,0,1,0,1,0,1221125,1221825,0,1
14,600,0,1,0,1,1,0,1,1224424,1225024,0,1
14,933,0,1,0,1,0,0,1,1227940,1228873,0,1
14,617,1,0,1,0,1,0,1,1231638,1232255,0,1
14,580,1,0,1,0,2,0,1,1235040,1235620,0,1
14,566,1,0,1,0,2,1,0,1238153,1238719,0,1
14,700,0,1,0,1,1,0,1,1241435,1242135,0,1
14,566,1,0,1,0,2,1,0,1244951,1245517,0,1
14,650,0,1,0,1,1,1,0,1248066,1248716,0,1
14,683,0,1,0,1,1,1,0,1251665,1252348,0,1
14,600,1,0,1,0,1,0,1,1255164,1255764,0,1
14,800,0,1,0,1,0,0,1,1258746,1259546,0,1
14,650,0,1,0,1,1,1,0,1262295,1262945,0,1
14,600,1,0,1,0,0,0,1,1265877,1266477,0,1
14,600,1,0,1,0,2,1,0,1269409,1270009,0,1
14,700,1,0,1,0,1,0,1,1272625,1273325,0,1
14,800,0,1,0,1,0,0,1,1275940,1276740,0,1
14,650,1,0,1,0,2,0,1,1279606,1280256,0,1
14,617,1,0,1,0,0,0,1,1283171,1283788,0,1
14,633,1,0,1,0,2,0,1,1286770,1287403,0,1
14,716,0,1,0,1,1,1,0,1290136,1290852,0,1
14,683,0,1,0,1,2,1,0,1293685,1294368,0,1
14,617,1,0,1,0,2,0,1,1297350,1297967,0,1
14,616,1,0,1,0,0,0,1,1300949,1301565,0,1
14,749,0,1,0,1,1,1,0,1304215,1304964,0,1
14,700,0,1,0,1,0,0,1,1307730,1308430,0,1
14,600,1,0,1,0,2,0,1,1311445,1312045,0,1
15,533,1,0,1,0,2,0,1,9380,9913,0,1
15,666,0,1,0,1,1,0,1,12529,13195,0,1
15,533,1,0,1,0,0,0,1,15728,16261,0,1
15,500,0,1,0,1,0,0,1,18910,19410,0,1
15,534,1,0,1,0,2,1,0,22142,22676,0,1
15,699,1,0,1,0,0,0,1,25675,26374,0,1
15,500,1,0,1,0,0,0,1,29223,29723,0,1
15,550,1,0,1,0,0,1,0,32589,33139,0,1
15,600,0,1,0,1,0,1,0,35771,36371,0,1
15,449,1,0,1,0,0,0,1,39204,39653,0,1
15,534,1,0,1,0,0,1,0,42552,43086,0,1
15,883,0,1,0,1,2,1,0,45951,46834,0,1
15,450,1,0,1,0,2,1,0,49600,50050,0,1
15,600,0,1,0,1,2,1,0,53016,53616,0,1
15,683,0,1,0,1,1,0,1,56365,57048,0,1
15,666,0,1,1,0,0,0,1,59614,60280,0,0
15,583,0,1,0,1,0,1,0,62979,63562,0,1
15,383,1,0,1,0,2,0,1,66478,66861,0,1
15,967,0,1,1,0,0,1,0,69510,70477,0,0
15,717,1,0,1,0,2,1,0,73109,73826,0,1
15,800,0,1,0,1,2,1,0,76708,77508,0,1
15,566,0,1,0,1,2,1,0,80124,80690,0,1
15,566,1,0,1,0,0,1,0,83556,84122,0,1
15,616,0,1,0,1,2,0,1,87088,87704,0,1
15,883,0,1,1,0,0,1,0,90703,91586,0,0
15,733,1,0,1,0,2,1,0,94186,94919,0,1
15,566,0,1,0,1,1,0,1,97718,98284,0,1
15,733,0,1,1,0,2,1,0,101233,101966,0,0
15,467,1,0,1,0,0,0,1,104532,104999,0,1
15,650,1,0,1,0,0,0,1,107931,108581,0,1
15,584,1,0,1,0,0,1,0,111213,111797,0,1
15,533,0,1,0,1,1,1,0,114712,115245,0,1
15,634,0,1,0,1,2,0,1,118094,118728,0,1
15,816,1,0,1,0,1,1,0,121310,122126,0,1
15,633,1,0,1,0,0,0,1,124926,125559,0,1
15,717,1,0,1,0,2,1,0,128124,128841,0,1
15,616,0,1,0,1,1,1,0,131857,132473,0,1
15,1299,0,0,1,0,1,1,0,135189,136488,1,NaN
15,667,0,1,0,1,1,1,0,139204,139871,0,1
15,1300,0,0,0,1,0,1,0,142753,144053,1,NaN
15,583,0,1,0,1,1,1,0,146968,147551,0,1
15,600,1,0,1,0,2,0,1,150417,151017,0,1
15,617,1,0,1,0,0,1,0,153849,154466,0,1
15,717,1,0,1,0,1,0,1,157148,157865,0,1
15,1100,0,1,0,1,1,1,0,160647,161747,0,1
15,834,0,1,0,1,1,1,0,164662,165496,0,1
15,500,0,1,0,1,1,1,0,168195,168695,0,1
15,483,1,0,1,0,2,0,1,171694,172177,0,1
15,567,0,1,1,0,0,1,0,174759,175326,0,0
15,883,0,1,1,0,1,1,0,178375,179258,0,0
15,616,0,1,0,1,0,1,0,181807,182423,0,1
15,717,0,1,0,1,1,1,0,185222,185939,0,1
15,733,0,1,0,1,2,0,1,188921,189654,0,1
15,450,1,0,1,0,0,1,0,192637,193087,0,1
15,583,1,0,1,0,1,0,1,195869,196452,0,1
15,667,1,0,1,0,2,0,1,199334,200001,0,1
15,833,1,0,1,0,1,1,0,202883,203716,0,1
15,650,0,1,0,1,2,0,1,206649,207299,0,1
15,783,1,0,1,0,2,1,0,210081,210864,0,1
15,1149,0,1,0,1,0,0,1,213580,214729,0,1
15,683,0,1,0,1,1,1,0,217445,218128,0,1
15,1067,0,1,0,1,2,0,1,220977,222044,0,1
15,716,1,0,1,0,1,1,0,224660,225376,0,1
15,533,0,1,0,1,1,0,1,228192,228725,0,1
15,733,0,1,0,1,2,1,0,231557,232290,0,1
15,717,0,1,0,1,0,0,1,235289,236006,0,1
15,766,0,1,0,1,0,1,0,238622,239388,0,1
15,534,0,1,0,1,2,0,1,242320,242854,0,1
15,750,0,1,1,0,2,0,1,245486,246236,0,0
15,450,1,0,1,0,2,1,0,248768,249218,0,1
15,1199,0,1,0,1,0,1,0,251751,252950,0,1
15,550,0,1,0,1,1,1,0,255516,256066,0,1
15,916,0,1,0,1,0,1,0,268149,269065,0,1
15,450,1,0,1,0,2,1,0,271631,272081,0,1
15,399,0,1,1,0,2,1,0,274847,275246,0,0
15,683,0,1,0,1,0,1,0,277812,278495,0,1
15,516,1,0,1,0,1,1,0,281378,281894,0,1
15,633,1,0,1,0,0,0,1,284893,285526,0,1
15,450,1,0,1,0,2,0,1,288259,288709,0,1
15,600,0,1,0,1,1,0,1,291424,292024,0,1
15,967,0,1,0,1,0,0,1,294573,295540,0,1
15,633,0,1,0,1,1,0,1,298089,298722,0,1
15,400,1,0,1,0,2,0,1,301521,301921,0,1
15,684,1,0,1,0,1,0,1,304903,305587,0,1
15,466,0,1,1,0,2,1,0,308136,308602,0,0
15,600,1,0,1,0,1,0,1,311468,312068,0,1
15,600,1,0,1,0,2,1,0,314783,315383,0,1
15,800,1,0,0,1,1,0,1,317949,318749,0,0
15,733,1,0,1,0,2,0,1,321598,322331,0,1
15,567,1,0,1,0,2,0,1,325130,325697,0,1
15,733,0,1,0,1,2,0,1,328712,329445,0,1
15,683,0,1,0,1,1,1,0,332461,333144,0,1
15,533,1,0,1,0,2,0,1,335793,336326,0,1
15,616,0,1,0,1,0,0,1,339259,339875,0,1
15,1167,0,1,0,1,2,0,1,342724,343891,0,1
15,583,0,1,0,1,0,1,0,346906,347489,0,1
15,534,0,1,0,1,1,0,1,350488,351022,0,1
15,550,0,1,0,1,2,0,1,353671,354221,0,1
15,617,1,0,1,0,2,0,1,357036,357653,0,1
15,700,0,1,0,1,0,0,1,360202,360902,0,1
15,583,1,0,1,0,0,1,0,363634,364217,0,1
15,634,1,0,1,0,2,1,0,366816,367450,0,1
15,650,0,1,0,1,1,0,1,370432,371082,0,1
15,567,0,1,0,1,2,1,0,373897,374464,0,1
15,517,1,0,1,0,2,0,1,377296,377813,0,1
15,466,1,0,1,0,2,1,0,380629,381095,0,1
15,533,0,1,0,1,1,1,0,383678,384211,0,1
15,483,1,0,1,0,0,0,1,387143,387626,0,1
15,583,0,1,0,1,1,1,0,390409,390992,0,1
15,533,0,1,0,1,1,1,0,393874,394407,0,1
15,850,0,1,0,1,1,0,1,396990,397840,0,1
15,483,0,1,0,1,1,0,1,400722,401205,0,1
15,716,0,1,1,0,2,1,0,403821,404537,0,0
15,617,0,1,0,1,0,0,1,407503,408120,0,1
15,700,0,1,0,1,2,0,1,410752,411452,0,1
15,850,1,0,1,0,0,1,0,414417,415267,0,1
15,550,0,1,0,1,1,1,0,417916,418466,0,1
15,566,0,1,0,1,0,0,1,421132,421698,0,1
15,667,0,1,0,1,2,1,0,424547,425214,0,1
15,700,0,1,0,1,0,1,0,427896,428596,0,1
15,450,1,0,1,0,2,1,0,431362,431812,0,1
15,616,1,0,1,0,1,0,1,434661,435277,0,1
15,717,0,1,1,0,2,1,0,437826,438543,0,0
15,533,0,1,0,1,0,1,0,441342,441875,0,1
15,717,1,0,1,0,2,1,0,444907,445624,0,1
15,600,0,1,0,1,1,0,1,448290,448890,0,1
15,517,0,1,0,1,1,0,1,451555,452072,0,1
15,716,1,0,1,0,2,1,0,454821,455537,0,1
15,800,1,0,1,0,2,1,0,458403,459203,0,1
15,517,0,1,0,1,0,0,1,461735,462252,0,1
15,1149,0,1,1,0,1,0,1,465201,466350,0,0
15,650,1,0,1,0,0,0,1,469266,469916,0,1
15,650,1,0,1,0,1,1,0,472865,473515,0,1
15,566,0,1,0,1,0,0,1,476464,477030,0,1
15,1183,0,1,0,1,0,0,1,479913,481096,0,1
15,766,1,0,1,0,0,1,0,483778,484544,0,1
15,616,0,1,0,1,1,0,1,487394,488010,0,1
15,800,0,1,0,1,2,1,0,490592,491392,0,1
15,717,0,1,0,1,1,0,1,493991,494708,0,1
15,700,0,1,0,1,0,0,1,497673,498373,0,1
15,650,0,1,0,1,2,1,0,500922,501572,0,1
15,800,1,0,1,0,2,1,0,504538,505338,0,1
15,417,1,0,1,0,2,0,1,508070,508487,0,1
15,933,1,0,1,0,0,1,0,511352,512285,0,1
15,783,1,0,1,0,2,1,0,515268,516051,0,1
15,1233,0,1,1,0,0,1,0,532447,533680,0,0
15,567,1,0,1,0,2,1,0,536262,536829,0,1
15,700,1,0,1,0,0,1,0,539644,540344,0,1
15,816,1,0,1,0,0,1,0,543260,544076,0,1
15,434,1,0,1,0,2,1,0,546725,547159,0,1
15,466,0,1,0,1,1,0,1,549708,550174,0,1
15,633,0,1,0,1,0,1,0,552807,553440,0,1
15,833,0,1,1,0,0,1,0,555989,556822,0,0
15,849,1,0,1,0,2,1,0,559655,560504,0,1
15,533,1,0,1,0,2,0,1,563470,564003,0,1
15,450,1,0,1,0,2,0,1,566869,567319,0,1
15,900,0,1,0,1,1,1,0,570301,571201,0,1
15,1050,1,0,1,0,2,0,1,574166,575216,0,1
15,1100,0,1,0,1,0,1,0,577865,578965,0,1
15,783,1,0,1,0,2,0,1,581764,582547,0,1
15,716,1,0,1,0,2,0,1,585113,585829,0,1
15,849,1,0,1,0,2,0,1,588712,589561,0,1
15,867,0,1,0,1,0,1,0,592127,592994,0,1
15,1116,0,1,0,1,0,1,0,595626,596742,0,1
15,983,1,0,1,0,0,1,0,599475,600458,0,1
15,683,1,0,1,0,0,0,1,603340,604023,0,1
15,617,1,0,1,0,0,1,0,606722,607339,0,1
15,700,1,0,1,0,1,1,0,610288,610988,0,1
15,500,0,1,0,1,1,0,1,613587,614087,0,1
15,784,0,1,0,1,0,1,0,616952,617736,0,1
15,550,1,0,1,0,2,1,0,620351,620901,0,1
15,517,0,1,0,1,0,0,1,623850,624367,0,1
15,734,0,1,0,1,1,1,0,627182,627916,0,1
15,383,1,0,1,0,2,0,1,630565,630948,0,1
15,433,0,1,1,0,0,0,1,633547,633980,0,0
15,567,0,1,0,1,0,1,0,636629,637196,0,1
15,716,0,1,0,1,2,0,1,639845,640561,0,1
15,583,0,1,0,1,0,0,1,643394,643977,0,1
15,450,1,0,1,0,2,0,1,646926,647376,0,1
15,616,1,0,1,0,1,1,0,650325,650941,0,1
15,667,0,1,0,1,1,0,1,653707,654374,0,1
15,566,1,0,1,0,0,0,1,657023,657589,0,1
15,683,0,1,0,1,2,1,0,660288,660971,0,1
15,900,0,1,0,1,0,1,0,663970,664870,0,1
15,867,0,1,0,1,0,1,0,667719,668586,0,1
15,533,0,1,0,1,1,1,0,671385,671918,0,1
15,617,0,1,0,1,1,0,1,674783,675400,0,1
15,650,0,1,0,1,0,1,0,678132,678782,0,1
15,567,0,1,0,1,1,0,1,681714,682281,0,1
15,667,0,1,0,1,0,0,1,684880,685547,0,1
15,633,1,0,1,0,1,1,0,688312,688945,0,1
15,567,0,1,0,1,1,0,1,691711,692278,0,1
15,817,1,0,1,0,0,0,1,695193,696010,0,1
15,833,1,0,1,0,1,1,0,698576,699409,0,1
15,500,0,1,0,1,2,0,1,702424,702924,0,1
15,1050,0,1,0,1,1,1,0,705823,706873,0,1
15,667,0,1,0,1,0,0,1,709522,710189,0,1
15,650,1,0,1,0,1,1,0,713104,713754,0,1
15,733,1,0,1,0,2,0,1,716703,717436,0,1
15,1300,0,0,0,1,0,0,1,720418,721718,1,NaN
15,566,0,1,0,1,0,0,1,724784,725350,0,1
15,700,1,0,1,0,2,1,0,727916,728616,0,1
15,1150,0,1,1,0,0,1,0,731298,732448,0,0
15,733,0,1,0,1,0,0,1,735180,735913,0,1
15,567,1,0,1,0,0,0,1,738829,739396,0,1
15,733,1,0,1,0,1,1,0,742195,742928,0,1
15,549,0,1,0,1,0,0,1,745644,746193,0,1
15,617,0,1,0,1,1,0,1,748792,749409,0,1
15,750,0,1,0,1,1,0,1,751991,752741,0,1
15,633,0,1,0,1,0,0,1,755524,756157,0,1
15,816,0,1,0,1,1,1,0,758773,759589,0,1
15,667,1,0,1,0,2,0,1,762338,763005,0,1
15,1049,0,1,1,0,0,0,1,765554,766603,0,0
15,650,1,0,1,0,1,0,1,769469,770119,0,1
15,683,0,1,0,1,0,0,1,772768,773451,0,1
15,917,0,1,0,1,0,0,1,776000,776917,0,1
15,667,0,1,0,1,1,1,0,779499,780166,0,1
15,600,1,0,1,0,2,0,1,782848,783448,0,1
15,683,1,0,1,0,0,0,1,801227,801910,0,1
15,567,0,1,0,1,2,0,1,804609,805176,0,1
15,517,0,1,0,1,0,1,0,807858,808375,0,1
15,567,0,1,0,1,2,1,0,811257,811824,0,1
15,500,1,0,1,0,2,0,1,814856,815356,0,1
15,617,0,1,0,1,1,1,0,818288,818905,0,1
15,683,0,1,0,1,2,0,1,821654,822337,0,1
15,700,1,0,1,0,0,1,0,825136,825836,0,1
15,1183,0,1,0,1,0,0,1,828851,830034,0,1
15,716,1,0,0,1,2,0,1,832867,833583,0,0
15,850,1,0,1,0,0,0,1,836132,836982,0,1
15,533,1,0,1,0,2,0,1,839865,840398,0,1
15,584,0,1,0,1,1,1,0,843013,843597,0,1
15,633,0,1,0,1,2,1,0,846479,847112,0,1
15,650,0,1,0,1,0,1,0,850128,850778,0,1
15,633,0,1,0,1,1,1,0,853377,854010,0,1
15,766,0,1,1,0,0,1,0,856709,857475,0,0
15,616,1,0,1,0,1,0,1,860408,861024,0,1
15,550,0,1,0,1,1,0,1,863740,864290,0,1
15,766,0,1,0,1,2,1,0,867306,868072,0,1
15,716,0,1,0,1,0,1,0,870921,871637,0,1
15,550,0,1,0,1,1,1,0,874353,874903,0,1
15,517,1,0,1,0,0,0,1,877785,878302,0,1
15,766,1,0,1,0,2,1,0,880918,881684,0,1
15,550,1,0,1,0,0,0,1,884633,885183,0,1
15,800,1,0,1,0,1,0,1,888132,888932,0,1
15,600,0,1,0,1,0,0,1,891581,892181,0,1
15,684,1,0,1,0,2,0,1,895046,895730,0,1
15,783,0,1,0,1,1,1,0,898412,899195,0,1
15,733,0,1,0,1,1,0,1,902061,902794,0,1
15,616,0,1,0,1,1,0,1,905693,906309,0,1
15,717,0,1,0,1,0,1,0,909075,909792,0,1
15,617,1,0,1,0,0,0,1,912557,913174,0,1
15,633,0,1,0,1,1,0,1,915756,916389,0,1
15,699,0,1,0,1,1,1,0,918939,919638,0,1
15,650,0,1,0,1,0,1,0,922637,923287,0,1
15,966,0,1,0,1,1,0,1,926070,927036,0,1
15,616,0,1,0,1,1,1,0,929852,930468,0,1
15,733,1,0,1,0,2,0,1,933067,933800,0,1
15,584,0,1,0,1,0,0,1,936799,937383,0,1
15,633,0,1,0,1,2,0,1,940365,940998,0,1
15,716,0,1,0,1,1,1,0,943947,944663,0,1
15,616,1,0,1,0,0,1,0,947196,947812,0,1
15,683,0,1,0,1,1,1,0,950695,951378,0,1
15,933,1,0,1,0,0,1,0,954327,955260,0,1
15,1066,1,0,1,0,1,0,1,958159,959225,0,1
15,983,1,0,1,0,0,1,0,962058,963041,0,1
15,600,1,0,1,0,2,0,1,965773,966373,0,1
15,950,0,1,0,1,2,1,0,969272,970222,0,1
15,1083,0,1,0,1,1,1,0,973054,974137,0,1
15,683,0,1,0,1,1,1,0,977053,977736,0,1
15,967,0,1,0,1,1,0,1,980468,981435,0,1
15,716,1,0,1,0,2,0,1,984184,984900,0,1
15,533,1,0,1,0,2,0,1,987533,988066,0,1
15,733,0,1,0,1,0,1,0,990798,991531,0,1
15,583,1,0,1,0,2,0,1,994097,994680,0,1
15,600,1,0,1,0,2,0,1,997246,997846,0,1
15,767,0,1,0,1,0,1,0,1000478,1001245,0,1
15,649,0,1,0,1,1,0,1,1004111,1004760,0,1
15,600,1,0,1,0,1,0,1,1007609,1008209,0,1
15,583,0,1,0,1,1,0,1,1010992,1011575,0,1
15,550,0,1,1,0,2,1,0,1014324,1014874,0,0
15,634,0,1,0,1,1,0,1,1017739,1018373,0,1
15,683,1,0,1,0,0,0,1,1021155,1021838,0,1
15,583,0,1,0,1,1,0,1,1024437,1025020,0,1
15,634,1,0,1,0,2,1,0,1027969,1028603,0,1
15,817,1,0,1,0,0,0,1,1031368,1032185,0,1
15,1250,0,1,1,0,1,0,1,1035150,1036400,0,0
15,550,0,1,0,1,1,0,1,1038982,1039532,0,1
15,633,0,1,0,1,2,0,1,1042465,1043098,0,1
15,1150,1,0,0,1,1,1,0,1045847,1046997,0,0
15,733,1,0,1,0,2,0,1,1050012,1050745,0,1
15,700,0,1,0,1,0,0,1,1053711,1054411,0,1
15,800,1,0,1,0,2,0,1,1078510,1079310,0,1
15,534,0,1,1,0,2,1,0,1082225,1082759,0,0
15,1100,0,1,0,1,1,1,0,1085341,1086441,0,1
15,950,1,0,1,0,0,0,1,1089190,1090140,0,1
15,683,1,0,1,0,0,1,0,1092822,1093505,0,1
15,667,1,0,1,0,0,1,0,1096487,1097154,0,1
15,700,0,1,0,1,0,0,1,1099970,1100670,0,1
15,700,1,0,1,0,1,1,0,1103285,1103985,0,1
15,1299,0,0,0,1,0,1,0,1106551,1107850,1,NaN
15,583,1,0,1,0,2,1,0,1111016,1111599,0,1
15,617,0,1,0,1,0,0,1,1114198,1114815,0,1
15,533,1,0,1,0,0,0,1,1117514,1118047,0,1
15,933,1,0,1,0,2,0,1,1120963,1121896,0,1
15,617,1,0,1,0,2,0,1,1124578,1125195,0,1
15,533,0,1,0,1,1,0,1,1127761,1128294,0,1
15,933,1,0,1,0,1,1,0,1131026,1131959,0,1
15,533,0,1,0,1,1,1,0,1134892,1135425,0,1
15,1066,0,1,1,0,2,0,1,1138207,1139273,0,0
15,934,1,0,0,1,1,0,1,1142172,1143106,0,0
15,566,1,0,1,0,2,0,1,1146005,1146571,0,1
15,533,0,1,0,1,1,1,0,1149570,1150103,0,1
15,550,1,0,1,0,0,1,0,1152652,1153202,0,1
15,633,0,1,0,1,2,1,0,1155835,1156468,0,1
15,566,0,1,0,1,1,0,1,1159117,1159683,0,1
15,550,1,0,1,0,0,0,1,1162349,1162899,0,1
15,734,1,0,1,0,2,1,0,1165631,1166365,0,1
15,550,0,1,0,1,0,0,1,1168897,1169447,0,1
15,616,1,0,1,0,1,0,1,1172113,1172729,0,1
15,733,1,0,1,0,2,1,0,1175428,1176161,0,1
15,800,1,0,1,0,0,0,1,1178794,1179594,0,1
15,467,0,1,0,1,1,1,0,1182359,1182826,0,1
15,533,0,1,0,1,2,0,1,1185408,1185941,0,1
15,549,0,1,0,1,2,1,0,1188691,1189240,0,1
15,566,1,0,1,0,0,0,1,1192273,1192839,0,1
15,516,0,1,0,1,1,1,0,1195705,1196221,0,1
15,483,0,1,0,1,1,1,0,1198854,1199337,0,1
15,733,1,0,1,0,1,1,0,1202353,1203086,0,1
15,550,0,1,0,1,1,0,1,1206035,1206585,0,1
15,667,1,0,1,0,1,0,1,1209250,1209917,0,1
15,716,1,0,1,0,0,1,0,1212816,1213532,0,1
15,634,0,1,0,1,1,0,1,1216481,1217115,0,1
15,916,1,0,1,0,2,1,0,1219797,1220713,0,1
15,684,0,1,1,0,2,1,0,1223412,1224096,0,0
15,816,0,1,0,1,1,1,0,1226945,1227761,0,1
15,866,1,0,1,0,2,1,0,1230527,1231393,0,1
15,1300,0,0,1,0,1,0,1,1233942,1235242,1,NaN
15,650,0,1,0,1,1,0,1,1238407,1239057,0,1
15,750,0,1,0,1,2,1,0,1241656,1242406,0,1
15,650,0,1,1,0,1,1,0,1245455,1246105,0,0
15,433,1,0,1,0,2,0,1,1249104,1249537,0,1
15,583,1,0,1,0,2,1,0,1252153,1252736,0,1
15,633,0,1,0,1,0,1,0,1255319,1255952,0,1
15,883,1,0,1,0,1,0,1,1258934,1259817,0,1
15,567,1,0,1,0,2,1,0,1262566,1263133,0,1
15,616,0,1,0,1,2,1,0,1266132,1266748,0,1
15,1066,0,1,0,1,1,1,0,1269481,1270547,0,1
15,533,0,1,0,1,1,0,1,1273413,1273946,0,1
15,733,1,0,1,0,1,0,1,1276862,1277595,0,1
15,584,0,1,0,1,0,1,0,1280410,1280994,0,1
15,933,1,0,1,0,2,1,0,1283626,1284559,0,1
15,883,1,0,1,0,2,1,0,1287508,1288391,0,1
15,600,1,0,1,0,0,1,0,1291057,1291657,0,1
15,533,1,0,1,0,0,0,1,1294389,1294922,0,1
15,450,1,0,1,0,1,1,0,1297771,1298221,0,1
15,550,1,0,1,0,1,0,1,1300887,1301437,0,1
15,850,0,1,0,1,1,1,0,1304136,1304986,0,1
15,734,1,0,1,0,2,1,0,1307601,1308335,0,1
15,533,1,0,1,0,2,0,1,1311334,1311867,0,1
15,916,0,1,0,1,1,0,1,1314566,1315482,0,1
16,650,1,0,1,0,0,0,1,12664,13314,0,1
16,566,1,0,1,0,2,0,1,16230,16796,0,1
16,617,0,1,0,1,2,1,0,19695,20312,0,1
16,650,0,1,0,1,1,1,0,23294,23944,0,1
16,733,1,0,0,1,2,0,1,26843,27576,0,0
16,650,1,0,1,0,2,0,1,30308,30958,0,1
16,616,1,0,1,0,2,0,1,33741,34357,0,1
16,583,1,0,1,0,2,0,1,37256,37839,0,1
16,650,0,1,0,1,2,0,1,40855,41505,0,1
16,634,0,1,0,1,1,0,1,44320,44954,0,1
16,566,1,0,1,0,0,0,1,47703,48269,0,1
16,567,1,0,1,0,1,0,1,50818,51385,0,1
16,583,0,1,0,1,1,0,1,54401,54984,0,1
16,666,0,1,0,1,1,1,0,57883,58549,0,1
16,533,1,0,1,0,1,0,1,61448,61981,0,1
16,900,0,1,0,1,2,1,0,64880,65780,0,1
16,633,0,1,1,0,0,1,0,68796,69429,0,0
16,750,0,1,1,0,1,1,0,72178,72928,0,0
16,617,1,0,1,0,1,1,0,75610,76227,0,1
16,966,0,1,1,0,2,1,0,79076,80042,0,0
16,966,1,0,1,0,2,1,0,82858,83824,0,1
16,600,1,0,1,0,1,0,1,86557,87157,0,1
16,650,0,1,0,1,2,0,1,89772,90422,0,1
16,833,0,1,1,0,2,1,0,93021,93854,0,0
16,834,0,1,0,1,0,1,0,96403,97237,0,1
16,600,1,0,1,0,0,0,1,100069,100669,0,1
16,683,0,1,0,1,1,0,1,103451,104134,0,1
16,616,1,0,1,0,2,0,1,106667,107283,0,1
16,600,0,1,0,1,1,1,0,109816,110416,0,1
16,534,1,0,1,0,2,1,0,113031,113565,0,1
16,800,1,0,1,0,2,0,1,116547,117347,0,1
16,650,0,1,0,1,1,0,1,120062,120712,0,1
16,600,0,1,1,0,0,1,0,123678,124278,0,0
16,617,1,0,1,0,0,0,1,127160,127777,0,1
16,716,0,1,0,1,0,1,0,130359,131075,0,1
16,799,0,1,0,1,1,1,0,133625,134424,0,1
16,617,0,1,0,1,1,0,1,137423,138040,0,1
16,583,0,1,0,1,1,0,1,140972,141555,0,1
16,700,1,0,1,0,2,0,1,144454,145154,0,1
16,716,0,1,0,1,2,0,1,148070,148786,0,1
16,617,0,1,0,1,1,1,0,151402,152019,0,1
16,550,1,0,1,0,1,0,1,154834,155384,0,1
16,600,0,1,0,1,1,1,0,158333,158933,0,1
16,650,1,0,1,0,1,0,1,161782,162432,0,1
16,616,1,0,1,0,0,0,1,165331,165947,0,1
16,734,0,1,0,1,0,0,1,168546,169280,0,1
16,550,1,0,1,0,0,1,0,172245,172795,0,1
16,666,0,1,0,1,2,0,1,175478,176144,0,1
16,800,0,1,0,1,0,0,1,179143,179943,0,1
16,566,1,0,1,0,2,0,1,182542,183108,0,1
16,683,0,1,0,1,1,0,1,185974,186657,0,1
16,617,1,0,1,0,1,0,1,189256,189873,0,1
16,633,0,1,0,1,0,0,1,192789,193422,0,1
16,650,0,1,0,1,1,0,1,196437,197087,0,1
16,683,0,1,1,0,2,1,0,199920,200603,0,0
16,650,0,1,1,0,0,1,0,203335,203985,0,0
16,667,0,1,0,1,0,1,0,206517,207184,0,1
16,767,0,1,0,1,1,1,0,210016,210783,0,1
16,800,0,1,0,1,1,0,1,213398,214198,0,1
16,800,1,0,1,0,2,1,0,216997,217797,0,1
16,816,0,1,0,1,2,1,0,220713,221529,0,1
16,750,0,1,0,1,0,1,0,224195,224945,0,1
16,950,1,0,1,0,1,0,1,227494,228444,0,1
16,766,0,1,1,0,2,1,0,230993,231759,0,0
16,1299,0,0,0,1,2,0,1,234625,235924,1,NaN
16,767,0,1,0,1,0,0,1,238773,239540,0,1
16,800,0,1,0,1,0,0,1,242106,242906,0,1
16,1299,0,0,0,1,0,0,1,245655,246954,1,NaN
16,683,1,0,1,0,0,1,0,250120,250803,0,1
16,699,0,1,0,1,0,1,0,253669,254368,0,1
16,900,1,0,1,0,1,1,0,257267,258167,0,1
16,616,0,1,0,1,1,0,1,261183,261799,0,1
16,849,1,0,1,0,2,1,0,279809,280658,0,1
16,700,1,0,1,0,1,0,1,283574,284274,0,1
16,899,0,1,1,0,1,1,0,287040,287939,0,0
16,700,0,1,0,1,1,1,0,290938,291638,0,1
16,799,0,1,0,1,1,0,1,294221,295020,0,1
16,634,1,0,1,0,0,1,0,297619,298253,0,1
16,567,1,0,1,0,2,0,1,301268,301835,0,1
16,700,0,1,0,1,1,0,1,304384,305084,0,1
16,850,1,0,0,1,1,1,0,307833,308683,0,0
16,666,0,1,0,1,1,1,0,311365,312031,0,1
16,950,0,1,1,0,0,0,1,314797,315747,0,0
16,567,1,0,1,0,0,1,0,318346,318913,0,1
16,716,0,1,0,1,1,1,0,321845,322561,0,1
16,916,0,1,0,1,1,1,0,325477,326393,0,1
16,566,1,0,1,0,1,1,0,329076,329642,0,1
16,616,1,0,1,0,2,1,0,332325,332941,0,1
16,783,1,0,1,0,2,0,1,335490,336273,0,1
16,1033,1,0,1,0,2,0,1,339206,340239,0,1
16,599,1,0,1,0,1,0,1,343105,343704,0,1
16,633,1,0,1,0,0,0,1,346337,346970,0,1
16,616,0,1,0,1,1,0,1,349536,350152,0,1
16,550,1,0,1,0,1,0,1,352801,353351,0,1
16,567,1,0,1,0,2,0,1,356300,356867,0,1
16,533,1,0,1,0,0,0,1,359599,360132,0,1
16,550,1,0,1,0,2,1,0,362748,363298,0,1
16,567,1,0,1,0,0,0,1,366080,366647,0,1
16,650,0,1,0,1,1,0,1,369279,369929,0,1
16,550,1,0,1,0,2,1,0,372545,373095,0,1
16,567,1,0,1,0,2,1,0,375927,376494,0,1
16,616,0,1,0,1,0,0,1,379343,379959,0,1
16,600,0,1,0,1,0,1,0,382525,383125,0,1
16,600,0,1,0,1,1,1,0,386007,386607,0,1
16,617,1,0,1,0,0,0,1,389489,390106,0,1
16,566,1,0,1,0,1,1,0,392672,393238,0,1
16,583,0,1,0,1,2,1,0,396087,396670,0,1
16,634,0,1,0,1,1,0,1,399269,399903,0,1
16,800,0,1,1,0,2,1,0,402668,403468,0,0
16,500,1,0,1,0,2,0,1,406284,406784,0,1
16,567,1,0,1,0,2,1,0,409649,410216,0,1
16,566,1,0,1,0,0,1,0,413132,413698,0,1
16,666,0,1,1,0,2,0,1,416381,417047,0,0
16,666,1,0,1,0,2,1,0,419913,420579,0,1
16,633,0,1,0,1,1,1,0,423112,423745,0,1
16,567,1,0,1,0,2,1,0,426777,427344,0,1
16,566,1,0,1,0,2,0,1,430293,430859,0,1
16,566,0,1,0,1,1,0,1,433692,434258,0,1
16,566,1,0,1,0,2,1,0,437124,437690,0,1
16,533,1,0,1,0,0,0,1,440456,440989,0,1
16,650,1,0,1,0,2,1,0,443755,444405,0,1
16,600,1,0,1,0,0,1,0,447337,447937,0,1
16,617,1,0,1,0,0,1,0,450519,451136,0,1
16,533,1,0,1,0,1,0,1,453952,454485,0,1
16,617,1,0,1,0,0,0,1,457067,457684,0,1
16,567,1,0,1,0,2,0,1,460666,461233,0,1
16,683,0,1,0,1,1,1,0,464015,464698,0,1
16,533,1,0,1,0,2,0,1,467314,467847,0,1
16,583,1,0,1,0,1,1,0,470463,471046,0,1
16,583,0,1,0,1,2,0,1,473995,474578,0,1
16,650,0,1,0,1,0,1,0,477527,478177,0,1
16,567,1,0,1,0,2,1,0,480859,481426,0,1
16,550,1,0,1,0,2,0,1,484225,484775,0,1
16,667,1,0,1,0,2,1,0,487640,488307,0,1
16,600,0,1,0,1,0,1,0,491039,491639,0,1
16,616,1,0,1,0,0,0,1,494655,495271,0,1
16,567,1,0,1,0,2,0,1,498237,498804,0,1
16,633,0,1,0,1,0,1,0,501803,502436,0,1
16,634,0,1,0,1,1,0,1,505151,505785,0,1
16,817,0,1,0,1,1,0,1,508350,509167,0,1
16,533,1,0,1,0,0,0,1,511883,512416,0,1
16,600,1,0,1,0,2,0,1,515431,516031,0,1
16,584,1,0,1,0,0,0,1,518630,519214,0,1
16,583,1,0,1,0,2,0,1,521896,522479,0,1
16,550,0,1,0,1,1,1,0,525295,525845,0,1
16,733,1,0,1,0,2,1,0,546154,546887,0,1
16,616,1,0,1,0,1,1,0,549420,550036,0,1
16,550,1,0,1,0,0,1,0,553018,553568,0,1
16,583,1,0,1,0,0,0,1,556584,557167,0,1
16,583,0,1,0,1,2,0,1,560016,560599,0,1
16,583,0,1,0,1,1,0,1,563582,564165,0,1
16,600,0,1,0,1,1,0,1,566997,567597,0,1
16,616,0,1,0,1,0,0,1,570463,571079,0,1
16,699,0,1,0,1,0,0,1,573762,574461,0,1
16,550,0,1,0,1,1,1,0,577277,577827,0,1
16,517,1,0,1,0,0,0,1,580576,581093,0,1
16,733,1,0,1,0,0,0,1,584092,584825,0,1
16,584,1,0,1,0,2,1,0,587590,588174,0,1
16,667,0,1,1,0,1,0,1,590789,591456,0,0
16,666,0,1,0,1,1,1,0,594255,594921,0,1
16,750,0,1,0,1,2,0,1,597604,598354,0,1
16,600,1,0,1,0,0,0,1,601086,601686,0,1
16,683,0,1,0,1,1,0,1,604668,605351,0,1
16,634,0,1,0,1,0,1,0,608050,608684,0,1
16,616,1,0,1,0,2,0,1,611433,612049,0,1
16,583,1,0,1,0,0,0,1,615065,615648,0,1
16,700,0,1,0,1,1,1,0,618230,618930,0,1
16,566,1,0,1,0,1,0,1,621663,622229,0,1
16,584,0,1,0,1,1,0,1,625061,625645,0,1
16,566,1,0,1,0,0,0,1,628544,629110,0,1
16,599,0,1,0,1,0,0,1,631893,632492,0,1
16,583,0,1,0,1,0,1,0,635508,636091,0,1
16,533,1,0,1,0,2,0,1,639107,639640,0,1
16,584,1,0,1,0,2,0,1,642422,643006,0,1
16,633,0,1,0,1,1,1,0,645871,646504,0,1
16,617,0,1,0,1,1,1,0,649220,649837,0,1
16,600,0,1,0,1,1,0,1,652836,653436,0,1
16,583,1,0,1,0,0,1,0,656285,656868,0,1
16,600,0,1,1,0,2,0,1,659450,660050,0,0
16,533,1,0,1,0,1,0,1,662816,663349,0,1
16,650,0,1,0,1,0,0,1,666231,666881,0,1
16,849,1,0,1,0,0,1,0,669614,670463,0,1
16,700,0,1,0,1,2,1,0,672996,673696,0,1
16,583,1,0,1,0,2,0,1,676545,677128,0,1
16,800,0,1,1,0,2,1,0,679760,680560,0,0
16,667,0,1,0,1,1,1,0,683242,683909,0,1
16,567,1,0,1,0,1,1,0,686491,687058,0,1
16,566,0,1,0,1,2,0,1,689774,690340,0,1
16,566,1,0,1,0,0,0,1,693156,693722,0,1
16,583,0,1,0,1,1,1,0,696655,697238,0,1
16,567,1,0,1,0,2,1,0,700253,700820,0,1
16,617,1,0,1,0,2,1,0,703552,704169,0,1
16,600,0,1,0,1,2,0,1,706801,707401,0,1
16,584,0,1,0,1,0,0,1,710333,710917,0,1
16,566,1,0,1,0,0,1,0,713666,714232,0,1
16,600,0,1,1,0,2,1,0,716931,717531,0,0
16,667,0,1,0,1,1,1,0,720430,721097,0,1
16,583,0,1,0,1,1,0,1,723679,724262,0,1
16,616,0,1,0,1,0,0,1,727245,727861,0,1
16,583,0,1,0,1,0,1,0,730544,731127,0,1
16,583,1,0,1,0,1,0,1,733709,734292,0,1
16,550,1,0,1,0,0,1,0,737008,737558,0,1
16,583,0,1,0,1,2,1,0,740207,740790,0,1
16,599,0,1,0,1,1,0,1,743673,744272,0,1
16,617,1,0,1,0,2,0,1,746988,747605,0,1
16,567,0,1,0,1,1,0,1,750420,750987,0,1
16,567,0,1,0,1,1,0,1,753719,754286,0,1
16,617,0,1,0,1,1,0,1,756868,757485,0,1
16,617,0,1,1,0,2,1,0,760300,760917,0,0
16,600,1,0,1,0,0,0,1,763766,764366,0,1
16,583,1,0,1,0,0,1,0,767048,767631,0,1
16,983,1,0,1,0,0,1,0,770214,771197,0,1
16,650,0,1,0,1,1,1,0,773929,774579,0,1
16,633,0,1,0,1,0,1,0,777162,777795,0,1
16,550,1,0,1,0,1,0,1,780694,781244,0,1
16,633,0,1,0,1,0,1,0,784243,784876,0,1
16,583,0,1,0,1,2,0,1,787508,788091,0,1
16,600,0,1,1,0,2,1,0,791074,791674,0,0
16,800,1,0,1,0,0,1,0,805369,806169,0,1
16,633,1,0,1,0,2,1,0,808802,809435,0,1
16,600,1,0,1,0,2,0,1,812167,812767,0,1
16,1100,0,1,1,0,2,1,0,815366,816466,0,0
16,649,0,1,0,1,2,1,0,819432,820081,0,1
16,950,0,1,0,1,1,0,1,822697,823647,0,1
16,650,0,1,0,1,1,0,1,826346,826996,0,1
16,583,1,0,1,0,2,1,0,829845,830428,0,1
16,683,0,1,0,1,1,1,0,832977,833660,0,1
16,633,1,0,1,0,1,1,0,836459,837092,0,1
16,617,0,1,0,1,1,1,0,840058,840675,0,1
16,684,0,1,0,1,2,0,1,843290,843974,0,1
16,650,0,1,1,0,0,1,0,846972,847622,0,0
16,733,0,1,0,1,2,1,0,850621,851354,0,1
16,683,0,1,0,1,0,1,0,854170,854853,0,1
16,633,0,1,0,1,1,1,0,857386,858019,0,1
16,633,0,1,0,1,0,1,0,860968,861601,0,1
16,666,0,1,0,1,0,1,0,864217,864883,0,1
16,634,0,1,0,1,2,1,0,867482,868116,0,1
16,1066,1,0,1,0,2,1,0,871148,872214,0,1
16,633,0,1,0,1,0,0,1,875180,875813,0,1
16,684,0,1,1,0,1,1,0,878595,879279,0,0
16,600,1,0,1,0,1,0,1,881994,882594,0,1
16,616,1,0,1,0,0,0,1,885610,886226,0,1
16,600,0,1,0,1,1,0,1,889225,889825,0,1
16,734,0,1,1,0,2,0,1,892757,893491,0,0
16,600,1,0,1,0,0,0,1,896023,896623,0,1
16,583,1,0,1,0,2,1,0,899372,899955,0,1
16,700,0,1,0,1,2,1,0,902837,903537,0,1
16,766,0,1,1,0,2,1,0,906170,906936,0,0
16,700,1,0,1,0,2,0,1,909818,910518,0,1
16,633,0,1,0,1,2,1,0,913151,913784,0,1
16,650,0,1,0,1,1,1,0,916383,917033,0,1
16,1016,1,0,0,1,1,1,0,919832,920848,0,0
16,816,0,1,0,1,2,0,1,923681,924497,0,1
16,766,0,1,0,1,0,1,0,927463,928229,0,1
16,716,0,1,0,1,2,0,1,931245,931961,0,1
16,966,0,1,0,1,2,1,0,934894,935860,0,1
16,866,0,1,1,0,2,1,0,938626,939492,0,0
16,600,1,0,1,0,0,1,0,942341,942941,0,1
16,700,0,1,0,1,0,0,1,945657,946357,0,1
16,684,0,1,0,1,1,1,0,949355,950039,0,1
16,717,0,1,0,1,1,0,1,952604,953321,0,1
16,566,1,0,1,0,0,0,1,956237,956803,0,1
16,650,0,1,0,1,0,0,1,959352,960002,0,1
16,683,0,1,0,1,1,1,0,962718,963401,0,1
16,783,0,1,0,1,2,1,0,966450,967233,0,1
16,600,0,1,0,1,0,1,0,969815,970415,0,1
16,633,0,1,0,1,0,1,0,973148,973781,0,1
16,749,0,1,0,1,0,1,0,976547,977296,0,1
16,816,0,1,0,1,2,0,1,979879,980695,0,1
16,583,1,0,1,0,2,0,1,983611,984194,0,1
16,617,0,1,0,1,2,1,0,987143,987760,0,1
16,750,0,1,0,1,2,1,0,990492,991242,0,1
16,616,1,0,1,0,2,0,1,994091,994707,0,1
16,667,0,1,0,1,1,0,1,997373,998040,0,1
16,766,0,1,0,1,1,0,1,1000839,1001605,0,1
16,600,0,1,0,1,1,0,1,1004621,1005221,0,1
16,567,1,0,1,0,0,0,1,1007886,1008453,0,1
16,600,1,0,1,0,2,0,1,1011402,1012002,0,1
16,649,0,1,0,1,1,1,0,1014901,1015550,0,1
16,650,0,1,1,0,0,1,0,1018133,1018783,0,0
16,683,0,1,0,1,0,0,1,1021632,1022315,0,1
16,633,0,1,1,0,2,1,0,1025347,1025980,0,0
16,650,1,0,1,0,1,1,0,1028513,1029163,0,1
16,700,0,1,0,1,1,0,1,1032128,1032828,0,1
16,883,1,0,0,1,0,1,0,1035611,1036494,0,0
16,900,1,0,0,1,0,1,0,1039076,1039976,0,0
16,650,0,1,0,1,1,0,1,1042858,1043508,0,1
16,933,0,1,0,1,1,1,0,1046424,1047357,0,1
16,717,0,1,0,1,1,1,0,1050322,1051039,0,1
16,1016,0,1,1,0,0,1,0,1053788,1054804,0,0
16,650,0,1,0,1,1,1,0,1057803,1058453,0,1
16,716,0,1,0,1,2,1,0,1077646,1078362,0,1
16,600,1,0,1,0,2,0,1,1081311,1081911,0,1
16,583,0,1,0,1,1,0,1,1084560,1085143,0,1
16,517,1,0,1,0,0,0,1,1087742,1088259,0,1
16,616,1,0,1,0,2,0,1,1091075,1091691,0,1
16,650,0,1,0,1,0,1,0,1094390,1095040,0,1
16,617,1,0,1,0,1,1,0,1097822,1098439,0,1
16,616,0,1,0,1,0,0,1,1100988,1101604,0,1
16,683,0,1,0,1,1,1,0,1104354,1105037,0,1
16,567,1,0,1,0,0,0,1,1108002,1108569,0,1
16,633,0,1,0,1,2,0,1,1111118,1111751,0,1
16,616,0,1,0,1,0,0,1,1114567,1115183,0,1
16,666,0,1,0,1,1,0,1,1118149,1118815,0,1
16,550,1,0,1,0,1,0,1,1121598,1122148,0,1
16,634,0,1,0,1,1,0,1,1124713,1125347,0,1
16,650,0,1,0,1,2,1,0,1127896,1128546,0,1
16,716,0,1,1,0,2,1,0,1131528,1132244,0,0
16,733,0,1,0,1,0,0,1,1134960,1135693,0,1
16,816,0,1,1,0,2,1,0,1138709,1139525,0,0
16,683,0,1,0,1,0,1,0,1142374,1143057,0,1
16,749,0,1,0,1,0,0,1,1145757,1146506,0,1
16,683,0,1,0,1,0,0,1,1149522,1150205,0,1
16,566,1,0,1,0,0,1,0,1152821,1153387,0,1
16,617,0,1,1,0,0,1,0,1156053,1156670,0,0
16,733,0,1,0,1,0,0,1,1159652,1160385,0,1
16,633,1,0,1,0,2,0,1,1162951,1163584,0,1
16,717,1,0,1,0,0,1,0,1166366,1167083,0,1
16,666,1,0,1,0,1,1,0,1169999,1170665,0,1
16,583,0,1,0,1,0,1,0,1173664,1174247,0,1
16,600,1,0,1,0,2,0,1,1176846,1177446,0,1
16,616,0,1,0,1,1,1,0,1180012,1180628,0,1
16,550,1,0,1,0,1,1,0,1183477,1184027,0,1
16,650,1,0,1,0,2,1,0,1186860,1187510,0,1
16,650,0,1,0,1,2,1,0,1190042,1190692,0,1
16,633,1,0,1,0,1,1,0,1193391,1194024,0,1
16,717,1,0,1,0,2,0,1,1196723,1197440,0,1
16,633,0,1,0,1,0,0,1,1200355,1200988,0,1
16,699,0,1,0,1,1,1,0,1203688,1204387,0,1
16,617,1,0,1,0,1,1,0,1207203,1207820,0,1
16,699,0,1,0,1,1,0,1,1210619,1211318,0,1
16,683,0,1,0,1,1,0,1,1214051,1214734,0,1
16,650,0,1,0,1,2,0,1,1217716,1218366,0,1
16,600,0,1,0,1,1,1,0,1221332,1221932,0,1
16,633,1,0,1,0,0,1,0,1224714,1225347,0,1
16,650,1,0,1,0,2,0,1,1228046,1228696,0,1
16,633,0,1,0,1,0,0,1,1231395,1232028,0,1
16,633,0,1,0,1,0,1,0,1234911,1235544,0,1
16,567,1,0,1,0,0,1,0,1238076,1238643,0,1
16,633,1,0,1,0,2,1,0,1241575,1242208,0,1
16,633,0,1,0,1,0,1,0,1245191,1245824,0,1
16,733,0,1,0,1,0,0,1,1248473,1249206,0,1
16,617,0,1,0,1,0,1,0,1252138,1252755,0,1
16,583,1,0,1,0,0,1,0,1255554,1256137,0,1
16,650,1,0,1,0,2,1,0,1258703,1259353,0,1
16,600,1,0,1,0,0,0,1,1262185,1262785,0,1
16,617,1,0,1,0,0,1,0,1265517,1266134,0,1
16,633,0,1,0,1,1,1,0,1268916,1269549,0,1
16,633,0,1,0,1,0,0,1,1272465,1273098,0,1
16,633,0,1,0,1,0,0,1,1275847,1276480,0,1
16,650,0,1,0,1,0,0,1,1279379,1280029,0,1
16,867,1,0,0,1,1,1,0,1282778,1283645,0,0
16,634,1,0,1,0,2,1,0,1286310,1286944,0,1
16,666,0,1,0,1,0,1,0,1289776,1290442,0,1
16,667,1,0,1,0,2,0,1,1293391,1294058,0,1
16,683,0,1,0,1,0,0,1,1296707,1297390,0,1
16,800,0,1,1,0,0,1,0,1300222,1301022,0,0
16,600,1,0,1,0,2,0,1,1303788,1304388,0,1
16,616,1,0,1,0,2,0,1,1307137,1307753,0,1
16,717,1,0,1,0,1,1,0,1310602,1311319,0,1
